period,store,source,lead_type,leads,sales,new_sales,used_sales,gross,budget
2023-09,Chevrolet Cranberry,Autotrader,internet,226,14,8,6,34653,3108
2023-09,Chevrolet Cranberry,CarGurus,internet,25,0,0,0,0,674
2023-09,Chevrolet Cranberry,CarGurus,phone,6,0,0,0,0,168
2023-09,Chevrolet Cranberry,Cars.com,internet,106,7,4,3,22502,2294
2023-09,Chevrolet Cranberry,Craigslist,internet,36,3,2,1,7720,
2023-09,Chevrolet Cranberry,Dealer Website,chat,39,5,3,2,14825,
2023-09,Chevrolet Cranberry,Dealer Website,internet,237,34,19,15,120341,
2023-09,Chevrolet Cranberry,Facebook Marketplace,internet,136,9,5,4,22003,951
2023-09,Chevrolet Cranberry,Inbound Calls,phone,88,22,16,6,59554,
2023-09,Chevrolet Cranberry,Lease Return,campaign,56,20,14,6,37831,
2023-09,Chevrolet Cranberry,Service Conquest,service,51,10,7,3,17860,
2023-09,Chevrolet Cranberry,TrueCar,internet,69,3,2,1,7912,1924
2023-09,Chevrolet Cranberry,Walk In,showroom,80,43,31,12,140315,
2023-09,Chevrolet Cranberry,Website Chat,chat,47,4,2,2,10083,666
2023-09,Honda Monroeville,Autotrader,internet,213,13,7,6,36945,2436
2023-09,Honda Monroeville,CarGurus,internet,14,0,0,0,0,528
2023-09,Honda Monroeville,CarGurus,phone,3,0,0,0,0,132
2023-09,Honda Monroeville,Cars.com,internet,117,7,4,3,21383,1797
2023-09,Honda Monroeville,Craigslist,internet,20,0,0,0,0,
2023-09,Honda Monroeville,Dealer Website,chat,32,3,2,1,11187,
2023-09,Honda Monroeville,Dealer Website,internet,198,24,13,11,73186,
2023-09,Honda Monroeville,Facebook Marketplace,internet,85,5,3,2,10358,745
2023-09,Honda Monroeville,Inbound Calls,phone,96,15,11,4,49818,
2023-09,Honda Monroeville,Lease Return,campaign,39,12,9,3,19198,
2023-09,Honda Monroeville,Service Conquest,service,30,7,5,2,12501,
2023-09,Honda Monroeville,TrueCar,internet,81,6,3,3,14356,1508
2023-09,Honda Monroeville,Walk In,showroom,65,30,22,8,94755,
2023-09,Honda Monroeville,Website Chat,chat,36,1,1,0,2615,522
2023-09,Nissan Boardman,Autotrader,internet,369,29,16,13,83512,4200
2023-09,Nissan Boardman,CarGurus,internet,45,3,1,2,8904,912
2023-09,Nissan Boardman,CarGurus,phone,11,0,0,0,0,228
2023-09,Nissan Boardman,Cars.com,internet,237,21,12,9,62694,3100
2023-09,Nissan Boardman,Craigslist,internet,39,1,1,0,2424,
2023-09,Nissan Boardman,Dealer Website,chat,75,7,4,3,24942,
2023-09,Nissan Boardman,Dealer Website,internet,458,61,34,27,226722,
2023-09,Nissan Boardman,Facebook Marketplace,internet,156,8,4,4,20235,1285
2023-09,Nissan Boardman,Inbound Calls,phone,164,16,12,4,48690,
2023-09,Nissan Boardman,Lease Return,campaign,98,28,20,8,41912,
2023-09,Nissan Boardman,Service Conquest,service,82,16,12,4,37517,
2023-09,Nissan Boardman,TrueCar,internet,98,10,6,4,24696,2600
2023-09,Nissan Boardman,Walk In,showroom,100,34,24,10,107155,
2023-09,Nissan Boardman,Website Chat,chat,80,6,3,3,14780,900
2023-10,Chevrolet Cranberry,Autotrader,internet,222,17,9,8,43157,3099
2023-10,Chevrolet Cranberry,CarGurus,internet,31,1,0,1,2493,674
2023-10,Chevrolet Cranberry,CarGurus,phone,8,0,0,0,0,168
2023-10,Chevrolet Cranberry,Cars.com,internet,97,9,5,4,28166,2295
2023-10,Chevrolet Cranberry,Craigslist,internet,40,1,1,0,2208,
2023-10,Chevrolet Cranberry,Dealer Website,chat,44,8,4,4,30295,
2023-10,Chevrolet Cranberry,Dealer Website,internet,271,38,21,17,148365,
2023-10,Chevrolet Cranberry,Facebook Marketplace,internet,106,4,2,2,7538,754
2023-10,Chevrolet Cranberry,Inbound Calls,phone,86,21,15,6,59572,
2023-10,Chevrolet Cranberry,Lease Return,campaign,18,4,3,1,7495,
2023-10,Chevrolet Cranberry,Service Conquest,service,45,13,9,4,29488,
2023-10,Chevrolet Cranberry,TrueCar,internet,69,3,2,1,7574,1851
2023-10,Chevrolet Cranberry,Walk In,showroom,69,24,17,7,90641,
2023-10,Chevrolet Cranberry,Website Chat,chat,50,9,5,4,21375,671
2023-10,Honda Monroeville,Autotrader,internet,192,16,9,7,50038,2429
2023-10,Honda Monroeville,CarGurus,internet,15,2,0,2,4782,528
2023-10,Honda Monroeville,CarGurus,phone,4,0,0,0,0,132
2023-10,Honda Monroeville,Cars.com,internet,112,14,8,6,38990,1799
2023-10,Honda Monroeville,Craigslist,internet,20,0,0,0,0,
2023-10,Honda Monroeville,Dealer Website,chat,37,8,4,4,30248,
2023-10,Honda Monroeville,Dealer Website,internet,225,20,11,9,71236,
2023-10,Honda Monroeville,Facebook Marketplace,internet,69,2,1,1,3999,591
2023-10,Honda Monroeville,Inbound Calls,phone,102,9,6,3,26264,
2023-10,Honda Monroeville,Lease Return,campaign,15,7,5,2,13234,
2023-10,Honda Monroeville,Service Conquest,service,32,11,8,3,26001,
2023-10,Honda Monroeville,TrueCar,internet,83,6,3,3,12758,1451
2023-10,Honda Monroeville,Walk In,showroom,55,15,11,4,59222,
2023-10,Honda Monroeville,Website Chat,chat,36,3,2,1,6838,525
2023-10,Nissan Boardman,Autotrader,internet,283,26,14,12,78407,4188
2023-10,Nissan Boardman,CarGurus,internet,39,0,0,0,0,912
2023-10,Nissan Boardman,CarGurus,phone,10,0,0,0,0,228
2023-10,Nissan Boardman,Cars.com,internet,238,19,10,9,52557,3101
2023-10,Nissan Boardman,Craigslist,internet,35,2,1,1,4033,
2023-10,Nissan Boardman,Dealer Website,chat,71,8,4,4,30202,
2023-10,Nissan Boardman,Dealer Website,internet,435,47,26,21,171930,
2023-10,Nissan Boardman,Facebook Marketplace,internet,123,4,2,2,9148,1019
2023-10,Nissan Boardman,Inbound Calls,phone,145,27,19,8,86781,
2023-10,Nissan Boardman,Lease Return,campaign,31,4,3,1,7598,
2023-10,Nissan Boardman,Service Conquest,service,66,11,8,3,20329,
2023-10,Nissan Boardman,TrueCar,internet,87,8,4,4,18315,2501
2023-10,Nissan Boardman,Walk In,showroom,93,29,21,8,110635,
2023-10,Nissan Boardman,Website Chat,chat,77,4,2,2,11850,906
2023-11,Chevrolet Cranberry,Autotrader,internet,192,16,9,7,47997,3091
2023-11,Chevrolet Cranberry,CarGurus,internet,34,1,0,1,2999,674
2023-11,Chevrolet Cranberry,CarGurus,phone,8,0,0,0,0,168
2023-11,Chevrolet Cranberry,Cars.com,internet,97,12,7,5,38722,2296
2023-11,Chevrolet Cranberry,Craigslist,internet,35,1,1,0,2546,
2023-11,Chevrolet Cranberry,Dealer Website,chat,42,2,1,1,6883,
2023-11,Chevrolet Cranberry,Dealer Website,internet,256,30,16,14,96186,
2023-11,Chevrolet Cranberry,Facebook Marketplace,internet,86,8,4,4,19368,655
2023-11,Chevrolet Cranberry,Inbound Calls,phone,74,10,7,3,30742,
2023-11,Chevrolet Cranberry,Lease Return,campaign,20,5,4,1,8822,
2023-11,Chevrolet Cranberry,Service Conquest,service,45,7,5,2,16707,
2023-11,Chevrolet Cranberry,TrueCar,internet,62,4,2,2,10625,1781
2023-11,Chevrolet Cranberry,Walk In,showroom,68,31,22,9,127063,
2023-11,Chevrolet Cranberry,Website Chat,chat,44,4,2,2,11284,676
2023-11,Honda Monroeville,Autotrader,internet,174,9,5,4,23024,2422
2023-11,Honda Monroeville,CarGurus,internet,11,1,0,1,2587,528
2023-11,Honda Monroeville,CarGurus,phone,3,1,0,1,2434,132
2023-11,Honda Monroeville,Cars.com,internet,126,10,6,4,34627,1800
2023-11,Honda Monroeville,Craigslist,internet,20,1,1,0,2444,
2023-11,Honda Monroeville,Dealer Website,chat,34,4,2,2,14121,
2023-11,Honda Monroeville,Dealer Website,internet,209,25,14,11,88262,
2023-11,Honda Monroeville,Facebook Marketplace,internet,59,4,2,2,9926,513
2023-11,Honda Monroeville,Inbound Calls,phone,87,9,6,3,32210,
2023-11,Honda Monroeville,Lease Return,campaign,14,5,4,1,7629,
2023-11,Honda Monroeville,Service Conquest,service,29,8,6,2,19129,
2023-11,Honda Monroeville,TrueCar,internet,77,9,5,4,22670,1396
2023-11,Honda Monroeville,Walk In,showroom,59,19,14,5,73334,
2023-11,Honda Monroeville,Website Chat,chat,33,4,2,2,9726,529
2023-11,Nissan Boardman,Autotrader,internet,294,22,12,10,66295,4177
2023-11,Nissan Boardman,CarGurus,internet,51,4,1,3,9840,912
2023-11,Nissan Boardman,CarGurus,phone,13,1,0,1,2433,228
2023-11,Nissan Boardman,Cars.com,internet,227,23,13,10,78437,3103
2023-11,Nissan Boardman,Craigslist,internet,37,2,1,1,5153,
2023-11,Nissan Boardman,Dealer Website,chat,62,3,2,1,10080,
2023-11,Nissan Boardman,Dealer Website,internet,380,40,22,18,145851,
2023-11,Nissan Boardman,Facebook Marketplace,internet,93,5,3,2,10257,885
2023-11,Nissan Boardman,Inbound Calls,phone,140,17,12,5,47600,
2023-11,Nissan Boardman,Lease Return,campaign,24,4,3,1,6650,
2023-11,Nissan Boardman,Service Conquest,service,79,16,12,4,30822,
2023-11,Nissan Boardman,TrueCar,internet,84,7,4,3,16357,2407
2023-11,Nissan Boardman,Walk In,showroom,91,23,17,6,77426,
2023-11,Nissan Boardman,Website Chat,chat,80,11,6,5,28244,913
2023-12,Chevrolet Cranberry,Autotrader,internet,239,19,10,9,49512,3082
2023-12,Chevrolet Cranberry,CarGurus,internet,40,5,1,4,14904,674
2023-12,Chevrolet Cranberry,CarGurus,phone,10,0,0,0,0,168
2023-12,Chevrolet Cranberry,Cars.com,internet,132,7,4,3,22103,2297
2023-12,Chevrolet Cranberry,Craigslist,internet,40,2,1,1,5160,
2023-12,Chevrolet Cranberry,Dealer Website,chat,43,3,2,1,9861,
2023-12,Chevrolet Cranberry,Dealer Website,internet,261,23,13,10,77493,
2023-12,Chevrolet Cranberry,Facebook Marketplace,internet,95,10,6,4,19313,616
2023-12,Chevrolet Cranberry,Inbound Calls,phone,87,20,14,6,54827,
2023-12,Chevrolet Cranberry,Lease Return,campaign,62,21,15,6,32127,
2023-12,Chevrolet Cranberry,Service Conquest,service,54,14,10,4,33554,
2023-12,Chevrolet Cranberry,TrueCar,internet,75,6,3,3,17151,1714
2023-12,Chevrolet Cranberry,Walk In,showroom,67,22,16,6,75283,
2023-12,Chevrolet Cranberry,Website Chat,chat,58,4,2,2,10771,681
2023-12,Honda Monroeville,Autotrader,internet,207,10,6,4,30678,2416
2023-12,Honda Monroeville,CarGurus,internet,21,3,1,2,8219,528
2023-12,Honda Monroeville,CarGurus,phone,5,0,0,0,0,132
2023-12,Honda Monroeville,Cars.com,internet,149,9,5,4,30611,1801
2023-12,Honda Monroeville,Craigslist,internet,23,1,1,0,1997,
2023-12,Honda Monroeville,Dealer Website,chat,40,5,3,2,15355,
2023-12,Honda Monroeville,Dealer Website,internet,243,22,12,10,69732,
2023-12,Honda Monroeville,Facebook Marketplace,internet,60,2,1,1,3873,483
2023-12,Honda Monroeville,Inbound Calls,phone,115,25,18,7,79290,
2023-12,Honda Monroeville,Lease Return,campaign,47,18,13,5,27190,
2023-12,Honda Monroeville,Service Conquest,service,40,13,9,4,24017,
2023-12,Honda Monroeville,TrueCar,internet,84,6,3,3,16671,1343
2023-12,Honda Monroeville,Walk In,showroom,57,23,17,6,74536,
2023-12,Honda Monroeville,Website Chat,chat,37,1,1,0,2827,533
2023-12,Nissan Boardman,Autotrader,internet,386,22,12,10,64089,4166
2023-12,Nissan Boardman,CarGurus,internet,54,2,0,2,5566,912
2023-12,Nissan Boardman,CarGurus,phone,13,0,0,0,0,228
2023-12,Nissan Boardman,Cars.com,internet,254,21,12,9,68139,3105
2023-12,Nissan Boardman,Craigslist,internet,43,2,1,1,4816,
2023-12,Nissan Boardman,Dealer Website,chat,79,6,3,3,21797,
2023-12,Nissan Boardman,Dealer Website,internet,485,44,24,20,151816,
2023-12,Nissan Boardman,Facebook Marketplace,internet,100,4,2,2,8249,833
2023-12,Nissan Boardman,Inbound Calls,phone,175,34,24,10,110649,
2023-12,Nissan Boardman,Lease Return,campaign,81,21,15,6,32238,
2023-12,Nissan Boardman,Service Conquest,service,94,11,8,3,21570,
2023-12,Nissan Boardman,TrueCar,internet,101,3,2,1,7769,2316
2023-12,Nissan Boardman,Walk In,showroom,117,31,22,9,114331,
2023-12,Nissan Boardman,Website Chat,chat,92,4,2,2,9906,920
2024-01,Chevrolet Cranberry,Autotrader,internet,205,23,13,10,69318,3074
2024-01,Chevrolet Cranberry,CarGurus,internet,29,1,0,1,2449,674
2024-01,Chevrolet Cranberry,CarGurus,phone,7,0,0,0,0,168
2024-01,Chevrolet Cranberry,Cars.com,internet,88,4,2,2,11048,2299
2024-01,Chevrolet Cranberry,Craigslist,internet,35,4,2,2,10214,
2024-01,Chevrolet Cranberry,Dealer Website,chat,35,4,2,2,15349,
2024-01,Chevrolet Cranberry,Dealer Website,internet,218,26,14,12,92193,
2024-01,Chevrolet Cranberry,Direct Mail Q1,campaign,105,12,9,3,25391,4810
2024-01,Chevrolet Cranberry,Facebook Marketplace,internet,80,6,3,3,14240,754
2024-01,Chevrolet Cranberry,Inbound Calls,phone,69,23,17,6,78990,
2024-01,Chevrolet Cranberry,Lease Return,campaign,16,6,4,2,10825,
2024-01,Chevrolet Cranberry,Service Conquest,service,50,10,7,3,21588,
2024-01,Chevrolet Cranberry,TrueCar,internet,55,4,2,2,8725,1649
2024-01,Chevrolet Cranberry,Walk In,showroom,65,29,21,8,101217,
2024-01,Chevrolet Cranberry,Website Chat,chat,52,4,2,2,10889,686
2024-01,Honda Monroeville,Autotrader,internet,177,17,9,8,52681,2409
2024-01,Honda Monroeville,CarGurus,internet,12,1,0,1,2856,528
2024-01,Honda Monroeville,CarGurus,phone,3,0,0,0,0,132
2024-01,Honda Monroeville,Cars.com,internet,123,7,4,3,18875,1802
2024-01,Honda Monroeville,Craigslist,internet,20,3,2,1,6387,
2024-01,Honda Monroeville,Dealer Website,chat,28,7,4,3,25466,
2024-01,Honda Monroeville,Dealer Website,internet,172,25,14,11,76231,
2024-01,Honda Monroeville,Direct Mail Q1,campaign,83,5,4,1,12151,3769
2024-01,Honda Monroeville,Facebook Marketplace,internet,67,4,2,2,9432,591
2024-01,Honda Monroeville,Inbound Calls,phone,78,13,9,4,35864,
2024-01,Honda Monroeville,Lease Return,campaign,13,3,2,1,5228,
2024-01,Honda Monroeville,Service Conquest,service,33,5,4,1,9449,
2024-01,Honda Monroeville,TrueCar,internet,67,5,3,2,13456,1292
2024-01,Honda Monroeville,Walk In,showroom,54,17,12,5,68906,
2024-01,Honda Monroeville,Website Chat,chat,32,3,2,1,7767,537
2024-01,Nissan Boardman,Autotrader,internet,268,21,12,9,52270,4154
2024-01,Nissan Boardman,CarGurus,internet,34,4,1,3,11692,912
2024-01,Nissan Boardman,CarGurus,phone,8,0,0,0,0,228
2024-01,Nissan Boardman,Cars.com,internet,213,15,8,7,51345,3107
2024-01,Nissan Boardman,Craigslist,internet,39,2,1,1,5009,
2024-01,Nissan Boardman,Dealer Website,chat,62,6,3,3,21517,
2024-01,Nissan Boardman,Dealer Website,internet,378,51,28,23,168584,
2024-01,Nissan Boardman,Direct Mail Q1,campaign,155,20,14,6,52469,6500
2024-01,Nissan Boardman,Facebook Marketplace,internet,100,3,2,1,7297,1019
2024-01,Nissan Boardman,Inbound Calls,phone,122,23,17,6,65759,
2024-01,Nissan Boardman,Lease Return,campaign,24,4,3,1,5977,
2024-01,Nissan Boardman,Service Conquest,service,69,13,9,4,31138,
2024-01,Nissan Boardman,TrueCar,internet,71,4,2,2,10100,2229
2024-01,Nissan Boardman,Walk In,showroom,99,37,27,10,143730,
2024-01,Nissan Boardman,Website Chat,chat,71,8,4,4,20455,927
2024-02,Chevrolet Cranberry,Autotrader,internet,217,17,9,8,50379,3066
2024-02,Chevrolet Cranberry,CarGurus,internet,24,1,0,1,2817,674
2024-02,Chevrolet Cranberry,CarGurus,phone,6,0,0,0,0,168
2024-02,Chevrolet Cranberry,Cars.com,internet,97,13,7,6,43617,2300
2024-02,Chevrolet Cranberry,Craigslist,internet,40,3,2,1,6701,
2024-02,Chevrolet Cranberry,Dealer Website,chat,36,3,2,1,10699,
2024-02,Chevrolet Cranberry,Dealer Website,internet,223,28,15,13,85013,
2024-02,Chevrolet Cranberry,Direct Mail Q1,campaign,128,13,9,4,34696,6012
2024-02,Chevrolet Cranberry,Facebook Marketplace,internet,116,10,6,4,22007,951
2024-02,Chevrolet Cranberry,Inbound Calls,phone,69,15,11,4,47533,
2024-02,Chevrolet Cranberry,Lease Return,campaign,17,7,5,2,10414,
2024-02,Chevrolet Cranberry,Service Conquest,service,48,13,9,4,30765,
2024-02,Chevrolet Cranberry,TrueCar,internet,51,3,2,1,6429,1587
2024-02,Chevrolet Cranberry,Walk In,showroom,60,26,19,7,103196,
2024-02,Chevrolet Cranberry,Website Chat,chat,50,4,2,2,10032,691
2024-02,Honda Monroeville,Autotrader,internet,162,7,4,3,22829,2403
2024-02,Honda Monroeville,CarGurus,internet,9,0,0,0,0,528
2024-02,Honda Monroeville,CarGurus,phone,2,0,0,0,0,132
2024-02,Honda Monroeville,Cars.com,internet,129,9,5,4,31302,1803
2024-02,Honda Monroeville,Craigslist,internet,20,2,1,1,4436,
2024-02,Honda Monroeville,Dealer Website,chat,31,4,2,2,11959,
2024-02,Honda Monroeville,Dealer Website,internet,188,19,10,9,57856,
2024-02,Honda Monroeville,Direct Mail Q1,campaign,110,16,12,4,34360,4712
2024-02,Honda Monroeville,Facebook Marketplace,internet,80,1,1,0,2126,745
2024-02,Honda Monroeville,Inbound Calls,phone,81,19,14,5,64038,
2024-02,Honda Monroeville,Lease Return,campaign,13,2,1,1,3530,
2024-02,Honda Monroeville,Service Conquest,service,32,7,5,2,15920,
2024-02,Honda Monroeville,TrueCar,internet,61,4,2,2,10103,1244
2024-02,Honda Monroeville,Walk In,showroom,51,21,15,6,80931,
2024-02,Honda Monroeville,Website Chat,chat,32,4,2,2,11582,541
2024-02,Nissan Boardman,Autotrader,internet,306,19,10,9,62889,4143
2024-02,Nissan Boardman,CarGurus,internet,41,1,0,1,3131,912
2024-02,Nissan Boardman,CarGurus,phone,10,0,0,0,0,228
2024-02,Nissan Boardman,Cars.com,internet,219,18,10,8,51549,3108
2024-02,Nissan Boardman,Craigslist,internet,39,2,1,1,4912,
2024-02,Nissan Boardman,Dealer Website,chat,63,6,3,3,22889,
2024-02,Nissan Boardman,Dealer Website,internet,385,35,19,16,128600,
2024-02,Nissan Boardman,Direct Mail Q1,campaign,181,19,14,5,42151,8125
2024-02,Nissan Boardman,Facebook Marketplace,internet,142,8,4,4,18686,1285
2024-02,Nissan Boardman,Inbound Calls,phone,138,27,19,8,90984,
2024-02,Nissan Boardman,Lease Return,campaign,27,8,6,2,12965,
2024-02,Nissan Boardman,Service Conquest,service,70,13,9,4,23863,
2024-02,Nissan Boardman,TrueCar,internet,69,5,3,2,13861,2144
2024-02,Nissan Boardman,Walk In,showroom,92,30,22,8,106523,
2024-02,Nissan Boardman,Website Chat,chat,83,6,3,3,16753,934
2024-03,Chevrolet Cranberry,Autotrader,internet,222,19,10,9,52764,3058
2024-03,Chevrolet Cranberry,CarGurus,internet,43,3,1,2,9156,674
2024-03,Chevrolet Cranberry,CarGurus,phone,11,0,0,0,0,168
2024-03,Chevrolet Cranberry,Cars.com,internet,121,14,8,6,43186,2301
2024-03,Chevrolet Cranberry,Craigslist,internet,41,0,0,0,0,
2024-03,Chevrolet Cranberry,Dealer Website,chat,40,4,2,2,13899,
2024-03,Chevrolet Cranberry,Dealer Website,internet,244,39,21,18,122648,
2024-03,Chevrolet Cranberry,Direct Mail Q1,campaign,73,7,5,2,16948,3848
2024-03,Chevrolet Cranberry,Facebook Marketplace,internet,160,7,4,3,13711,1252
2024-03,Chevrolet Cranberry,Inbound Calls,phone,86,15,11,4,54296,
2024-03,Chevrolet Cranberry,Lease Return,campaign,53,18,13,5,29073,
2024-03,Chevrolet Cranberry,Service Conquest,service,48,17,12,5,35935,
2024-03,Chevrolet Cranberry,TrueCar,internet,64,2,1,1,4620,1527
2024-03,Chevrolet Cranberry,Walk In,showroom,75,29,21,8,117185,
2024-03,Chevrolet Cranberry,Website Chat,chat,58,5,3,2,14144,696
2024-03,Honda Monroeville,Autotrader,internet,188,15,8,7,46822,2396
2024-03,Honda Monroeville,CarGurus,internet,13,0,0,0,0,528
2024-03,Honda Monroeville,CarGurus,phone,3,0,0,0,0,132
2024-03,Honda Monroeville,Cars.com,internet,149,9,5,4,26494,1804
2024-03,Honda Monroeville,Craigslist,internet,24,2,1,1,5147,
2024-03,Honda Monroeville,Dealer Website,chat,34,5,3,2,18462,
2024-03,Honda Monroeville,Dealer Website,internet,210,38,21,17,120110,
2024-03,Honda Monroeville,Direct Mail Q1,campaign,62,6,4,2,14403,3016
2024-03,Honda Monroeville,Facebook Marketplace,internet,133,5,3,2,10208,981
2024-03,Honda Monroeville,Inbound Calls,phone,110,23,17,6,68632,
2024-03,Honda Monroeville,Lease Return,campaign,38,17,12,5,26346,
2024-03,Honda Monroeville,Service Conquest,service,36,7,5,2,16296,
2024-03,Honda Monroeville,TrueCar,internet,63,4,2,2,10357,1197
2024-03,Honda Monroeville,Walk In,showroom,63,19,14,5,75356,
2024-03,Honda Monroeville,Website Chat,chat,38,1,1,0,2672,546
2024-03,Nissan Boardman,Autotrader,internet,376,20,11,9,66466,4132
2024-03,Nissan Boardman,CarGurus,internet,53,2,0,2,5875,912
2024-03,Nissan Boardman,CarGurus,phone,13,1,0,1,2975,228
2024-03,Nissan Boardman,Cars.com,internet,241,13,7,6,41737,3110
2024-03,Nissan Boardman,Craigslist,internet,44,3,2,1,6260,
2024-03,Nissan Boardman,Dealer Website,chat,85,7,4,3,25815,
2024-03,Nissan Boardman,Dealer Website,internet,521,55,30,25,192519,
2024-03,Nissan Boardman,Direct Mail Q1,campaign,126,13,9,4,27120,5200
2024-03,Nissan Boardman,Facebook Marketplace,internet,203,9,5,4,20741,1692
2024-03,Nissan Boardman,Inbound Calls,phone,145,30,22,8,96698,
2024-03,Nissan Boardman,Lease Return,campaign,81,17,12,5,31825,
2024-03,Nissan Boardman,Service Conquest,service,84,13,9,4,28599,
2024-03,Nissan Boardman,TrueCar,internet,84,7,4,3,17330,2063
2024-03,Nissan Boardman,Walk In,showroom,118,41,30,11,140801,
2024-03,Nissan Boardman,Website Chat,chat,97,6,3,3,16357,941
2024-04,Chevrolet Cranberry,Autotrader,internet,249,20,11,9,60531,3049
2024-04,Chevrolet Cranberry,CarGurus,internet,37,2,0,2,5962,674
2024-04,Chevrolet Cranberry,CarGurus,phone,9,0,0,0,0,168
2024-04,Chevrolet Cranberry,Cars.com,internet,120,13,7,6,38634,2303
2024-04,Chevrolet Cranberry,Craigslist,internet,39,0,0,0,0,
2024-04,Chevrolet Cranberry,Dealer Website,chat,46,6,3,3,23046,
2024-04,Chevrolet Cranberry,Dealer Website,internet,284,31,17,14,109886,
2024-04,Chevrolet Cranberry,Facebook Marketplace,internet,228,16,9,7,30514,1586
2024-04,Chevrolet Cranberry,Inbound Calls,phone,80,16,12,4,55317,
2024-04,Chevrolet Cranberry,Lease Return,campaign,20,7,5,2,11478,
2024-04,Chevrolet Cranberry,Service Conquest,service,48,13,9,4,24029,
2024-04,Chevrolet Cranberry,TrueCar,internet,64,4,2,2,11396,1469
2024-04,Chevrolet Cranberry,Walk In,showroom,70,25,18,7,100066,
2024-04,Chevrolet Cranberry,Website Chat,chat,65,2,1,1,5595,701
2024-04,Honda Monroeville,Autotrader,internet,196,15,8,7,41301,2390
2024-04,Honda Monroeville,CarGurus,internet,13,2,0,2,5371,528
2024-04,Honda Monroeville,CarGurus,phone,3,1,0,1,3032,132
2024-04,Honda Monroeville,Cars.com,internet,134,13,7,6,38140,1805
2024-04,Honda Monroeville,Craigslist,internet,21,1,1,0,2213,
2024-04,Honda Monroeville,Dealer Website,chat,38,1,1,0,3582,
2024-04,Honda Monroeville,Dealer Website,internet,234,30,16,14,88092,
2024-04,Honda Monroeville,Facebook Marketplace,internet,156,7,4,3,15169,1243
2024-04,Honda Monroeville,Inbound Calls,phone,104,29,21,8,102896,
2024-04,Honda Monroeville,Lease Return,campaign,13,2,1,1,3375,
2024-04,Honda Monroeville,Service Conquest,service,30,3,2,1,6600,
2024-04,Honda Monroeville,TrueCar,internet,74,11,6,5,31205,1151
2024-04,Honda Monroeville,Walk In,showroom,65,23,17,6,77109,
2024-04,Honda Monroeville,Website Chat,chat,39,0,0,0,0,550
2024-04,Nissan Boardman,Autotrader,internet,367,18,10,8,52467,4121
2024-04,Nissan Boardman,CarGurus,internet,42,3,1,2,9047,912
2024-04,Nissan Boardman,CarGurus,phone,10,1,0,1,2813,228
2024-04,Nissan Boardman,Cars.com,internet,226,16,9,7,52665,3112
2024-04,Nissan Boardman,Craigslist,internet,34,4,2,2,8166,
2024-04,Nissan Boardman,Dealer Website,chat,87,6,3,3,22247,
2024-04,Nissan Boardman,Dealer Website,internet,537,65,36,29,230268,
2024-04,Nissan Boardman,Facebook Marketplace,internet,244,6,3,3,12067,2143
2024-04,Nissan Boardman,Inbound Calls,phone,149,23,17,6,78900,
2024-04,Nissan Boardman,Lease Return,campaign,28,6,4,2,11618,
2024-04,Nissan Boardman,Service Conquest,service,70,18,13,5,34141,
2024-04,Nissan Boardman,TrueCar,internet,73,4,2,2,9140,1985
2024-04,Nissan Boardman,Walk In,showroom,118,38,27,11,120035,
2024-04,Nissan Boardman,Website Chat,chat,85,11,6,5,28345,948
2024-05,Chevrolet Cranberry,Autotrader,internet,225,16,9,7,47362,3041
2024-05,Chevrolet Cranberry,CarGurus,internet,38,0,0,0,0,674
2024-05,Chevrolet Cranberry,CarGurus,phone,10,1,0,1,3124,168
2024-05,Chevrolet Cranberry,Cars.com,internet,114,10,6,4,34928,2304
2024-05,Chevrolet Cranberry,Craigslist,internet,36,3,2,1,6869,
2024-05,Chevrolet Cranberry,Dealer Website,chat,46,7,4,3,25489,
2024-05,Chevrolet Cranberry,Dealer Website,internet,282,26,14,12,99274,
2024-05,Chevrolet Cranberry,Facebook Marketplace,internet,244,10,6,4,20339,1812
2024-05,Chevrolet Cranberry,Inbound Calls,phone,92,15,11,4,52545,
2024-05,Chevrolet Cranberry,Lease Return,campaign,18,8,6,2,11894,
2024-05,Chevrolet Cranberry,Service Conquest,service,49,11,8,3,20712,
2024-05,Chevrolet Cranberry,TrueCar,internet,53,8,4,4,21539,1414
2024-05,Chevrolet Cranberry,Walk In,showroom,80,30,22,8,95284,
2024-05,Chevrolet Cranberry,Website Chat,chat,66,5,3,2,11642,707
2024-05,Honda Monroeville,Autotrader,internet,195,14,8,6,36454,2384
2024-05,Honda Monroeville,CarGurus,internet,18,0,0,0,0,528
2024-05,Honda Monroeville,CarGurus,phone,5,0,0,0,0,132
2024-05,Honda Monroeville,Cars.com,internet,147,10,6,4,31450,1806
2024-05,Honda Monroeville,Craigslist,internet,21,0,0,0,0,
2024-05,Honda Monroeville,Dealer Website,chat,36,5,3,2,15360,
2024-05,Honda Monroeville,Dealer Website,internet,222,19,10,9,66624,
2024-05,Honda Monroeville,Facebook Marketplace,internet,170,4,2,2,8722,1420
2024-05,Honda Monroeville,Inbound Calls,phone,100,14,10,4,37959,
2024-05,Honda Monroeville,Lease Return,campaign,15,7,5,2,12801,
2024-05,Honda Monroeville,Service Conquest,service,32,9,6,3,20900,
2024-05,Honda Monroeville,TrueCar,internet,72,8,4,4,18174,1108
2024-05,Honda Monroeville,Walk In,showroom,68,21,15,6,69768,
2024-05,Honda Monroeville,Website Chat,chat,37,4,2,2,10934,554
2024-05,Nissan Boardman,Autotrader,internet,390,26,14,12,81304,4110
2024-05,Nissan Boardman,CarGurus,internet,45,1,0,1,2505,912
2024-05,Nissan Boardman,CarGurus,phone,11,1,0,1,2917,228
2024-05,Nissan Boardman,Cars.com,internet,274,11,6,5,31132,3114
2024-05,Nissan Boardman,Craigslist,internet,41,2,1,1,4422,
2024-05,Nissan Boardman,Dealer Website,chat,91,9,5,4,33775,
2024-05,Nissan Boardman,Dealer Website,internet,560,41,23,18,125799,
2024-05,Nissan Boardman,Facebook Marketplace,internet,324,13,7,6,29543,2449
2024-05,Nissan Boardman,Inbound Calls,phone,158,24,17,7,66134,
2024-05,Nissan Boardman,Lease Return,campaign,26,7,5,2,12763,
2024-05,Nissan Boardman,Service Conquest,service,68,15,11,4,31210,
2024-05,Nissan Boardman,TrueCar,internet,73,8,4,4,20906,1910
2024-05,Nissan Boardman,Walk In,showroom,124,32,23,9,114753,
2024-05,Nissan Boardman,Website Chat,chat,82,9,5,4,22540,955
2024-06,Chevrolet Cranberry,Autotrader,internet,207,8,4,4,25321,3033
2024-06,Chevrolet Cranberry,CarGurus,internet,36,3,1,2,9133,674
2024-06,Chevrolet Cranberry,CarGurus,phone,9,1,0,1,2764,168
2024-06,Chevrolet Cranberry,Cars.com,internet,119,9,5,4,28264,2305
2024-06,Chevrolet Cranberry,Dealer Website,chat,48,8,4,4,29346,
2024-06,Chevrolet Cranberry,Dealer Website,internet,295,32,18,14,110312,
2024-06,Chevrolet Cranberry,Facebook Marketplace,internet,272,16,9,7,33007,1812
2024-06,Chevrolet Cranberry,Inbound Calls,phone,81,18,13,5,59854,
2024-06,Chevrolet Cranberry,Lease Return,campaign,59,21,15,6,31569,
2024-06,Chevrolet Cranberry,Service Conquest,service,46,7,5,2,14228,
2024-06,Chevrolet Cranberry,TrueCar,internet,54,5,3,2,11316,1360
2024-06,Chevrolet Cranberry,Walk In,showroom,74,32,23,9,128744,
2024-06,Chevrolet Cranberry,Website Chat,chat,66,7,4,3,15583,712
2024-06,Honda Monroeville,Autotrader,internet,226,13,7,6,34558,2377
2024-06,Honda Monroeville,CarGurus,internet,12,1,0,1,2869,528
2024-06,Honda Monroeville,CarGurus,phone,3,0,0,0,0,132
2024-06,Honda Monroeville,Cars.com,internet,141,12,7,5,32232,1807
2024-06,Honda Monroeville,Dealer Website,chat,36,2,1,1,7093,
2024-06,Honda Monroeville,Dealer Website,internet,219,20,11,9,67127,
2024-06,Honda Monroeville,Facebook Marketplace,internet,171,8,4,4,19792,1420
2024-06,Honda Monroeville,Inbound Calls,phone,98,27,19,8,76349,
2024-06,Honda Monroeville,Lease Return,campaign,35,14,10,4,23498,
2024-06,Honda Monroeville,Service Conquest,service,29,5,4,1,9634,
2024-06,Honda Monroeville,TrueCar,internet,61,6,3,3,14930,1066
2024-06,Honda Monroeville,Walk In,showroom,61,25,18,7,87151,
2024-06,Honda Monroeville,Website Chat,chat,37,5,3,2,11451,558
2024-06,Nissan Boardman,Autotrader,internet,336,25,14,11,70893,4099
2024-06,Nissan Boardman,CarGurus,internet,39,0,0,0,0,912
2024-06,Nissan Boardman,CarGurus,phone,10,0,0,0,0,228
2024-06,Nissan Boardman,Cars.com,internet,226,19,10,9,58747,3115
2024-06,Nissan Boardman,Dealer Website,chat,86,8,4,4,27172,
2024-06,Nissan Boardman,Dealer Website,internet,529,39,21,18,115830,
2024-06,Nissan Boardman,Facebook Marketplace,internet,283,12,7,5,28465,2449
2024-06,Nissan Boardman,Inbound Calls,phone,163,23,17,6,69685,
2024-06,Nissan Boardman,Lease Return,campaign,70,21,15,6,36605,
2024-06,Nissan Boardman,Service Conquest,service,73,16,12,4,34225,
2024-06,Nissan Boardman,TrueCar,internet,75,2,1,1,4863,1838
2024-06,Nissan Boardman,Walk In,showroom,107,41,30,11,138530,
2024-06,Nissan Boardman,Website Chat,chat,84,5,3,2,11699,962
2024-07,Chevrolet Cranberry,Autotrader,internet,214,11,6,5,35771,3025
2024-07,Chevrolet Cranberry,CarGurus,internet,27,1,0,1,2531,674
2024-07,Chevrolet Cranberry,CarGurus,phone,7,1,0,1,3122,168
2024-07,Chevrolet Cranberry,Cars.com,internet,107,8,4,4,24883,2307
2024-07,Chevrolet Cranberry,Dealer Website,chat,40,3,2,1,8792,
2024-07,Chevrolet Cranberry,Dealer Website,internet,248,25,14,11,89641,
2024-07,Chevrolet Cranberry,Facebook Marketplace,internet,238,17,9,8,41270,1586
2024-07,Chevrolet Cranberry,Inbound Calls,phone,77,17,12,5,58414,
2024-07,Chevrolet Cranberry,Lease Return,campaign,19,4,3,1,6868,
2024-07,Chevrolet Cranberry,Service Conquest,service,38,4,3,1,9456,
2024-07,Chevrolet Cranberry,TrueCar,internet,54,8,4,4,20566,1309
2024-07,Chevrolet Cranberry,Walk In,showroom,74,23,17,6,79138,
2024-07,Chevrolet Cranberry,Website Chat,chat,59,7,4,3,19974,717
2024-07,Honda Monroeville,Autotrader,internet,186,14,8,6,46007,2371
2024-07,Honda Monroeville,CarGurus,internet,13,1,0,1,2648,528
2024-07,Honda Monroeville,CarGurus,phone,3,0,0,0,0,132
2024-07,Honda Monroeville,Cars.com,internet,147,15,8,7,42793,1808
2024-07,Honda Monroeville,Dealer Website,chat,40,2,1,1,6540,
2024-07,Honda Monroeville,Dealer Website,internet,249,22,12,10,82016,
2024-07,Honda Monroeville,Facebook Marketplace,internet,147,9,5,4,17828,1243
2024-07,Honda Monroeville,Inbound Calls,phone,107,19,14,5,63244,
2024-07,Honda Monroeville,Lease Return,campaign,13,3,2,1,5383,
2024-07,Honda Monroeville,Service Conquest,service,24,9,6,3,18794,
2024-07,Honda Monroeville,TrueCar,internet,59,4,2,2,11329,1026
2024-07,Honda Monroeville,Walk In,showroom,69,26,19,7,82324,
2024-07,Honda Monroeville,Website Chat,chat,36,5,3,2,13677,562
2024-07,Nissan Boardman,Autotrader,internet,307,21,12,9,68628,4088
2024-07,Nissan Boardman,CarGurus,internet,59,2,0,2,5240,912
2024-07,Nissan Boardman,CarGurus,phone,15,2,0,2,6009,228
2024-07,Nissan Boardman,Cars.com,internet,239,13,7,6,41573,3117
2024-07,Nissan Boardman,Dealer Website,chat,70,6,3,3,21137,
2024-07,Nissan Boardman,Dealer Website,internet,428,40,22,18,118193,
2024-07,Nissan Boardman,Facebook Marketplace,internet,249,15,8,7,31444,2143
2024-07,Nissan Boardman,Inbound Calls,phone,141,26,19,7,81534,
2024-07,Nissan Boardman,Lease Return,campaign,28,7,5,2,11940,
2024-07,Nissan Boardman,Service Conquest,service,68,18,13,5,33280,
2024-07,Nissan Boardman,TrueCar,internet,73,9,5,4,23658,1769
2024-07,Nissan Boardman,Walk In,showroom,97,41,30,11,141395,
2024-07,Nissan Boardman,Website Chat,chat,91,5,3,2,11980,970
2024-08,Chevrolet Cranberry,Autotrader,internet,244,17,9,8,44154,3017
2024-08,Chevrolet Cranberry,CarGurus,internet,32,3,1,2,8609,674
2024-08,Chevrolet Cranberry,CarGurus,phone,8,1,0,1,2829,168
2024-08,Chevrolet Cranberry,Cars.com,internet,129,17,9,8,48435,2308
2024-08,Chevrolet Cranberry,Dealer Website,chat,50,1,1,0,3831,
2024-08,Chevrolet Cranberry,Dealer Website,internet,307,37,20,17,129433,
2024-08,Chevrolet Cranberry,Facebook Marketplace,internet,177,9,5,4,20152,1252
2024-08,Chevrolet Cranberry,Inbound Calls,phone,100,18,13,5,64867,
2024-08,Chevrolet Cranberry,Lease Return,campaign,18,8,6,2,15616,
2024-08,Chevrolet Cranberry,Service Conquest,service,49,16,12,4,38343,
2024-08,Chevrolet Cranberry,TrueCar,internet,48,2,1,1,5164,1259
2024-08,Chevrolet Cranberry,Walk In,showroom,70,33,24,9,118723,
2024-08,Chevrolet Cranberry,Website Chat,chat,57,6,3,3,17925,723
2024-08,Honda Monroeville,Autotrader,internet,216,17,9,8,49647,2364
2024-08,Honda Monroeville,CarGurus,internet,18,0,0,0,0,528
2024-08,Honda Monroeville,CarGurus,phone,4,0,0,0,0,132
2024-08,Honda Monroeville,Cars.com,internet,161,20,11,9,67701,1809
2024-08,Honda Monroeville,Dealer Website,chat,41,5,3,2,15774,
2024-08,Honda Monroeville,Dealer Website,internet,250,20,11,9,61036,
2024-08,Honda Monroeville,Facebook Marketplace,internet,122,9,5,4,17549,981
2024-08,Honda Monroeville,Inbound Calls,phone,105,24,17,7,66882,
2024-08,Honda Monroeville,Lease Return,campaign,12,2,1,1,3103,
2024-08,Honda Monroeville,Service Conquest,service,30,10,7,3,22172,
2024-08,Honda Monroeville,TrueCar,internet,62,6,3,3,14235,987
2024-08,Honda Monroeville,Walk In,showroom,62,13,9,4,42012,
2024-08,Honda Monroeville,Website Chat,chat,41,2,1,1,5955,566
2024-08,Nissan Boardman,Autotrader,internet,388,18,10,8,54859,4077
2024-08,Nissan Boardman,CarGurus,internet,50,6,1,5,19150,912
2024-08,Nissan Boardman,CarGurus,phone,12,0,0,0,0,228
2024-08,Nissan Boardman,Cars.com,internet,247,21,12,9,56022,3119
2024-08,Nissan Boardman,Dealer Website,chat,89,9,5,4,30628,
2024-08,Nissan Boardman,Dealer Website,internet,547,55,30,25,165426,
2024-08,Nissan Boardman,Facebook Marketplace,internet,209,8,4,4,17485,1692
2024-08,Nissan Boardman,Inbound Calls,phone,159,27,19,8,95444,
2024-08,Nissan Boardman,Lease Return,campaign,26,7,5,2,13129,
2024-08,Nissan Boardman,Service Conquest,service,78,14,10,4,29613,
2024-08,Nissan Boardman,TrueCar,internet,69,7,4,3,17104,1702
2024-08,Nissan Boardman,Walk In,showroom,126,46,33,13,172903,
2024-08,Nissan Boardman,Website Chat,chat,89,4,2,2,11057,977
2024-09,Chevrolet Cranberry,Autotrader,internet,223,22,12,10,69668,3009
2024-09,Chevrolet Cranberry,CarGurus,internet,28,5,1,4,14840,674
2024-09,Chevrolet Cranberry,CarGurus,phone,7,0,0,0,0,168
2024-09,Chevrolet Cranberry,Cars.com,internet,124,14,8,6,48233,2309
2024-09,Chevrolet Cranberry,Dealer Website,chat,46,8,4,4,28505,
2024-09,Chevrolet Cranberry,Dealer Website,internet,282,36,20,16,106291,
2024-09,Chevrolet Cranberry,Facebook Marketplace,internet,133,8,4,4,15105,951
2024-09,Chevrolet Cranberry,Inbound Calls,phone,78,13,9,4,39975,
2024-09,Chevrolet Cranberry,Lease Return,campaign,41,9,6,3,13742,
2024-09,Chevrolet Cranberry,Service Conquest,service,43,10,7,3,23084,
2024-09,Chevrolet Cranberry,TrueCar,internet,45,10,6,4,23056,1212
2024-09,Chevrolet Cranberry,Walk In,showroom,65,18,13,5,74312,
2024-09,Chevrolet Cranberry,Website Chat,chat,60,5,3,2,13586,728
2024-09,Honda Monroeville,Autotrader,internet,195,22,12,10,73278,2358
2024-09,Honda Monroeville,CarGurus,internet,13,0,0,0,0,528
2024-09,Honda Monroeville,CarGurus,phone,3,0,0,0,0,132
2024-09,Honda Monroeville,Cars.com,internet,116,7,4,3,22839,1810
2024-09,Honda Monroeville,Dealer Website,chat,40,3,2,1,11461,
2024-09,Honda Monroeville,Dealer Website,internet,248,32,18,14,119650,
2024-09,Honda Monroeville,Facebook Marketplace,internet,96,7,4,3,16817,745
2024-09,Honda Monroeville,Inbound Calls,phone,107,28,20,8,79400,
2024-09,Honda Monroeville,Lease Return,campaign,32,11,8,3,18502,
2024-09,Honda Monroeville,Service Conquest,service,31,6,4,2,13817,
2024-09,Honda Monroeville,TrueCar,internet,48,2,1,1,5468,950
2024-09,Honda Monroeville,Walk In,showroom,67,26,19,7,90790,
2024-09,Honda Monroeville,Website Chat,chat,39,3,2,1,6859,571
2024-09,Nissan Boardman,Autotrader,internet,304,23,13,10,64367,4066
2024-09,Nissan Boardman,CarGurus,internet,40,2,0,2,6053,912
2024-09,Nissan Boardman,CarGurus,phone,10,0,0,0,0,228
2024-09,Nissan Boardman,Cars.com,internet,235,17,9,8,57259,3121
2024-09,Nissan Boardman,Dealer Website,chat,68,4,2,2,15035,
2024-09,Nissan Boardman,Dealer Website,internet,417,40,22,18,119334,
2024-09,Nissan Boardman,Facebook Marketplace,internet,134,3,2,1,6145,1285
2024-09,Nissan Boardman,Inbound Calls,phone,165,29,21,8,92752,
2024-09,Nissan Boardman,Lease Return,campaign,69,19,14,5,29423,
2024-09,Nissan Boardman,Service Conquest,service,66,10,7,3,19949,
2024-09,Nissan Boardman,TrueCar,internet,64,6,3,3,15177,1638
2024-09,Nissan Boardman,Walk In,showroom,111,24,17,7,80860,
2024-09,Nissan Boardman,Website Chat,chat,94,4,2,2,9186,984
2024-10,Chevrolet Cranberry,Autotrader,internet,225,20,11,9,65334,3001
2024-10,Chevrolet Cranberry,CarGurus,internet,36,1,0,1,2701,674
2024-10,Chevrolet Cranberry,CarGurus,phone,9,1,0,1,2797,168
2024-10,Chevrolet Cranberry,Cars.com,internet,100,8,4,4,22586,2310
2024-10,Chevrolet Cranberry,Dealer Website,chat,45,2,1,1,7696,
2024-10,Chevrolet Cranberry,Dealer Website,internet,277,37,20,17,132834,
2024-10,Chevrolet Cranberry,Facebook Marketplace,internet,90,2,1,1,4271,754
2024-10,Chevrolet Cranberry,Inbound Calls,phone,71,21,15,6,70897,
2024-10,Chevrolet Cranberry,Lease Return,campaign,15,6,4,2,9432,
2024-10,Chevrolet Cranberry,Service Conquest,service,44,12,9,3,24504,
2024-10,Chevrolet Cranberry,TrueCar,internet,44,5,3,2,11875,1166
2024-10,Chevrolet Cranberry,Walk In,showroom,75,37,27,10,134157,
2024-10,Chevrolet Cranberry,Website Chat,chat,61,5,3,2,12384,734
2024-10,Honda Monroeville,Autotrader,internet,178,16,9,7,39577,2352
2024-10,Honda Monroeville,CarGurus,internet,17,4,1,3,11778,528
2024-10,Honda Monroeville,CarGurus,phone,4,0,0,0,0,132
2024-10,Honda Monroeville,Cars.com,internet,121,7,4,3,18430,1811
2024-10,Honda Monroeville,Dealer Website,chat,36,2,1,1,6971,
2024-10,Honda Monroeville,Dealer Website,internet,219,32,18,14,121815,
2024-10,Honda Monroeville,Facebook Marketplace,internet,71,4,2,2,8105,591
2024-10,Honda Monroeville,Inbound Calls,phone,103,15,11,4,44162,
2024-10,Honda Monroeville,Lease Return,campaign,10,3,2,1,4779,
2024-10,Honda Monroeville,Service Conquest,service,32,10,7,3,23303,
2024-10,Honda Monroeville,TrueCar,internet,44,2,1,1,5686,914
2024-10,Honda Monroeville,Walk In,showroom,52,16,12,4,50103,
2024-10,Honda Monroeville,Website Chat,chat,37,3,2,1,7919,575
2024-10,Nissan Boardman,Autotrader,internet,333,24,13,11,62497,4055
2024-10,Nissan Boardman,CarGurus,internet,52,1,0,1,3096,912
2024-10,Nissan Boardman,CarGurus,phone,13,0,0,0,0,228
2024-10,Nissan Boardman,Cars.com,internet,235,18,10,8,56168,3122
2024-10,Nissan Boardman,Dealer Website,chat,66,3,2,1,10603,
2024-10,Nissan Boardman,Dealer Website,internet,407,50,28,22,158206,
2024-10,Nissan Boardman,Facebook Marketplace,internet,115,2,1,1,4257,1019
2024-10,Nissan Boardman,Inbound Calls,phone,148,27,19,8,87475,
2024-10,Nissan Boardman,Lease Return,campaign,19,5,4,1,8481,
2024-10,Nissan Boardman,Service Conquest,service,66,15,11,4,36081,
2024-10,Nissan Boardman,TrueCar,internet,58,7,4,3,18822,1576
2024-10,Nissan Boardman,Walk In,showroom,105,33,24,9,110344,
2024-10,Nissan Boardman,Website Chat,chat,85,6,3,3,16263,992
2024-11,Chevrolet Cranberry,Autotrader,internet,205,21,12,9,64570,2992
2024-11,Chevrolet Cranberry,CarGurus,internet,36,1,0,1,3064,674
2024-11,Chevrolet Cranberry,CarGurus,phone,9,0,0,0,0,168
2024-11,Chevrolet Cranberry,Cars.com,internet,113,16,9,7,55537,2312
2024-11,Chevrolet Cranberry,Dealer Website,chat,38,6,3,3,17678,
2024-11,Chevrolet Cranberry,Dealer Website,internet,232,27,15,12,85498,
2024-11,Chevrolet Cranberry,Facebook Marketplace,internet,72,2,1,1,4909,655
2024-11,Chevrolet Cranberry,Google Ads,campaign,2,1,0,1,1858,115
2024-11,Chevrolet Cranberry,Google Ads,internet,13,4,2,2,8564,750
2024-11,Chevrolet Cranberry,Google Ads,phone,5,1,0,1,2293,288
2024-11,Chevrolet Cranberry,Inbound Calls,phone,72,15,11,4,40735,
2024-11,Chevrolet Cranberry,Lease Return,campaign,15,6,4,2,8973,
2024-11,Chevrolet Cranberry,Service Conquest,service,45,11,8,3,26351,
2024-11,Chevrolet Cranberry,TrueCar,internet,37,3,2,1,7565,1122
2024-11,Chevrolet Cranberry,Walk In,showroom,58,22,16,6,68122,
2024-11,Chevrolet Cranberry,Website Chat,chat,56,3,2,1,7021,739
2024-11,Honda Monroeville,Autotrader,internet,163,18,10,8,50657,2345
2024-11,Honda Monroeville,CarGurus,internet,22,0,0,0,0,528
2024-11,Honda Monroeville,CarGurus,phone,5,1,0,1,2696,132
2024-11,Honda Monroeville,Cars.com,internet,114,9,5,4,29353,1812
2024-11,Honda Monroeville,Dealer Website,chat,34,4,2,2,12409,
2024-11,Honda Monroeville,Dealer Website,internet,211,27,15,12,91862,
2024-11,Honda Monroeville,Facebook Marketplace,internet,56,0,0,0,0,513
2024-11,Honda Monroeville,Google Ads,campaign,2,1,0,1,2203,90
2024-11,Honda Monroeville,Google Ads,internet,13,2,1,1,4277,588
2024-11,Honda Monroeville,Google Ads,phone,5,1,0,1,2055,226
2024-11,Honda Monroeville,Inbound Calls,phone,97,8,6,2,22317,
2024-11,Honda Monroeville,Lease Return,campaign,10,7,5,2,11209,
2024-11,Honda Monroeville,Service Conquest,service,27,5,4,1,9879,
2024-11,Honda Monroeville,TrueCar,internet,46,3,2,1,7092,879
2024-11,Honda Monroeville,Walk In,showroom,49,13,9,4,51672,
2024-11,Honda Monroeville,Website Chat,chat,36,3,2,1,7062,579
2024-11,Nissan Boardman,Autotrader,internet,254,20,11,9,53176,4044
2024-11,Nissan Boardman,CarGurus,internet,62,5,1,4,15515,912
2024-11,Nissan Boardman,CarGurus,phone,16,1,0,1,2862,228
2024-11,Nissan Boardman,Cars.com,internet,193,14,8,6,44964,3124
2024-11,Nissan Boardman,Dealer Website,chat,67,6,3,3,21652,
2024-11,Nissan Boardman,Dealer Website,internet,413,52,29,23,202277,
2024-11,Nissan Boardman,Facebook Marketplace,internet,87,4,2,2,9862,885
2024-11,Nissan Boardman,Google Ads,campaign,3,1,0,1,2127,156
2024-11,Nissan Boardman,Google Ads,internet,18,4,2,2,7614,1014
2024-11,Nissan Boardman,Google Ads,phone,7,2,1,1,3995,390
2024-11,Nissan Boardman,Inbound Calls,phone,124,20,14,6,70234,
2024-11,Nissan Boardman,Lease Return,campaign,21,6,4,2,9940,
2024-11,Nissan Boardman,Service Conquest,service,71,15,11,4,35598,
2024-11,Nissan Boardman,TrueCar,internet,48,3,2,1,8263,1516
2024-11,Nissan Boardman,Walk In,showroom,101,36,26,10,117630,
2024-11,Nissan Boardman,Website Chat,chat,88,10,6,4,25866,999
2024-12,Chevrolet Cranberry,Autotrader,internet,219,18,10,8,51705,2984
2024-12,Chevrolet Cranberry,CarGurus,internet,59,4,1,3,11630,746
2024-12,Chevrolet Cranberry,CarGurus,phone,15,0,0,0,0,186
2024-12,Chevrolet Cranberry,Cars.com,internet,125,14,8,6,38163,2313
2024-12,Chevrolet Cranberry,Dealer Website,chat,47,7,4,3,25910,
2024-12,Chevrolet Cranberry,Dealer Website,internet,291,40,22,18,123731,
2024-12,Chevrolet Cranberry,Facebook Marketplace,internet,86,8,4,4,19963,616
2024-12,Chevrolet Cranberry,Google Ads,campaign,5,2,1,1,4190,115
2024-12,Chevrolet Cranberry,Google Ads,internet,29,10,4,6,21901,750
2024-12,Chevrolet Cranberry,Google Ads,phone,11,6,2,4,13774,288
2024-12,Chevrolet Cranberry,Inbound Calls,phone,91,17,12,5,59239,
2024-12,Chevrolet Cranberry,Lease Return,campaign,40,8,6,2,12009,
2024-12,Chevrolet Cranberry,Service Conquest,service,57,14,10,4,30755,
2024-12,Chevrolet Cranberry,TrueCar,internet,42,2,1,1,5312,1080
2024-12,Chevrolet Cranberry,Walk In,showroom,74,29,21,8,109636,
2024-12,Chevrolet Cranberry,Website Chat,chat,60,5,3,2,14724,745
2024-12,Honda Monroeville,Autotrader,internet,186,20,11,9,50674,2339
2024-12,Honda Monroeville,CarGurus,internet,26,2,0,2,4858,585
2024-12,Honda Monroeville,CarGurus,phone,7,1,0,1,2626,146
2024-12,Honda Monroeville,Cars.com,internet,130,9,5,4,24466,1813
2024-12,Honda Monroeville,Dealer Website,chat,38,7,4,3,21421,
2024-12,Honda Monroeville,Dealer Website,internet,234,23,13,10,85436,
2024-12,Honda Monroeville,Facebook Marketplace,internet,68,4,2,2,8462,483
2024-12,Honda Monroeville,Google Ads,campaign,4,0,0,0,0,90
2024-12,Honda Monroeville,Google Ads,internet,26,3,1,2,6239,588
2024-12,Honda Monroeville,Google Ads,phone,10,4,2,2,9536,226
2024-12,Honda Monroeville,Inbound Calls,phone,102,22,16,6,70820,
2024-12,Honda Monroeville,Lease Return,campaign,28,5,4,1,9501,
2024-12,Honda Monroeville,Service Conquest,service,37,9,6,3,17957,
2024-12,Honda Monroeville,TrueCar,internet,46,4,2,2,9709,846
2024-12,Honda Monroeville,Walk In,showroom,66,26,19,7,84038,
2024-12,Honda Monroeville,Website Chat,chat,41,2,1,1,5730,584
2024-12,Nissan Boardman,Autotrader,internet,374,26,14,12,73107,4033
2024-12,Nissan Boardman,CarGurus,internet,88,2,0,2,5969,1009
2024-12,Nissan Boardman,CarGurus,phone,22,2,0,2,5256,252
2024-12,Nissan Boardman,Cars.com,internet,251,16,9,7,52105,3126
2024-12,Nissan Boardman,Dealer Website,chat,77,7,4,3,22055,
2024-12,Nissan Boardman,Dealer Website,internet,475,45,25,20,161375,
2024-12,Nissan Boardman,Facebook Marketplace,internet,112,7,4,3,14613,833
2024-12,Nissan Boardman,Google Ads,campaign,6,2,1,1,3808,156
2024-12,Nissan Boardman,Google Ads,internet,36,14,6,8,32113,1014
2024-12,Nissan Boardman,Google Ads,phone,14,2,1,1,3708,390
2024-12,Nissan Boardman,Inbound Calls,phone,146,36,26,10,98435,
2024-12,Nissan Boardman,Lease Return,campaign,57,11,8,3,20850,
2024-12,Nissan Boardman,Service Conquest,service,90,17,12,5,39600,
2024-12,Nissan Boardman,TrueCar,internet,63,3,2,1,8052,1459
2024-12,Nissan Boardman,Walk In,showroom,101,29,21,8,101695,
2024-12,Nissan Boardman,Website Chat,chat,102,8,4,4,19750,1007
2025-01,Chevrolet Cranberry,Autotrader,internet,196,16,9,7,47132,2976
2025-01,Chevrolet Cranberry,CarGurus,internet,58,1,0,1,3187,916
2025-01,Chevrolet Cranberry,CarGurus,phone,15,0,0,0,0,229
2025-01,Chevrolet Cranberry,Cars.com,internet,94,9,5,4,25595,2314
2025-01,Chevrolet Cranberry,Dealer Website,chat,40,6,3,3,22662,
2025-01,Chevrolet Cranberry,Dealer Website,internet,247,29,16,13,109014,
2025-01,Chevrolet Cranberry,Direct Mail Q1,campaign,101,11,8,3,30424,4810
2025-01,Chevrolet Cranberry,Facebook Marketplace,internet,88,2,1,1,4404,754
2025-01,Chevrolet Cranberry,Google Ads,campaign,5,0,0,0,0,149
2025-01,Chevrolet Cranberry,Google Ads,internet,34,10,4,6,20564,974
2025-01,Chevrolet Cranberry,Google Ads,phone,13,2,1,1,4058,374
2025-01,Chevrolet Cranberry,Inbound Calls,phone,68,10,7,3,32770,
2025-01,Chevrolet Cranberry,Lease Return,campaign,12,7,5,2,13562,
2025-01,Chevrolet Cranberry,Service Conquest,service,43,5,4,1,11112,
2025-01,Chevrolet Cranberry,TrueCar,internet,31,1,1,0,2713,1039
2025-01,Chevrolet Cranberry,Walk In,showroom,64,24,17,7,83084,
2025-01,Chevrolet Cranberry,Website Chat,chat,51,4,2,2,9617,750
2025-01,Honda Monroeville,Autotrader,internet,149,7,4,3,22153,2333
2025-01,Honda Monroeville,CarGurus,internet,30,3,1,2,8849,718
2025-01,Honda Monroeville,CarGurus,phone,8,0,0,0,0,179
2025-01,Honda Monroeville,Cars.com,internet,102,4,2,2,11583,1814
2025-01,Honda Monroeville,Dealer Website,chat,32,4,2,2,13822,
2025-01,Honda Monroeville,Dealer Website,internet,198,28,15,13,108736,
2025-01,Honda Monroeville,Direct Mail Q1,campaign,95,11,8,3,25163,3769
2025-01,Honda Monroeville,Facebook Marketplace,internet,54,3,2,1,7004,591
2025-01,Honda Monroeville,Google Ads,campaign,4,0,0,0,0,117
2025-01,Honda Monroeville,Google Ads,internet,25,3,1,2,5526,763
2025-01,Honda Monroeville,Google Ads,phone,10,1,0,1,2094,293
2025-01,Honda Monroeville,Inbound Calls,phone,92,19,14,5,63638,
2025-01,Honda Monroeville,Lease Return,campaign,8,4,3,1,7265,
2025-01,Honda Monroeville,Service Conquest,service,31,9,6,3,18798,
2025-01,Honda Monroeville,TrueCar,internet,39,2,1,1,5261,814
2025-01,Honda Monroeville,Walk In,showroom,57,22,16,6,68664,
2025-01,Honda Monroeville,Website Chat,chat,38,4,2,2,9415,588
2025-01,Nissan Boardman,Autotrader,internet,272,15,8,7,47091,4022
2025-01,Nissan Boardman,CarGurus,internet,79,5,1,4,13320,1238
2025-01,Nissan Boardman,CarGurus,phone,20,1,0,1,2427,309
2025-01,Nissan Boardman,Cars.com,internet,194,17,9,8,49824,3128
2025-01,Nissan Boardman,Dealer Website,chat,69,11,6,5,39441,
2025-01,Nissan Boardman,Dealer Website,internet,426,33,18,15,128513,
2025-01,Nissan Boardman,Direct Mail Q1,campaign,141,12,9,3,31144,6500
2025-01,Nissan Boardman,Facebook Marketplace,internet,92,2,1,1,4379,1019
2025-01,Nissan Boardman,Google Ads,campaign,5,0,0,0,0,202
2025-01,Nissan Boardman,Google Ads,internet,35,8,3,5,16681,1316
2025-01,Nissan Boardman,Google Ads,phone,14,4,2,2,9263,506
2025-01,Nissan Boardman,Inbound Calls,phone,134,22,16,6,67164,
2025-01,Nissan Boardman,Lease Return,campaign,16,5,4,1,8161,
2025-01,Nissan Boardman,Service Conquest,service,75,14,10,4,30150,
2025-01,Nissan Boardman,TrueCar,internet,48,4,2,2,11261,1404
2025-01,Nissan Boardman,Walk In,showroom,81,32,23,9,126619,
2025-01,Nissan Boardman,Website Chat,chat,85,5,3,2,12521,1014
2025-02,Chevrolet Cranberry,Autotrader,internet,182,18,10,8,49942,2968
2025-02,Chevrolet Cranberry,CarGurus,internet,75,5,1,4,12736,1103
2025-02,Chevrolet Cranberry,CarGurus,phone,19,1,0,1,2811,275
2025-02,Chevrolet Cranberry,Cars.com,internet,92,7,4,3,21823,2316
2025-02,Chevrolet Cranberry,Dealer Website,chat,41,7,4,3,21047,
2025-02,Chevrolet Cranberry,Dealer Website,internet,255,31,17,14,92304,
2025-02,Chevrolet Cranberry,Direct Mail Q1,campaign,130,15,11,4,35501,6012
2025-02,Chevrolet Cranberry,Facebook Marketplace,internet,123,5,3,2,12331,951
2025-02,Chevrolet Cranberry,Google Ads,campaign,7,0,0,0,0,193
2025-02,Chevrolet Cranberry,Google Ads,internet,44,13,5,8,28815,1258
2025-02,Chevrolet Cranberry,Google Ads,phone,17,4,2,2,9241,483
2025-02,Chevrolet Cranberry,Inbound Calls,phone,81,17,12,5,54193,
2025-02,Chevrolet Cranberry,Lease Return,campaign,14,1,1,0,1644,
2025-02,Chevrolet Cranberry,Service Conquest,service,46,8,6,2,19170,
2025-02,Chevrolet Cranberry,TrueCar,internet,36,5,3,2,11288,1000
2025-02,Chevrolet Cranberry,Walk In,showroom,67,32,23,9,121702,
2025-02,Chevrolet Cranberry,Website Chat,chat,49,2,1,1,5387,756
2025-02,Honda Monroeville,Autotrader,internet,166,14,8,6,35539,2326
2025-02,Honda Monroeville,CarGurus,internet,39,1,0,1,2620,865
2025-02,Honda Monroeville,CarGurus,phone,10,0,0,0,0,216
2025-02,Honda Monroeville,Cars.com,internet,127,9,5,4,26702,1815
2025-02,Honda Monroeville,Dealer Website,chat,30,1,1,0,3366,
2025-02,Honda Monroeville,Dealer Website,internet,185,19,10,9,56500,
2025-02,Honda Monroeville,Direct Mail Q1,campaign,109,9,6,3,22911,4712
2025-02,Honda Monroeville,Facebook Marketplace,internet,90,10,6,4,19343,745
2025-02,Honda Monroeville,Google Ads,campaign,6,2,1,1,4229,151
2025-02,Honda Monroeville,Google Ads,internet,36,7,3,4,16116,986
2025-02,Honda Monroeville,Google Ads,phone,14,2,1,1,3620,379
2025-02,Honda Monroeville,Inbound Calls,phone,92,13,9,4,41714,
2025-02,Honda Monroeville,Lease Return,campaign,9,3,2,1,4743,
2025-02,Honda Monroeville,Service Conquest,service,29,3,2,1,6242,
2025-02,Honda Monroeville,TrueCar,internet,44,3,2,1,6543,783
2025-02,Honda Monroeville,Walk In,showroom,56,20,14,6,81752,
2025-02,Honda Monroeville,Website Chat,chat,34,4,2,2,9032,592
2025-02,Nissan Boardman,Autotrader,internet,276,23,13,10,73495,4011
2025-02,Nissan Boardman,CarGurus,internet,101,4,1,3,10099,1491
2025-02,Nissan Boardman,CarGurus,phone,25,0,0,0,0,372
2025-02,Nissan Boardman,Cars.com,internet,208,17,9,8,56687,3129
2025-02,Nissan Boardman,Dealer Website,chat,70,4,2,2,13043,
2025-02,Nissan Boardman,Dealer Website,internet,432,42,23,19,140049,
2025-02,Nissan Boardman,Direct Mail Q1,campaign,189,18,13,5,42140,8125
2025-02,Nissan Boardman,Facebook Marketplace,internet,130,7,4,3,15318,1285
2025-02,Nissan Boardman,Google Ads,campaign,9,0,0,0,0,261
2025-02,Nissan Boardman,Google Ads,internet,55,9,4,5,16640,1700
2025-02,Nissan Boardman,Google Ads,phone,21,0,0,0,0,654
2025-02,Nissan Boardman,Inbound Calls,phone,123,17,12,5,48515,
2025-02,Nissan Boardman,Lease Return,campaign,19,6,4,2,10348,
2025-02,Nissan Boardman,Service Conquest,service,78,14,10,4,25532,
2025-02,Nissan Boardman,TrueCar,internet,47,3,2,1,7396,1351
2025-02,Nissan Boardman,Walk In,showroom,95,31,22,9,102226,
2025-02,Nissan Boardman,Website Chat,chat,84,6,3,3,14072,1022
2025-03,Chevrolet Cranberry,Autotrader,internet,213,14,8,6,42329,2960
2025-03,Chevrolet Cranberry,CarGurus,internet,111,8,2,6,21632,1307
2025-03,Chevrolet Cranberry,CarGurus,phone,28,2,0,2,6325,326
2025-03,Chevrolet Cranberry,Cars.com,internet,123,11,6,5,35600,2317
2025-03,Chevrolet Cranberry,Dealer Website,chat,41,1,1,0,3772,
2025-03,Chevrolet Cranberry,Dealer Website,internet,252,26,14,12,100163,
2025-03,Chevrolet Cranberry,Direct Mail Q1,campaign,83,7,5,2,18542,3848
2025-03,Chevrolet Cranberry,Facebook Marketplace,internet,199,15,8,7,33814,1252
2025-03,Chevrolet Cranberry,Google Ads,campaign,8,2,1,1,4294,234
2025-03,Chevrolet Cranberry,Google Ads,internet,55,17,7,10,32335,1524
2025-03,Chevrolet Cranberry,Google Ads,phone,21,6,2,4,12704,586
2025-03,Chevrolet Cranberry,Inbound Calls,phone,91,26,19,7,90062,
2025-03,Chevrolet Cranberry,Lease Return,campaign,38,12,9,3,20079,
2025-03,Chevrolet Cranberry,Service Conquest,service,50,10,7,3,23866,
2025-03,Chevrolet Cranberry,TrueCar,internet,42,1,1,0,2836,962
2025-03,Chevrolet Cranberry,Walk In,showroom,70,20,14,6,64791,
2025-03,Chevrolet Cranberry,Website Chat,chat,58,6,3,3,16344,762
2025-03,Honda Monroeville,Autotrader,internet,185,9,5,4,24482,2320
2025-03,Honda Monroeville,CarGurus,internet,45,3,1,2,9402,1024
2025-03,Honda Monroeville,CarGurus,phone,11,0,0,0,0,256
2025-03,Honda Monroeville,Cars.com,internet,138,12,7,5,36466,1816
2025-03,Honda Monroeville,Dealer Website,chat,38,6,3,3,17453,
2025-03,Honda Monroeville,Dealer Website,internet,233,20,11,9,77248,
2025-03,Honda Monroeville,Direct Mail Q1,campaign,65,7,5,2,17174,3016
2025-03,Honda Monroeville,Facebook Marketplace,internet,119,6,3,3,15093,981
2025-03,Honda Monroeville,Google Ads,campaign,9,1,0,1,1876,183
2025-03,Honda Monroeville,Google Ads,internet,57,13,5,8,25403,1194
2025-03,Honda Monroeville,Google Ads,phone,22,9,4,5,17509,459
2025-03,Honda Monroeville,Inbound Calls,phone,110,22,16,6,66092,
2025-03,Honda Monroeville,Lease Return,campaign,30,10,7,3,17348,
2025-03,Honda Monroeville,Service Conquest,service,34,6,4,2,11445,
2025-03,Honda Monroeville,TrueCar,internet,41,2,1,1,5377,754
2025-03,Honda Monroeville,Walk In,showroom,60,16,12,4,57207,
2025-03,Honda Monroeville,Website Chat,chat,39,1,1,0,2438,597
2025-03,Nissan Boardman,Autotrader,internet,363,28,15,13,85994,4001
2025-03,Nissan Boardman,CarGurus,internet,164,14,3,11,39742,1766
2025-03,Nissan Boardman,CarGurus,phone,41,1,0,1,2815,441
2025-03,Nissan Boardman,Cars.com,internet,247,11,6,5,29677,3131
2025-03,Nissan Boardman,Dealer Website,chat,78,12,7,5,42201,
2025-03,Nissan Boardman,Dealer Website,internet,478,57,31,26,209269,
2025-03,Nissan Boardman,Direct Mail Q1,campaign,130,7,5,2,19596,5200
2025-03,Nissan Boardman,Facebook Marketplace,internet,188,4,2,2,7605,1692
2025-03,Nissan Boardman,Google Ads,campaign,12,4,2,2,8152,316
2025-03,Nissan Boardman,Google Ads,internet,76,11,5,6,22457,2060
2025-03,Nissan Boardman,Google Ads,phone,29,4,2,2,9611,792
2025-03,Nissan Boardman,Inbound Calls,phone,167,26,19,7,79841,
2025-03,Nissan Boardman,Lease Return,campaign,53,15,11,4,23892,
2025-03,Nissan Boardman,Service Conquest,service,82,24,17,7,54824,
2025-03,Nissan Boardman,TrueCar,internet,47,4,2,2,11447,1300
2025-03,Nissan Boardman,Walk In,showroom,104,21,15,6,67351,
2025-03,Nissan Boardman,Website Chat,chat,101,4,2,2,10530,1030
2025-04,Chevrolet Cranberry,Autotrader,internet,208,14,8,6,43652,2952
2025-04,Chevrolet Cranberry,CarGurus,internet,109,6,1,5,16971,1524
2025-04,Chevrolet Cranberry,CarGurus,phone,27,2,0,2,4994,381
2025-04,Chevrolet Cranberry,Cars.com,internet,114,8,4,4,27863,2318
2025-04,Chevrolet Cranberry,Dealer Website,chat,47,5,3,2,15818,
2025-04,Chevrolet Cranberry,Dealer Website,internet,288,24,13,11,75703,
2025-04,Chevrolet Cranberry,Facebook Marketplace,internet,223,9,5,4,21589,1586
2025-04,Chevrolet Cranberry,Google Ads,campaign,11,6,2,4,13069,271
2025-04,Chevrolet Cranberry,Google Ads,internet,69,16,7,9,32438,1767
2025-04,Chevrolet Cranberry,Google Ads,phone,26,5,2,3,11954,679
2025-04,Chevrolet Cranberry,Inbound Calls,phone,97,22,16,6,77164,
2025-04,Chevrolet Cranberry,Lease Return,campaign,14,5,4,1,9717,
2025-04,Chevrolet Cranberry,Service Conquest,service,51,9,6,3,16834,
2025-04,Chevrolet Cranberry,TrueCar,internet,35,1,1,0,2828,926
2025-04,Chevrolet Cranberry,Walk In,showroom,77,32,23,9,99559,
2025-04,Chevrolet Cranberry,Website Chat,chat,61,7,4,3,20379,767
2025-04,Honda Monroeville,Autotrader,internet,181,14,8,6,34993,2314
2025-04,Honda Monroeville,CarGurus,internet,52,6,1,5,15237,1194
2025-04,Honda Monroeville,CarGurus,phone,13,2,0,2,5534,298
2025-04,Honda Monroeville,Cars.com,internet,154,17,9,8,46464,1817
2025-04,Honda Monroeville,Dealer Website,chat,39,4,2,2,14905,
2025-04,Honda Monroeville,Dealer Website,internet,237,35,19,16,133082,
2025-04,Honda Monroeville,Facebook Marketplace,internet,143,6,3,3,11567,1243
2025-04,Honda Monroeville,Google Ads,campaign,11,2,1,1,4366,213
2025-04,Honda Monroeville,Google Ads,internet,69,13,5,8,27038,1385
2025-04,Honda Monroeville,Google Ads,phone,27,11,5,6,24094,532
2025-04,Honda Monroeville,Inbound Calls,phone,110,21,15,6,70757,
2025-04,Honda Monroeville,Lease Return,campaign,10,6,4,2,8877,
2025-04,Honda Monroeville,Service Conquest,service,30,4,3,1,8117,
2025-04,Honda Monroeville,TrueCar,internet,49,1,1,0,2490,725
2025-04,Honda Monroeville,Walk In,showroom,69,20,14,6,71590,
2025-04,Honda Monroeville,Website Chat,chat,41,2,1,1,4651,601
2025-04,Nissan Boardman,Autotrader,internet,328,21,12,9,68919,3990
2025-04,Nissan Boardman,CarGurus,internet,171,10,2,8,31852,2060
2025-04,Nissan Boardman,CarGurus,phone,43,1,0,1,3158,515
2025-04,Nissan Boardman,Cars.com,internet,256,17,9,8,44994,3133
2025-04,Nissan Boardman,Dealer Website,chat,74,7,4,3,27022,
2025-04,Nissan Boardman,Dealer Website,internet,457,55,30,25,190475,
2025-04,Nissan Boardman,Facebook Marketplace,internet,264,9,5,4,19749,2143
2025-04,Nissan Boardman,Google Ads,campaign,14,4,2,2,8092,367
2025-04,Nissan Boardman,Google Ads,internet,94,19,8,11,35695,2388
2025-04,Nissan Boardman,Google Ads,phone,36,7,3,4,15663,918
2025-04,Nissan Boardman,Inbound Calls,phone,170,35,25,10,94344,
2025-04,Nissan Boardman,Lease Return,campaign,18,6,4,2,10761,
2025-04,Nissan Boardman,Service Conquest,service,82,21,15,6,46733,
2025-04,Nissan Boardman,TrueCar,internet,45,2,1,1,5654,1251
2025-04,Nissan Boardman,Walk In,showroom,123,38,27,11,151019,
2025-04,Nissan Boardman,Website Chat,chat,104,6,3,3,14415,1037
2025-05,Chevrolet Cranberry,Autotrader,internet,228,16,9,7,42546,2944
2025-05,Chevrolet Cranberry,CarGurus,internet,127,11,2,9,29066,1754
2025-05,Chevrolet Cranberry,CarGurus,phone,32,5,1,4,15366,438
2025-05,Chevrolet Cranberry,Cars.com,internet,141,12,7,5,40474,2320
2025-05,Chevrolet Cranberry,Dealer Website,chat,44,6,3,3,19677,
2025-05,Chevrolet Cranberry,Dealer Website,internet,269,43,24,19,126153,
2025-05,Chevrolet Cranberry,Facebook Marketplace,internet,302,19,10,9,40313,1812
2025-05,Chevrolet Cranberry,Google Ads,campaign,12,5,2,3,10392,304
2025-05,Chevrolet Cranberry,Google Ads,internet,75,16,7,9,29593,1981
2025-05,Chevrolet Cranberry,Google Ads,phone,29,7,3,4,13090,762
2025-05,Chevrolet Cranberry,Inbound Calls,phone,97,24,17,7,78924,
2025-05,Chevrolet Cranberry,Lease Return,campaign,14,4,3,1,5914,
2025-05,Chevrolet Cranberry,TrueCar,internet,38,3,2,1,7899,891
2025-05,Chevrolet Cranberry,Walk In,showroom,79,21,15,6,78764,
2025-05,Chevrolet Cranberry,Website Chat,chat,66,6,3,3,16858,773
2025-05,Honda Monroeville,Autotrader,internet,212,18,10,8,51591,2308
2025-05,Honda Monroeville,CarGurus,internet,70,5,1,4,13475,1375
2025-05,Honda Monroeville,CarGurus,phone,17,1,0,1,2907,343
2025-05,Honda Monroeville,Cars.com,internet,150,7,4,3,19649,1818
2025-05,Honda Monroeville,Dealer Website,chat,43,4,2,2,14658,
2025-05,Honda Monroeville,Dealer Website,internet,263,20,11,9,67281,
2025-05,Honda Monroeville,Facebook Marketplace,internet,195,14,8,6,28568,1420
2025-05,Honda Monroeville,Google Ads,campaign,12,4,2,2,9290,238
2025-05,Honda Monroeville,Google Ads,internet,80,21,9,12,46813,1553
2025-05,Honda Monroeville,Google Ads,phone,31,4,2,2,8789,597
2025-05,Honda Monroeville,Inbound Calls,phone,108,16,12,4,47447,
2025-05,Honda Monroeville,Lease Return,campaign,10,1,1,0,1712,
2025-05,Honda Monroeville,TrueCar,internet,40,4,2,2,10181,698
2025-05,Honda Monroeville,Walk In,showroom,65,30,22,8,96685,
2025-05,Honda Monroeville,Website Chat,chat,41,0,0,0,0,606
2025-05,Nissan Boardman,Autotrader,internet,379,33,18,15,101659,3979
2025-05,Nissan Boardman,CarGurus,internet,213,11,2,9,29720,2371
2025-05,Nissan Boardman,CarGurus,phone,53,0,0,0,0,592
2025-05,Nissan Boardman,Cars.com,internet,250,21,12,9,66788,3135
2025-05,Nissan Boardman,Dealer Website,chat,78,10,6,4,29759,
2025-05,Nissan Boardman,Dealer Website,internet,481,56,31,25,172404,
2025-05,Nissan Boardman,Facebook Marketplace,internet,326,12,7,5,23033,2449
2025-05,Nissan Boardman,Google Ads,campaign,16,2,1,1,4817,412
2025-05,Nissan Boardman,Google Ads,internet,106,28,11,17,65672,2678
2025-05,Nissan Boardman,Google Ads,phone,41,10,4,6,18094,1030
2025-05,Nissan Boardman,Inbound Calls,phone,170,28,20,8,92378,
2025-05,Nissan Boardman,Lease Return,campaign,19,5,4,1,7951,
2025-05,Nissan Boardman,TrueCar,internet,47,2,1,1,5628,1204
2025-05,Nissan Boardman,Walk In,showroom,121,37,27,10,120578,
2025-05,Nissan Boardman,Website Chat,chat,96,6,3,3,16126,1045
2025-06,Chevrolet Cranberry,Autotrader,internet,205,22,12,10,61238,2937
2025-06,Chevrolet Cranberry,CarGurus,internet,142,12,2,10,31585,1996
2025-06,Chevrolet Cranberry,CarGurus,phone,36,2,0,2,5043,499
2025-06,Chevrolet Cranberry,Cars.com,internet,115,9,5,4,29843,2321
2025-06,Chevrolet Cranberry,Dealer Website,chat,46,6,3,3,18774,
2025-06,Chevrolet Cranberry,Dealer Website,internet,280,34,19,15,120960,
2025-06,Chevrolet Cranberry,Facebook Marketplace,internet,299,13,7,6,31019,1812
2025-06,Chevrolet Cranberry,Google Ads,campaign,12,3,1,2,6617,332
2025-06,Chevrolet Cranberry,Google Ads,internet,78,20,8,12,36293,2163
2025-06,Chevrolet Cranberry,Google Ads,phone,30,7,3,4,15877,832
2025-06,Chevrolet Cranberry,Inbound Calls,phone,92,28,20,8,93953,
2025-06,Chevrolet Cranberry,Lease Return,campaign,36,13,9,4,24439,
2025-06,Chevrolet Cranberry,TrueCar,internet,39,6,3,3,13482,857
2025-06,Chevrolet Cranberry,Walk In,showroom,75,30,22,8,100289,
2025-06,Chevrolet Cranberry,Website Chat,chat,70,2,1,1,5151,779
2025-06,Honda Monroeville,Autotrader,internet,208,8,4,4,24378,2301
2025-06,Honda Monroeville,CarGurus,internet,72,7,1,6,17445,1564
2025-06,Honda Monroeville,CarGurus,phone,18,1,0,1,2729,391
2025-06,Honda Monroeville,Cars.com,internet,147,15,8,7,41904,1819
2025-06,Honda Monroeville,Dealer Website,chat,43,2,1,1,6619,
2025-06,Honda Monroeville,Dealer Website,internet,265,29,16,13,91459,
2025-06,Honda Monroeville,Facebook Marketplace,internet,183,9,5,4,17966,1420
2025-06,Honda Monroeville,Google Ads,campaign,12,1,0,1,2220,260
2025-06,Honda Monroeville,Google Ads,internet,79,12,5,7,21460,1695
2025-06,Honda Monroeville,Google Ads,phone,30,4,2,2,9324,652
2025-06,Honda Monroeville,Inbound Calls,phone,104,27,19,8,78559,
2025-06,Honda Monroeville,Lease Return,campaign,26,8,6,2,12855,
2025-06,Honda Monroeville,TrueCar,internet,41,2,1,1,4911,672
2025-06,Honda Monroeville,Walk In,showroom,62,25,18,7,99018,
2025-06,Honda Monroeville,Website Chat,chat,44,2,1,1,4872,610
2025-06,Nissan Boardman,Autotrader,internet,330,19,10,9,49570,3968
2025-06,Nissan Boardman,CarGurus,internet,251,16,3,13,48342,2698
2025-06,Nissan Boardman,CarGurus,phone,63,3,1,2,7970,674
2025-06,Nissan Boardman,Cars.com,internet,251,24,13,11,70250,3137
2025-06,Nissan Boardman,Dealer Website,chat,90,10,6,4,32479,
2025-06,Nissan Boardman,Dealer Website,internet,551,74,41,33,225393,
2025-06,Nissan Boardman,Facebook Marketplace,internet,302,12,7,5,30241,2449
2025-06,Nissan Boardman,Google Ads,campaign,17,6,2,4,12583,449
2025-06,Nissan Boardman,Google Ads,internet,111,17,7,10,31582,2923
2025-06,Nissan Boardman,Google Ads,phone,43,13,5,8,25600,1124
2025-06,Nissan Boardman,Inbound Calls,phone,174,22,16,6,76703,
2025-06,Nissan Boardman,Lease Return,campaign,55,17,12,5,31280,
2025-06,Nissan Boardman,TrueCar,internet,42,1,1,0,2395,1158
2025-06,Nissan Boardman,Walk In,showroom,120,31,22,9,98039,
2025-06,Nissan Boardman,Website Chat,chat,101,5,3,2,11419,1053
2025-07,Chevrolet Cranberry,Autotrader,internet,228,16,9,7,51325,2929
2025-07,Chevrolet Cranberry,CarGurus,internet,167,10,2,8,25145,2249
2025-07,Chevrolet Cranberry,CarGurus,phone,42,3,1,2,7851,562
2025-07,Chevrolet Cranberry,Cars.com,internet,118,13,7,6,37276,2322
2025-07,Chevrolet Cranberry,Dealer Website,chat,48,3,2,1,11611,
2025-07,Chevrolet Cranberry,Dealer Website,internet,294,35,19,16,103218,
2025-07,Chevrolet Cranberry,Facebook Marketplace,internet,223,15,8,7,35838,1586
2025-07,Chevrolet Cranberry,Google Ads,campaign,15,1,0,1,2184,355
2025-07,Chevrolet Cranberry,Google Ads,internet,97,30,12,18,59304,2309
2025-07,Chevrolet Cranberry,Google Ads,phone,37,5,2,3,9249,888
2025-07,Chevrolet Cranberry,Inbound Calls,phone,92,22,16,6,72182,
2025-07,Chevrolet Cranberry,Lease Return,campaign,12,0,0,0,0,
2025-07,Chevrolet Cranberry,TrueCar,internet,35,1,1,0,2141,825
2025-07,Chevrolet Cranberry,Walk In,showroom,67,34,24,10,136013,
2025-07,Chevrolet Cranberry,Website Chat,chat,62,6,3,3,16483,785
2025-07,Honda Monroeville,Autotrader,internet,194,14,8,6,35013,2295
2025-07,Honda Monroeville,CarGurus,internet,76,3,1,2,7124,1763
2025-07,Honda Monroeville,CarGurus,phone,19,2,0,2,5005,440
2025-07,Honda Monroeville,Cars.com,internet,133,13,7,6,40440,1820
2025-07,Honda Monroeville,Dealer Website,chat,37,2,1,1,6787,
2025-07,Honda Monroeville,Dealer Website,internet,226,41,23,18,150078,
2025-07,Honda Monroeville,Facebook Marketplace,internet,139,5,3,2,9590,1243
2025-07,Honda Monroeville,Google Ads,campaign,14,1,0,1,1898,278
2025-07,Honda Monroeville,Google Ads,internet,90,16,7,9,33210,1809
2025-07,Honda Monroeville,Google Ads,phone,35,5,2,3,10906,696
2025-07,Honda Monroeville,Inbound Calls,phone,106,23,17,6,67182,
2025-07,Honda Monroeville,Lease Return,campaign,8,4,3,1,7431,
2025-07,Honda Monroeville,TrueCar,internet,36,2,1,1,4559,646
2025-07,Honda Monroeville,Walk In,showroom,61,27,19,8,98003,
2025-07,Honda Monroeville,Website Chat,chat,46,4,2,2,11044,615
2025-07,Nissan Boardman,Autotrader,internet,359,19,10,9,46961,3958
2025-07,Nissan Boardman,CarGurus,internet,268,20,4,16,63422,3040
2025-07,Nissan Boardman,CarGurus,phone,67,2,0,2,4838,760
2025-07,Nissan Boardman,Cars.com,internet,246,13,7,6,37938,3138
2025-07,Nissan Boardman,Dealer Website,chat,89,15,8,7,56237,
2025-07,Nissan Boardman,Dealer Website,internet,549,66,36,30,226878,
2025-07,Nissan Boardman,Facebook Marketplace,internet,276,12,7,5,27064,2143
2025-07,Nissan Boardman,Google Ads,campaign,20,4,2,2,7342,480
2025-07,Nissan Boardman,Google Ads,internet,127,24,10,14,51076,3120
2025-07,Nissan Boardman,Google Ads,phone,49,11,5,6,21412,1200
2025-07,Nissan Boardman,Inbound Calls,phone,142,38,27,11,133500,
2025-07,Nissan Boardman,Lease Return,campaign,19,11,8,3,16472,
2025-07,Nissan Boardman,TrueCar,internet,46,2,1,1,5024,1114
2025-07,Nissan Boardman,Walk In,showroom,104,30,22,8,124153,
2025-07,Nissan Boardman,Website Chat,chat,91,7,4,3,20255,1061
2025-08,Chevrolet Cranberry,Autotrader,internet,233,20,11,9,54934,2921
2025-08,Chevrolet Cranberry,CarGurus,internet,171,8,2,6,19253,2109
2025-08,Chevrolet Cranberry,CarGurus,phone,43,1,0,1,2377,527
2025-08,Chevrolet Cranberry,Cars.com,internet,137,11,6,5,35408,2324
2025-08,Chevrolet Cranberry,Dealer Website,chat,49,8,4,4,26742,
2025-08,Chevrolet Cranberry,Dealer Website,internet,301,37,20,17,127516,
2025-08,Chevrolet Cranberry,Facebook Marketplace,internet,194,15,8,7,31583,1252
2025-08,Chevrolet Cranberry,Google Ads,campaign,17,3,1,2,5899,371
2025-08,Chevrolet Cranberry,Google Ads,internet,110,24,10,14,46333,2415
2025-08,Chevrolet Cranberry,Google Ads,phone,42,7,3,4,14037,928
2025-08,Chevrolet Cranberry,Inbound Calls,phone,101,20,14,6,60003,
2025-08,Chevrolet Cranberry,Lease Return,campaign,11,4,3,1,5898,
2025-08,Chevrolet Cranberry,TrueCar,internet,32,1,1,0,2402,793
2025-08,Chevrolet Cranberry,Walk In,showroom,82,32,23,9,107123,
2025-08,Chevrolet Cranberry,Website Chat,chat,74,4,2,2,9934,791
2025-08,Honda Monroeville,Autotrader,internet,220,16,9,7,51555,2289
2025-08,Honda Monroeville,CarGurus,internet,93,7,1,6,21467,1653
2025-08,Honda Monroeville,CarGurus,phone,23,1,0,1,3100,413
2025-08,Honda Monroeville,Cars.com,internet,130,11,6,5,35630,1821
2025-08,Honda Monroeville,Dealer Website,chat,40,7,4,3,26360,
2025-08,Honda Monroeville,Dealer Website,internet,243,22,12,10,84517,
2025-08,Honda Monroeville,Facebook Marketplace,internet,117,3,2,1,6493,981
2025-08,Honda Monroeville,Google Ads,campaign,13,1,0,1,1855,291
2025-08,Honda Monroeville,Google Ads,internet,88,31,13,18,56693,1892
2025-08,Honda Monroeville,Google Ads,phone,34,6,2,4,13196,728
2025-08,Honda Monroeville,Inbound Calls,phone,117,24,17,7,69603,
2025-08,Honda Monroeville,Lease Return,campaign,9,2,1,1,3720,
2025-08,Honda Monroeville,TrueCar,internet,37,1,1,0,2460,622
2025-08,Honda Monroeville,Walk In,showroom,61,28,20,8,113007,
2025-08,Honda Monroeville,Website Chat,chat,46,4,2,2,9704,620
2025-08,Nissan Boardman,Autotrader,internet,353,21,12,9,66958,3947
2025-08,Nissan Boardman,CarGurus,internet,276,17,3,14,51206,2850
2025-08,Nissan Boardman,CarGurus,phone,69,4,1,3,10590,712
2025-08,Nissan Boardman,Cars.com,internet,270,22,12,10,65707,3140
2025-08,Nissan Boardman,Dealer Website,chat,78,11,6,5,41502,
2025-08,Nissan Boardman,Dealer Website,internet,477,66,36,30,210746,
2025-08,Nissan Boardman,Facebook Marketplace,internet,212,9,5,4,21736,1692
2025-08,Nissan Boardman,Google Ads,campaign,22,6,2,4,11069,502
2025-08,Nissan Boardman,Google Ads,internet,142,32,13,19,73343,3263
2025-08,Nissan Boardman,Google Ads,phone,54,10,4,6,21035,1255
2025-08,Nissan Boardman,Inbound Calls,phone,146,26,19,7,88389,
2025-08,Nissan Boardman,Lease Return,campaign,18,4,3,1,6390,
2025-08,Nissan Boardman,TrueCar,internet,39,1,1,0,2695,1072
2025-08,Nissan Boardman,Walk In,showroom,127,53,38,15,205209,
2025-08,Nissan Boardman,Website Chat,chat,103,8,4,4,22274,1069
2025-09,Chevrolet Cranberry,Autotrader,internet,230,16,9,7,53033,2913
2025-09,Chevrolet Cranberry,CarGurus,internet,136,11,2,9,33167,1968
2025-09,Chevrolet Cranberry,CarGurus,phone,34,3,1,2,8113,492
2025-09,Chevrolet Cranberry,Cars.com,internet,109,13,7,6,36153,2325
2025-09,Chevrolet Cranberry,Dealer Website,chat,45,6,3,3,20572,
2025-09,Chevrolet Cranberry,Dealer Website,internet,278,28,15,13,95386,
2025-09,Chevrolet Cranberry,Facebook Marketplace,internet,125,3,2,1,6863,951
2025-09,Chevrolet Cranberry,Google Ads,campaign,15,2,1,1,4351,381
2025-09,Chevrolet Cranberry,Google Ads,internet,99,26,11,15,60150,2479
2025-09,Chevrolet Cranberry,Google Ads,phone,38,12,5,7,21701,953
2025-09,Chevrolet Cranberry,Inbound Calls,phone,89,16,12,4,57082,
2025-09,Chevrolet Cranberry,Lease Return,campaign,29,12,9,3,23085,
2025-09,Chevrolet Cranberry,TrueCar,internet,28,3,2,1,8502,763
2025-09,Chevrolet Cranberry,Walk In,showroom,68,27,19,8,98605,
2025-09,Chevrolet Cranberry,Website Chat,chat,62,6,3,3,13500,797
2025-09,Honda Monroeville,Autotrader,internet,179,12,7,5,36014,2283
2025-09,Honda Monroeville,CarGurus,internet,77,1,0,1,2830,1542
2025-09,Honda Monroeville,CarGurus,phone,19,2,0,2,6330,385
2025-09,Honda Monroeville,Cars.com,internet,122,12,7,5,34685,1822
2025-09,Honda Monroeville,Dealer Website,chat,36,3,2,1,11038,
2025-09,Honda Monroeville,Dealer Website,internet,223,27,15,12,96202,
2025-09,Honda Monroeville,Facebook Marketplace,internet,97,6,3,3,12403,745
2025-09,Honda Monroeville,Google Ads,campaign,12,1,0,1,1924,298
2025-09,Honda Monroeville,Google Ads,internet,80,17,7,10,36611,1943
2025-09,Honda Monroeville,Google Ads,phone,31,7,3,4,13758,747
2025-09,Honda Monroeville,Inbound Calls,phone,95,23,17,6,71793,
2025-09,Honda Monroeville,Lease Return,campaign,19,9,6,3,17196,
2025-09,Honda Monroeville,TrueCar,internet,30,3,2,1,7467,598
2025-09,Honda Monroeville,Walk In,showroom,60,18,13,5,71290,
2025-09,Honda Monroeville,Website Chat,chat,44,0,0,0,0,624
2025-09,Nissan Boardman,Autotrader,internet,305,23,13,10,70786,3936
2025-09,Nissan Boardman,CarGurus,internet,214,10,2,8,30998,2660
2025-09,Nissan Boardman,CarGurus,phone,53,3,1,2,9050,665
2025-09,Nissan Boardman,Cars.com,internet,240,21,12,9,71033,3142
2025-09,Nissan Boardman,Dealer Website,chat,69,8,4,4,26050,
2025-09,Nissan Boardman,Dealer Website,internet,425,40,22,18,149240,
2025-09,Nissan Boardman,Facebook Marketplace,internet,157,12,7,5,26895,1285
2025-09,Nissan Boardman,Google Ads,campaign,20,5,2,3,10896,515
2025-09,Nissan Boardman,Google Ads,internet,131,37,15,22,70945,3350
2025-09,Nissan Boardman,Google Ads,phone,50,10,4,6,22396,1288
2025-09,Nissan Boardman,Inbound Calls,phone,149,39,28,11,136935,
2025-09,Nissan Boardman,Lease Return,campaign,42,7,5,2,12847,
2025-09,Nissan Boardman,TrueCar,internet,35,2,1,1,4836,1032
2025-09,Nissan Boardman,Walk In,showroom,102,40,29,11,127196,
2025-09,Nissan Boardman,Website Chat,chat,105,10,6,4,29512,1077
2025-10,Chevrolet Cranberry,Autotrader,internet,219,17,9,8,56572,2905
2025-10,Chevrolet Cranberry,CarGurus,internet,141,11,2,9,28176,1827
2025-10,Chevrolet Cranberry,CarGurus,phone,35,3,1,2,8517,456
2025-10,Chevrolet Cranberry,Cars.com,internet,121,11,6,5,38289,2326
2025-10,Chevrolet Cranberry,Dealer Website,chat,47,7,4,3,22115,
2025-10,Chevrolet Cranberry,Dealer Website,internet,287,25,14,11,92404,
2025-10,Chevrolet Cranberry,Facebook Marketplace,internet,94,7,4,3,17329,754
2025-10,Chevrolet Cranberry,Google Ads,campaign,13,4,2,2,7199,384
2025-10,Chevrolet Cranberry,Google Ads,internet,87,20,8,12,37879,2501
2025-10,Chevrolet Cranberry,Google Ads,phone,34,9,4,5,18448,962
2025-10,Chevrolet Cranberry,Inbound Calls,phone,75,21,15,6,58630,
2025-10,Chevrolet Cranberry,Lease Return,campaign,9,4,3,1,6297,
2025-10,Chevrolet Cranberry,TrueCar,internet,30,1,1,0,2692,735
2025-10,Chevrolet Cranberry,Walk In,showroom,67,29,21,8,119904,
2025-10,Chevrolet Cranberry,Website Chat,chat,63,2,1,1,4728,803
2025-10,Honda Monroeville,Autotrader,internet,159,12,7,5,32047,2277
2025-10,Honda Monroeville,CarGurus,internet,58,6,1,5,16468,1432
2025-10,Honda Monroeville,CarGurus,phone,14,0,0,0,0,358
2025-10,Honda Monroeville,Cars.com,internet,128,8,4,4,23062,1823
2025-10,Honda Monroeville,Dealer Website,chat,36,2,1,1,7127,
2025-10,Honda Monroeville,Dealer Website,internet,223,22,12,10,67168,
2025-10,Honda Monroeville,Facebook Marketplace,internet,71,4,2,2,9106,591
2025-10,Honda Monroeville,Google Ads,campaign,14,4,2,2,8628,301
2025-10,Honda Monroeville,Google Ads,internet,91,16,7,9,31510,1960
2025-10,Honda Monroeville,Google Ads,phone,35,6,2,4,10933,754
2025-10,Honda Monroeville,Inbound Calls,phone,92,18,13,5,61342,
2025-10,Honda Monroeville,Lease Return,campaign,6,0,0,0,0,
2025-10,Honda Monroeville,TrueCar,internet,29,2,1,1,5029,576
2025-10,Honda Monroeville,Walk In,showroom,55,14,10,4,51252,
2025-10,Honda Monroeville,Website Chat,chat,41,2,1,1,5519,629
2025-10,Nissan Boardman,Autotrader,internet,313,26,14,12,86279,3926
2025-10,Nissan Boardman,CarGurus,internet,199,11,2,9,30697,2470
2025-10,Nissan Boardman,CarGurus,phone,50,3,1,2,7762,617
2025-10,Nissan Boardman,Cars.com,internet,229,22,12,10,57353,3144
2025-10,Nissan Boardman,Dealer Website,chat,83,10,6,4,36088,
2025-10,Nissan Boardman,Dealer Website,internet,509,37,20,17,144118,
2025-10,Nissan Boardman,Facebook Marketplace,internet,116,2,1,1,3808,1019
2025-10,Nissan Boardman,Google Ads,campaign,18,3,1,2,6231,520
2025-10,Nissan Boardman,Google Ads,internet,117,20,8,12,46484,3380
2025-10,Nissan Boardman,Google Ads,phone,45,10,4,6,23005,1300
2025-10,Nissan Boardman,Inbound Calls,phone,130,23,17,6,71231,
2025-10,Nissan Boardman,Lease Return,campaign,15,4,3,1,6547,
2025-10,Nissan Boardman,TrueCar,internet,38,2,1,1,5335,993
2025-10,Nissan Boardman,Walk In,showroom,98,28,20,8,108688,
2025-10,Nissan Boardman,Website Chat,chat,83,8,4,4,19437,1085
2025-11,Chevrolet Cranberry,Autotrader,internet,208,16,9,7,45426,2897
2025-11,Chevrolet Cranberry,CarGurus,internet,107,5,1,4,11907,1687
2025-11,Chevrolet Cranberry,CarGurus,phone,27,0,0,0,0,421
2025-11,Chevrolet Cranberry,Cars.com,internet,111,9,5,4,29013,2327
2025-11,Chevrolet Cranberry,Dealer Website,chat,39,4,2,2,15287,
2025-11,Chevrolet Cranberry,Dealer Website,internet,239,42,23,19,157734,
2025-11,Chevrolet Cranberry,Facebook Marketplace,internet,80,2,1,1,4637,655
2025-11,Chevrolet Cranberry,Google Ads,campaign,11,4,2,2,9432,346
2025-11,Chevrolet Cranberry,Google Ads,internet,74,13,5,8,30488,2251
2025-11,Chevrolet Cranberry,Google Ads,phone,28,4,2,2,7249,865
2025-11,Chevrolet Cranberry,Inbound Calls,phone,67,18,13,5,50604,
2025-11,Chevrolet Cranberry,Lease Return,campaign,8,1,1,0,1696,
2025-11,Chevrolet Cranberry,TrueCar,internet,27,2,1,1,4967,707
2025-11,Chevrolet Cranberry,Walk In,showroom,71,20,14,6,78885,
2025-11,Chevrolet Cranberry,Website Chat,chat,55,5,3,2,14731,809
2025-11,Honda Monroeville,Autotrader,internet,146,19,10,9,50405,2271
2025-11,Honda Monroeville,CarGurus,internet,53,6,1,5,16438,1322
2025-11,Honda Monroeville,CarGurus,phone,13,1,0,1,2963,330
2025-11,Honda Monroeville,Cars.com,internet,131,14,8,6,42768,1824
2025-11,Honda Monroeville,Dealer Website,chat,33,3,2,1,9414,
2025-11,Honda Monroeville,Dealer Website,internet,201,19,10,9,73002,
2025-11,Honda Monroeville,Facebook Marketplace,internet,50,3,2,1,7162,513
2025-11,Honda Monroeville,Google Ads,campaign,10,6,2,4,14038,271
2025-11,Honda Monroeville,Google Ads,internet,68,8,3,5,14299,1764
2025-11,Honda Monroeville,Google Ads,phone,26,6,2,4,12197,678
2025-11,Honda Monroeville,Inbound Calls,phone,89,24,17,7,76425,
2025-11,Honda Monroeville,Lease Return,campaign,6,2,1,1,3052,
2025-11,Honda Monroeville,TrueCar,internet,27,3,2,1,6488,554
2025-11,Honda Monroeville,Walk In,showroom,49,12,9,3,40255,
2025-11,Honda Monroeville,Website Chat,chat,39,1,1,0,2847,634
2025-11,Nissan Boardman,Autotrader,internet,255,21,12,9,52181,3915
2025-11,Nissan Boardman,CarGurus,internet,174,9,2,7,21776,2280
2025-11,Nissan Boardman,CarGurus,phone,43,3,1,2,7206,570
2025-11,Nissan Boardman,Cars.com,internet,233,25,14,11,72150,3145
2025-11,Nissan Boardman,Dealer Website,chat,68,7,4,3,22833,
2025-11,Nissan Boardman,Dealer Website,internet,419,45,25,20,174786,
2025-11,Nissan Boardman,Facebook Marketplace,internet,91,3,2,1,6423,885
2025-11,Nissan Boardman,Google Ads,campaign,14,6,2,4,13406,468
2025-11,Nissan Boardman,Google Ads,internet,92,22,9,13,47129,3042
2025-11,Nissan Boardman,Google Ads,phone,35,4,2,2,8476,1170
2025-11,Nissan Boardman,Inbound Calls,phone,120,23,17,6,64300,
2025-11,Nissan Boardman,Lease Return,campaign,13,4,3,1,6191,
2025-11,Nissan Boardman,TrueCar,internet,29,0,0,0,0,955
2025-11,Nissan Boardman,Walk In,showroom,91,34,24,10,104769,
2025-11,Nissan Boardman,Website Chat,chat,87,5,3,2,11291,1093
2025-12,Chevrolet Cranberry,Autotrader,internet,222,21,12,9,52756,2889
2025-12,Chevrolet Cranberry,CarGurus,internet,127,14,3,11,43899,1546
2025-12,Chevrolet Cranberry,CarGurus,phone,32,1,0,1,2620,386
2025-12,Chevrolet Cranberry,Cars.com,internet,124,9,5,4,27348,2329
2025-12,Chevrolet Cranberry,Dealer Website,chat,49,6,3,3,22791,
2025-12,Chevrolet Cranberry,Dealer Website,internet,301,31,17,14,97879,
2025-12,Chevrolet Cranberry,Facebook Marketplace,internet,86,4,2,2,9422,616
2025-12,Chevrolet Cranberry,Google Ads,campaign,13,3,1,2,7141,307
2025-12,Chevrolet Cranberry,Google Ads,internet,86,20,8,12,39607,2000
2025-12,Chevrolet Cranberry,Google Ads,phone,33,11,5,6,21810,769
2025-12,Chevrolet Cranberry,Inbound Calls,phone,88,12,9,3,33259,
2025-12,Chevrolet Cranberry,Lease Return,campaign,30,13,9,4,23287,
2025-12,Chevrolet Cranberry,TrueCar,internet,26,2,1,1,5027,680
2025-12,Chevrolet Cranberry,Walk In,showroom,73,29,21,8,107766,
2025-12,Chevrolet Cranberry,Website Chat,chat,65,10,6,4,28957,815
2025-12,Honda Monroeville,Autotrader,internet,210,13,7,6,33541,2265
2025-12,Honda Monroeville,CarGurus,internet,57,6,1,5,15088,1212
2025-12,Honda Monroeville,CarGurus,phone,14,0,0,0,0,303
2025-12,Honda Monroeville,Cars.com,internet,137,13,7,6,38464,1825
2025-12,Honda Monroeville,Dealer Website,chat,43,6,3,3,21764,
2025-12,Honda Monroeville,Dealer Website,internet,263,28,15,13,87155,
2025-12,Honda Monroeville,Facebook Marketplace,internet,55,5,3,2,10405,483
2025-12,Honda Monroeville,Google Ads,campaign,11,1,0,1,2040,241
2025-12,Honda Monroeville,Google Ads,internet,71,15,6,9,27615,1568
2025-12,Honda Monroeville,Google Ads,phone,27,1,0,1,1827,603
2025-12,Honda Monroeville,Inbound Calls,phone,98,24,17,7,74002,
2025-12,Honda Monroeville,Lease Return,campaign,21,7,5,2,11761,
2025-12,Honda Monroeville,TrueCar,internet,33,6,3,3,14069,533
2025-12,Honda Monroeville,Walk In,showroom,64,23,17,6,93252,
2025-12,Honda Monroeville,Website Chat,chat,48,3,2,1,7444,639
2025-12,Nissan Boardman,Autotrader,internet,328,28,15,13,73840,3905
2025-12,Nissan Boardman,CarGurus,internet,197,11,2,9,29185,2090
2025-12,Nissan Boardman,CarGurus,phone,49,2,0,2,5803,522
2025-12,Nissan Boardman,Cars.com,internet,266,31,17,14,85161,3147
2025-12,Nissan Boardman,Dealer Website,chat,88,8,4,4,24836,
2025-12,Nissan Boardman,Dealer Website,internet,538,57,31,26,197453,
2025-12,Nissan Boardman,Facebook Marketplace,internet,107,2,1,1,4190,833
2025-12,Nissan Boardman,Google Ads,campaign,15,2,1,1,4739,416
2025-12,Nissan Boardman,Google Ads,internet,98,13,5,8,25564,2704
2025-12,Nissan Boardman,Google Ads,phone,38,2,1,1,3839,1040
2025-12,Nissan Boardman,Inbound Calls,phone,160,32,23,9,110214,
2025-12,Nissan Boardman,Lease Return,campaign,39,9,6,3,15067,
2025-12,Nissan Boardman,TrueCar,internet,38,4,2,2,10393,919
2025-12,Nissan Boardman,Walk In,showroom,101,36,26,10,133167,
2025-12,Nissan Boardman,Website Chat,chat,92,7,4,3,16015,1101
2026-01,Chevrolet Cranberry,Autotrader,internet,183,14,8,6,38888,2882
2026-01,Chevrolet Cranberry,CarGurus,internet,83,10,2,8,28883,1406
2026-01,Chevrolet Cranberry,CarGurus,phone,21,1,0,1,2379,351
2026-01,Chevrolet Cranberry,Cars.com,internet,103,13,7,6,35216,2330
2026-01,Chevrolet Cranberry,Dealer Website,chat,39,8,4,4,24302,
2026-01,Chevrolet Cranberry,Dealer Website,internet,242,24,13,11,90735,
2026-01,Chevrolet Cranberry,Facebook Marketplace,internet,79,8,4,4,19613,754
2026-01,Chevrolet Cranberry,Google Ads,campaign,9,2,1,1,4289,269
2026-01,Chevrolet Cranberry,Google Ads,internet,60,18,7,11,34506,1750
2026-01,Chevrolet Cranberry,Google Ads,phone,23,8,3,5,17378,673
2026-01,Chevrolet Cranberry,Inbound Calls,phone,79,17,12,5,53844,
2026-01,Chevrolet Cranberry,Lease Return,campaign,8,2,1,1,3491,
2026-01,Chevrolet Cranberry,TrueCar,internet,20,1,1,0,2727,654
2026-01,Chevrolet Cranberry,Walk In,showroom,59,17,12,5,61492,
2026-01,Chevrolet Cranberry,Website Chat,chat,52,4,2,2,9692,821
2026-01,Honda Monroeville,Autotrader,internet,140,10,6,4,31447,2258
2026-01,Honda Monroeville,CarGurus,internet,43,0,0,0,0,1102
2026-01,Honda Monroeville,CarGurus,phone,11,2,0,2,6308,275
2026-01,Honda Monroeville,Cars.com,internet,124,10,6,4,31291,1826
2026-01,Honda Monroeville,Dealer Website,chat,29,6,3,3,18585,
2026-01,Honda Monroeville,Dealer Website,internet,177,14,8,6,40872,
2026-01,Honda Monroeville,Facebook Marketplace,internet,56,4,2,2,7877,591
2026-01,Honda Monroeville,Google Ads,campaign,8,3,1,2,6406,211
2026-01,Honda Monroeville,Google Ads,internet,55,14,6,8,27939,1372
2026-01,Honda Monroeville,Google Ads,phone,21,5,2,3,9484,527
2026-01,Honda Monroeville,Inbound Calls,phone,81,26,19,7,75098,
2026-01,Honda Monroeville,Lease Return,campaign,5,3,2,1,4825,
2026-01,Honda Monroeville,TrueCar,internet,28,2,1,1,5540,513
2026-01,Honda Monroeville,Walk In,showroom,52,19,14,5,68389,
2026-01,Honda Monroeville,Website Chat,chat,37,2,1,1,5239,643
2026-01,Nissan Boardman,Autotrader,internet,245,16,9,7,49209,3894
2026-01,Nissan Boardman,CarGurus,internet,119,4,1,3,10391,1900
2026-01,Nissan Boardman,CarGurus,phone,30,2,0,2,5291,475
2026-01,Nissan Boardman,Cars.com,internet,227,22,12,10,57205,3149
2026-01,Nissan Boardman,Dealer Website,chat,73,10,6,4,36183,
2026-01,Nissan Boardman,Dealer Website,internet,448,35,19,16,106372,
2026-01,Nissan Boardman,Facebook Marketplace,internet,90,6,3,3,11490,1019
2026-01,Nissan Boardman,Google Ads,campaign,11,4,2,2,7464,364
2026-01,Nissan Boardman,Google Ads,internet,74,11,5,6,24565,2366
2026-01,Nissan Boardman,Google Ads,phone,29,5,2,3,11288,909
2026-01,Nissan Boardman,Inbound Calls,phone,138,35,25,10,102213,
2026-01,Nissan Boardman,Lease Return,campaign,11,3,2,1,5001,
2026-01,Nissan Boardman,TrueCar,internet,25,1,1,0,2743,885
2026-01,Nissan Boardman,Walk In,showroom,100,31,22,9,118365,
2026-01,Nissan Boardman,Website Chat,chat,88,7,4,3,16662,1110
2026-02,Chevrolet Cranberry,Autotrader,internet,172,10,6,4,30778,2874
2026-02,Chevrolet Cranberry,CarGurus,internet,83,6,1,5,16759,1265
2026-02,Chevrolet Cranberry,CarGurus,phone,21,1,0,1,2584,316
2026-02,Chevrolet Cranberry,Cars.com,internet,95,6,3,3,15635,2331
2026-02,Chevrolet Cranberry,Dealer Website,chat,45,5,3,2,16487,
2026-02,Chevrolet Cranberry,Dealer Website,internet,276,31,17,14,98302,
2026-02,Chevrolet Cranberry,Facebook Marketplace,internet,111,2,1,1,4260,951
2026-02,Chevrolet Cranberry,Google Ads,campaign,8,2,1,1,4273,230
2026-02,Chevrolet Cranberry,Google Ads,internet,53,10,4,6,18967,1500
2026-02,Chevrolet Cranberry,Google Ads,phone,20,5,2,3,9031,577
2026-02,Chevrolet Cranberry,Inbound Calls,phone,66,19,14,5,54356,
2026-02,Chevrolet Cranberry,Lease Return,campaign,8,1,1,0,1608,
2026-02,Chevrolet Cranberry,TrueCar,internet,20,3,2,1,7826,630
2026-02,Chevrolet Cranberry,Walk In,showroom,69,26,19,7,96065,
2026-02,Chevrolet Cranberry,Website Chat,chat,57,2,1,1,5741,827
2026-02,Honda Monroeville,Autotrader,internet,151,7,4,3,20262,2252
2026-02,Honda Monroeville,CarGurus,internet,42,3,1,2,9404,991
2026-02,Honda Monroeville,CarGurus,phone,10,1,0,1,3152,247
2026-02,Honda Monroeville,Cars.com,internet,124,13,7,6,33833,1827
2026-02,Honda Monroeville,Dealer Website,chat,35,7,4,3,23634,
2026-02,Honda Monroeville,Dealer Website,internet,216,27,15,12,104319,
2026-02,Honda Monroeville,Facebook Marketplace,internet,75,2,1,1,4964,745
2026-02,Honda Monroeville,Google Ads,campaign,7,4,2,2,9532,180
2026-02,Honda Monroeville,Google Ads,internet,47,11,5,6,24961,1176
2026-02,Honda Monroeville,Google Ads,phone,18,4,2,2,9521,452
2026-02,Honda Monroeville,Inbound Calls,phone,98,25,18,7,78014,
2026-02,Honda Monroeville,Lease Return,campaign,5,0,0,0,0,
2026-02,Honda Monroeville,TrueCar,internet,27,3,2,1,6421,493
2026-02,Honda Monroeville,Walk In,showroom,49,20,14,6,65939,
2026-02,Honda Monroeville,Website Chat,chat,44,3,2,1,8070,648
2026-02,Nissan Boardman,Autotrader,internet,284,23,13,10,69479,3884
2026-02,Nissan Boardman,CarGurus,internet,138,7,1,6,19955,1710
2026-02,Nissan Boardman,CarGurus,phone,35,1,0,1,3173,427
2026-02,Nissan Boardman,Cars.com,internet,197,17,9,8,54686,3151
2026-02,Nissan Boardman,Dealer Website,chat,66,8,4,4,24194,
2026-02,Nissan Boardman,Dealer Website,internet,403,36,20,16,116085,
2026-02,Nissan Boardman,Facebook Marketplace,internet,124,3,2,1,6662,1285
2026-02,Nissan Boardman,Google Ads,campaign,10,2,1,1,4760,312
2026-02,Nissan Boardman,Google Ads,internet,64,7,3,4,15806,2028
2026-02,Nissan Boardman,Google Ads,phone,25,6,2,4,12488,780
2026-02,Nissan Boardman,Inbound Calls,phone,148,25,18,7,79096,
2026-02,Nissan Boardman,Lease Return,campaign,11,2,1,1,3215,
2026-02,Nissan Boardman,TrueCar,internet,31,3,2,1,7317,851
2026-02,Nissan Boardman,Walk In,showroom,99,27,19,8,83450,
2026-02,Nissan Boardman,Website Chat,chat,92,8,4,4,21087,1118
2026-03,Chevrolet Cranberry,Autotrader,internet,237,20,11,9,57088,2866
2026-03,Chevrolet Cranberry,CarGurus,internet,84,6,1,5,14507,1124
2026-03,Chevrolet Cranberry,CarGurus,phone,21,1,0,1,2499,281
2026-03,Chevrolet Cranberry,Cars.com,internet,130,11,6,5,35595,2333
2026-03,Chevrolet Cranberry,Dealer Website,chat,50,6,3,3,20530,
2026-03,Chevrolet Cranberry,Dealer Website,internet,308,38,21,17,138066,
2026-03,Chevrolet Cranberry,Facebook Marketplace,internet,182,10,6,4,20895,1252
2026-03,Chevrolet Cranberry,Google Ads,campaign,8,3,1,2,6791,192
2026-03,Chevrolet Cranberry,Google Ads,internet,50,15,6,9,29216,1250
2026-03,Chevrolet Cranberry,Google Ads,phone,19,5,2,3,11446,481
2026-03,Chevrolet Cranberry,Inbound Calls,phone,90,24,17,7,66808,
2026-03,Chevrolet Cranberry,Lease Return,campaign,22,4,3,1,7798,
2026-03,Chevrolet Cranberry,TrueCar,internet,24,3,2,1,8130,606
2026-03,Chevrolet Cranberry,Walk In,showroom,69,23,17,6,70524,
2026-03,Chevrolet Cranberry,Website Chat,chat,72,10,6,4,23176,833
2026-03,Honda Monroeville,Autotrader,internet,173,20,11,9,66611,2246
2026-03,Honda Monroeville,CarGurus,internet,41,2,0,2,4922,881
2026-03,Honda Monroeville,CarGurus,phone,10,0,0,0,0,220
2026-03,Honda Monroeville,Cars.com,internet,146,8,4,4,26102,1828
2026-03,Honda Monroeville,Dealer Website,chat,43,8,4,4,28609,
2026-03,Honda Monroeville,Dealer Website,internet,267,18,10,8,61820,
2026-03,Honda Monroeville,Facebook Marketplace,internet,122,7,4,3,14105,981
2026-03,Honda Monroeville,Google Ads,campaign,7,0,0,0,0,150
2026-03,Honda Monroeville,Google Ads,internet,48,16,7,9,29101,980
2026-03,Honda Monroeville,Google Ads,phone,18,5,2,3,10849,377
2026-03,Honda Monroeville,Inbound Calls,phone,115,23,17,6,68764,
2026-03,Honda Monroeville,Lease Return,campaign,14,5,4,1,7418,
2026-03,Honda Monroeville,TrueCar,internet,31,1,1,0,2599,475
2026-03,Honda Monroeville,Walk In,showroom,69,27,19,8,91737,
2026-03,Honda Monroeville,Website Chat,chat,47,1,1,0,2421,653
2026-03,Nissan Boardman,Autotrader,internet,319,19,10,9,61895,3873
2026-03,Nissan Boardman,CarGurus,internet,123,3,1,2,7321,1520
2026-03,Nissan Boardman,CarGurus,phone,31,2,0,2,6003,380
2026-03,Nissan Boardman,Cars.com,internet,218,12,7,5,32605,3153
2026-03,Nissan Boardman,Dealer Website,chat,78,9,5,4,26652,
2026-03,Nissan Boardman,Dealer Website,internet,478,48,26,22,144330,
2026-03,Nissan Boardman,Facebook Marketplace,internet,207,8,4,4,17645,1692
2026-03,Nissan Boardman,Google Ads,campaign,9,4,2,2,8904,260
2026-03,Nissan Boardman,Google Ads,internet,58,11,5,6,23716,1690
2026-03,Nissan Boardman,Google Ads,phone,22,5,2,3,11451,650
2026-03,Nissan Boardman,Inbound Calls,phone,151,24,17,7,84019,
2026-03,Nissan Boardman,Lease Return,campaign,31,9,6,3,16539,
2026-03,Nissan Boardman,TrueCar,internet,31,2,1,1,4444,819
2026-03,Nissan Boardman,Walk In,showroom,98,30,22,8,94311,
2026-03,Nissan Boardman,Website Chat,chat,100,7,4,3,17433,1126
2026-04,Chevrolet Cranberry,Autotrader,internet,237,14,8,6,39059,2858
2026-04,Chevrolet Cranberry,CarGurus,internet,82,8,2,6,21924,984
2026-04,Chevrolet Cranberry,CarGurus,phone,21,0,0,0,0,246
2026-04,Chevrolet Cranberry,Cars.com,internet,116,15,8,7,48421,2334
2026-04,Chevrolet Cranberry,Dealer Website,chat,52,3,2,1,10160,
2026-04,Chevrolet Cranberry,Dealer Website,internet,320,45,25,20,153314,
2026-04,Chevrolet Cranberry,Facebook Marketplace,internet,241,5,3,2,9779,1586
2026-04,Chevrolet Cranberry,Google Ads,campaign,6,0,0,0,0,153
2026-04,Chevrolet Cranberry,Google Ads,internet,42,10,4,6,20204,1000
2026-04,Chevrolet Cranberry,Google Ads,phone,16,3,1,2,6465,384
2026-04,Chevrolet Cranberry,Inbound Calls,phone,81,17,12,5,46275,
2026-04,Chevrolet Cranberry,Lease Return,campaign,7,4,3,1,7398,
2026-04,Chevrolet Cranberry,TikTok Ads,internet,15,1,1,0,2212,355
2026-04,Chevrolet Cranberry,TrueCar,internet,23,2,1,1,5739,583
2026-04,Chevrolet Cranberry,Walk In,showroom,82,27,19,8,99346,
2026-04,Chevrolet Cranberry,Website Chat,chat,62,2,1,1,4855,840
2026-04,Honda Monroeville,Autotrader,internet,179,8,4,4,25853,2240
2026-04,Honda Monroeville,CarGurus,internet,40,2,0,2,5620,771
2026-04,Honda Monroeville,CarGurus,phone,10,1,0,1,2416,192
2026-04,Honda Monroeville,Cars.com,internet,129,18,10,8,59790,1829
2026-04,Honda Monroeville,Dealer Website,chat,44,5,3,2,18500,
2026-04,Honda Monroeville,Dealer Website,internet,272,18,10,8,67334,
2026-04,Honda Monroeville,Facebook Marketplace,internet,147,9,5,4,22564,1243
2026-04,Honda Monroeville,Google Ads,campaign,6,2,1,1,3908,120
2026-04,Honda Monroeville,Google Ads,internet,40,7,3,4,13049,784
2026-04,Honda Monroeville,Google Ads,phone,15,2,1,1,3759,301
2026-04,Honda Monroeville,Inbound Calls,phone,99,19,14,5,61726,
2026-04,Honda Monroeville,Lease Return,campaign,5,2,1,1,3048,
2026-04,Honda Monroeville,TikTok Ads,internet,13,0,0,0,0,278
2026-04,Honda Monroeville,TrueCar,internet,30,1,1,0,2588,457
2026-04,Honda Monroeville,Walk In,showroom,61,30,22,8,96855,
2026-04,Honda Monroeville,Website Chat,chat,53,5,3,2,12304,658
2026-04,Nissan Boardman,Autotrader,internet,345,30,16,14,79273,3863
2026-04,Nissan Boardman,CarGurus,internet,124,8,2,6,24460,1330
2026-04,Nissan Boardman,CarGurus,phone,31,2,0,2,5579,332
2026-04,Nissan Boardman,Cars.com,internet,233,16,9,7,55980,3154
2026-04,Nissan Boardman,Dealer Website,chat,90,12,7,5,46634,
2026-04,Nissan Boardman,Dealer Website,internet,551,53,29,24,172974,
2026-04,Nissan Boardman,Facebook Marketplace,internet,261,11,6,5,24528,2143
2026-04,Nissan Boardman,Google Ads,campaign,7,0,0,0,0,208
2026-04,Nissan Boardman,Google Ads,internet,45,11,5,6,21813,1352
2026-04,Nissan Boardman,Google Ads,phone,17,3,1,2,5951,520
2026-04,Nissan Boardman,Inbound Calls,phone,142,29,21,8,99423,
2026-04,Nissan Boardman,Lease Return,campaign,11,4,3,1,7479,
2026-04,Nissan Boardman,TikTok Ads,internet,13,0,0,0,0,480
2026-04,Nissan Boardman,TrueCar,internet,34,4,2,2,8785,788
2026-04,Nissan Boardman,Walk In,showroom,107,43,31,12,165033,
2026-04,Nissan Boardman,Website Chat,chat,98,7,4,3,17262,1135
2026-05,Chevrolet Cranberry,Autotrader,internet,228,24,13,11,77490,2851
2026-05,Chevrolet Cranberry,CarGurus,internet,65,6,1,5,16658,843
2026-05,Chevrolet Cranberry,CarGurus,phone,16,2,0,2,5137,210
2026-05,Chevrolet Cranberry,Cars.com,internet,119,9,5,4,30775,2335
2026-05,Chevrolet Cranberry,Dealer Website,chat,54,8,4,4,28165,
2026-05,Chevrolet Cranberry,Dealer Website,internet,332,37,20,17,142164,
2026-05,Chevrolet Cranberry,Facebook Marketplace,internet,262,16,9,7,32628,1812
2026-05,Chevrolet Cranberry,Google Ads,campaign,5,1,0,1,2130,115
2026-05,Chevrolet Cranberry,Google Ads,internet,33,7,3,4,16847,750
2026-05,Chevrolet Cranberry,Google Ads,phone,13,2,1,1,4240,288
2026-05,Chevrolet Cranberry,Inbound Calls,phone,93,24,17,7,67735,
2026-05,Chevrolet Cranberry,Lease Return,campaign,7,1,1,0,1574,
2026-05,Chevrolet Cranberry,TikTok Ads,internet,27,1,1,0,1832,562
2026-05,Chevrolet Cranberry,TrueCar,internet,26,2,1,1,4252,577
2026-05,Chevrolet Cranberry,Walk In,showroom,76,35,25,10,107765,
2026-05,Chevrolet Cranberry,Website Chat,chat,76,7,4,3,15564,846
2026-05,Honda Monroeville,Autotrader,internet,171,9,5,4,26413,2234
2026-05,Honda Monroeville,CarGurus,internet,37,0,0,0,0,661
2026-05,Honda Monroeville,CarGurus,phone,9,1,0,1,2627,165
2026-05,Honda Monroeville,Cars.com,internet,137,14,8,6,47215,1830
2026-05,Honda Monroeville,Dealer Website,chat,46,4,2,2,14465,
2026-05,Honda Monroeville,Dealer Website,internet,281,26,14,12,87329,
2026-05,Honda Monroeville,Facebook Marketplace,internet,204,14,8,6,34056,1420
2026-05,Honda Monroeville,Google Ads,campaign,4,0,0,0,0,90
2026-05,Honda Monroeville,Google Ads,internet,28,7,3,4,16647,588
2026-05,Honda Monroeville,Google Ads,phone,11,5,2,3,10323,226
2026-05,Honda Monroeville,Inbound Calls,phone,103,18,13,5,62375,
2026-05,Honda Monroeville,Lease Return,campaign,5,0,0,0,0,
2026-05,Honda Monroeville,TikTok Ads,internet,23,0,0,0,0,440
2026-05,Honda Monroeville,TrueCar,internet,28,2,1,1,5448,452
2026-05,Honda Monroeville,Walk In,showroom,66,32,23,9,101570,
2026-05,Honda Monroeville,Website Chat,chat,50,0,0,0,0,663
2026-05,Nissan Boardman,Autotrader,internet,341,22,12,10,58659,3853
2026-05,Nissan Boardman,CarGurus,internet,99,7,1,6,16995,1140
2026-05,Nissan Boardman,CarGurus,phone,25,0,0,0,0,285
2026-05,Nissan Boardman,Cars.com,internet,269,15,8,7,41875,3156
2026-05,Nissan Boardman,Dealer Website,chat,83,8,4,4,26572,
2026-05,Nissan Boardman,Dealer Website,internet,510,53,29,24,154792,
2026-05,Nissan Boardman,Facebook Marketplace,internet,282,10,6,4,19256,2449
2026-05,Nissan Boardman,Google Ads,campaign,7,2,1,1,4513,156
2026-05,Nissan Boardman,Google Ads,internet,44,10,4,6,22760,1014
2026-05,Nissan Boardman,Google Ads,phone,17,5,2,3,10423,390
2026-05,Nissan Boardman,Inbound Calls,phone,146,34,24,10,113196,
2026-05,Nissan Boardman,Lease Return,campaign,10,2,1,1,2895,
2026-05,Nissan Boardman,TikTok Ads,internet,25,0,0,0,0,760
2026-05,Nissan Boardman,TrueCar,internet,31,0,0,0,0,780
2026-05,Nissan Boardman,Walk In,showroom,125,40,29,11,125697,
2026-05,Nissan Boardman,Website Chat,chat,124,13,7,6,36665,1143
2026-06,Chevrolet Cranberry,Autotrader,internet,195,16,9,7,45754,2843
2026-06,Chevrolet Cranberry,CarGurus,internet,59,7,1,6,19764,703
2026-06,Chevrolet Cranberry,CarGurus,phone,15,0,0,0,0,175
2026-06,Chevrolet Cranberry,Cars.com,internet,114,7,4,3,21991,2337
2026-06,Chevrolet Cranberry,Dealer Website,chat,54,3,2,1,9871,
2026-06,Chevrolet Cranberry,Dealer Website,internet,334,32,18,14,102676,
2026-06,Chevrolet Cranberry,Facebook Marketplace,internet,262,12,7,5,26664,1812
2026-06,Chevrolet Cranberry,Google Ads,campaign,3,0,0,0,0,115
2026-06,Chevrolet Cranberry,Google Ads,internet,22,5,2,3,11424,750
2026-06,Chevrolet Cranberry,Google Ads,phone,8,0,0,0,0,288
2026-06,Chevrolet Cranberry,Inbound Calls,phone,99,19,14,5,57432,
2026-06,Chevrolet Cranberry,Lease Return,campaign,22,7,5,2,11774,
2026-06,Chevrolet Cranberry,TikTok Ads,internet,35,0,0,0,0,769
2026-06,Chevrolet Cranberry,TrueCar,internet,21,2,1,1,5109,577
2026-06,Chevrolet Cranberry,Walk In,showroom,86,29,21,8,107701,
2026-06,Chevrolet Cranberry,Website Chat,chat,74,3,2,1,7069,852
2026-06,Honda Monroeville,Autotrader,internet,174,15,8,7,38837,2228
2026-06,Honda Monroeville,CarGurus,internet,29,2,0,2,4819,551
2026-06,Honda Monroeville,CarGurus,phone,7,0,0,0,0,137
2026-06,Honda Monroeville,Cars.com,internet,148,15,8,7,52194,1831
2026-06,Honda Monroeville,Dealer Website,chat,44,3,2,1,10137,
2026-06,Honda Monroeville,Dealer Website,internet,268,26,14,12,97205,
2026-06,Honda Monroeville,Facebook Marketplace,internet,191,6,3,3,14014,1420
2026-06,Honda Monroeville,Google Ads,campaign,3,1,0,1,1814,90
2026-06,Honda Monroeville,Google Ads,internet,16,3,1,2,6311,588
2026-06,Honda Monroeville,Google Ads,phone,6,3,1,2,5826,226
2026-06,Honda Monroeville,Inbound Calls,phone,113,31,22,9,87658,
2026-06,Honda Monroeville,Lease Return,campaign,13,4,3,1,6783,
2026-06,Honda Monroeville,TikTok Ads,internet,27,2,1,1,3605,603
2026-06,Honda Monroeville,TrueCar,internet,28,1,1,0,2492,452
2026-06,Honda Monroeville,Walk In,showroom,59,17,12,5,57609,
2026-06,Honda Monroeville,Website Chat,chat,46,5,3,2,11169,668
2026-06,Nissan Boardman,Autotrader,internet,367,14,8,6,41900,3842
2026-06,Nissan Boardman,CarGurus,internet,74,3,1,2,8828,950
2026-06,Nissan Boardman,CarGurus,phone,18,0,0,0,0,237
2026-06,Nissan Boardman,Cars.com,internet,275,26,14,12,85297,3158
2026-06,Nissan Boardman,Dealer Website,chat,79,8,4,4,30775,
2026-06,Nissan Boardman,Dealer Website,internet,485,64,35,29,206056,
2026-06,Nissan Boardman,Facebook Marketplace,internet,277,7,4,3,14303,2449
2026-06,Nissan Boardman,Google Ads,campaign,4,0,0,0,0,156
2026-06,Nissan Boardman,Google Ads,internet,24,3,1,2,5989,1014
2026-06,Nissan Boardman,Google Ads,phone,9,2,1,1,4669,390
2026-06,Nissan Boardman,Inbound Calls,phone,153,20,14,6,57835,
2026-06,Nissan Boardman,Lease Return,campaign,27,7,5,2,13303,
2026-06,Nissan Boardman,TikTok Ads,internet,29,0,0,0,0,1039
2026-06,Nissan Boardman,TrueCar,internet,28,2,1,1,4304,780
2026-06,Nissan Boardman,Walk In,showroom,116,41,30,11,139849,
2026-06,Nissan Boardman,Website Chat,chat,114,10,6,4,24653,1152
2026-07,Chevrolet Cranberry,Autotrader,internet,205,12,7,5,35253,2835
2026-07,Chevrolet Cranberry,Cars.com,internet,132,11,6,5,30325,2338
2026-07,Chevrolet Cranberry,Dealer Website,chat,48,4,2,2,14472,
2026-07,Chevrolet Cranberry,Dealer Website,internet,295,42,23,19,122053,
2026-07,Chevrolet Cranberry,Facebook Marketplace,internet,205,7,4,3,16268,1586
2026-07,Chevrolet Cranberry,Inbound Calls,phone,47,3,2,1,8516,
2026-07,Chevrolet Cranberry,Lease Return,campaign,6,3,2,1,4358,
2026-07,Chevrolet Cranberry,TikTok Ads,internet,42,2,1,1,3422,976
2026-07,Chevrolet Cranberry,TrueCar,internet,22,0,0,0,0,577
2026-07,Chevrolet Cranberry,Walk In,showroom,77,34,24,10,133846,
2026-07,Chevrolet Cranberry,Website Chat,chat,64,5,3,2,13068,859
2026-07,Honda Monroeville,Autotrader,internet,197,11,6,5,32195,2222
2026-07,Honda Monroeville,Cars.com,internet,150,18,10,8,50029,1832
2026-07,Honda Monroeville,Dealer Website,chat,41,5,3,2,18218,
2026-07,Honda Monroeville,Dealer Website,internet,250,35,19,16,104095,
2026-07,Honda Monroeville,Facebook Marketplace,internet,160,8,4,4,16303,1243
2026-07,Honda Monroeville,Inbound Calls,phone,62,12,9,3,37718,
2026-07,Honda Monroeville,Lease Return,campaign,4,0,0,0,0,
2026-07,Honda Monroeville,TikTok Ads,internet,33,1,1,0,1910,765
2026-07,Honda Monroeville,TrueCar,internet,24,0,0,0,0,452
2026-07,Honda Monroeville,Walk In,showroom,62,20,14,6,65437,
2026-07,Honda Monroeville,Website Chat,chat,43,2,1,1,4642,673
2026-07,Nissan Boardman,Autotrader,internet,337,36,20,16,103948,3832
2026-07,Nissan Boardman,Cars.com,internet,245,11,6,5,36924,3160
2026-07,Nissan Boardman,Dealer Website,chat,82,4,2,2,13678,
2026-07,Nissan Boardman,Dealer Website,internet,501,53,29,24,200183,
2026-07,Nissan Boardman,Facebook Marketplace,internet,275,13,7,6,29716,2143
2026-07,Nissan Boardman,Inbound Calls,phone,84,5,4,1,17782,
2026-07,Nissan Boardman,Lease Return,campaign,10,3,2,1,5524,
2026-07,Nissan Boardman,TikTok Ads,internet,38,1,1,0,2163,1320
2026-07,Nissan Boardman,TrueCar,internet,25,1,1,0,2258,780
2026-07,Nissan Boardman,Walk In,showroom,115,46,33,13,144786,
2026-07,Nissan Boardman,Website Chat,chat,114,9,5,4,21771,1161
2026-08,Chevrolet Cranberry,Autotrader,internet,239,18,10,8,49091,2828
2026-08,Chevrolet Cranberry,Cars.com,internet,131,14,8,6,44414,2339
2026-08,Chevrolet Cranberry,Dealer Website,chat,55,4,2,2,14922,
2026-08,Chevrolet Cranberry,Dealer Website,internet,340,49,27,22,178522,
2026-08,Chevrolet Cranberry,Facebook Marketplace,internet,191,7,4,3,15044,1252
2026-08,Chevrolet Cranberry,Inbound Calls,phone,53,8,6,2,22276,
2026-08,Chevrolet Cranberry,Lease Return,campaign,6,1,1,0,1494,
2026-08,Chevrolet Cranberry,TikTok Ads,internet,50,1,1,0,2017,1184
2026-08,Chevrolet Cranberry,TrueCar,internet,21,2,1,1,4591,577
2026-08,Chevrolet Cranberry,Walk In,showroom,75,25,18,7,96024,
2026-08,Chevrolet Cranberry,Website Chat,chat,77,8,4,4,18862,865
2026-08,Honda Monroeville,Autotrader,internet,192,10,6,4,33326,2216
2026-08,Honda Monroeville,Cars.com,internet,157,19,10,9,49590,1833
2026-08,Honda Monroeville,Dealer Website,chat,39,3,2,1,10652,
2026-08,Honda Monroeville,Dealer Website,internet,242,28,15,13,81225,
2026-08,Honda Monroeville,Facebook Marketplace,internet,122,8,4,4,17682,981
2026-08,Honda Monroeville,Inbound Calls,phone,66,2,1,1,6609,
2026-08,Honda Monroeville,Lease Return,campaign,4,0,0,0,0,
2026-08,Honda Monroeville,TikTok Ads,internet,41,0,0,0,0,927
2026-08,Honda Monroeville,TrueCar,internet,23,1,1,0,2517,452
2026-08,Honda Monroeville,Walk In,showroom,62,27,19,8,94395,
2026-08,Honda Monroeville,Website Chat,chat,54,7,4,3,20335,678
2026-08,Nissan Boardman,Autotrader,internet,314,25,14,11,64448,3822
2026-08,Nissan Boardman,Cars.com,internet,276,25,14,11,66520,3162
2026-08,Nissan Boardman,Dealer Website,chat,96,16,9,7,57129,
2026-08,Nissan Boardman,Dealer Website,internet,591,68,37,31,233760,
2026-08,Nissan Boardman,Facebook Marketplace,internet,231,9,5,4,18899,1692
2026-08,Nissan Boardman,Inbound Calls,phone,86,5,4,1,16420,
2026-08,Nissan Boardman,Lease Return,campaign,9,6,4,2,9395,
2026-08,Nissan Boardman,TikTok Ads,internet,53,2,1,1,4390,1600
2026-08,Nissan Boardman,TrueCar,internet,30,1,1,0,2777,780
2026-08,Nissan Boardman,Walk In,showroom,119,50,36,14,186901,
2026-08,Nissan Boardman,Website Chat,chat,112,5,3,2,13095,1170
