period,group,store,channel,sessions,users,vdp_views,conversions
2023-10,Harbor Motor Group,Harbor BMW,Organic Search,5118,3913,2625,117
2023-10,Harbor Motor Group,Harbor BMW,Paid Search,3161,2295,1540,72
2023-10,Harbor Motor Group,Harbor BMW,Direct,2408,1993,1116,52
2023-10,Harbor Motor Group,Harbor BMW,Organic Social,1505,1233,795,17
2023-10,Harbor Motor Group,Harbor BMW,Paid Social,1204,947,545,29
2023-10,Harbor Motor Group,Harbor BMW,Referral,903,750,537,9
2023-10,Harbor Motor Group,Harbor BMW,Email,752,556,460,15
2023-10,Harbor Motor Group,Harbor Chevrolet Marina,Organic Search,5697,4148,2578,131
2023-10,Harbor Motor Group,Harbor Chevrolet Marina,Paid Search,3518,2797,1676,88
2023-10,Harbor Motor Group,Harbor Chevrolet Marina,Direct,2680,2023,1382,47
2023-10,Harbor Motor Group,Harbor Chevrolet Marina,Organic Social,1675,1430,971,20
2023-10,Harbor Motor Group,Harbor Chevrolet Marina,Paid Social,1340,1152,637,14
2023-10,Harbor Motor Group,Harbor Chevrolet Marina,Referral,1005,847,593,18
2023-10,Harbor Motor Group,Harbor Chevrolet Marina,Email,837,618,411,20
2023-10,Harbor Motor Group,Harbor Ford Portside,Organic Search,6735,5041,3640,177
2023-10,Harbor Motor Group,Harbor Ford Portside,Paid Search,4160,3215,2414,69
2023-10,Harbor Motor Group,Harbor Ford Portside,Direct,3169,2430,1510,36
2023-10,Harbor Motor Group,Harbor Ford Portside,Organic Social,1981,1550,1144,39
2023-10,Harbor Motor Group,Harbor Ford Portside,Paid Social,1584,1328,940,35
2023-10,Harbor Motor Group,Harbor Ford Portside,Referral,1188,1002,715,32
2023-10,Harbor Motor Group,Harbor Ford Portside,Email,990,742,451,21
2023-10,Harbor Motor Group,Harbor Honda Seaside,Organic Search,6276,5000,3857,164
2023-10,Harbor Motor Group,Harbor Honda Seaside,Paid Search,3876,2824,2214,52
2023-10,Harbor Motor Group,Harbor Honda Seaside,Direct,2953,2302,1533,76
2023-10,Harbor Motor Group,Harbor Honda Seaside,Organic Social,1846,1532,919,50
2023-10,Harbor Motor Group,Harbor Honda Seaside,Paid Social,1476,1245,869,19
2023-10,Harbor Motor Group,Harbor Honda Seaside,Referral,1107,842,584,22
2023-10,Harbor Motor Group,Harbor Honda Seaside,Email,923,771,453,22
2023-10,Harbor Motor Group,Harbor Jeep Ram Anchor,Organic Search,4984,4067,2623,123
2023-10,Harbor Motor Group,Harbor Jeep Ram Anchor,Paid Search,3078,2534,1437,52
2023-10,Harbor Motor Group,Harbor Jeep Ram Anchor,Direct,2345,1768,1177,59
2023-10,Harbor Motor Group,Harbor Jeep Ram Anchor,Organic Social,1466,1097,798,35
2023-10,Harbor Motor Group,Harbor Jeep Ram Anchor,Paid Social,1172,910,693,26
2023-10,Harbor Motor Group,Harbor Jeep Ram Anchor,Referral,879,658,537,24
2023-10,Harbor Motor Group,Harbor Jeep Ram Anchor,Email,733,581,447,13
2023-10,Harbor Motor Group,Harbor Kia Lighthouse,Organic Search,4345,3611,2594,97
2023-10,Harbor Motor Group,Harbor Kia Lighthouse,Paid Search,2683,2115,1367,57
2023-10,Harbor Motor Group,Harbor Kia Lighthouse,Direct,2044,1682,1160,51
2023-10,Harbor Motor Group,Harbor Kia Lighthouse,Organic Social,1278,984,709,23
2023-10,Harbor Motor Group,Harbor Kia Lighthouse,Paid Social,1022,829,585,23
2023-10,Harbor Motor Group,Harbor Kia Lighthouse,Referral,766,631,442,16
2023-10,Harbor Motor Group,Harbor Kia Lighthouse,Email,639,481,339,8
2023-10,Harbor Motor Group,Harbor Subaru Tidewater,Organic Search,3684,3150,1935,47
2023-10,Harbor Motor Group,Harbor Subaru Tidewater,Paid Search,2275,1693,1189,49
2023-10,Harbor Motor Group,Harbor Subaru Tidewater,Direct,1734,1276,1011,37
2023-10,Harbor Motor Group,Harbor Subaru Tidewater,Organic Social,1083,791,668,22
2023-10,Harbor Motor Group,Harbor Subaru Tidewater,Paid Social,867,698,500,13
2023-10,Harbor Motor Group,Harbor Subaru Tidewater,Referral,650,490,339,13
2023-10,Harbor Motor Group,Harbor Subaru Tidewater,Email,541,451,329,13
2023-10,Harbor Motor Group,Harbor Toyota Bayview,Organic Search,6537,4814,3729,151
2023-10,Harbor Motor Group,Harbor Toyota Bayview,Paid Search,4037,3333,1987,71
2023-10,Harbor Motor Group,Harbor Toyota Bayview,Direct,3076,2307,1858,58
2023-10,Harbor Motor Group,Harbor Toyota Bayview,Organic Social,1922,1413,1163,33
2023-10,Harbor Motor Group,Harbor Toyota Bayview,Paid Social,1538,1183,897,41
2023-10,Harbor Motor Group,Harbor Toyota Bayview,Referral,1153,934,686,19
2023-10,Harbor Motor Group,Harbor Toyota Bayview,Email,961,725,476,22
2023-10,Summit Auto Group,Summit BMW,Organic Search,6038,5006,3005,134
2023-10,Summit Auto Group,Summit BMW,Paid Search,3729,2966,2227,102
2023-10,Summit Auto Group,Summit BMW,Direct,2841,2345,1316,31
2023-10,Summit Auto Group,Summit BMW,Organic Social,1776,1308,1039,45
2023-10,Summit Auto Group,Summit BMW,Paid Social,1420,1136,826,18
2023-10,Summit Auto Group,Summit BMW,Referral,1065,838,516,25
2023-10,Summit Auto Group,Summit BMW,Email,888,716,506,15
2023-10,Summit Auto Group,Summit Chevrolet Glenpark,Organic Search,5625,4825,2587,114
2023-10,Summit Auto Group,Summit Chevrolet Glenpark,Paid Search,3474,2914,1744,93
2023-10,Summit Auto Group,Summit Chevrolet Glenpark,Direct,2647,2146,1260,57
2023-10,Summit Auto Group,Summit Chevrolet Glenpark,Organic Social,1654,1413,947,36
2023-10,Summit Auto Group,Summit Chevrolet Glenpark,Paid Social,1323,1045,645,24
2023-10,Summit Auto Group,Summit Chevrolet Glenpark,Referral,992,725,574,25
2023-10,Summit Auto Group,Summit Chevrolet Glenpark,Email,827,693,441,19
2023-10,Summit Auto Group,Summit Ford Rivera,Organic Search,7436,6156,4554,151
2023-10,Summit Auto Group,Summit Ford Rivera,Paid Search,4593,3433,2829,107
2023-10,Summit Auto Group,Summit Ford Rivera,Direct,3499,2543,2122,65
2023-10,Summit Auto Group,Summit Ford Rivera,Organic Social,2187,1648,1024,41
2023-10,Summit Auto Group,Summit Ford Rivera,Paid Social,1749,1283,1080,29
2023-10,Summit Auto Group,Summit Ford Rivera,Referral,1312,1042,692,25
2023-10,Summit Auto Group,Summit Ford Rivera,Email,1093,848,501,11
2023-10,Summit Auto Group,Summit Honda Westland,Organic Search,7349,6262,4337,106
2023-10,Summit Auto Group,Summit Honda Westland,Paid Search,4539,3439,2072,113
2023-10,Summit Auto Group,Summit Honda Westland,Direct,3458,2633,2034,61
2023-10,Summit Auto Group,Summit Honda Westland,Organic Social,2161,1738,1300,30
2023-10,Summit Auto Group,Summit Honda Westland,Paid Social,1729,1397,930,22
2023-10,Summit Auto Group,Summit Honda Westland,Referral,1297,991,708,20
2023-10,Summit Auto Group,Summit Honda Westland,Email,1080,821,641,19
2023-10,Summit Auto Group,Summit Hyundai Oakhurst,Organic Search,4785,3542,2678,110
2023-10,Summit Auto Group,Summit Hyundai Oakhurst,Paid Search,2955,2144,1355,42
2023-10,Summit Auto Group,Summit Hyundai Oakhurst,Direct,2252,1834,1335,44
2023-10,Summit Auto Group,Summit Hyundai Oakhurst,Organic Social,1407,1164,637,24
2023-10,Summit Auto Group,Summit Hyundai Oakhurst,Paid Social,1126,928,573,12
2023-10,Summit Auto Group,Summit Hyundai Oakhurst,Referral,844,710,443,13
2023-10,Summit Auto Group,Summit Hyundai Oakhurst,Email,703,517,321,13
2023-10,Summit Auto Group,Summit Jeep Ram Clearwater,Organic Search,4772,3829,2857,88
2023-10,Summit Auto Group,Summit Jeep Ram Clearwater,Paid Search,2947,2422,1403,59
2023-10,Summit Auto Group,Summit Jeep Ram Clearwater,Direct,2246,1747,1142,61
2023-10,Summit Auto Group,Summit Jeep Ram Clearwater,Organic Social,1403,1117,717,29
2023-10,Summit Auto Group,Summit Jeep Ram Clearwater,Paid Social,1123,808,550,11
2023-10,Summit Auto Group,Summit Jeep Ram Clearwater,Referral,842,656,389,16
2023-10,Summit Auto Group,Summit Jeep Ram Clearwater,Email,701,566,392,12
2023-10,Summit Auto Group,Summit Kia Brookfield,Organic Search,3559,2987,2133,73
2023-10,Summit Auto Group,Summit Kia Brookfield,Paid Search,2198,1862,1151,22
2023-10,Summit Auto Group,Summit Kia Brookfield,Direct,1674,1307,869,41
2023-10,Summit Auto Group,Summit Kia Brookfield,Organic Social,1046,805,473,14
2023-10,Summit Auto Group,Summit Kia Brookfield,Paid Social,837,631,465,20
2023-10,Summit Auto Group,Summit Kia Brookfield,Referral,628,525,285,16
2023-10,Summit Auto Group,Summit Kia Brookfield,Email,523,406,260,12
2023-10,Summit Auto Group,Summit Mazda Lakeside,Organic Search,3284,2822,1646,38
2023-10,Summit Auto Group,Summit Mazda Lakeside,Paid Search,2028,1493,1208,55
2023-10,Summit Auto Group,Summit Mazda Lakeside,Direct,1545,1286,766,36
2023-10,Summit Auto Group,Summit Mazda Lakeside,Organic Social,966,759,556,14
2023-10,Summit Auto Group,Summit Mazda Lakeside,Paid Social,772,601,451,14
2023-10,Summit Auto Group,Summit Mazda Lakeside,Referral,579,478,269,11
2023-10,Summit Auto Group,Summit Mazda Lakeside,Email,483,360,248,11
2023-10,Summit Auto Group,Summit Nissan Ridgemont,Organic Search,4300,3304,2324,113
2023-10,Summit Auto Group,Summit Nissan Ridgemont,Paid Search,2656,2003,1372,56
2023-10,Summit Auto Group,Summit Nissan Ridgemont,Direct,2023,1623,1078,38
2023-10,Summit Auto Group,Summit Nissan Ridgemont,Organic Social,1264,987,586,22
2023-10,Summit Auto Group,Summit Nissan Ridgemont,Paid Social,1011,832,457,20
2023-10,Summit Auto Group,Summit Nissan Ridgemont,Referral,758,608,369,8
2023-10,Summit Auto Group,Summit Nissan Ridgemont,Email,632,460,303,14
2023-10,Summit Auto Group,Summit Subaru Northgate,Organic Search,3963,3386,2114,41
2023-10,Summit Auto Group,Summit Subaru Northgate,Paid Search,2447,1816,1295,37
2023-10,Summit Auto Group,Summit Subaru Northgate,Direct,1865,1505,860,38
2023-10,Summit Auto Group,Summit Subaru Northgate,Organic Social,1165,976,566,12
2023-10,Summit Auto Group,Summit Subaru Northgate,Paid Social,932,789,547,21
2023-10,Summit Auto Group,Summit Subaru Northgate,Referral,699,574,380,17
2023-10,Summit Auto Group,Summit Subaru Northgate,Email,582,456,284,12
2023-10,Summit Auto Group,Summit Toyota of Fairview,Organic Search,6403,4768,3282,90
2023-10,Summit Auto Group,Summit Toyota of Fairview,Paid Search,3954,2994,2166,88
2023-10,Summit Auto Group,Summit Toyota of Fairview,Direct,3013,2418,1850,31
2023-10,Summit Auto Group,Summit Toyota of Fairview,Organic Social,1883,1482,945,38
2023-10,Summit Auto Group,Summit Toyota of Fairview,Paid Social,1506,1114,726,16
2023-10,Summit Auto Group,Summit Toyota of Fairview,Referral,1129,912,550,30
2023-10,Summit Auto Group,Summit Toyota of Fairview,Email,941,735,496,9
2023-10,Summit Auto Group,Summit Volkswagen Eastdale,Organic Search,2745,2218,1701,44
2023-10,Summit Auto Group,Summit Volkswagen Eastdale,Paid Search,1695,1400,821,24
2023-10,Summit Auto Group,Summit Volkswagen Eastdale,Direct,1292,1093,667,19
2023-10,Summit Auto Group,Summit Volkswagen Eastdale,Organic Social,807,604,497,19
2023-10,Summit Auto Group,Summit Volkswagen Eastdale,Paid Social,646,500,339,7
2023-10,Summit Auto Group,Summit Volkswagen Eastdale,Referral,484,399,264,12
2023-10,Summit Auto Group,Summit Volkswagen Eastdale,Email,403,330,189,8
2023-11,Harbor Motor Group,Harbor BMW,Organic Search,5608,4341,2633,125
2023-11,Harbor Motor Group,Harbor BMW,Paid Search,3464,2508,1919,52
2023-11,Harbor Motor Group,Harbor BMW,Direct,2639,1934,1235,66
2023-11,Harbor Motor Group,Harbor BMW,Organic Social,1649,1334,981,44
2023-11,Harbor Motor Group,Harbor BMW,Paid Social,1319,1134,748,35
2023-11,Harbor Motor Group,Harbor BMW,Referral,989,712,505,12
2023-11,Harbor Motor Group,Harbor BMW,Email,824,672,391,18
2023-11,Harbor Motor Group,Harbor Chevrolet Marina,Organic Search,5619,4553,2857,58
2023-11,Harbor Motor Group,Harbor Chevrolet Marina,Paid Search,3471,2677,1877,59
2023-11,Harbor Motor Group,Harbor Chevrolet Marina,Direct,2644,2099,1337,37
2023-11,Harbor Motor Group,Harbor Chevrolet Marina,Organic Social,1652,1235,815,32
2023-11,Harbor Motor Group,Harbor Chevrolet Marina,Paid Social,1322,975,734,33
2023-11,Harbor Motor Group,Harbor Chevrolet Marina,Referral,991,727,454,11
2023-11,Harbor Motor Group,Harbor Chevrolet Marina,Email,826,668,382,19
2023-11,Harbor Motor Group,Harbor Ford Portside,Organic Search,6958,5236,3266,72
2023-11,Harbor Motor Group,Harbor Ford Portside,Paid Search,4298,3105,2352,95
2023-11,Harbor Motor Group,Harbor Ford Portside,Direct,3274,2644,1686,60
2023-11,Harbor Motor Group,Harbor Ford Portside,Organic Social,2046,1621,1079,55
2023-11,Harbor Motor Group,Harbor Ford Portside,Paid Social,1637,1370,879,18
2023-11,Harbor Motor Group,Harbor Ford Portside,Referral,1228,925,667,18
2023-11,Harbor Motor Group,Harbor Ford Portside,Email,1023,751,540,12
2023-11,Harbor Motor Group,Harbor Honda Seaside,Organic Search,6762,5806,3670,153
2023-11,Harbor Motor Group,Harbor Honda Seaside,Paid Search,4176,3267,2063,53
2023-11,Harbor Motor Group,Harbor Honda Seaside,Direct,3182,2579,1817,68
2023-11,Harbor Motor Group,Harbor Honda Seaside,Organic Social,1989,1605,994,31
2023-11,Harbor Motor Group,Harbor Honda Seaside,Paid Social,1591,1166,751,40
2023-11,Harbor Motor Group,Harbor Honda Seaside,Referral,1193,985,611,29
2023-11,Harbor Motor Group,Harbor Honda Seaside,Email,994,819,537,13
2023-11,Harbor Motor Group,Harbor Jeep Ram Anchor,Organic Search,5404,4588,3267,116
2023-11,Harbor Motor Group,Harbor Jeep Ram Anchor,Paid Search,3337,2569,1781,37
2023-11,Harbor Motor Group,Harbor Jeep Ram Anchor,Direct,2543,2055,1370,66
2023-11,Harbor Motor Group,Harbor Jeep Ram Anchor,Organic Social,1589,1157,910,33
2023-11,Harbor Motor Group,Harbor Jeep Ram Anchor,Paid Social,1271,982,779,22
2023-11,Harbor Motor Group,Harbor Jeep Ram Anchor,Referral,953,699,507,18
2023-11,Harbor Motor Group,Harbor Jeep Ram Anchor,Email,794,590,381,16
2023-11,Harbor Motor Group,Harbor Kia Lighthouse,Organic Search,3662,2948,2156,45
2023-11,Harbor Motor Group,Harbor Kia Lighthouse,Paid Search,2262,1915,1273,58
2023-11,Harbor Motor Group,Harbor Kia Lighthouse,Direct,1723,1267,943,41
2023-11,Harbor Motor Group,Harbor Kia Lighthouse,Organic Social,1077,844,574,16
2023-11,Harbor Motor Group,Harbor Kia Lighthouse,Paid Social,861,670,488,21
2023-11,Harbor Motor Group,Harbor Kia Lighthouse,Referral,646,516,322,7
2023-11,Harbor Motor Group,Harbor Kia Lighthouse,Email,538,452,295,6
2023-11,Harbor Motor Group,Harbor Subaru Tidewater,Organic Search,3396,2675,2054,86
2023-11,Harbor Motor Group,Harbor Subaru Tidewater,Paid Search,2097,1746,1215,58
2023-11,Harbor Motor Group,Harbor Subaru Tidewater,Direct,1598,1331,883,27
2023-11,Harbor Motor Group,Harbor Subaru Tidewater,Organic Social,998,720,481,17
2023-11,Harbor Motor Group,Harbor Subaru Tidewater,Paid Social,799,653,437,20
2023-11,Harbor Motor Group,Harbor Subaru Tidewater,Referral,599,446,305,7
2023-11,Harbor Motor Group,Harbor Subaru Tidewater,Email,499,424,263,5
2023-11,Harbor Motor Group,Harbor Toyota Bayview,Organic Search,6162,5168,3326,66
2023-11,Harbor Motor Group,Harbor Toyota Bayview,Paid Search,3806,3150,2230,57
2023-11,Harbor Motor Group,Harbor Toyota Bayview,Direct,2900,2145,1603,31
2023-11,Harbor Motor Group,Harbor Toyota Bayview,Organic Social,1812,1542,967,50
2023-11,Harbor Motor Group,Harbor Toyota Bayview,Paid Social,1450,1208,846,37
2023-11,Harbor Motor Group,Harbor Toyota Bayview,Referral,1087,934,532,19
2023-11,Harbor Motor Group,Harbor Toyota Bayview,Email,906,686,540,13
2023-11,Summit Auto Group,Summit BMW,Organic Search,5751,4160,3424,124
2023-11,Summit Auto Group,Summit BMW,Paid Search,3552,2661,1926,70
2023-11,Summit Auto Group,Summit BMW,Direct,2706,2187,1633,57
2023-11,Summit Auto Group,Summit BMW,Organic Social,1691,1371,945,45
2023-11,Summit Auto Group,Summit BMW,Paid Social,1353,1108,687,36
2023-11,Summit Auto Group,Summit BMW,Referral,1014,732,551,11
2023-11,Summit Auto Group,Summit BMW,Email,845,612,476,22
2023-11,Summit Auto Group,Summit Chevrolet Glenpark,Organic Search,6092,4410,2838,120
2023-11,Summit Auto Group,Summit Chevrolet Glenpark,Paid Search,3762,2743,2310,98
2023-11,Summit Auto Group,Summit Chevrolet Glenpark,Direct,2867,2223,1658,59
2023-11,Summit Auto Group,Summit Chevrolet Glenpark,Organic Social,1791,1314,1097,36
2023-11,Summit Auto Group,Summit Chevrolet Glenpark,Paid Social,1433,1145,670,29
2023-11,Summit Auto Group,Summit Chevrolet Glenpark,Referral,1075,813,611,15
2023-11,Summit Auto Group,Summit Chevrolet Glenpark,Email,895,713,433,19
2023-11,Summit Auto Group,Summit Ford Rivera,Organic Search,6300,5014,3759,122
2023-11,Summit Auto Group,Summit Ford Rivera,Paid Search,3891,3006,2219,78
2023-11,Summit Auto Group,Summit Ford Rivera,Direct,2964,2487,1794,63
2023-11,Summit Auto Group,Summit Ford Rivera,Organic Social,1853,1589,1081,21
2023-11,Summit Auto Group,Summit Ford Rivera,Paid Social,1482,1148,767,33
2023-11,Summit Auto Group,Summit Ford Rivera,Referral,1111,838,630,24
2023-11,Summit Auto Group,Summit Ford Rivera,Email,926,794,456,16
2023-11,Summit Auto Group,Summit Honda Westland,Organic Search,5476,3946,2495,149
2023-11,Summit Auto Group,Summit Honda Westland,Paid Search,3382,2903,1898,39
2023-11,Summit Auto Group,Summit Honda Westland,Direct,2577,2005,1338,30
2023-11,Summit Auto Group,Summit Honda Westland,Organic Social,1610,1313,862,17
2023-11,Summit Auto Group,Summit Honda Westland,Paid Social,1288,1035,690,19
2023-11,Summit Auto Group,Summit Honda Westland,Referral,966,735,503,15
2023-11,Summit Auto Group,Summit Honda Westland,Email,805,607,463,10
2023-11,Summit Auto Group,Summit Hyundai Oakhurst,Organic Search,3983,3267,2052,69
2023-11,Summit Auto Group,Summit Hyundai Oakhurst,Paid Search,2460,2028,1240,68
2023-11,Summit Auto Group,Summit Hyundai Oakhurst,Direct,1874,1379,1105,22
2023-11,Summit Auto Group,Summit Hyundai Oakhurst,Organic Social,1171,930,542,15
2023-11,Summit Auto Group,Summit Hyundai Oakhurst,Paid Social,937,691,427,12
2023-11,Summit Auto Group,Summit Hyundai Oakhurst,Referral,703,551,391,8
2023-11,Summit Auto Group,Summit Hyundai Oakhurst,Email,585,471,280,14
2023-11,Summit Auto Group,Summit Jeep Ram Clearwater,Organic Search,4959,3907,2417,54
2023-11,Summit Auto Group,Summit Jeep Ram Clearwater,Paid Search,3063,2360,1447,41
2023-11,Summit Auto Group,Summit Jeep Ram Clearwater,Direct,2333,1869,1295,44
2023-11,Summit Auto Group,Summit Jeep Ram Clearwater,Organic Social,1458,1110,769,36
2023-11,Summit Auto Group,Summit Jeep Ram Clearwater,Paid Social,1166,984,695,17
2023-11,Summit Auto Group,Summit Jeep Ram Clearwater,Referral,875,738,457,22
2023-11,Summit Auto Group,Summit Jeep Ram Clearwater,Email,729,548,393,13
2023-11,Summit Auto Group,Summit Kia Brookfield,Organic Search,3626,2640,1889,74
2023-11,Summit Auto Group,Summit Kia Brookfield,Paid Search,2239,1900,1044,60
2023-11,Summit Auto Group,Summit Kia Brookfield,Direct,1706,1315,771,23
2023-11,Summit Auto Group,Summit Kia Brookfield,Organic Social,1066,846,541,29
2023-11,Summit Auto Group,Summit Kia Brookfield,Paid Social,853,643,404,11
2023-11,Summit Auto Group,Summit Kia Brookfield,Referral,639,534,368,8
2023-11,Summit Auto Group,Summit Kia Brookfield,Email,533,457,308,6
2023-11,Summit Auto Group,Summit Mazda Lakeside,Organic Search,2987,2410,1409,75
2023-11,Summit Auto Group,Summit Mazda Lakeside,Paid Search,1845,1475,1032,34
2023-11,Summit Auto Group,Summit Mazda Lakeside,Direct,1405,1118,861,24
2023-11,Summit Auto Group,Summit Mazda Lakeside,Organic Social,878,754,496,22
2023-11,Summit Auto Group,Summit Mazda Lakeside,Paid Social,702,597,323,14
2023-11,Summit Auto Group,Summit Mazda Lakeside,Referral,527,419,269,13
2023-11,Summit Auto Group,Summit Mazda Lakeside,Email,439,338,259,7
2023-11,Summit Auto Group,Summit Nissan Ridgemont,Organic Search,4482,3442,2025,57
2023-11,Summit Auto Group,Summit Nissan Ridgemont,Paid Search,2768,2171,1273,35
2023-11,Summit Auto Group,Summit Nissan Ridgemont,Direct,2109,1583,1048,46
2023-11,Summit Auto Group,Summit Nissan Ridgemont,Organic Social,1318,1044,628,23
2023-11,Summit Auto Group,Summit Nissan Ridgemont,Paid Social,1054,850,555,28
2023-11,Summit Auto Group,Summit Nissan Ridgemont,Referral,791,579,459,21
2023-11,Summit Auto Group,Summit Nissan Ridgemont,Email,659,492,387,10
2023-11,Summit Auto Group,Summit Subaru Northgate,Organic Search,4026,3114,1901,89
2023-11,Summit Auto Group,Summit Subaru Northgate,Paid Search,2487,2051,1185,41
2023-11,Summit Auto Group,Summit Subaru Northgate,Direct,1895,1507,914,33
2023-11,Summit Auto Group,Summit Subaru Northgate,Organic Social,1184,902,578,22
2023-11,Summit Auto Group,Summit Subaru Northgate,Paid Social,947,740,546,9
2023-11,Summit Auto Group,Summit Subaru Northgate,Referral,710,527,416,14
2023-11,Summit Auto Group,Summit Subaru Northgate,Email,592,463,315,12
2023-11,Summit Auto Group,Summit Toyota of Fairview,Organic Search,7565,5708,4237,100
2023-11,Summit Auto Group,Summit Toyota of Fairview,Paid Search,4672,4016,2180,73
2023-11,Summit Auto Group,Summit Toyota of Fairview,Direct,3560,2998,1944,57
2023-11,Summit Auto Group,Summit Toyota of Fairview,Organic Social,2225,1623,1338,50
2023-11,Summit Auto Group,Summit Toyota of Fairview,Paid Social,1780,1444,1018,31
2023-11,Summit Auto Group,Summit Toyota of Fairview,Referral,1335,1088,697,25
2023-11,Summit Auto Group,Summit Toyota of Fairview,Email,1112,841,567,12
2023-11,Summit Auto Group,Summit Volkswagen Eastdale,Organic Search,2902,2217,1344,35
2023-11,Summit Auto Group,Summit Volkswagen Eastdale,Paid Search,1792,1370,1075,19
2023-11,Summit Auto Group,Summit Volkswagen Eastdale,Direct,1365,1094,778,25
2023-11,Summit Auto Group,Summit Volkswagen Eastdale,Organic Social,853,654,401,13
2023-11,Summit Auto Group,Summit Volkswagen Eastdale,Paid Social,682,585,308,15
2023-11,Summit Auto Group,Summit Volkswagen Eastdale,Referral,512,398,300,9
2023-11,Summit Auto Group,Summit Volkswagen Eastdale,Email,426,308,207,11
2023-12,Harbor Motor Group,Harbor BMW,Organic Search,6186,4607,3605,104
2023-12,Harbor Motor Group,Harbor BMW,Paid Search,3820,2869,2080,55
2023-12,Harbor Motor Group,Harbor BMW,Direct,2911,2173,1563,77
2023-12,Harbor Motor Group,Harbor BMW,Organic Social,1819,1370,903,40
2023-12,Harbor Motor Group,Harbor BMW,Paid Social,1455,1069,788,40
2023-12,Harbor Motor Group,Harbor BMW,Referral,1091,812,531,22
2023-12,Harbor Motor Group,Harbor BMW,Email,909,686,512,18
2023-12,Harbor Motor Group,Harbor Chevrolet Marina,Organic Search,5335,4546,2780,72
2023-12,Harbor Motor Group,Harbor Chevrolet Marina,Paid Search,3295,2467,1733,59
2023-12,Harbor Motor Group,Harbor Chevrolet Marina,Direct,2511,2061,1445,33
2023-12,Harbor Motor Group,Harbor Chevrolet Marina,Organic Social,1569,1252,789,20
2023-12,Harbor Motor Group,Harbor Chevrolet Marina,Paid Social,1255,981,767,34
2023-12,Harbor Motor Group,Harbor Chevrolet Marina,Referral,941,693,438,21
2023-12,Harbor Motor Group,Harbor Chevrolet Marina,Email,784,666,404,21
2023-12,Harbor Motor Group,Harbor Ford Portside,Organic Search,7442,5665,3767,136
2023-12,Harbor Motor Group,Harbor Ford Portside,Paid Search,4597,3500,2370,123
2023-12,Harbor Motor Group,Harbor Ford Portside,Direct,3502,2929,2010,55
2023-12,Harbor Motor Group,Harbor Ford Portside,Organic Social,2189,1809,985,46
2023-12,Harbor Motor Group,Harbor Ford Portside,Paid Social,1751,1412,891,25
2023-12,Harbor Motor Group,Harbor Ford Portside,Referral,1313,1027,660,34
2023-12,Harbor Motor Group,Harbor Ford Portside,Email,1094,924,525,22
2023-12,Harbor Motor Group,Harbor Honda Seaside,Organic Search,5325,4543,2787,126
2023-12,Harbor Motor Group,Harbor Honda Seaside,Paid Search,3289,2793,1941,41
2023-12,Harbor Motor Group,Harbor Honda Seaside,Direct,2506,1877,1531,61
2023-12,Harbor Motor Group,Harbor Honda Seaside,Organic Social,1566,1177,904,35
2023-12,Harbor Motor Group,Harbor Honda Seaside,Paid Social,1253,961,709,12
2023-12,Harbor Motor Group,Harbor Honda Seaside,Referral,939,695,461,19
2023-12,Harbor Motor Group,Harbor Honda Seaside,Email,783,622,461,19
2023-12,Harbor Motor Group,Harbor Jeep Ram Anchor,Organic Search,4592,3581,2135,92
2023-12,Harbor Motor Group,Harbor Jeep Ram Anchor,Paid Search,2836,2081,1720,69
2023-12,Harbor Motor Group,Harbor Jeep Ram Anchor,Direct,2161,1667,1194,44
2023-12,Harbor Motor Group,Harbor Jeep Ram Anchor,Organic Social,1350,1019,650,31
2023-12,Harbor Motor Group,Harbor Jeep Ram Anchor,Paid Social,1080,908,580,28
2023-12,Harbor Motor Group,Harbor Jeep Ram Anchor,Referral,810,649,396,15
2023-12,Harbor Motor Group,Harbor Jeep Ram Anchor,Email,675,507,348,17
2023-12,Harbor Motor Group,Harbor Kia Lighthouse,Organic Search,3468,2979,1616,62
2023-12,Harbor Motor Group,Harbor Kia Lighthouse,Paid Search,2142,1713,1247,36
2023-12,Harbor Motor Group,Harbor Kia Lighthouse,Direct,1632,1401,791,21
2023-12,Harbor Motor Group,Harbor Kia Lighthouse,Organic Social,1020,770,620,26
2023-12,Harbor Motor Group,Harbor Kia Lighthouse,Paid Social,816,611,439,16
2023-12,Harbor Motor Group,Harbor Kia Lighthouse,Referral,612,461,377,10
2023-12,Harbor Motor Group,Harbor Kia Lighthouse,Email,510,376,313,6
2023-12,Harbor Motor Group,Harbor Subaru Tidewater,Organic Search,3950,3013,2108,68
2023-12,Harbor Motor Group,Harbor Subaru Tidewater,Paid Search,2440,2040,1129,68
2023-12,Harbor Motor Group,Harbor Subaru Tidewater,Direct,1859,1553,1037,42
2023-12,Harbor Motor Group,Harbor Subaru Tidewater,Organic Social,1162,876,684,25
2023-12,Harbor Motor Group,Harbor Subaru Tidewater,Paid Social,929,699,484,14
2023-12,Harbor Motor Group,Harbor Subaru Tidewater,Referral,697,536,402,9
2023-12,Harbor Motor Group,Harbor Subaru Tidewater,Email,581,475,358,11
2023-12,Harbor Motor Group,Harbor Toyota Bayview,Organic Search,7239,5232,3745,184
2023-12,Harbor Motor Group,Harbor Toyota Bayview,Paid Search,4471,3689,2224,66
2023-12,Harbor Motor Group,Harbor Toyota Bayview,Direct,3406,2854,2091,63
2023-12,Harbor Motor Group,Harbor Toyota Bayview,Organic Social,2129,1545,1143,39
2023-12,Harbor Motor Group,Harbor Toyota Bayview,Paid Social,1703,1250,832,42
2023-12,Harbor Motor Group,Harbor Toyota Bayview,Referral,1277,1093,614,31
2023-12,Harbor Motor Group,Harbor Toyota Bayview,Email,1064,875,612,17
2023-12,Summit Auto Group,Summit BMW,Organic Search,5754,4527,2745,136
2023-12,Summit Auto Group,Summit BMW,Paid Search,3554,2812,2155,94
2023-12,Summit Auto Group,Summit BMW,Direct,2707,2256,1676,59
2023-12,Summit Auto Group,Summit BMW,Organic Social,1692,1360,906,41
2023-12,Summit Auto Group,Summit BMW,Paid Social,1353,1152,736,36
2023-12,Summit Auto Group,Summit BMW,Referral,1015,744,619,26
2023-12,Summit Auto Group,Summit BMW,Email,846,663,411,16
2023-12,Summit Auto Group,Summit Chevrolet Glenpark,Organic Search,6270,5373,3506,75
2023-12,Summit Auto Group,Summit Chevrolet Glenpark,Paid Search,3872,3151,2143,57
2023-12,Summit Auto Group,Summit Chevrolet Glenpark,Direct,2950,2495,1767,72
2023-12,Summit Auto Group,Summit Chevrolet Glenpark,Organic Social,1844,1338,919,38
2023-12,Summit Auto Group,Summit Chevrolet Glenpark,Paid Social,1475,1116,685,33
2023-12,Summit Auto Group,Summit Chevrolet Glenpark,Referral,1106,898,661,14
2023-12,Summit Auto Group,Summit Chevrolet Glenpark,Email,922,683,502,16
2023-12,Summit Auto Group,Summit Ford Rivera,Organic Search,6768,5740,3150,109
2023-12,Summit Auto Group,Summit Ford Rivera,Paid Search,4180,3131,2355,106
2023-12,Summit Auto Group,Summit Ford Rivera,Direct,3185,2404,1706,80
2023-12,Summit Auto Group,Summit Ford Rivera,Organic Social,1990,1502,1229,42
2023-12,Summit Auto Group,Summit Ford Rivera,Paid Social,1592,1272,840,34
2023-12,Summit Auto Group,Summit Ford Rivera,Referral,1194,871,703,12
2023-12,Summit Auto Group,Summit Ford Rivera,Email,995,727,506,15
2023-12,Summit Auto Group,Summit Honda Westland,Organic Search,5716,4214,3148,111
2023-12,Summit Auto Group,Summit Honda Westland,Paid Search,3530,2889,1749,91
2023-12,Summit Auto Group,Summit Honda Westland,Direct,2690,2219,1314,33
2023-12,Summit Auto Group,Summit Honda Westland,Organic Social,1681,1439,845,37
2023-12,Summit Auto Group,Summit Honda Westland,Paid Social,1345,978,774,32
2023-12,Summit Auto Group,Summit Honda Westland,Referral,1008,862,608,26
2023-12,Summit Auto Group,Summit Honda Westland,Email,840,680,503,20
2023-12,Summit Auto Group,Summit Hyundai Oakhurst,Organic Search,3874,3013,2386,83
2023-12,Summit Auto Group,Summit Hyundai Oakhurst,Paid Search,2392,1982,1078,27
2023-12,Summit Auto Group,Summit Hyundai Oakhurst,Direct,1823,1514,883,40
2023-12,Summit Auto Group,Summit Hyundai Oakhurst,Organic Social,1139,873,689,20
2023-12,Summit Auto Group,Summit Hyundai Oakhurst,Paid Social,911,744,489,23
2023-12,Summit Auto Group,Summit Hyundai Oakhurst,Referral,683,513,360,10
2023-12,Summit Auto Group,Summit Hyundai Oakhurst,Email,569,449,316,8
2023-12,Summit Auto Group,Summit Jeep Ram Clearwater,Organic Search,5681,4772,3238,97
2023-12,Summit Auto Group,Summit Jeep Ram Clearwater,Paid Search,3509,3004,1712,71
2023-12,Summit Auto Group,Summit Jeep Ram Clearwater,Direct,2673,1936,1237,58
2023-12,Summit Auto Group,Summit Jeep Ram Clearwater,Organic Social,1671,1263,855,22
2023-12,Summit Auto Group,Summit Jeep Ram Clearwater,Paid Social,1336,1135,607,36
2023-12,Summit Auto Group,Summit Jeep Ram Clearwater,Referral,1002,820,578,17
2023-12,Summit Auto Group,Summit Jeep Ram Clearwater,Email,835,715,453,17
2023-12,Summit Auto Group,Summit Kia Brookfield,Organic Search,3990,3414,1962,89
2023-12,Summit Auto Group,Summit Kia Brookfield,Paid Search,2464,1979,1427,65
2023-12,Summit Auto Group,Summit Kia Brookfield,Direct,1877,1609,965,28
2023-12,Summit Auto Group,Summit Kia Brookfield,Organic Social,1173,983,631,14
2023-12,Summit Auto Group,Summit Kia Brookfield,Paid Social,938,683,445,11
2023-12,Summit Auto Group,Summit Kia Brookfield,Referral,704,588,345,16
2023-12,Summit Auto Group,Summit Kia Brookfield,Email,586,431,353,9
2023-12,Summit Auto Group,Summit Mazda Lakeside,Organic Search,3236,2577,1479,41
2023-12,Summit Auto Group,Summit Mazda Lakeside,Paid Search,1998,1607,1193,27
2023-12,Summit Auto Group,Summit Mazda Lakeside,Direct,1522,1208,910,39
2023-12,Summit Auto Group,Summit Mazda Lakeside,Organic Social,951,718,557,22
2023-12,Summit Auto Group,Summit Mazda Lakeside,Paid Social,761,648,419,16
2023-12,Summit Auto Group,Summit Mazda Lakeside,Referral,571,430,330,13
2023-12,Summit Auto Group,Summit Mazda Lakeside,Email,475,363,234,9
2023-12,Summit Auto Group,Summit Nissan Ridgemont,Organic Search,4831,3947,2360,116
2023-12,Summit Auto Group,Summit Nissan Ridgemont,Paid Search,2983,2240,1372,29
2023-12,Summit Auto Group,Summit Nissan Ridgemont,Direct,2273,1801,1277,56
2023-12,Summit Auto Group,Summit Nissan Ridgemont,Organic Social,1420,1088,652,39
2023-12,Summit Auto Group,Summit Nissan Ridgemont,Paid Social,1136,955,623,15
2023-12,Summit Auto Group,Summit Nissan Ridgemont,Referral,852,649,471,18
2023-12,Summit Auto Group,Summit Nissan Ridgemont,Email,710,576,384,17
2023-12,Summit Auto Group,Summit Subaru Northgate,Organic Search,4170,3161,2185,99
2023-12,Summit Auto Group,Summit Subaru Northgate,Paid Search,2575,2006,1357,37
2023-12,Summit Auto Group,Summit Subaru Northgate,Direct,1962,1579,1148,35
2023-12,Summit Auto Group,Summit Subaru Northgate,Organic Social,1226,1049,682,27
2023-12,Summit Auto Group,Summit Subaru Northgate,Paid Social,981,763,461,25
2023-12,Summit Auto Group,Summit Subaru Northgate,Referral,735,557,382,20
2023-12,Summit Auto Group,Summit Subaru Northgate,Email,613,489,363,12
2023-12,Summit Auto Group,Summit Toyota of Fairview,Organic Search,7061,5351,3839,144
2023-12,Summit Auto Group,Summit Toyota of Fairview,Paid Search,4361,3525,2043,113
2023-12,Summit Auto Group,Summit Toyota of Fairview,Direct,3323,2620,2001,64
2023-12,Summit Auto Group,Summit Toyota of Fairview,Organic Social,2076,1690,1188,57
2023-12,Summit Auto Group,Summit Toyota of Fairview,Paid Social,1661,1294,903,38
2023-12,Summit Auto Group,Summit Toyota of Fairview,Referral,1246,956,567,13
2023-12,Summit Auto Group,Summit Toyota of Fairview,Email,1038,888,634,23
2023-12,Summit Auto Group,Summit Volkswagen Eastdale,Organic Search,3394,2839,1767,88
2023-12,Summit Auto Group,Summit Volkswagen Eastdale,Paid Search,2096,1542,1055,28
2023-12,Summit Auto Group,Summit Volkswagen Eastdale,Direct,1597,1203,726,34
2023-12,Summit Auto Group,Summit Volkswagen Eastdale,Organic Social,998,753,558,25
2023-12,Summit Auto Group,Summit Volkswagen Eastdale,Paid Social,798,581,424,14
2023-12,Summit Auto Group,Summit Volkswagen Eastdale,Referral,598,482,347,10
2023-12,Summit Auto Group,Summit Volkswagen Eastdale,Email,499,398,298,11
2024-01,Harbor Motor Group,Harbor BMW,Organic Search,6089,4913,3289,102
2024-01,Harbor Motor Group,Harbor BMW,Paid Search,3761,3112,2096,52
2024-01,Harbor Motor Group,Harbor BMW,Direct,2865,2439,1420,29
2024-01,Harbor Motor Group,Harbor BMW,Organic Social,1791,1492,957,23
2024-01,Harbor Motor Group,Harbor BMW,Paid Social,1432,1185,678,18
2024-01,Harbor Motor Group,Harbor BMW,Referral,1074,773,512,18
2024-01,Harbor Motor Group,Harbor BMW,Email,895,677,424,12
2024-01,Harbor Motor Group,Harbor Chevrolet Marina,Organic Search,4555,3535,2211,119
2024-01,Harbor Motor Group,Harbor Chevrolet Marina,Paid Search,2813,2207,1376,28
2024-01,Harbor Motor Group,Harbor Chevrolet Marina,Direct,2143,1788,1142,28
2024-01,Harbor Motor Group,Harbor Chevrolet Marina,Organic Social,1339,1114,766,34
2024-01,Harbor Motor Group,Harbor Chevrolet Marina,Paid Social,1071,887,554,12
2024-01,Harbor Motor Group,Harbor Chevrolet Marina,Referral,803,654,424,17
2024-01,Harbor Motor Group,Harbor Chevrolet Marina,Email,669,572,351,11
2024-01,Harbor Motor Group,Harbor Ford Portside,Organic Search,6975,5915,3224,177
2024-01,Harbor Motor Group,Harbor Ford Portside,Paid Search,4308,3316,2496,112
2024-01,Harbor Motor Group,Harbor Ford Portside,Direct,3282,2428,1851,50
2024-01,Harbor Motor Group,Harbor Ford Portside,Organic Social,2051,1597,1110,50
2024-01,Harbor Motor Group,Harbor Ford Portside,Paid Social,1641,1321,823,35
2024-01,Harbor Motor Group,Harbor Ford Portside,Referral,1230,930,589,20
2024-01,Harbor Motor Group,Harbor Ford Portside,Email,1025,816,566,12
2024-01,Harbor Motor Group,Harbor Honda Seaside,Organic Search,6323,4860,3209,111
2024-01,Harbor Motor Group,Harbor Honda Seaside,Paid Search,3905,3217,2081,53
2024-01,Harbor Motor Group,Harbor Honda Seaside,Direct,2975,2165,1665,33
2024-01,Harbor Motor Group,Harbor Honda Seaside,Organic Social,1859,1552,913,45
2024-01,Harbor Motor Group,Harbor Honda Seaside,Paid Social,1487,1095,789,34
2024-01,Harbor Motor Group,Harbor Honda Seaside,Referral,1115,885,558,26
2024-01,Harbor Motor Group,Harbor Honda Seaside,Email,929,779,438,19
2024-01,Harbor Motor Group,Harbor Jeep Ram Anchor,Organic Search,5069,3917,2440,79
2024-01,Harbor Motor Group,Harbor Jeep Ram Anchor,Paid Search,3130,2457,1608,76
2024-01,Harbor Motor Group,Harbor Jeep Ram Anchor,Direct,2385,1820,1395,55
2024-01,Harbor Motor Group,Harbor Jeep Ram Anchor,Organic Social,1490,1267,918,20
2024-01,Harbor Motor Group,Harbor Jeep Ram Anchor,Paid Social,1192,918,714,18
2024-01,Harbor Motor Group,Harbor Jeep Ram Anchor,Referral,894,660,433,13
2024-01,Harbor Motor Group,Harbor Jeep Ram Anchor,Email,745,602,380,15
2024-01,Harbor Motor Group,Harbor Kia Lighthouse,Organic Search,3560,2761,1850,56
2024-01,Harbor Motor Group,Harbor Kia Lighthouse,Paid Search,2198,1884,1275,54
2024-01,Harbor Motor Group,Harbor Kia Lighthouse,Direct,1675,1258,930,28
2024-01,Harbor Motor Group,Harbor Kia Lighthouse,Organic Social,1047,768,634,16
2024-01,Harbor Motor Group,Harbor Kia Lighthouse,Paid Social,837,661,432,22
2024-01,Harbor Motor Group,Harbor Kia Lighthouse,Referral,628,466,373,13
2024-01,Harbor Motor Group,Harbor Kia Lighthouse,Email,523,422,250,8
2024-01,Harbor Motor Group,Harbor Subaru Tidewater,Organic Search,3012,2386,1562,81
2024-01,Harbor Motor Group,Harbor Subaru Tidewater,Paid Search,1860,1468,916,31
2024-01,Harbor Motor Group,Harbor Subaru Tidewater,Direct,1417,1053,734,36
2024-01,Harbor Motor Group,Harbor Subaru Tidewater,Organic Social,885,711,447,18
2024-01,Harbor Motor Group,Harbor Subaru Tidewater,Paid Social,708,602,425,14
2024-01,Harbor Motor Group,Harbor Subaru Tidewater,Referral,531,435,312,6
2024-01,Harbor Motor Group,Harbor Subaru Tidewater,Email,442,379,245,5
2024-01,Harbor Motor Group,Harbor Toyota Bayview,Organic Search,6041,4491,3034,73
2024-01,Harbor Motor Group,Harbor Toyota Bayview,Paid Search,3731,3031,1899,97
2024-01,Harbor Motor Group,Harbor Toyota Bayview,Direct,2842,2058,1571,43
2024-01,Harbor Motor Group,Harbor Toyota Bayview,Organic Social,1776,1446,934,22
2024-01,Harbor Motor Group,Harbor Toyota Bayview,Paid Social,1421,1181,648,34
2024-01,Harbor Motor Group,Harbor Toyota Bayview,Referral,1066,903,530,19
2024-01,Harbor Motor Group,Harbor Toyota Bayview,Email,888,671,514,21
2024-01,Summit Auto Group,Summit BMW,Organic Search,6352,4637,3812,165
2024-01,Summit Auto Group,Summit BMW,Paid Search,3923,3151,2168,94
2024-01,Summit Auto Group,Summit BMW,Direct,2989,2548,1846,62
2024-01,Summit Auto Group,Summit BMW,Organic Social,1868,1366,994,29
2024-01,Summit Auto Group,Summit BMW,Paid Social,1494,1221,825,40
2024-01,Summit Auto Group,Summit BMW,Referral,1120,928,555,30
2024-01,Summit Auto Group,Summit BMW,Email,934,789,514,18
2024-01,Summit Auto Group,Summit Chevrolet Glenpark,Organic Search,5440,4274,2716,55
2024-01,Summit Auto Group,Summit Chevrolet Glenpark,Paid Search,3360,2747,1653,92
2024-01,Summit Auto Group,Summit Chevrolet Glenpark,Direct,2560,1970,1485,63
2024-01,Summit Auto Group,Summit Chevrolet Glenpark,Organic Social,1600,1340,847,20
2024-01,Summit Auto Group,Summit Chevrolet Glenpark,Paid Social,1280,1083,692,26
2024-01,Summit Auto Group,Summit Chevrolet Glenpark,Referral,960,714,587,14
2024-01,Summit Auto Group,Summit Chevrolet Glenpark,Email,800,590,437,13
2024-01,Summit Auto Group,Summit Ford Rivera,Organic Search,6126,5196,3674,134
2024-01,Summit Auto Group,Summit Ford Rivera,Paid Search,3784,3027,1898,82
2024-01,Summit Auto Group,Summit Ford Rivera,Direct,2883,2096,1736,40
2024-01,Summit Auto Group,Summit Ford Rivera,Organic Social,1802,1453,959,46
2024-01,Summit Auto Group,Summit Ford Rivera,Paid Social,1441,1123,722,22
2024-01,Summit Auto Group,Summit Ford Rivera,Referral,1081,897,540,22
2024-01,Summit Auto Group,Summit Ford Rivera,Email,901,709,474,23
2024-01,Summit Auto Group,Summit Honda Westland,Organic Search,5912,4861,2720,115
2024-01,Summit Auto Group,Summit Honda Westland,Paid Search,3652,3000,1979,94
2024-01,Summit Auto Group,Summit Honda Westland,Direct,2782,2295,1356,54
2024-01,Summit Auto Group,Summit Honda Westland,Organic Social,1739,1260,1037,37
2024-01,Summit Auto Group,Summit Honda Westland,Paid Social,1391,1068,691,16
2024-01,Summit Auto Group,Summit Honda Westland,Referral,1043,777,484,24
2024-01,Summit Auto Group,Summit Honda Westland,Email,869,656,411,14
2024-01,Summit Auto Group,Summit Hyundai Oakhurst,Organic Search,4659,3814,2284,79
2024-01,Summit Auto Group,Summit Hyundai Oakhurst,Paid Search,2877,2305,1439,35
2024-01,Summit Auto Group,Summit Hyundai Oakhurst,Direct,2192,1864,1347,31
2024-01,Summit Auto Group,Summit Hyundai Oakhurst,Organic Social,1370,1176,789,24
2024-01,Summit Auto Group,Summit Hyundai Oakhurst,Paid Social,1096,810,569,29
2024-01,Summit Auto Group,Summit Hyundai Oakhurst,Referral,822,705,449,11
2024-01,Summit Auto Group,Summit Hyundai Oakhurst,Email,685,526,336,16
2024-01,Summit Auto Group,Summit Jeep Ram Clearwater,Organic Search,5398,4440,2655,67
2024-01,Summit Auto Group,Summit Jeep Ram Clearwater,Paid Search,3334,2434,1961,60
2024-01,Summit Auto Group,Summit Jeep Ram Clearwater,Direct,2540,2060,1446,68
2024-01,Summit Auto Group,Summit Jeep Ram Clearwater,Organic Social,1587,1151,801,28
2024-01,Summit Auto Group,Summit Jeep Ram Clearwater,Paid Social,1270,1016,665,28
2024-01,Summit Auto Group,Summit Jeep Ram Clearwater,Referral,952,784,576,12
2024-01,Summit Auto Group,Summit Jeep Ram Clearwater,Email,793,662,410,15
2024-01,Summit Auto Group,Summit Kia Brookfield,Organic Search,3882,3314,2042,107
2024-01,Summit Auto Group,Summit Kia Brookfield,Paid Search,2397,1769,1239,27
2024-01,Summit Auto Group,Summit Kia Brookfield,Direct,1827,1368,1094,40
2024-01,Summit Auto Group,Summit Kia Brookfield,Organic Social,1141,841,546,27
2024-01,Summit Auto Group,Summit Kia Brookfield,Paid Social,913,784,494,17
2024-01,Summit Auto Group,Summit Kia Brookfield,Referral,685,567,364,13
2024-01,Summit Auto Group,Summit Kia Brookfield,Email,570,416,320,13
2024-01,Summit Auto Group,Summit Mazda Lakeside,Organic Search,2803,2204,1395,52
2024-01,Summit Auto Group,Summit Mazda Lakeside,Paid Search,1731,1332,1009,37
2024-01,Summit Auto Group,Summit Mazda Lakeside,Direct,1319,1074,698,18
2024-01,Summit Auto Group,Summit Mazda Lakeside,Organic Social,824,695,490,21
2024-01,Summit Auto Group,Summit Mazda Lakeside,Paid Social,659,476,320,11
2024-01,Summit Auto Group,Summit Mazda Lakeside,Referral,494,418,237,9
2024-01,Summit Auto Group,Summit Mazda Lakeside,Email,412,315,215,8
2024-01,Summit Auto Group,Summit Nissan Ridgemont,Organic Search,5219,4028,3073,85
2024-01,Summit Auto Group,Summit Nissan Ridgemont,Paid Search,3223,2381,1817,71
2024-01,Summit Auto Group,Summit Nissan Ridgemont,Direct,2456,1873,1240,41
2024-01,Summit Auto Group,Summit Nissan Ridgemont,Organic Social,1535,1300,806,41
2024-01,Summit Auto Group,Summit Nissan Ridgemont,Paid Social,1228,905,617,17
2024-01,Summit Auto Group,Summit Nissan Ridgemont,Referral,921,684,529,9
2024-01,Summit Auto Group,Summit Nissan Ridgemont,Email,767,659,437,12
2024-01,Summit Auto Group,Summit Subaru Northgate,Organic Search,3325,2784,1579,33
2024-01,Summit Auto Group,Summit Subaru Northgate,Paid Search,2054,1752,1140,25
2024-01,Summit Auto Group,Summit Subaru Northgate,Direct,1565,1245,911,26
2024-01,Summit Auto Group,Summit Subaru Northgate,Organic Social,978,781,500,16
2024-01,Summit Auto Group,Summit Subaru Northgate,Paid Social,782,573,434,12
2024-01,Summit Auto Group,Summit Subaru Northgate,Referral,586,477,361,16
2024-01,Summit Auto Group,Summit Subaru Northgate,Email,489,367,226,8
2024-01,Summit Auto Group,Summit Toyota of Fairview,Organic Search,7162,5311,4114,189
2024-01,Summit Auto Group,Summit Toyota of Fairview,Paid Search,4423,3363,2365,78
2024-01,Summit Auto Group,Summit Toyota of Fairview,Direct,3370,2575,1751,59
2024-01,Summit Auto Group,Summit Toyota of Fairview,Organic Social,2106,1732,1208,37
2024-01,Summit Auto Group,Summit Toyota of Fairview,Paid Social,1685,1367,881,22
2024-01,Summit Auto Group,Summit Toyota of Fairview,Referral,1263,1056,700,33
2024-01,Summit Auto Group,Summit Toyota of Fairview,Email,1053,826,570,28
2024-01,Summit Auto Group,Summit Volkswagen Eastdale,Organic Search,3008,2191,1551,66
2024-01,Summit Auto Group,Summit Volkswagen Eastdale,Paid Search,1858,1430,1125,49
2024-01,Summit Auto Group,Summit Volkswagen Eastdale,Direct,1415,1092,700,30
2024-01,Summit Auto Group,Summit Volkswagen Eastdale,Organic Social,884,693,495,20
2024-01,Summit Auto Group,Summit Volkswagen Eastdale,Paid Social,707,536,371,18
2024-01,Summit Auto Group,Summit Volkswagen Eastdale,Referral,530,394,266,7
2024-01,Summit Auto Group,Summit Volkswagen Eastdale,Email,442,351,236,9
2024-02,Harbor Motor Group,Harbor BMW,Organic Search,5112,4018,2376,98
2024-02,Harbor Motor Group,Harbor BMW,Paid Search,3157,2664,1665,54
2024-02,Harbor Motor Group,Harbor BMW,Direct,2405,1942,1109,25
2024-02,Harbor Motor Group,Harbor BMW,Organic Social,1503,1083,913,15
2024-02,Harbor Motor Group,Harbor BMW,Paid Social,1202,915,594,32
2024-02,Harbor Motor Group,Harbor BMW,Referral,902,745,475,13
2024-02,Harbor Motor Group,Harbor BMW,Email,751,591,339,12
2024-02,Harbor Motor Group,Harbor Chevrolet Marina,Organic Search,4916,3758,2491,137
2024-02,Harbor Motor Group,Harbor Chevrolet Marina,Paid Search,3036,2285,1867,51
2024-02,Harbor Motor Group,Harbor Chevrolet Marina,Direct,2313,1887,1050,30
2024-02,Harbor Motor Group,Harbor Chevrolet Marina,Organic Social,1446,1154,708,38
2024-02,Harbor Motor Group,Harbor Chevrolet Marina,Paid Social,1156,941,714,27
2024-02,Harbor Motor Group,Harbor Chevrolet Marina,Referral,867,690,496,9
2024-02,Harbor Motor Group,Harbor Chevrolet Marina,Email,723,612,441,16
2024-02,Harbor Motor Group,Harbor Ford Portside,Organic Search,6234,5269,3751,159
2024-02,Harbor Motor Group,Harbor Ford Portside,Paid Search,3850,2845,2199,40
2024-02,Harbor Motor Group,Harbor Ford Portside,Direct,2933,2336,1758,33
2024-02,Harbor Motor Group,Harbor Ford Portside,Organic Social,1833,1545,908,22
2024-02,Harbor Motor Group,Harbor Ford Portside,Paid Social,1466,1151,820,34
2024-02,Harbor Motor Group,Harbor Ford Portside,Referral,1100,921,521,15
2024-02,Harbor Motor Group,Harbor Ford Portside,Email,916,767,471,11
2024-02,Harbor Motor Group,Harbor Honda Seaside,Organic Search,5677,4768,3150,137
2024-02,Harbor Motor Group,Harbor Honda Seaside,Paid Search,3506,2807,1937,82
2024-02,Harbor Motor Group,Harbor Honda Seaside,Direct,2671,1955,1549,51
2024-02,Harbor Motor Group,Harbor Honda Seaside,Organic Social,1669,1220,884,35
2024-02,Harbor Motor Group,Harbor Honda Seaside,Paid Social,1335,971,661,22
2024-02,Harbor Motor Group,Harbor Honda Seaside,Referral,1001,773,479,16
2024-02,Harbor Motor Group,Harbor Honda Seaside,Email,834,680,454,16
2024-02,Harbor Motor Group,Harbor Jeep Ram Anchor,Organic Search,4485,3429,2103,91
2024-02,Harbor Motor Group,Harbor Jeep Ram Anchor,Paid Search,2770,2339,1668,64
2024-02,Harbor Motor Group,Harbor Jeep Ram Anchor,Direct,2110,1684,1167,34
2024-02,Harbor Motor Group,Harbor Jeep Ram Anchor,Organic Social,1319,1125,657,36
2024-02,Harbor Motor Group,Harbor Jeep Ram Anchor,Paid Social,1055,874,597,19
2024-02,Harbor Motor Group,Harbor Jeep Ram Anchor,Referral,791,636,485,8
2024-02,Harbor Motor Group,Harbor Jeep Ram Anchor,Email,659,555,332,16
2024-02,Harbor Motor Group,Harbor Kia Lighthouse,Organic Search,3874,2882,2087,62
2024-02,Harbor Motor Group,Harbor Kia Lighthouse,Paid Search,2393,1921,1322,41
2024-02,Harbor Motor Group,Harbor Kia Lighthouse,Direct,1823,1406,1043,27
2024-02,Harbor Motor Group,Harbor Kia Lighthouse,Organic Social,1139,919,660,27
2024-02,Harbor Motor Group,Harbor Kia Lighthouse,Paid Social,911,698,514,19
2024-02,Harbor Motor Group,Harbor Kia Lighthouse,Referral,683,533,375,7
2024-02,Harbor Motor Group,Harbor Kia Lighthouse,Email,569,430,261,14
2024-02,Harbor Motor Group,Harbor Subaru Tidewater,Organic Search,3691,3060,1961,90
2024-02,Harbor Motor Group,Harbor Subaru Tidewater,Paid Search,2279,1697,1308,36
2024-02,Harbor Motor Group,Harbor Subaru Tidewater,Direct,1736,1356,1058,46
2024-02,Harbor Motor Group,Harbor Subaru Tidewater,Organic Social,1085,919,497,12
2024-02,Harbor Motor Group,Harbor Subaru Tidewater,Paid Social,868,640,413,21
2024-02,Harbor Motor Group,Harbor Subaru Tidewater,Referral,651,490,299,7
2024-02,Harbor Motor Group,Harbor Subaru Tidewater,Email,542,439,274,10
2024-02,Harbor Motor Group,Harbor Toyota Bayview,Organic Search,7923,5930,4155,127
2024-02,Harbor Motor Group,Harbor Toyota Bayview,Paid Search,4893,3973,2652,94
2024-02,Harbor Motor Group,Harbor Toyota Bayview,Direct,3728,2798,2111,56
2024-02,Harbor Motor Group,Harbor Toyota Bayview,Organic Social,2330,1909,1271,55
2024-02,Harbor Motor Group,Harbor Toyota Bayview,Paid Social,1864,1540,890,42
2024-02,Harbor Motor Group,Harbor Toyota Bayview,Referral,1398,1172,686,15
2024-02,Harbor Motor Group,Harbor Toyota Bayview,Email,1165,900,575,18
2024-02,Summit Auto Group,Summit BMW,Organic Search,5780,4378,3563,133
2024-02,Summit Auto Group,Summit BMW,Paid Search,3570,2817,1903,53
2024-02,Summit Auto Group,Summit BMW,Direct,2720,2205,1588,29
2024-02,Summit Auto Group,Summit BMW,Organic Social,1700,1317,989,44
2024-02,Summit Auto Group,Summit BMW,Paid Social,1360,1102,826,33
2024-02,Summit Auto Group,Summit BMW,Referral,1020,736,476,12
2024-02,Summit Auto Group,Summit BMW,Email,850,695,414,18
2024-02,Summit Auto Group,Summit Chevrolet Glenpark,Organic Search,6145,4491,2977,88
2024-02,Summit Auto Group,Summit Chevrolet Glenpark,Paid Search,3795,2816,1880,40
2024-02,Summit Auto Group,Summit Chevrolet Glenpark,Direct,2892,2428,1783,45
2024-02,Summit Auto Group,Summit Chevrolet Glenpark,Organic Social,1807,1303,1069,34
2024-02,Summit Auto Group,Summit Chevrolet Glenpark,Paid Social,1446,1067,789,33
2024-02,Summit Auto Group,Summit Chevrolet Glenpark,Referral,1084,849,628,14
2024-02,Summit Auto Group,Summit Chevrolet Glenpark,Email,903,745,501,20
2024-02,Summit Auto Group,Summit Ford Rivera,Organic Search,7282,6225,4024,180
2024-02,Summit Auto Group,Summit Ford Rivera,Paid Search,4497,3613,2280,63
2024-02,Summit Auto Group,Summit Ford Rivera,Direct,3426,2722,1889,89
2024-02,Summit Auto Group,Summit Ford Rivera,Organic Social,2141,1673,1097,57
2024-02,Summit Auto Group,Summit Ford Rivera,Paid Social,1713,1326,876,34
2024-02,Summit Auto Group,Summit Ford Rivera,Referral,1285,982,792,22
2024-02,Summit Auto Group,Summit Ford Rivera,Email,1070,850,598,24
2024-02,Summit Auto Group,Summit Honda Westland,Organic Search,6096,4562,3659,116
2024-02,Summit Auto Group,Summit Honda Westland,Paid Search,3765,2839,1989,81
2024-02,Summit Auto Group,Summit Honda Westland,Direct,2869,2278,1362,58
2024-02,Summit Auto Group,Summit Honda Westland,Organic Social,1793,1479,866,29
2024-02,Summit Auto Group,Summit Honda Westland,Paid Social,1434,1155,843,26
2024-02,Summit Auto Group,Summit Honda Westland,Referral,1075,849,606,24
2024-02,Summit Auto Group,Summit Honda Westland,Email,896,658,505,22
2024-02,Summit Auto Group,Summit Hyundai Oakhurst,Organic Search,4111,3451,2081,59
2024-02,Summit Auto Group,Summit Hyundai Oakhurst,Paid Search,2539,2155,1393,54
2024-02,Summit Auto Group,Summit Hyundai Oakhurst,Direct,1934,1595,1187,35
2024-02,Summit Auto Group,Summit Hyundai Oakhurst,Organic Social,1209,939,736,27
2024-02,Summit Auto Group,Summit Hyundai Oakhurst,Paid Social,967,706,477,19
2024-02,Summit Auto Group,Summit Hyundai Oakhurst,Referral,725,555,392,15
2024-02,Summit Auto Group,Summit Hyundai Oakhurst,Email,604,486,302,10
2024-02,Summit Auto Group,Summit Jeep Ram Clearwater,Organic Search,5492,3969,2803,76
2024-02,Summit Auto Group,Summit Jeep Ram Clearwater,Paid Search,3392,2905,1529,40
2024-02,Summit Auto Group,Summit Jeep Ram Clearwater,Direct,2584,1998,1487,36
2024-02,Summit Auto Group,Summit Jeep Ram Clearwater,Organic Social,1615,1268,962,22
2024-02,Summit Auto Group,Summit Jeep Ram Clearwater,Paid Social,1292,966,800,33
2024-02,Summit Auto Group,Summit Jeep Ram Clearwater,Referral,969,768,455,21
2024-02,Summit Auto Group,Summit Jeep Ram Clearwater,Email,807,590,419,13
2024-02,Summit Auto Group,Summit Kia Brookfield,Organic Search,4004,3152,1905,92
2024-02,Summit Auto Group,Summit Kia Brookfield,Paid Search,2473,2082,1203,57
2024-02,Summit Auto Group,Summit Kia Brookfield,Direct,1884,1592,1132,19
2024-02,Summit Auto Group,Summit Kia Brookfield,Organic Social,1177,881,685,28
2024-02,Summit Auto Group,Summit Kia Brookfield,Paid Social,942,683,503,14
2024-02,Summit Auto Group,Summit Kia Brookfield,Referral,706,582,426,7
2024-02,Summit Auto Group,Summit Kia Brookfield,Email,588,485,325,10
2024-02,Summit Auto Group,Summit Mazda Lakeside,Organic Search,3291,2512,1901,63
2024-02,Summit Auto Group,Summit Mazda Lakeside,Paid Search,2033,1556,989,36
2024-02,Summit Auto Group,Summit Mazda Lakeside,Direct,1548,1132,809,33
2024-02,Summit Auto Group,Summit Mazda Lakeside,Organic Social,968,824,488,12
2024-02,Summit Auto Group,Summit Mazda Lakeside,Paid Social,774,643,457,8
2024-02,Summit Auto Group,Summit Mazda Lakeside,Referral,580,474,348,10
2024-02,Summit Auto Group,Summit Mazda Lakeside,Email,484,414,297,9
2024-02,Summit Auto Group,Summit Nissan Ridgemont,Organic Search,4307,3295,2468,118
2024-02,Summit Auto Group,Summit Nissan Ridgemont,Paid Search,2660,1954,1434,67
2024-02,Summit Auto Group,Summit Nissan Ridgemont,Direct,2026,1699,948,44
2024-02,Summit Auto Group,Summit Nissan Ridgemont,Organic Social,1266,913,592,22
2024-02,Summit Auto Group,Summit Nissan Ridgemont,Paid Social,1013,816,489,11
2024-02,Summit Auto Group,Summit Nissan Ridgemont,Referral,760,638,423,8
2024-02,Summit Auto Group,Summit Nissan Ridgemont,Email,633,463,349,8
2024-02,Summit Auto Group,Summit Subaru Northgate,Organic Search,3307,2724,1618,91
2024-02,Summit Auto Group,Summit Subaru Northgate,Paid Search,2043,1752,1229,25
2024-02,Summit Auto Group,Summit Subaru Northgate,Direct,1556,1262,726,19
2024-02,Summit Auto Group,Summit Subaru Northgate,Organic Social,972,760,499,27
2024-02,Summit Auto Group,Summit Subaru Northgate,Paid Social,778,667,469,15
2024-02,Summit Auto Group,Summit Subaru Northgate,Referral,583,480,297,15
2024-02,Summit Auto Group,Summit Subaru Northgate,Email,486,356,300,13
2024-02,Summit Auto Group,Summit Toyota of Fairview,Organic Search,6859,5158,3673,96
2024-02,Summit Auto Group,Summit Toyota of Fairview,Paid Search,4236,3242,2294,111
2024-02,Summit Auto Group,Summit Toyota of Fairview,Direct,3228,2342,1752,42
2024-02,Summit Auto Group,Summit Toyota of Fairview,Organic Social,2017,1615,1235,49
2024-02,Summit Auto Group,Summit Toyota of Fairview,Paid Social,1614,1220,750,30
2024-02,Summit Auto Group,Summit Toyota of Fairview,Referral,1210,1004,550,26
2024-02,Summit Auto Group,Summit Toyota of Fairview,Email,1008,763,547,19
2024-02,Summit Auto Group,Summit Volkswagen Eastdale,Organic Search,3328,2734,1963,52
2024-02,Summit Auto Group,Summit Volkswagen Eastdale,Paid Search,2055,1707,1237,34
2024-02,Summit Auto Group,Summit Volkswagen Eastdale,Direct,1566,1325,916,23
2024-02,Summit Auto Group,Summit Volkswagen Eastdale,Organic Social,978,719,480,26
2024-02,Summit Auto Group,Summit Volkswagen Eastdale,Paid Social,783,604,453,19
2024-02,Summit Auto Group,Summit Volkswagen Eastdale,Referral,587,482,273,13
2024-02,Summit Auto Group,Summit Volkswagen Eastdale,Email,489,418,275,12
2024-03,Harbor Motor Group,Harbor BMW,Organic Search,6307,4786,3866,105
2024-03,Harbor Motor Group,Harbor BMW,Paid Search,3895,3015,1817,99
2024-03,Harbor Motor Group,Harbor BMW,Direct,2968,2189,1548,44
2024-03,Harbor Motor Group,Harbor BMW,Organic Social,1855,1356,1002,30
2024-03,Harbor Motor Group,Harbor BMW,Paid Social,1484,1119,905,24
2024-03,Harbor Motor Group,Harbor BMW,Referral,1113,885,666,15
2024-03,Harbor Motor Group,Harbor BMW,Email,927,793,433,24
2024-03,Harbor Motor Group,Harbor Chevrolet Marina,Organic Search,5946,4513,2723,164
2024-03,Harbor Motor Group,Harbor Chevrolet Marina,Paid Search,3673,3043,2165,51
2024-03,Harbor Motor Group,Harbor Chevrolet Marina,Direct,2798,2332,1480,63
2024-03,Harbor Motor Group,Harbor Chevrolet Marina,Organic Social,1749,1463,1050,32
2024-03,Harbor Motor Group,Harbor Chevrolet Marina,Paid Social,1399,1129,856,18
2024-03,Harbor Motor Group,Harbor Chevrolet Marina,Referral,1049,803,543,15
2024-03,Harbor Motor Group,Harbor Chevrolet Marina,Email,874,713,436,18
2024-03,Harbor Motor Group,Harbor Ford Portside,Organic Search,7008,5641,4246,192
2024-03,Harbor Motor Group,Harbor Ford Portside,Paid Search,4328,3650,2630,91
2024-03,Harbor Motor Group,Harbor Ford Portside,Direct,3298,2474,1560,41
2024-03,Harbor Motor Group,Harbor Ford Portside,Organic Social,2061,1739,1028,37
2024-03,Harbor Motor Group,Harbor Ford Portside,Paid Social,1649,1239,750,32
2024-03,Harbor Motor Group,Harbor Ford Portside,Referral,1236,931,594,26
2024-03,Harbor Motor Group,Harbor Ford Portside,Email,1030,843,512,16
2024-03,Harbor Motor Group,Harbor Honda Seaside,Organic Search,6003,4687,2950,73
2024-03,Harbor Motor Group,Harbor Honda Seaside,Paid Search,3707,2818,1685,64
2024-03,Harbor Motor Group,Harbor Honda Seaside,Direct,2825,2159,1669,30
2024-03,Harbor Motor Group,Harbor Honda Seaside,Organic Social,1765,1466,1026,25
2024-03,Harbor Motor Group,Harbor Honda Seaside,Paid Social,1412,1043,783,36
2024-03,Harbor Motor Group,Harbor Honda Seaside,Referral,1059,773,620,21
2024-03,Harbor Motor Group,Harbor Honda Seaside,Email,882,648,505,8
2024-03,Harbor Motor Group,Harbor Jeep Ram Anchor,Organic Search,4356,3362,2053,44
2024-03,Harbor Motor Group,Harbor Jeep Ram Anchor,Paid Search,2690,2020,1281,30
2024-03,Harbor Motor Group,Harbor Jeep Ram Anchor,Direct,2050,1667,1230,46
2024-03,Harbor Motor Group,Harbor Jeep Ram Anchor,Organic Social,1281,1050,774,33
2024-03,Harbor Motor Group,Harbor Jeep Ram Anchor,Paid Social,1025,829,614,11
2024-03,Harbor Motor Group,Harbor Jeep Ram Anchor,Referral,768,630,423,8
2024-03,Harbor Motor Group,Harbor Jeep Ram Anchor,Email,640,517,299,8
2024-03,Harbor Motor Group,Harbor Kia Lighthouse,Organic Search,4233,3182,2279,84
2024-03,Harbor Motor Group,Harbor Kia Lighthouse,Paid Search,2614,1945,1451,29
2024-03,Harbor Motor Group,Harbor Kia Lighthouse,Direct,1992,1441,1217,29
2024-03,Harbor Motor Group,Harbor Kia Lighthouse,Organic Social,1245,1015,706,19
2024-03,Harbor Motor Group,Harbor Kia Lighthouse,Paid Social,996,822,556,22
2024-03,Harbor Motor Group,Harbor Kia Lighthouse,Referral,747,611,348,16
2024-03,Harbor Motor Group,Harbor Kia Lighthouse,Email,622,479,306,15
2024-03,Harbor Motor Group,Harbor Subaru Tidewater,Organic Search,3318,2703,1672,79
2024-03,Harbor Motor Group,Harbor Subaru Tidewater,Paid Search,2049,1689,1200,51
2024-03,Harbor Motor Group,Harbor Subaru Tidewater,Direct,1561,1143,752,36
2024-03,Harbor Motor Group,Harbor Subaru Tidewater,Organic Social,975,761,444,15
2024-03,Harbor Motor Group,Harbor Subaru Tidewater,Paid Social,780,612,360,15
2024-03,Harbor Motor Group,Harbor Subaru Tidewater,Referral,585,480,284,9
2024-03,Harbor Motor Group,Harbor Subaru Tidewater,Email,487,368,260,11
2024-03,Harbor Motor Group,Harbor Toyota Bayview,Organic Search,6624,5615,3163,167
2024-03,Harbor Motor Group,Harbor Toyota Bayview,Paid Search,4091,2987,2057,107
2024-03,Harbor Motor Group,Harbor Toyota Bayview,Direct,3117,2451,1511,64
2024-03,Harbor Motor Group,Harbor Toyota Bayview,Organic Social,1948,1603,966,27
2024-03,Harbor Motor Group,Harbor Toyota Bayview,Paid Social,1558,1236,965,35
2024-03,Harbor Motor Group,Harbor Toyota Bayview,Referral,1169,847,595,12
2024-03,Harbor Motor Group,Harbor Toyota Bayview,Email,974,836,575,21
2024-03,Summit Auto Group,Summit BMW,Organic Search,6498,5485,3188,161
2024-03,Summit Auto Group,Summit BMW,Paid Search,4013,3209,1837,55
2024-03,Summit Auto Group,Summit BMW,Direct,3058,2435,1741,34
2024-03,Summit Auto Group,Summit BMW,Organic Social,1911,1534,990,51
2024-03,Summit Auto Group,Summit BMW,Paid Social,1529,1295,802,41
2024-03,Summit Auto Group,Summit BMW,Referral,1146,900,563,31
2024-03,Summit Auto Group,Summit BMW,Email,955,718,525,23
2024-03,Summit Auto Group,Summit Chevrolet Glenpark,Organic Search,5433,4585,2829,107
2024-03,Summit Auto Group,Summit Chevrolet Glenpark,Paid Search,3355,2558,1926,47
2024-03,Summit Auto Group,Summit Chevrolet Glenpark,Direct,2556,1930,1524,45
2024-03,Summit Auto Group,Summit Chevrolet Glenpark,Organic Social,1598,1347,877,21
2024-03,Summit Auto Group,Summit Chevrolet Glenpark,Paid Social,1278,1072,655,28
2024-03,Summit Auto Group,Summit Chevrolet Glenpark,Referral,958,781,488,15
2024-03,Summit Auto Group,Summit Chevrolet Glenpark,Email,799,620,401,19
2024-03,Summit Auto Group,Summit Ford Rivera,Organic Search,7567,6332,3631,138
2024-03,Summit Auto Group,Summit Ford Rivera,Paid Search,4674,3495,2723,121
2024-03,Summit Auto Group,Summit Ford Rivera,Direct,3561,2607,2040,69
2024-03,Summit Auto Group,Summit Ford Rivera,Organic Social,2225,1837,1349,51
2024-03,Summit Auto Group,Summit Ford Rivera,Paid Social,1780,1486,955,47
2024-03,Summit Auto Group,Summit Ford Rivera,Referral,1335,1041,611,15
2024-03,Summit Auto Group,Summit Ford Rivera,Email,1112,855,661,23
2024-03,Summit Auto Group,Summit Honda Westland,Organic Search,6107,4721,3318,101
2024-03,Summit Auto Group,Summit Honda Westland,Paid Search,3772,3015,2195,48
2024-03,Summit Auto Group,Summit Honda Westland,Direct,2874,2250,1474,64
2024-03,Summit Auto Group,Summit Honda Westland,Organic Social,1796,1300,1084,18
2024-03,Summit Auto Group,Summit Honda Westland,Paid Social,1437,1118,740,29
2024-03,Summit Auto Group,Summit Honda Westland,Referral,1077,886,664,20
2024-03,Summit Auto Group,Summit Honda Westland,Email,898,700,482,9
2024-03,Summit Auto Group,Summit Hyundai Oakhurst,Organic Search,4252,3457,2079,49
2024-03,Summit Auto Group,Summit Hyundai Oakhurst,Paid Search,2626,1894,1231,33
2024-03,Summit Auto Group,Summit Hyundai Oakhurst,Direct,2001,1594,1044,23
2024-03,Summit Auto Group,Summit Hyundai Oakhurst,Organic Social,1250,998,575,14
2024-03,Summit Auto Group,Summit Hyundai Oakhurst,Paid Social,1000,797,531,26
2024-03,Summit Auto Group,Summit Hyundai Oakhurst,Referral,750,596,375,20
2024-03,Summit Auto Group,Summit Hyundai Oakhurst,Email,625,454,288,7
2024-03,Summit Auto Group,Summit Jeep Ram Clearwater,Organic Search,5993,4969,2803,129
2024-03,Summit Auto Group,Summit Jeep Ram Clearwater,Paid Search,3701,3052,1904,78
2024-03,Summit Auto Group,Summit Jeep Ram Clearwater,Direct,2820,2132,1491,45
2024-03,Summit Auto Group,Summit Jeep Ram Clearwater,Organic Social,1762,1404,800,31
2024-03,Summit Auto Group,Summit Jeep Ram Clearwater,Paid Social,1410,1210,689,33
2024-03,Summit Auto Group,Summit Jeep Ram Clearwater,Referral,1057,897,580,26
2024-03,Summit Auto Group,Summit Jeep Ram Clearwater,Email,881,692,404,20
2024-03,Summit Auto Group,Summit Kia Brookfield,Organic Search,4636,3738,2256,123
2024-03,Summit Auto Group,Summit Kia Brookfield,Paid Search,2863,2348,1594,60
2024-03,Summit Auto Group,Summit Kia Brookfield,Direct,2181,1644,1062,55
2024-03,Summit Auto Group,Summit Kia Brookfield,Organic Social,1363,990,683,15
2024-03,Summit Auto Group,Summit Kia Brookfield,Paid Social,1090,914,543,25
2024-03,Summit Auto Group,Summit Kia Brookfield,Referral,818,640,456,9
2024-03,Summit Auto Group,Summit Kia Brookfield,Email,681,562,387,18
2024-03,Summit Auto Group,Summit Mazda Lakeside,Organic Search,3143,2460,1615,82
2024-03,Summit Auto Group,Summit Mazda Lakeside,Paid Search,1941,1578,1056,23
2024-03,Summit Auto Group,Summit Mazda Lakeside,Direct,1479,1093,759,20
2024-03,Summit Auto Group,Summit Mazda Lakeside,Organic Social,924,737,486,10
2024-03,Summit Auto Group,Summit Mazda Lakeside,Paid Social,739,546,423,14
2024-03,Summit Auto Group,Summit Mazda Lakeside,Referral,554,462,341,15
2024-03,Summit Auto Group,Summit Mazda Lakeside,Email,462,336,251,4
2024-03,Summit Auto Group,Summit Nissan Ridgemont,Organic Search,5308,3843,2522,110
2024-03,Summit Auto Group,Summit Nissan Ridgemont,Paid Search,3278,2391,1677,86
2024-03,Summit Auto Group,Summit Nissan Ridgemont,Direct,2498,1983,1267,64
2024-03,Summit Auto Group,Summit Nissan Ridgemont,Organic Social,1561,1235,714,38
2024-03,Summit Auto Group,Summit Nissan Ridgemont,Paid Social,1249,923,563,24
2024-03,Summit Auto Group,Summit Nissan Ridgemont,Referral,936,796,512,18
2024-03,Summit Auto Group,Summit Nissan Ridgemont,Email,780,578,406,13
2024-03,Summit Auto Group,Summit Subaru Northgate,Organic Search,3426,2728,2115,55
2024-03,Summit Auto Group,Summit Subaru Northgate,Paid Search,2116,1552,1024,56
2024-03,Summit Auto Group,Summit Subaru Northgate,Direct,1612,1269,971,27
2024-03,Summit Auto Group,Summit Subaru Northgate,Organic Social,1007,784,469,21
2024-03,Summit Auto Group,Summit Subaru Northgate,Paid Social,806,634,394,20
2024-03,Summit Auto Group,Summit Subaru Northgate,Referral,604,491,345,11
2024-03,Summit Auto Group,Summit Subaru Northgate,Email,503,427,269,12
2024-03,Summit Auto Group,Summit Toyota of Fairview,Organic Search,6742,5237,3794,114
2024-03,Summit Auto Group,Summit Toyota of Fairview,Paid Search,4164,3550,2393,110
2024-03,Summit Auto Group,Summit Toyota of Fairview,Direct,3172,2720,1744,88
2024-03,Summit Auto Group,Summit Toyota of Fairview,Organic Social,1983,1529,1168,29
2024-03,Summit Auto Group,Summit Toyota of Fairview,Paid Social,1586,1143,815,21
2024-03,Summit Auto Group,Summit Toyota of Fairview,Referral,1189,883,646,27
2024-03,Summit Auto Group,Summit Toyota of Fairview,Email,991,739,479,11
2024-03,Summit Auto Group,Summit Volkswagen Eastdale,Organic Search,2592,1973,1575,57
2024-03,Summit Auto Group,Summit Volkswagen Eastdale,Paid Search,1601,1290,819,21
2024-03,Summit Auto Group,Summit Volkswagen Eastdale,Direct,1220,922,652,19
2024-03,Summit Auto Group,Summit Volkswagen Eastdale,Organic Social,762,619,406,18
2024-03,Summit Auto Group,Summit Volkswagen Eastdale,Paid Social,610,516,361,14
2024-03,Summit Auto Group,Summit Volkswagen Eastdale,Referral,457,332,275,6
2024-03,Summit Auto Group,Summit Volkswagen Eastdale,Email,381,278,200,4
2024-04,Harbor Motor Group,Harbor BMW,Organic Search,5170,4292,2409,60
2024-04,Harbor Motor Group,Harbor BMW,Paid Search,3193,2538,1786,48
2024-04,Harbor Motor Group,Harbor BMW,Direct,2432,2088,1419,35
2024-04,Harbor Motor Group,Harbor BMW,Organic Social,1520,1144,852,32
2024-04,Harbor Motor Group,Harbor BMW,Paid Social,1216,948,738,33
2024-04,Harbor Motor Group,Harbor BMW,Referral,912,667,542,12
2024-04,Harbor Motor Group,Harbor BMW,Email,760,588,442,19
2024-04,Harbor Motor Group,Harbor Chevrolet Marina,Organic Search,5227,4466,2827,82
2024-04,Harbor Motor Group,Harbor Chevrolet Marina,Paid Search,3228,2460,1960,77
2024-04,Harbor Motor Group,Harbor Chevrolet Marina,Direct,2460,2077,1149,28
2024-04,Harbor Motor Group,Harbor Chevrolet Marina,Organic Social,1537,1218,882,18
2024-04,Harbor Motor Group,Harbor Chevrolet Marina,Paid Social,1230,999,726,23
2024-04,Harbor Motor Group,Harbor Chevrolet Marina,Referral,922,750,491,11
2024-04,Harbor Motor Group,Harbor Chevrolet Marina,Email,768,642,347,18
2024-04,Harbor Motor Group,Harbor Ford Portside,Organic Search,6004,4687,3692,94
2024-04,Harbor Motor Group,Harbor Ford Portside,Paid Search,3708,3104,1898,76
2024-04,Harbor Motor Group,Harbor Ford Portside,Direct,2825,2244,1539,50
2024-04,Harbor Motor Group,Harbor Ford Portside,Organic Social,1765,1370,1069,38
2024-04,Harbor Motor Group,Harbor Ford Portside,Paid Social,1412,1099,770,27
2024-04,Harbor Motor Group,Harbor Ford Portside,Referral,1059,855,490,12
2024-04,Harbor Motor Group,Harbor Ford Portside,Email,882,702,434,21
2024-04,Harbor Motor Group,Harbor Honda Seaside,Organic Search,5403,4065,2675,131
2024-04,Harbor Motor Group,Harbor Honda Seaside,Paid Search,3337,2589,1709,63
2024-04,Harbor Motor Group,Harbor Honda Seaside,Direct,2543,2104,1288,26
2024-04,Harbor Motor Group,Harbor Honda Seaside,Organic Social,1589,1232,897,21
2024-04,Harbor Motor Group,Harbor Honda Seaside,Paid Social,1271,1092,770,28
2024-04,Harbor Motor Group,Harbor Honda Seaside,Referral,953,810,560,15
2024-04,Harbor Motor Group,Harbor Honda Seaside,Email,794,653,489,18
2024-04,Harbor Motor Group,Harbor Jeep Ram Anchor,Organic Search,5569,4681,3119,75
2024-04,Harbor Motor Group,Harbor Jeep Ram Anchor,Paid Search,3439,2715,1758,58
2024-04,Harbor Motor Group,Harbor Jeep Ram Anchor,Direct,2620,1945,1283,61
2024-04,Harbor Motor Group,Harbor Jeep Ram Anchor,Organic Social,1638,1356,885,24
2024-04,Harbor Motor Group,Harbor Jeep Ram Anchor,Paid Social,1310,1116,696,17
2024-04,Harbor Motor Group,Harbor Jeep Ram Anchor,Referral,982,797,496,18
2024-04,Harbor Motor Group,Harbor Jeep Ram Anchor,Email,819,696,475,15
2024-04,Harbor Motor Group,Harbor Kia Lighthouse,Organic Search,4043,3032,2242,48
2024-04,Harbor Motor Group,Harbor Kia Lighthouse,Paid Search,2497,1939,1256,60
2024-04,Harbor Motor Group,Harbor Kia Lighthouse,Direct,1902,1534,930,31
2024-04,Harbor Motor Group,Harbor Kia Lighthouse,Organic Social,1189,982,623,17
2024-04,Harbor Motor Group,Harbor Kia Lighthouse,Paid Social,951,797,580,10
2024-04,Harbor Motor Group,Harbor Kia Lighthouse,Referral,713,522,332,16
2024-04,Harbor Motor Group,Harbor Kia Lighthouse,Email,594,505,333,10
2024-04,Harbor Motor Group,Harbor Subaru Tidewater,Organic Search,3192,2473,1527,33
2024-04,Harbor Motor Group,Harbor Subaru Tidewater,Paid Search,1971,1432,898,50
2024-04,Harbor Motor Group,Harbor Subaru Tidewater,Direct,1502,1173,854,39
2024-04,Harbor Motor Group,Harbor Subaru Tidewater,Organic Social,939,713,480,9
2024-04,Harbor Motor Group,Harbor Subaru Tidewater,Paid Social,751,593,380,12
2024-04,Harbor Motor Group,Harbor Subaru Tidewater,Referral,563,441,298,5
2024-04,Harbor Motor Group,Harbor Subaru Tidewater,Email,469,367,255,13
2024-04,Harbor Motor Group,Harbor Toyota Bayview,Organic Search,6408,5501,3040,166
2024-04,Harbor Motor Group,Harbor Toyota Bayview,Paid Search,3958,2911,1963,73
2024-04,Harbor Motor Group,Harbor Toyota Bayview,Direct,3015,2541,1815,67
2024-04,Harbor Motor Group,Harbor Toyota Bayview,Organic Social,1884,1529,1132,42
2024-04,Harbor Motor Group,Harbor Toyota Bayview,Paid Social,1507,1244,703,31
2024-04,Harbor Motor Group,Harbor Toyota Bayview,Referral,1130,893,687,14
2024-04,Harbor Motor Group,Harbor Toyota Bayview,Email,942,776,463,10
2024-04,Summit Auto Group,Summit BMW,Organic Search,6900,5420,3310,178
2024-04,Summit Auto Group,Summit BMW,Paid Search,4261,3249,1968,106
2024-04,Summit Auto Group,Summit BMW,Direct,3247,2454,1874,66
2024-04,Summit Auto Group,Summit BMW,Organic Social,2029,1680,948,20
2024-04,Summit Auto Group,Summit BMW,Paid Social,1623,1382,977,39
2024-04,Summit Auto Group,Summit BMW,Referral,1217,974,626,29
2024-04,Summit Auto Group,Summit BMW,Email,1014,752,504,25
2024-04,Summit Auto Group,Summit Chevrolet Glenpark,Organic Search,6226,5207,3172,65
2024-04,Summit Auto Group,Summit Chevrolet Glenpark,Paid Search,3845,2857,2338,93
2024-04,Summit Auto Group,Summit Chevrolet Glenpark,Direct,2930,2247,1464,81
2024-04,Summit Auto Group,Summit Chevrolet Glenpark,Organic Social,1831,1492,935,36
2024-04,Summit Auto Group,Summit Chevrolet Glenpark,Paid Social,1465,1138,777,27
2024-04,Summit Auto Group,Summit Chevrolet Glenpark,Referral,1098,936,607,30
2024-04,Summit Auto Group,Summit Chevrolet Glenpark,Email,915,762,462,21
2024-04,Summit Auto Group,Summit Ford Rivera,Organic Search,6731,5411,3879,80
2024-04,Summit Auto Group,Summit Ford Rivera,Paid Search,4157,3226,2026,50
2024-04,Summit Auto Group,Summit Ford Rivera,Direct,3167,2625,1564,51
2024-04,Summit Auto Group,Summit Ford Rivera,Organic Social,1979,1573,1059,35
2024-04,Summit Auto Group,Summit Ford Rivera,Paid Social,1583,1329,837,30
2024-04,Summit Auto Group,Summit Ford Rivera,Referral,1187,967,556,14
2024-04,Summit Auto Group,Summit Ford Rivera,Email,989,789,531,11
2024-04,Summit Auto Group,Summit Honda Westland,Organic Search,6300,4569,3235,138
2024-04,Summit Auto Group,Summit Honda Westland,Paid Search,3891,3314,1806,90
2024-04,Summit Auto Group,Summit Honda Westland,Direct,2965,2348,1699,31
2024-04,Summit Auto Group,Summit Honda Westland,Organic Social,1853,1458,1056,19
2024-04,Summit Auto Group,Summit Honda Westland,Paid Social,1482,1189,781,41
2024-04,Summit Auto Group,Summit Honda Westland,Referral,1111,910,682,16
2024-04,Summit Auto Group,Summit Honda Westland,Email,926,772,431,10
2024-04,Summit Auto Group,Summit Hyundai Oakhurst,Organic Search,3689,3113,2173,99
2024-04,Summit Auto Group,Summit Hyundai Oakhurst,Paid Search,2278,1807,1258,47
2024-04,Summit Auto Group,Summit Hyundai Oakhurst,Direct,1736,1415,879,28
2024-04,Summit Auto Group,Summit Hyundai Oakhurst,Organic Social,1085,864,660,20
2024-04,Summit Auto Group,Summit Hyundai Oakhurst,Paid Social,868,649,409,14
2024-04,Summit Auto Group,Summit Hyundai Oakhurst,Referral,651,484,350,8
2024-04,Summit Auto Group,Summit Hyundai Oakhurst,Email,542,417,281,6
2024-04,Summit Auto Group,Summit Jeep Ram Clearwater,Organic Search,5467,4649,3012,121
2024-04,Summit Auto Group,Summit Jeep Ram Clearwater,Paid Search,3376,2761,1913,83
2024-04,Summit Auto Group,Summit Jeep Ram Clearwater,Direct,2572,2171,1445,43
2024-04,Summit Auto Group,Summit Jeep Ram Clearwater,Organic Social,1608,1309,981,20
2024-04,Summit Auto Group,Summit Jeep Ram Clearwater,Paid Social,1286,1052,600,28
2024-04,Summit Auto Group,Summit Jeep Ram Clearwater,Referral,964,751,541,11
2024-04,Summit Auto Group,Summit Jeep Ram Clearwater,Email,804,597,390,12
2024-04,Summit Auto Group,Summit Kia Brookfield,Organic Search,4017,3240,2244,58
2024-04,Summit Auto Group,Summit Kia Brookfield,Paid Search,2481,1941,1387,44
2024-04,Summit Auto Group,Summit Kia Brookfield,Direct,1890,1467,953,25
2024-04,Summit Auto Group,Summit Kia Brookfield,Organic Social,1181,951,618,29
2024-04,Summit Auto Group,Summit Kia Brookfield,Paid Social,945,751,507,20
2024-04,Summit Auto Group,Summit Kia Brookfield,Referral,709,591,353,10
2024-04,Summit Auto Group,Summit Kia Brookfield,Email,590,499,360,8
2024-04,Summit Auto Group,Summit Mazda Lakeside,Organic Search,3539,2663,1669,58
2024-04,Summit Auto Group,Summit Mazda Lakeside,Paid Search,2186,1635,1259,56
2024-04,Summit Auto Group,Summit Mazda Lakeside,Direct,1665,1288,789,19
2024-04,Summit Auto Group,Summit Mazda Lakeside,Organic Social,1041,818,493,22
2024-04,Summit Auto Group,Summit Mazda Lakeside,Paid Social,832,689,503,9
2024-04,Summit Auto Group,Summit Mazda Lakeside,Referral,624,451,346,10
2024-04,Summit Auto Group,Summit Mazda Lakeside,Email,520,427,252,6
2024-04,Summit Auto Group,Summit Nissan Ridgemont,Organic Search,4265,3665,2386,116
2024-04,Summit Auto Group,Summit Nissan Ridgemont,Paid Search,2634,2027,1265,44
2024-04,Summit Auto Group,Summit Nissan Ridgemont,Direct,2007,1614,1214,31
2024-04,Summit Auto Group,Summit Nissan Ridgemont,Organic Social,1254,1042,600,19
2024-04,Summit Auto Group,Summit Nissan Ridgemont,Paid Social,1003,813,574,11
2024-04,Summit Auto Group,Summit Nissan Ridgemont,Referral,752,622,413,11
2024-04,Summit Auto Group,Summit Nissan Ridgemont,Email,627,486,330,16
2024-04,Summit Auto Group,Summit Subaru Northgate,Organic Search,3583,2966,1877,82
2024-04,Summit Auto Group,Summit Subaru Northgate,Paid Search,2213,1836,1326,57
2024-04,Summit Auto Group,Summit Subaru Northgate,Direct,1686,1395,1038,41
2024-04,Summit Auto Group,Summit Subaru Northgate,Organic Social,1053,808,477,16
2024-04,Summit Auto Group,Summit Subaru Northgate,Paid Social,843,672,512,8
2024-04,Summit Auto Group,Summit Subaru Northgate,Referral,632,467,378,13
2024-04,Summit Auto Group,Summit Subaru Northgate,Email,526,411,312,10
2024-04,Summit Auto Group,Summit Toyota of Fairview,Organic Search,7658,5653,4048,78
2024-04,Summit Auto Group,Summit Toyota of Fairview,Paid Search,4730,3991,2654,77
2024-04,Summit Auto Group,Summit Toyota of Fairview,Direct,3603,2896,2225,94
2024-04,Summit Auto Group,Summit Toyota of Fairview,Organic Social,2252,1747,1122,56
2024-04,Summit Auto Group,Summit Toyota of Fairview,Paid Social,1801,1317,866,39
2024-04,Summit Auto Group,Summit Toyota of Fairview,Referral,1351,1101,686,29
2024-04,Summit Auto Group,Summit Toyota of Fairview,Email,1126,908,653,29
2024-04,Summit Auto Group,Summit Volkswagen Eastdale,Organic Search,2995,2457,1611,34
2024-04,Summit Auto Group,Summit Volkswagen Eastdale,Paid Search,1850,1432,895,38
2024-04,Summit Auto Group,Summit Volkswagen Eastdale,Direct,1409,1089,706,34
2024-04,Summit Auto Group,Summit Volkswagen Eastdale,Organic Social,881,679,436,23
2024-04,Summit Auto Group,Summit Volkswagen Eastdale,Paid Social,704,598,435,10
2024-04,Summit Auto Group,Summit Volkswagen Eastdale,Referral,528,407,279,8
2024-04,Summit Auto Group,Summit Volkswagen Eastdale,Email,440,356,224,5
2024-05,Harbor Motor Group,Harbor BMW,Organic Search,5637,4551,3102,153
2024-05,Harbor Motor Group,Harbor BMW,Paid Search,3481,2549,2130,91
2024-05,Harbor Motor Group,Harbor BMW,Direct,2652,1979,1525,40
2024-05,Harbor Motor Group,Harbor BMW,Organic Social,1658,1406,856,20
2024-05,Harbor Motor Group,Harbor BMW,Paid Social,1326,1039,696,19
2024-05,Harbor Motor Group,Harbor BMW,Referral,994,806,483,17
2024-05,Harbor Motor Group,Harbor BMW,Email,829,674,388,16
2024-05,Harbor Motor Group,Harbor Chevrolet Marina,Organic Search,5719,4448,2810,105
2024-05,Harbor Motor Group,Harbor Chevrolet Marina,Paid Search,3532,2872,1866,42
2024-05,Harbor Motor Group,Harbor Chevrolet Marina,Direct,2691,2006,1279,50
2024-05,Harbor Motor Group,Harbor Chevrolet Marina,Organic Social,1682,1250,902,18
2024-05,Harbor Motor Group,Harbor Chevrolet Marina,Paid Social,1345,1041,781,18
2024-05,Harbor Motor Group,Harbor Chevrolet Marina,Referral,1009,753,534,12
2024-05,Harbor Motor Group,Harbor Chevrolet Marina,Email,841,676,428,9
2024-05,Harbor Motor Group,Harbor Ford Portside,Organic Search,7382,5585,3903,198
2024-05,Harbor Motor Group,Harbor Ford Portside,Paid Search,4559,3356,2235,114
2024-05,Harbor Motor Group,Harbor Ford Portside,Direct,3474,2852,1938,60
2024-05,Harbor Motor Group,Harbor Ford Portside,Organic Social,2171,1569,980,28
2024-05,Harbor Motor Group,Harbor Ford Portside,Paid Social,1737,1270,979,36
2024-05,Harbor Motor Group,Harbor Ford Portside,Referral,1302,1062,672,34
2024-05,Harbor Motor Group,Harbor Ford Portside,Email,1085,899,496,13
2024-05,Harbor Motor Group,Harbor Honda Seaside,Organic Search,6832,5737,3907,112
2024-05,Harbor Motor Group,Harbor Honda Seaside,Paid Search,4220,3321,2324,99
2024-05,Harbor Motor Group,Harbor Honda Seaside,Direct,3215,2625,1573,47
2024-05,Harbor Motor Group,Harbor Honda Seaside,Organic Social,2009,1641,1067,50
2024-05,Harbor Motor Group,Harbor Honda Seaside,Paid Social,1607,1330,894,38
2024-05,Harbor Motor Group,Harbor Honda Seaside,Referral,1205,923,578,12
2024-05,Harbor Motor Group,Harbor Honda Seaside,Email,1004,764,512,11
2024-05,Harbor Motor Group,Harbor Jeep Ram Anchor,Organic Search,4846,3736,2342,70
2024-05,Harbor Motor Group,Harbor Jeep Ram Anchor,Paid Search,2993,2253,1830,37
2024-05,Harbor Motor Group,Harbor Jeep Ram Anchor,Direct,2280,1813,1116,55
2024-05,Harbor Motor Group,Harbor Jeep Ram Anchor,Organic Social,1425,1212,648,14
2024-05,Harbor Motor Group,Harbor Jeep Ram Anchor,Paid Social,1140,903,620,29
2024-05,Harbor Motor Group,Harbor Jeep Ram Anchor,Referral,855,709,398,20
2024-05,Harbor Motor Group,Harbor Jeep Ram Anchor,Email,712,581,362,14
2024-05,Harbor Motor Group,Harbor Kia Lighthouse,Organic Search,3383,2711,1980,92
2024-05,Harbor Motor Group,Harbor Kia Lighthouse,Paid Search,2089,1734,1085,41
2024-05,Harbor Motor Group,Harbor Kia Lighthouse,Direct,1592,1259,905,27
2024-05,Harbor Motor Group,Harbor Kia Lighthouse,Organic Social,995,821,539,25
2024-05,Harbor Motor Group,Harbor Kia Lighthouse,Paid Social,796,641,384,20
2024-05,Harbor Motor Group,Harbor Kia Lighthouse,Referral,597,500,329,8
2024-05,Harbor Motor Group,Harbor Kia Lighthouse,Email,497,411,247,9
2024-05,Harbor Motor Group,Harbor Subaru Tidewater,Organic Search,3146,2343,1519,63
2024-05,Harbor Motor Group,Harbor Subaru Tidewater,Paid Search,1943,1443,1168,21
2024-05,Harbor Motor Group,Harbor Subaru Tidewater,Direct,1480,1192,838,35
2024-05,Harbor Motor Group,Harbor Subaru Tidewater,Organic Social,925,679,570,19
2024-05,Harbor Motor Group,Harbor Subaru Tidewater,Paid Social,740,626,444,12
2024-05,Harbor Motor Group,Harbor Subaru Tidewater,Referral,555,433,325,8
2024-05,Harbor Motor Group,Harbor Subaru Tidewater,Email,462,368,237,6
2024-05,Harbor Motor Group,Harbor Toyota Bayview,Organic Search,6237,4624,3671,125
2024-05,Harbor Motor Group,Harbor Toyota Bayview,Paid Search,3852,2956,2111,57
2024-05,Harbor Motor Group,Harbor Toyota Bayview,Direct,2935,2438,1637,51
2024-05,Harbor Motor Group,Harbor Toyota Bayview,Organic Social,1834,1546,1130,20
2024-05,Harbor Motor Group,Harbor Toyota Bayview,Paid Social,1467,1225,785,33
2024-05,Harbor Motor Group,Harbor Toyota Bayview,Referral,1100,930,595,28
2024-05,Harbor Motor Group,Harbor Toyota Bayview,Email,917,721,535,23
2024-05,Summit Auto Group,Summit BMW,Organic Search,6851,5275,4212,129
2024-05,Summit Auto Group,Summit BMW,Paid Search,4231,3548,2332,52
2024-05,Summit Auto Group,Summit BMW,Direct,3224,2325,1536,61
2024-05,Summit Auto Group,Summit BMW,Organic Social,2015,1518,975,52
2024-05,Summit Auto Group,Summit BMW,Paid Social,1612,1277,990,19
2024-05,Summit Auto Group,Summit BMW,Referral,1209,881,625,16
2024-05,Summit Auto Group,Summit BMW,Email,1007,838,526,20
2024-05,Summit Auto Group,Summit Chevrolet Glenpark,Organic Search,6125,4646,2796,102
2024-05,Summit Auto Group,Summit Chevrolet Glenpark,Paid Search,3783,2787,2089,88
2024-05,Summit Auto Group,Summit Chevrolet Glenpark,Direct,2882,2076,1391,54
2024-05,Summit Auto Group,Summit Chevrolet Glenpark,Organic Social,1801,1505,853,32
2024-05,Summit Auto Group,Summit Chevrolet Glenpark,Paid Social,1441,1043,870,15
2024-05,Summit Auto Group,Summit Chevrolet Glenpark,Referral,1080,780,502,29
2024-05,Summit Auto Group,Summit Chevrolet Glenpark,Email,900,736,485,20
2024-05,Summit Auto Group,Summit Ford Rivera,Organic Search,5868,4998,2993,78
2024-05,Summit Auto Group,Summit Ford Rivera,Paid Search,3624,2944,1884,86
2024-05,Summit Auto Group,Summit Ford Rivera,Direct,2761,2299,1648,74
2024-05,Summit Auto Group,Summit Ford Rivera,Organic Social,1725,1298,835,18
2024-05,Summit Auto Group,Summit Ford Rivera,Paid Social,1380,1133,730,21
2024-05,Summit Auto Group,Summit Ford Rivera,Referral,1035,850,633,24
2024-05,Summit Auto Group,Summit Ford Rivera,Email,862,699,500,20
2024-05,Summit Auto Group,Summit Honda Westland,Organic Search,5701,4672,3069,120
2024-05,Summit Auto Group,Summit Honda Westland,Paid Search,3521,2705,1747,50
2024-05,Summit Auto Group,Summit Honda Westland,Direct,2682,2244,1323,34
2024-05,Summit Auto Group,Summit Honda Westland,Organic Social,1676,1437,982,22
2024-05,Summit Auto Group,Summit Honda Westland,Paid Social,1341,991,732,15
2024-05,Summit Auto Group,Summit Honda Westland,Referral,1006,737,530,12
2024-05,Summit Auto Group,Summit Honda Westland,Email,838,697,414,15
2024-05,Summit Auto Group,Summit Hyundai Oakhurst,Organic Search,4654,3628,2154,97
2024-05,Summit Auto Group,Summit Hyundai Oakhurst,Paid Search,2875,2284,1671,43
2024-05,Summit Auto Group,Summit Hyundai Oakhurst,Direct,2190,1617,1208,52
2024-05,Summit Auto Group,Summit Hyundai Oakhurst,Organic Social,1369,1124,809,20
2024-05,Summit Auto Group,Summit Hyundai Oakhurst,Paid Social,1095,788,542,15
2024-05,Summit Auto Group,Summit Hyundai Oakhurst,Referral,821,650,502,20
2024-05,Summit Auto Group,Summit Hyundai Oakhurst,Email,684,578,352,9
2024-05,Summit Auto Group,Summit Jeep Ram Clearwater,Organic Search,5088,3990,2735,92
2024-05,Summit Auto Group,Summit Jeep Ram Clearwater,Paid Search,3142,2476,1850,36
2024-05,Summit Auto Group,Summit Jeep Ram Clearwater,Direct,2394,1773,1288,62
2024-05,Summit Auto Group,Summit Jeep Ram Clearwater,Organic Social,1496,1234,690,19
2024-05,Summit Auto Group,Summit Jeep Ram Clearwater,Paid Social,1197,895,587,24
2024-05,Summit Auto Group,Summit Jeep Ram Clearwater,Referral,897,693,463,24
2024-05,Summit Auto Group,Summit Jeep Ram Clearwater,Email,748,608,403,9
2024-05,Summit Auto Group,Summit Kia Brookfield,Organic Search,4092,3352,2363,54
2024-05,Summit Auto Group,Summit Kia Brookfield,Paid Search,2527,2138,1206,65
2024-05,Summit Auto Group,Summit Kia Brookfield,Direct,1925,1633,1045,39
2024-05,Summit Auto Group,Summit Kia Brookfield,Organic Social,1203,901,658,27
2024-05,Summit Auto Group,Summit Kia Brookfield,Paid Social,962,780,561,22
2024-05,Summit Auto Group,Summit Kia Brookfield,Referral,722,584,380,15
2024-05,Summit Auto Group,Summit Kia Brookfield,Email,601,477,344,6
2024-05,Summit Auto Group,Summit Mazda Lakeside,Organic Search,3395,2848,1990,64
2024-05,Summit Auto Group,Summit Mazda Lakeside,Paid Search,2097,1753,1122,51
2024-05,Summit Auto Group,Summit Mazda Lakeside,Direct,1597,1279,883,30
2024-05,Summit Auto Group,Summit Mazda Lakeside,Organic Social,998,854,450,17
2024-05,Summit Auto Group,Summit Mazda Lakeside,Paid Social,798,614,449,19
2024-05,Summit Auto Group,Summit Mazda Lakeside,Referral,599,485,353,15
2024-05,Summit Auto Group,Summit Mazda Lakeside,Email,499,371,269,12
2024-05,Summit Auto Group,Summit Nissan Ridgemont,Organic Search,5047,3868,3054,55
2024-05,Summit Auto Group,Summit Nissan Ridgemont,Paid Search,3117,2393,1480,75
2024-05,Summit Auto Group,Summit Nissan Ridgemont,Direct,2375,1966,1438,33
2024-05,Summit Auto Group,Summit Nissan Ridgemont,Organic Social,1484,1135,783,15
2024-05,Summit Auto Group,Summit Nissan Ridgemont,Paid Social,1187,871,615,30
2024-05,Summit Auto Group,Summit Nissan Ridgemont,Referral,890,761,521,14
2024-05,Summit Auto Group,Summit Nissan Ridgemont,Email,742,621,446,19
2024-05,Summit Auto Group,Summit Subaru Northgate,Organic Search,3723,3008,1784,80
2024-05,Summit Auto Group,Summit Subaru Northgate,Paid Search,2299,1781,1351,44
2024-05,Summit Auto Group,Summit Subaru Northgate,Direct,1752,1351,1013,42
2024-05,Summit Auto Group,Summit Subaru Northgate,Organic Social,1095,793,592,25
2024-05,Summit Auto Group,Summit Subaru Northgate,Paid Social,876,705,451,16
2024-05,Summit Auto Group,Summit Subaru Northgate,Referral,657,550,369,9
2024-05,Summit Auto Group,Summit Subaru Northgate,Email,547,424,248,5
2024-05,Summit Auto Group,Summit Toyota of Fairview,Organic Search,8318,6101,4006,102
2024-05,Summit Auto Group,Summit Toyota of Fairview,Paid Search,5137,4395,3034,112
2024-05,Summit Auto Group,Summit Toyota of Fairview,Direct,3914,2886,1954,97
2024-05,Summit Auto Group,Summit Toyota of Fairview,Organic Social,2446,1953,1505,31
2024-05,Summit Auto Group,Summit Toyota of Fairview,Paid Social,1957,1460,923,27
2024-05,Summit Auto Group,Summit Toyota of Fairview,Referral,1467,1182,903,25
2024-05,Summit Auto Group,Summit Toyota of Fairview,Email,1223,987,584,25
2024-05,Summit Auto Group,Summit Volkswagen Eastdale,Organic Search,2752,2124,1399,50
2024-05,Summit Auto Group,Summit Volkswagen Eastdale,Paid Search,1699,1438,964,18
2024-05,Summit Auto Group,Summit Volkswagen Eastdale,Direct,1295,1014,685,35
2024-05,Summit Auto Group,Summit Volkswagen Eastdale,Organic Social,809,660,433,18
2024-05,Summit Auto Group,Summit Volkswagen Eastdale,Paid Social,647,512,367,9
2024-05,Summit Auto Group,Summit Volkswagen Eastdale,Referral,485,365,290,11
2024-05,Summit Auto Group,Summit Volkswagen Eastdale,Email,404,319,232,10
2024-06,Harbor Motor Group,Harbor BMW,Organic Search,5530,4281,2596,97
2024-06,Harbor Motor Group,Harbor BMW,Paid Search,3415,2603,1996,68
2024-06,Harbor Motor Group,Harbor BMW,Direct,2602,2229,1539,46
2024-06,Harbor Motor Group,Harbor BMW,Organic Social,1626,1191,954,19
2024-06,Harbor Motor Group,Harbor BMW,Paid Social,1301,1048,745,21
2024-06,Harbor Motor Group,Harbor BMW,Referral,975,779,566,22
2024-06,Harbor Motor Group,Harbor BMW,Email,813,684,401,11
2024-06,Harbor Motor Group,Harbor Chevrolet Marina,Organic Search,5205,3926,3162,145
2024-06,Harbor Motor Group,Harbor Chevrolet Marina,Paid Search,3215,2608,1825,34
2024-06,Harbor Motor Group,Harbor Chevrolet Marina,Direct,2449,2059,1208,60
2024-06,Harbor Motor Group,Harbor Chevrolet Marina,Organic Social,1531,1111,795,38
2024-06,Harbor Motor Group,Harbor Chevrolet Marina,Paid Social,1224,991,628,12
2024-06,Harbor Motor Group,Harbor Chevrolet Marina,Referral,918,717,492,11
2024-06,Harbor Motor Group,Harbor Chevrolet Marina,Email,765,591,388,18
2024-06,Harbor Motor Group,Harbor Ford Portside,Organic Search,5605,4398,3306,107
2024-06,Harbor Motor Group,Harbor Ford Portside,Paid Search,3462,2786,1998,87
2024-06,Harbor Motor Group,Harbor Ford Portside,Direct,2638,2196,1296,53
2024-06,Harbor Motor Group,Harbor Ford Portside,Organic Social,1648,1269,795,24
2024-06,Harbor Motor Group,Harbor Ford Portside,Paid Social,1319,1019,810,14
2024-06,Harbor Motor Group,Harbor Ford Portside,Referral,989,736,611,25
2024-06,Harbor Motor Group,Harbor Ford Portside,Email,824,642,420,11
2024-06,Harbor Motor Group,Harbor Honda Seaside,Organic Search,6524,5312,4030,151
2024-06,Harbor Motor Group,Harbor Honda Seaside,Paid Search,4030,3422,2345,42
2024-06,Harbor Motor Group,Harbor Honda Seaside,Direct,3070,2407,1901,78
2024-06,Harbor Motor Group,Harbor Honda Seaside,Organic Social,1919,1514,1040,49
2024-06,Harbor Motor Group,Harbor Honda Seaside,Paid Social,1535,1177,787,34
2024-06,Harbor Motor Group,Harbor Honda Seaside,Referral,1151,935,560,13
2024-06,Harbor Motor Group,Harbor Honda Seaside,Email,959,706,579,18
2024-06,Harbor Motor Group,Harbor Jeep Ram Anchor,Organic Search,5582,4161,2879,73
2024-06,Harbor Motor Group,Harbor Jeep Ram Anchor,Paid Search,3448,2891,1916,52
2024-06,Harbor Motor Group,Harbor Jeep Ram Anchor,Direct,2627,2040,1223,61
2024-06,Harbor Motor Group,Harbor Jeep Ram Anchor,Organic Social,1642,1196,872,33
2024-06,Harbor Motor Group,Harbor Jeep Ram Anchor,Paid Social,1313,1090,624,28
2024-06,Harbor Motor Group,Harbor Jeep Ram Anchor,Referral,985,761,460,24
2024-06,Harbor Motor Group,Harbor Jeep Ram Anchor,Email,821,621,465,14
2024-06,Harbor Motor Group,Harbor Kia Lighthouse,Organic Search,3697,3073,2099,40
2024-06,Harbor Motor Group,Harbor Kia Lighthouse,Paid Search,2283,1918,1132,34
2024-06,Harbor Motor Group,Harbor Kia Lighthouse,Direct,1740,1447,878,25
2024-06,Harbor Motor Group,Harbor Kia Lighthouse,Organic Social,1087,875,640,16
2024-06,Harbor Motor Group,Harbor Kia Lighthouse,Paid Social,870,674,396,16
2024-06,Harbor Motor Group,Harbor Kia Lighthouse,Referral,652,487,388,6
2024-06,Harbor Motor Group,Harbor Kia Lighthouse,Email,543,443,299,11
2024-06,Harbor Motor Group,Harbor Subaru Tidewater,Organic Search,3166,2491,1811,55
2024-06,Harbor Motor Group,Harbor Subaru Tidewater,Paid Search,1955,1601,1116,37
2024-06,Harbor Motor Group,Harbor Subaru Tidewater,Direct,1490,1083,729,34
2024-06,Harbor Motor Group,Harbor Subaru Tidewater,Organic Social,931,776,459,12
2024-06,Harbor Motor Group,Harbor Subaru Tidewater,Paid Social,745,576,417,20
2024-06,Harbor Motor Group,Harbor Subaru Tidewater,Referral,558,442,338,15
2024-06,Harbor Motor Group,Harbor Subaru Tidewater,Email,465,354,272,5
2024-06,Harbor Motor Group,Harbor Toyota Bayview,Organic Search,7254,6195,3639,202
2024-06,Harbor Motor Group,Harbor Toyota Bayview,Paid Search,4480,3828,2614,46
2024-06,Harbor Motor Group,Harbor Toyota Bayview,Direct,3413,2528,1620,74
2024-06,Harbor Motor Group,Harbor Toyota Bayview,Organic Social,2133,1610,1084,39
2024-06,Harbor Motor Group,Harbor Toyota Bayview,Paid Social,1706,1434,1016,45
2024-06,Harbor Motor Group,Harbor Toyota Bayview,Referral,1280,1035,644,27
2024-06,Harbor Motor Group,Harbor Toyota Bayview,Email,1066,905,541,11
2024-06,Summit Auto Group,Summit BMW,Organic Search,5817,4235,2786,64
2024-06,Summit Auto Group,Summit BMW,Paid Search,3593,2932,1953,59
2024-06,Summit Auto Group,Summit BMW,Direct,2737,2124,1587,71
2024-06,Summit Auto Group,Summit BMW,Organic Social,1711,1324,1049,43
2024-06,Summit Auto Group,Summit BMW,Paid Social,1368,1078,763,25
2024-06,Summit Auto Group,Summit BMW,Referral,1026,876,505,13
2024-06,Summit Auto Group,Summit BMW,Email,855,690,495,20
2024-06,Summit Auto Group,Summit Chevrolet Glenpark,Organic Search,4988,4167,2592,92
2024-06,Summit Auto Group,Summit Chevrolet Glenpark,Paid Search,3080,2319,1736,47
2024-06,Summit Auto Group,Summit Chevrolet Glenpark,Direct,2347,1897,1128,59
2024-06,Summit Auto Group,Summit Chevrolet Glenpark,Organic Social,1467,1218,906,23
2024-06,Summit Auto Group,Summit Chevrolet Glenpark,Paid Social,1173,997,716,22
2024-06,Summit Auto Group,Summit Chevrolet Glenpark,Referral,880,753,535,20
2024-06,Summit Auto Group,Summit Chevrolet Glenpark,Email,733,621,446,18
2024-06,Summit Auto Group,Summit Ford Rivera,Organic Search,7158,5523,3253,161
2024-06,Summit Auto Group,Summit Ford Rivera,Paid Search,4421,3638,2664,85
2024-06,Summit Auto Group,Summit Ford Rivera,Direct,3368,2430,1672,78
2024-06,Summit Auto Group,Summit Ford Rivera,Organic Social,2105,1651,1227,52
2024-06,Summit Auto Group,Summit Ford Rivera,Paid Social,1684,1332,968,29
2024-06,Summit Auto Group,Summit Ford Rivera,Referral,1263,944,695,14
2024-06,Summit Auto Group,Summit Ford Rivera,Email,1052,849,606,15
2024-06,Summit Auto Group,Summit Honda Westland,Organic Search,6278,4690,3311,104
2024-06,Summit Auto Group,Summit Honda Westland,Paid Search,3877,3281,2237,77
2024-06,Summit Auto Group,Summit Honda Westland,Direct,2954,2233,1533,61
2024-06,Summit Auto Group,Summit Honda Westland,Organic Social,1846,1570,1059,41
2024-06,Summit Auto Group,Summit Honda Westland,Paid Social,1477,1081,855,38
2024-06,Summit Auto Group,Summit Honda Westland,Referral,1107,875,618,20
2024-06,Summit Auto Group,Summit Honda Westland,Email,923,723,487,20
2024-06,Summit Auto Group,Summit Hyundai Oakhurst,Organic Search,4769,4098,2502,116
2024-06,Summit Auto Group,Summit Hyundai Oakhurst,Paid Search,2946,2202,1377,42
2024-06,Summit Auto Group,Summit Hyundai Oakhurst,Direct,2244,1886,1199,54
2024-06,Summit Auto Group,Summit Hyundai Oakhurst,Organic Social,1402,1118,753,37
2024-06,Summit Auto Group,Summit Hyundai Oakhurst,Paid Social,1122,953,606,26
2024-06,Summit Auto Group,Summit Hyundai Oakhurst,Referral,841,641,504,10
2024-06,Summit Auto Group,Summit Hyundai Oakhurst,Email,701,546,383,10
2024-06,Summit Auto Group,Summit Jeep Ram Clearwater,Organic Search,5966,4508,2979,68
2024-06,Summit Auto Group,Summit Jeep Ram Clearwater,Paid Search,3685,3158,1724,57
2024-06,Summit Auto Group,Summit Jeep Ram Clearwater,Direct,2807,2364,1466,61
2024-06,Summit Auto Group,Summit Jeep Ram Clearwater,Organic Social,1754,1299,805,17
2024-06,Summit Auto Group,Summit Jeep Ram Clearwater,Paid Social,1403,1162,736,33
2024-06,Summit Auto Group,Summit Jeep Ram Clearwater,Referral,1052,827,571,14
2024-06,Summit Auto Group,Summit Jeep Ram Clearwater,Email,877,658,505,23
2024-06,Summit Auto Group,Summit Kia Brookfield,Organic Search,3810,3029,2289,47
2024-06,Summit Auto Group,Summit Kia Brookfield,Paid Search,2353,1820,1316,38
2024-06,Summit Auto Group,Summit Kia Brookfield,Direct,1793,1365,811,44
2024-06,Summit Auto Group,Summit Kia Brookfield,Organic Social,1120,943,656,26
2024-06,Summit Auto Group,Summit Kia Brookfield,Paid Social,896,728,408,14
2024-06,Summit Auto Group,Summit Kia Brookfield,Referral,672,503,407,16
2024-06,Summit Auto Group,Summit Kia Brookfield,Email,560,424,281,9
2024-06,Summit Auto Group,Summit Mazda Lakeside,Organic Search,3606,2703,1835,37
2024-06,Summit Auto Group,Summit Mazda Lakeside,Paid Search,2227,1654,1351,25
2024-06,Summit Auto Group,Summit Mazda Lakeside,Direct,1697,1285,1047,43
2024-06,Summit Auto Group,Summit Mazda Lakeside,Organic Social,1060,821,598,17
2024-06,Summit Auto Group,Summit Mazda Lakeside,Paid Social,848,692,452,14
2024-06,Summit Auto Group,Summit Mazda Lakeside,Referral,636,506,342,11
2024-06,Summit Auto Group,Summit Mazda Lakeside,Email,530,387,326,8
2024-06,Summit Auto Group,Summit Nissan Ridgemont,Organic Search,5030,3845,2891,103
2024-06,Summit Auto Group,Summit Nissan Ridgemont,Paid Search,3107,2305,1779,62
2024-06,Summit Auto Group,Summit Nissan Ridgemont,Direct,2367,2024,1365,49
2024-06,Summit Auto Group,Summit Nissan Ridgemont,Organic Social,1479,1088,670,26
2024-06,Summit Auto Group,Summit Nissan Ridgemont,Paid Social,1183,912,701,15
2024-06,Summit Auto Group,Summit Nissan Ridgemont,Referral,887,757,467,10
2024-06,Summit Auto Group,Summit Nissan Ridgemont,Email,739,603,410,12
2024-06,Summit Auto Group,Summit Subaru Northgate,Organic Search,3141,2652,1476,63
2024-06,Summit Auto Group,Summit Subaru Northgate,Paid Search,1940,1619,1058,51
2024-06,Summit Auto Group,Summit Subaru Northgate,Direct,1478,1248,823,18
2024-06,Summit Auto Group,Summit Subaru Northgate,Organic Social,924,785,497,20
2024-06,Summit Auto Group,Summit Subaru Northgate,Paid Social,739,623,338,17
2024-06,Summit Auto Group,Summit Subaru Northgate,Referral,554,461,278,6
2024-06,Summit Auto Group,Summit Subaru Northgate,Email,462,396,268,6
2024-06,Summit Auto Group,Summit Toyota of Fairview,Organic Search,7901,6234,4762,82
2024-06,Summit Auto Group,Summit Toyota of Fairview,Paid Search,4880,4151,2278,58
2024-06,Summit Auto Group,Summit Toyota of Fairview,Direct,3718,2759,1780,78
2024-06,Summit Auto Group,Summit Toyota of Fairview,Organic Social,2324,1951,1176,64
2024-06,Summit Auto Group,Summit Toyota of Fairview,Paid Social,1859,1339,1086,26
2024-06,Summit Auto Group,Summit Toyota of Fairview,Referral,1394,1172,826,38
2024-06,Summit Auto Group,Summit Toyota of Fairview,Email,1162,876,688,13
2024-06,Summit Auto Group,Summit Volkswagen Eastdale,Organic Search,2909,2407,1378,61
2024-06,Summit Auto Group,Summit Volkswagen Eastdale,Paid Search,1796,1330,1012,28
2024-06,Summit Auto Group,Summit Volkswagen Eastdale,Direct,1368,1141,632,35
2024-06,Summit Auto Group,Summit Volkswagen Eastdale,Organic Social,855,713,434,9
2024-06,Summit Auto Group,Summit Volkswagen Eastdale,Paid Social,684,502,343,11
2024-06,Summit Auto Group,Summit Volkswagen Eastdale,Referral,513,393,278,7
2024-06,Summit Auto Group,Summit Volkswagen Eastdale,Email,427,351,251,9
2024-07,Harbor Motor Group,Harbor BMW,Organic Search,4972,3640,2492,66
2024-07,Harbor Motor Group,Harbor BMW,Paid Search,3071,2454,1838,34
2024-07,Harbor Motor Group,Harbor BMW,Direct,2340,1918,1439,42
2024-07,Harbor Motor Group,Harbor BMW,Organic Social,1462,1159,801,24
2024-07,Harbor Motor Group,Harbor BMW,Paid Social,1170,972,725,12
2024-07,Harbor Motor Group,Harbor BMW,Referral,877,666,422,17
2024-07,Harbor Motor Group,Harbor BMW,Email,731,528,452,11
2024-07,Harbor Motor Group,Harbor Chevrolet Marina,Organic Search,4852,3541,2958,130
2024-07,Harbor Motor Group,Harbor Chevrolet Marina,Paid Search,2996,2168,1702,70
2024-07,Harbor Motor Group,Harbor Chevrolet Marina,Direct,2283,1913,1125,33
2024-07,Harbor Motor Group,Harbor Chevrolet Marina,Organic Social,1427,1178,704,30
2024-07,Harbor Motor Group,Harbor Chevrolet Marina,Paid Social,1141,965,595,25
2024-07,Harbor Motor Group,Harbor Chevrolet Marina,Referral,856,654,516,18
2024-07,Harbor Motor Group,Harbor Chevrolet Marina,Email,713,596,375,17
2024-07,Harbor Motor Group,Harbor Ford Portside,Organic Search,6925,5236,3656,138
2024-07,Harbor Motor Group,Harbor Ford Portside,Paid Search,4277,3208,2382,118
2024-07,Harbor Motor Group,Harbor Ford Portside,Direct,3258,2549,1997,45
2024-07,Harbor Motor Group,Harbor Ford Portside,Organic Social,2036,1667,1078,55
2024-07,Harbor Motor Group,Harbor Ford Portside,Paid Social,1629,1355,797,16
2024-07,Harbor Motor Group,Harbor Ford Portside,Referral,1222,933,714,28
2024-07,Harbor Motor Group,Harbor Ford Portside,Email,1018,804,474,23
2024-07,Harbor Motor Group,Harbor Honda Seaside,Organic Search,6128,5088,3337,64
2024-07,Harbor Motor Group,Harbor Honda Seaside,Paid Search,3785,3024,2112,76
2024-07,Harbor Motor Group,Harbor Honda Seaside,Direct,2883,2104,1413,51
2024-07,Harbor Motor Group,Harbor Honda Seaside,Organic Social,1802,1483,1041,25
2024-07,Harbor Motor Group,Harbor Honda Seaside,Paid Social,1441,1085,879,35
2024-07,Harbor Motor Group,Harbor Honda Seaside,Referral,1081,813,567,20
2024-07,Harbor Motor Group,Harbor Honda Seaside,Email,901,662,513,14
2024-07,Harbor Motor Group,Harbor Jeep Ram Anchor,Organic Search,5616,4399,3371,157
2024-07,Harbor Motor Group,Harbor Jeep Ram Anchor,Paid Search,3469,2731,1571,70
2024-07,Harbor Motor Group,Harbor Jeep Ram Anchor,Direct,2643,2263,1630,63
2024-07,Harbor Motor Group,Harbor Jeep Ram Anchor,Organic Social,1652,1302,861,43
2024-07,Harbor Motor Group,Harbor Jeep Ram Anchor,Paid Social,1321,970,641,32
2024-07,Harbor Motor Group,Harbor Jeep Ram Anchor,Referral,991,799,601,21
2024-07,Harbor Motor Group,Harbor Jeep Ram Anchor,Email,826,689,394,16
2024-07,Harbor Motor Group,Harbor Kia Lighthouse,Organic Search,4133,3547,2251,80
2024-07,Harbor Motor Group,Harbor Kia Lighthouse,Paid Search,2552,2126,1440,42
2024-07,Harbor Motor Group,Harbor Kia Lighthouse,Direct,1944,1603,916,23
2024-07,Harbor Motor Group,Harbor Kia Lighthouse,Organic Social,1215,884,718,15
2024-07,Harbor Motor Group,Harbor Kia Lighthouse,Paid Social,972,720,461,16
2024-07,Harbor Motor Group,Harbor Kia Lighthouse,Referral,729,591,363,10
2024-07,Harbor Motor Group,Harbor Kia Lighthouse,Email,607,443,358,16
2024-07,Harbor Motor Group,Harbor Subaru Tidewater,Organic Search,3535,2842,1922,51
2024-07,Harbor Motor Group,Harbor Subaru Tidewater,Paid Search,2183,1591,986,36
2024-07,Harbor Motor Group,Harbor Subaru Tidewater,Direct,1663,1398,915,34
2024-07,Harbor Motor Group,Harbor Subaru Tidewater,Organic Social,1039,754,481,16
2024-07,Harbor Motor Group,Harbor Subaru Tidewater,Paid Social,831,651,512,9
2024-07,Harbor Motor Group,Harbor Subaru Tidewater,Referral,623,529,370,13
2024-07,Harbor Motor Group,Harbor Subaru Tidewater,Email,519,433,235,13
2024-07,Harbor Motor Group,Harbor Toyota Bayview,Organic Search,7504,5607,4170,138
2024-07,Harbor Motor Group,Harbor Toyota Bayview,Paid Search,4634,3512,2213,57
2024-07,Harbor Motor Group,Harbor Toyota Bayview,Direct,3531,2931,1708,46
2024-07,Harbor Motor Group,Harbor Toyota Bayview,Organic Social,2207,1867,1217,58
2024-07,Harbor Motor Group,Harbor Toyota Bayview,Paid Social,1765,1466,871,44
2024-07,Harbor Motor Group,Harbor Toyota Bayview,Referral,1324,1081,787,27
2024-07,Harbor Motor Group,Harbor Toyota Bayview,Email,1103,882,571,12
2024-07,Summit Auto Group,Summit BMW,Organic Search,5904,4904,3453,146
2024-07,Summit Auto Group,Summit BMW,Paid Search,3647,2989,2221,71
2024-07,Summit Auto Group,Summit BMW,Direct,2778,2017,1594,34
2024-07,Summit Auto Group,Summit BMW,Organic Social,1736,1415,1037,35
2024-07,Summit Auto Group,Summit BMW,Paid Social,1389,1072,627,28
2024-07,Summit Auto Group,Summit BMW,Referral,1042,776,504,23
2024-07,Summit Auto Group,Summit BMW,Email,868,629,496,14
2024-07,Summit Auto Group,Summit Chevrolet Glenpark,Organic Search,5071,3663,2316,100
2024-07,Summit Auto Group,Summit Chevrolet Glenpark,Paid Search,3132,2536,1541,48
2024-07,Summit Auto Group,Summit Chevrolet Glenpark,Direct,2386,1871,1353,64
2024-07,Summit Auto Group,Summit Chevrolet Glenpark,Organic Social,1491,1139,754,34
2024-07,Summit Auto Group,Summit Chevrolet Glenpark,Paid Social,1193,873,711,13
2024-07,Summit Auto Group,Summit Chevrolet Glenpark,Referral,894,727,488,14
2024-07,Summit Auto Group,Summit Chevrolet Glenpark,Email,745,600,458,13
2024-07,Summit Auto Group,Summit Ford Rivera,Organic Search,6539,4761,3070,77
2024-07,Summit Auto Group,Summit Ford Rivera,Paid Search,4038,3091,1857,62
2024-07,Summit Auto Group,Summit Ford Rivera,Direct,3077,2628,1898,75
2024-07,Summit Auto Group,Summit Ford Rivera,Organic Social,1923,1649,1003,36
2024-07,Summit Auto Group,Summit Ford Rivera,Paid Social,1538,1258,908,34
2024-07,Summit Auto Group,Summit Ford Rivera,Referral,1153,956,560,29
2024-07,Summit Auto Group,Summit Ford Rivera,Email,961,698,465,14
2024-07,Summit Auto Group,Summit Honda Westland,Organic Search,6476,5348,3729,115
2024-07,Summit Auto Group,Summit Honda Westland,Paid Search,4000,2933,1833,98
2024-07,Summit Auto Group,Summit Honda Westland,Direct,3047,2214,1593,33
2024-07,Summit Auto Group,Summit Honda Westland,Organic Social,1904,1513,900,49
2024-07,Summit Auto Group,Summit Honda Westland,Paid Social,1523,1157,867,34
2024-07,Summit Auto Group,Summit Honda Westland,Referral,1142,886,527,15
2024-07,Summit Auto Group,Summit Honda Westland,Email,952,711,474,15
2024-07,Summit Auto Group,Summit Hyundai Oakhurst,Organic Search,4539,3648,2110,115
2024-07,Summit Auto Group,Summit Hyundai Oakhurst,Paid Search,2803,2142,1658,41
2024-07,Summit Auto Group,Summit Hyundai Oakhurst,Direct,2136,1615,1193,22
2024-07,Summit Auto Group,Summit Hyundai Oakhurst,Organic Social,1335,1127,649,33
2024-07,Summit Auto Group,Summit Hyundai Oakhurst,Paid Social,1068,789,596,23
2024-07,Summit Auto Group,Summit Hyundai Oakhurst,Referral,801,633,493,19
2024-07,Summit Auto Group,Summit Hyundai Oakhurst,Email,667,496,365,14
2024-07,Summit Auto Group,Summit Jeep Ram Clearwater,Organic Search,5121,3717,3141,67
2024-07,Summit Auto Group,Summit Jeep Ram Clearwater,Paid Search,3163,2482,1623,57
2024-07,Summit Auto Group,Summit Jeep Ram Clearwater,Direct,2409,1906,1204,60
2024-07,Summit Auto Group,Summit Jeep Ram Clearwater,Organic Social,1506,1158,779,40
2024-07,Summit Auto Group,Summit Jeep Ram Clearwater,Paid Social,1204,963,684,18
2024-07,Summit Auto Group,Summit Jeep Ram Clearwater,Referral,903,693,432,24
2024-07,Summit Auto Group,Summit Jeep Ram Clearwater,Email,753,579,346,11
2024-07,Summit Auto Group,Summit Kia Brookfield,Organic Search,3656,2889,2091,75
2024-07,Summit Auto Group,Summit Kia Brookfield,Paid Search,2258,1873,1343,41
2024-07,Summit Auto Group,Summit Kia Brookfield,Direct,1720,1286,1030,25
2024-07,Summit Auto Group,Summit Kia Brookfield,Organic Social,1075,893,634,10
2024-07,Summit Auto Group,Summit Kia Brookfield,Paid Social,860,661,507,20
2024-07,Summit Auto Group,Summit Kia Brookfield,Referral,645,477,378,9
2024-07,Summit Auto Group,Summit Kia Brookfield,Email,537,415,274,7
2024-07,Summit Auto Group,Summit Mazda Lakeside,Organic Search,3235,2725,1832,42
2024-07,Summit Auto Group,Summit Mazda Lakeside,Paid Search,1998,1448,1196,20
2024-07,Summit Auto Group,Summit Mazda Lakeside,Direct,1522,1122,789,31
2024-07,Summit Auto Group,Summit Mazda Lakeside,Organic Social,951,686,523,17
2024-07,Summit Auto Group,Summit Mazda Lakeside,Paid Social,761,551,429,17
2024-07,Summit Auto Group,Summit Mazda Lakeside,Referral,571,434,310,13
2024-07,Summit Auto Group,Summit Mazda Lakeside,Email,475,367,247,4
2024-07,Summit Auto Group,Summit Nissan Ridgemont,Organic Search,4472,3686,2685,75
2024-07,Summit Auto Group,Summit Nissan Ridgemont,Paid Search,2762,2253,1344,67
2024-07,Summit Auto Group,Summit Nissan Ridgemont,Direct,2104,1592,1204,51
2024-07,Summit Auto Group,Summit Nissan Ridgemont,Organic Social,1315,1078,785,33
2024-07,Summit Auto Group,Summit Nissan Ridgemont,Paid Social,1052,861,620,11
2024-07,Summit Auto Group,Summit Nissan Ridgemont,Referral,789,611,408,15
2024-07,Summit Auto Group,Summit Nissan Ridgemont,Email,657,507,362,16
2024-07,Summit Auto Group,Summit Subaru Northgate,Organic Search,3293,2563,1974,43
2024-07,Summit Auto Group,Summit Subaru Northgate,Paid Search,2034,1560,930,23
2024-07,Summit Auto Group,Summit Subaru Northgate,Direct,1549,1323,698,36
2024-07,Summit Auto Group,Summit Subaru Northgate,Organic Social,968,745,452,22
2024-07,Summit Auto Group,Summit Subaru Northgate,Paid Social,774,599,469,13
2024-07,Summit Auto Group,Summit Subaru Northgate,Referral,581,429,298,9
2024-07,Summit Auto Group,Summit Subaru Northgate,Email,484,370,285,10
2024-07,Summit Auto Group,Summit Toyota of Fairview,Organic Search,6855,5464,3630,187
2024-07,Summit Auto Group,Summit Toyota of Fairview,Paid Search,4234,3074,2343,44
2024-07,Summit Auto Group,Summit Toyota of Fairview,Direct,3226,2464,1716,52
2024-07,Summit Auto Group,Summit Toyota of Fairview,Organic Social,2016,1500,1110,31
2024-07,Summit Auto Group,Summit Toyota of Fairview,Paid Social,1613,1258,882,35
2024-07,Summit Auto Group,Summit Toyota of Fairview,Referral,1209,908,686,24
2024-07,Summit Auto Group,Summit Toyota of Fairview,Email,1008,746,562,25
2024-07,Summit Auto Group,Summit Volkswagen Eastdale,Organic Search,2919,2421,1790,31
2024-07,Summit Auto Group,Summit Volkswagen Eastdale,Paid Search,1803,1299,1067,35
2024-07,Summit Auto Group,Summit Volkswagen Eastdale,Direct,1373,1180,777,38
2024-07,Summit Auto Group,Summit Volkswagen Eastdale,Organic Social,858,688,388,18
2024-07,Summit Auto Group,Summit Volkswagen Eastdale,Paid Social,686,585,398,14
2024-07,Summit Auto Group,Summit Volkswagen Eastdale,Referral,515,405,284,11
2024-07,Summit Auto Group,Summit Volkswagen Eastdale,Email,429,310,235,10
2024-08,Harbor Motor Group,Harbor BMW,Organic Search,5490,4002,3027,145
2024-08,Harbor Motor Group,Harbor BMW,Paid Search,3391,2693,1929,35
2024-08,Harbor Motor Group,Harbor BMW,Direct,2583,2084,1200,63
2024-08,Harbor Motor Group,Harbor BMW,Organic Social,1614,1231,822,20
2024-08,Harbor Motor Group,Harbor BMW,Paid Social,1291,995,662,21
2024-08,Harbor Motor Group,Harbor BMW,Referral,968,719,485,13
2024-08,Harbor Motor Group,Harbor BMW,Email,807,650,494,20
2024-08,Harbor Motor Group,Harbor Chevrolet Marina,Organic Search,4606,3679,2400,84
2024-08,Harbor Motor Group,Harbor Chevrolet Marina,Paid Search,2845,2192,1614,43
2024-08,Harbor Motor Group,Harbor Chevrolet Marina,Direct,2167,1665,1114,29
2024-08,Harbor Motor Group,Harbor Chevrolet Marina,Organic Social,1354,1083,785,20
2024-08,Harbor Motor Group,Harbor Chevrolet Marina,Paid Social,1083,907,522,21
2024-08,Harbor Motor Group,Harbor Chevrolet Marina,Referral,812,655,462,18
2024-08,Harbor Motor Group,Harbor Chevrolet Marina,Email,677,575,356,10
2024-08,Harbor Motor Group,Harbor Ford Portside,Organic Search,6799,5293,3244,143
2024-08,Harbor Motor Group,Harbor Ford Portside,Paid Search,4199,3426,2028,59
2024-08,Harbor Motor Group,Harbor Ford Portside,Direct,3199,2637,1446,80
2024-08,Harbor Motor Group,Harbor Ford Portside,Organic Social,1999,1673,1129,31
2024-08,Harbor Motor Group,Harbor Ford Portside,Paid Social,1599,1212,820,26
2024-08,Harbor Motor Group,Harbor Ford Portside,Referral,1199,969,559,16
2024-08,Harbor Motor Group,Harbor Ford Portside,Email,999,842,568,27
2024-08,Harbor Motor Group,Harbor Honda Seaside,Organic Search,5227,3924,2405,94
2024-08,Harbor Motor Group,Harbor Honda Seaside,Paid Search,3228,2736,1771,84
2024-08,Harbor Motor Group,Harbor Honda Seaside,Direct,2460,1963,1294,59
2024-08,Harbor Motor Group,Harbor Honda Seaside,Organic Social,1537,1189,821,32
2024-08,Harbor Motor Group,Harbor Honda Seaside,Paid Social,1230,954,725,29
2024-08,Harbor Motor Group,Harbor Honda Seaside,Referral,922,733,455,23
2024-08,Harbor Motor Group,Harbor Honda Seaside,Email,768,648,381,15
2024-08,Harbor Motor Group,Harbor Jeep Ram Anchor,Organic Search,4687,3455,2449,106
2024-08,Harbor Motor Group,Harbor Jeep Ram Anchor,Paid Search,2895,2393,1591,37
2024-08,Harbor Motor Group,Harbor Jeep Ram Anchor,Direct,2205,1853,1235,35
2024-08,Harbor Motor Group,Harbor Jeep Ram Anchor,Organic Social,1378,1053,824,35
2024-08,Harbor Motor Group,Harbor Jeep Ram Anchor,Paid Social,1102,862,664,16
2024-08,Harbor Motor Group,Harbor Jeep Ram Anchor,Referral,827,644,451,16
2024-08,Harbor Motor Group,Harbor Jeep Ram Anchor,Email,689,585,416,10
2024-08,Harbor Motor Group,Harbor Kia Lighthouse,Organic Search,3935,3261,2186,55
2024-08,Harbor Motor Group,Harbor Kia Lighthouse,Paid Search,2430,1834,1409,34
2024-08,Harbor Motor Group,Harbor Kia Lighthouse,Direct,1852,1400,883,42
2024-08,Harbor Motor Group,Harbor Kia Lighthouse,Organic Social,1157,885,642,13
2024-08,Harbor Motor Group,Harbor Kia Lighthouse,Paid Social,926,718,473,14
2024-08,Harbor Motor Group,Harbor Kia Lighthouse,Referral,694,530,408,8
2024-08,Harbor Motor Group,Harbor Kia Lighthouse,Email,578,475,305,9
2024-08,Harbor Motor Group,Harbor Subaru Tidewater,Organic Search,3589,2852,1689,44
2024-08,Harbor Motor Group,Harbor Subaru Tidewater,Paid Search,2217,1902,1261,58
2024-08,Harbor Motor Group,Harbor Subaru Tidewater,Direct,1689,1310,1026,18
2024-08,Harbor Motor Group,Harbor Subaru Tidewater,Organic Social,1055,883,506,19
2024-08,Harbor Motor Group,Harbor Subaru Tidewater,Paid Social,844,669,409,15
2024-08,Harbor Motor Group,Harbor Subaru Tidewater,Referral,633,510,327,15
2024-08,Harbor Motor Group,Harbor Subaru Tidewater,Email,527,386,315,5
2024-08,Harbor Motor Group,Harbor Toyota Bayview,Organic Search,7901,6378,4279,190
2024-08,Harbor Motor Group,Harbor Toyota Bayview,Paid Search,4880,4115,2597,128
2024-08,Harbor Motor Group,Harbor Toyota Bayview,Direct,3718,3004,1970,92
2024-08,Harbor Motor Group,Harbor Toyota Bayview,Organic Social,2324,1770,1202,64
2024-08,Harbor Motor Group,Harbor Toyota Bayview,Paid Social,1859,1545,881,43
2024-08,Harbor Motor Group,Harbor Toyota Bayview,Referral,1394,1106,657,36
2024-08,Harbor Motor Group,Harbor Toyota Bayview,Email,1162,903,705,19
2024-08,Summit Auto Group,Summit BMW,Organic Search,6720,5501,3687,126
2024-08,Summit Auto Group,Summit BMW,Paid Search,4150,3111,2201,41
2024-08,Summit Auto Group,Summit BMW,Direct,3162,2279,1570,52
2024-08,Summit Auto Group,Summit BMW,Organic Social,1976,1590,1183,37
2024-08,Summit Auto Group,Summit BMW,Paid Social,1581,1339,739,24
2024-08,Summit Auto Group,Summit BMW,Referral,1185,917,657,32
2024-08,Summit Auto Group,Summit BMW,Email,988,792,540,22
2024-08,Summit Auto Group,Summit Chevrolet Glenpark,Organic Search,6435,5216,3615,125
2024-08,Summit Auto Group,Summit Chevrolet Glenpark,Paid Search,3975,3257,1958,62
2024-08,Summit Auto Group,Summit Chevrolet Glenpark,Direct,3028,2418,1826,40
2024-08,Summit Auto Group,Summit Chevrolet Glenpark,Organic Social,1892,1464,1101,23
2024-08,Summit Auto Group,Summit Chevrolet Glenpark,Paid Social,1514,1290,792,21
2024-08,Summit Auto Group,Summit Chevrolet Glenpark,Referral,1135,896,680,14
2024-08,Summit Auto Group,Summit Chevrolet Glenpark,Email,946,717,503,18
2024-08,Summit Auto Group,Summit Ford Rivera,Organic Search,6539,4903,3731,125
2024-08,Summit Auto Group,Summit Ford Rivera,Paid Search,4039,3396,2410,89
2024-08,Summit Auto Group,Summit Ford Rivera,Direct,3077,2442,1879,57
2024-08,Summit Auto Group,Summit Ford Rivera,Organic Social,1923,1433,1080,49
2024-08,Summit Auto Group,Summit Ford Rivera,Paid Social,1538,1185,784,25
2024-08,Summit Auto Group,Summit Ford Rivera,Referral,1154,937,637,22
2024-08,Summit Auto Group,Summit Ford Rivera,Email,961,767,455,11
2024-08,Summit Auto Group,Summit Honda Westland,Organic Search,7328,5407,4500,202
2024-08,Summit Auto Group,Summit Honda Westland,Paid Search,4526,3522,2103,90
2024-08,Summit Auto Group,Summit Honda Westland,Direct,3448,2955,2087,37
2024-08,Summit Auto Group,Summit Honda Westland,Organic Social,2155,1747,1238,30
2024-08,Summit Auto Group,Summit Honda Westland,Paid Social,1724,1287,955,37
2024-08,Summit Auto Group,Summit Honda Westland,Referral,1293,1013,646,29
2024-08,Summit Auto Group,Summit Honda Westland,Email,1077,900,503,20
2024-08,Summit Auto Group,Summit Hyundai Oakhurst,Organic Search,3770,3124,1900,46
2024-08,Summit Auto Group,Summit Hyundai Oakhurst,Paid Search,2329,1770,1168,52
2024-08,Summit Auto Group,Summit Hyundai Oakhurst,Direct,1774,1295,896,18
2024-08,Summit Auto Group,Summit Hyundai Oakhurst,Organic Social,1109,897,615,25
2024-08,Summit Auto Group,Summit Hyundai Oakhurst,Paid Social,887,699,489,11
2024-08,Summit Auto Group,Summit Hyundai Oakhurst,Referral,665,498,363,10
2024-08,Summit Auto Group,Summit Hyundai Oakhurst,Email,554,418,303,6
2024-08,Summit Auto Group,Summit Jeep Ram Clearwater,Organic Search,5986,4693,3422,103
2024-08,Summit Auto Group,Summit Jeep Ram Clearwater,Paid Search,3697,3153,2262,80
2024-08,Summit Auto Group,Summit Jeep Ram Clearwater,Direct,2816,2208,1681,60
2024-08,Summit Auto Group,Summit Jeep Ram Clearwater,Organic Social,1760,1269,951,38
2024-08,Summit Auto Group,Summit Jeep Ram Clearwater,Paid Social,1408,1162,816,21
2024-08,Summit Auto Group,Summit Jeep Ram Clearwater,Referral,1056,822,565,22
2024-08,Summit Auto Group,Summit Jeep Ram Clearwater,Email,880,755,534,22
2024-08,Summit Auto Group,Summit Kia Brookfield,Organic Search,4362,3464,2376,46
2024-08,Summit Auto Group,Summit Kia Brookfield,Paid Search,2694,1982,1325,61
2024-08,Summit Auto Group,Summit Kia Brookfield,Direct,2053,1648,926,35
2024-08,Summit Auto Group,Summit Kia Brookfield,Organic Social,1283,1058,631,19
2024-08,Summit Auto Group,Summit Kia Brookfield,Paid Social,1026,838,510,21
2024-08,Summit Auto Group,Summit Kia Brookfield,Referral,769,594,453,20
2024-08,Summit Auto Group,Summit Kia Brookfield,Email,641,516,305,16
2024-08,Summit Auto Group,Summit Mazda Lakeside,Organic Search,3087,2515,1902,69
2024-08,Summit Auto Group,Summit Mazda Lakeside,Paid Search,1907,1448,1057,50
2024-08,Summit Auto Group,Summit Mazda Lakeside,Direct,1453,1058,741,20
2024-08,Summit Auto Group,Summit Mazda Lakeside,Organic Social,908,666,492,16
2024-08,Summit Auto Group,Summit Mazda Lakeside,Paid Social,726,538,421,19
2024-08,Summit Auto Group,Summit Mazda Lakeside,Referral,544,416,280,12
2024-08,Summit Auto Group,Summit Mazda Lakeside,Email,454,333,231,7
2024-08,Summit Auto Group,Summit Nissan Ridgemont,Organic Search,4310,3300,2356,68
2024-08,Summit Auto Group,Summit Nissan Ridgemont,Paid Search,2662,2217,1250,47
2024-08,Summit Auto Group,Summit Nissan Ridgemont,Direct,2028,1681,1237,27
2024-08,Summit Auto Group,Summit Nissan Ridgemont,Organic Social,1267,949,581,28
2024-08,Summit Auto Group,Summit Nissan Ridgemont,Paid Social,1014,859,554,26
2024-08,Summit Auto Group,Summit Nissan Ridgemont,Referral,760,640,360,14
2024-08,Summit Auto Group,Summit Nissan Ridgemont,Email,633,474,323,11
2024-08,Summit Auto Group,Summit Subaru Northgate,Organic Search,3931,3078,1867,45
2024-08,Summit Auto Group,Summit Subaru Northgate,Paid Search,2428,2079,1472,42
2024-08,Summit Auto Group,Summit Subaru Northgate,Direct,1850,1336,852,26
2024-08,Summit Auto Group,Summit Subaru Northgate,Organic Social,1156,905,599,13
2024-08,Summit Auto Group,Summit Subaru Northgate,Paid Social,925,774,421,19
2024-08,Summit Auto Group,Summit Subaru Northgate,Referral,693,510,327,7
2024-08,Summit Auto Group,Summit Subaru Northgate,Email,578,496,353,12
2024-08,Summit Auto Group,Summit Toyota of Fairview,Organic Search,8249,7013,3870,98
2024-08,Summit Auto Group,Summit Toyota of Fairview,Paid Search,5095,4204,2380,85
2024-08,Summit Auto Group,Summit Toyota of Fairview,Direct,3882,2829,2161,73
2024-08,Summit Auto Group,Summit Toyota of Fairview,Organic Social,2426,1877,1311,63
2024-08,Summit Auto Group,Summit Toyota of Fairview,Paid Social,1941,1402,1156,37
2024-08,Summit Auto Group,Summit Toyota of Fairview,Referral,1455,1181,737,14
2024-08,Summit Auto Group,Summit Toyota of Fairview,Email,1213,995,609,25
2024-08,Summit Auto Group,Summit Volkswagen Eastdale,Organic Search,3341,2664,2007,80
2024-08,Summit Auto Group,Summit Volkswagen Eastdale,Paid Search,2063,1742,1243,56
2024-08,Summit Auto Group,Summit Volkswagen Eastdale,Direct,1572,1346,919,25
2024-08,Summit Auto Group,Summit Volkswagen Eastdale,Organic Social,982,715,562,12
2024-08,Summit Auto Group,Summit Volkswagen Eastdale,Paid Social,786,657,411,8
2024-08,Summit Auto Group,Summit Volkswagen Eastdale,Referral,589,465,272,6
2024-08,Summit Auto Group,Summit Volkswagen Eastdale,Email,491,414,299,4
2024-09,Harbor Motor Group,Harbor BMW,Organic Search,5918,4363,3512,83
2024-09,Harbor Motor Group,Harbor BMW,Paid Search,3655,2909,1764,57
2024-09,Harbor Motor Group,Harbor BMW,Direct,2785,2097,1335,63
2024-09,Harbor Motor Group,Harbor BMW,Organic Social,1740,1298,930,41
2024-09,Harbor Motor Group,Harbor BMW,Paid Social,1392,1014,628,16
2024-09,Harbor Motor Group,Harbor BMW,Referral,1044,842,511,27
2024-09,Harbor Motor Group,Harbor BMW,Email,870,688,479,20
2024-09,Harbor Motor Group,Harbor Chevrolet Marina,Organic Search,5844,4933,3055,162
2024-09,Harbor Motor Group,Harbor Chevrolet Marina,Paid Search,3610,2823,2198,49
2024-09,Harbor Motor Group,Harbor Chevrolet Marina,Direct,2750,2032,1581,45
2024-09,Harbor Motor Group,Harbor Chevrolet Marina,Organic Social,1719,1433,962,23
2024-09,Harbor Motor Group,Harbor Chevrolet Marina,Paid Social,1375,1153,772,35
2024-09,Harbor Motor Group,Harbor Chevrolet Marina,Referral,1031,854,583,14
2024-09,Harbor Motor Group,Harbor Chevrolet Marina,Email,859,622,445,22
2024-09,Harbor Motor Group,Harbor Ford Portside,Organic Search,7460,6032,3397,92
2024-09,Harbor Motor Group,Harbor Ford Portside,Paid Search,4607,3699,2495,71
2024-09,Harbor Motor Group,Harbor Ford Portside,Direct,3510,2699,1766,73
2024-09,Harbor Motor Group,Harbor Ford Portside,Organic Social,2194,1651,1279,58
2024-09,Harbor Motor Group,Harbor Ford Portside,Paid Social,1755,1375,838,38
2024-09,Harbor Motor Group,Harbor Ford Portside,Referral,1316,1098,788,20
2024-09,Harbor Motor Group,Harbor Ford Portside,Email,1097,874,600,12
2024-09,Harbor Motor Group,Harbor Honda Seaside,Organic Search,5409,4296,2996,126
2024-09,Harbor Motor Group,Harbor Honda Seaside,Paid Search,3340,2614,1781,60
2024-09,Harbor Motor Group,Harbor Honda Seaside,Direct,2545,1981,1331,44
2024-09,Harbor Motor Group,Harbor Honda Seaside,Organic Social,1590,1151,922,29
2024-09,Harbor Motor Group,Harbor Honda Seaside,Paid Social,1272,1047,597,27
2024-09,Harbor Motor Group,Harbor Honda Seaside,Referral,954,709,558,20
2024-09,Harbor Motor Group,Harbor Honda Seaside,Email,795,636,397,19
2024-09,Harbor Motor Group,Harbor Jeep Ram Anchor,Organic Search,5181,4279,3092,131
2024-09,Harbor Motor Group,Harbor Jeep Ram Anchor,Paid Search,3200,2453,1921,33
2024-09,Harbor Motor Group,Harbor Jeep Ram Anchor,Direct,2438,2067,1293,58
2024-09,Harbor Motor Group,Harbor Jeep Ram Anchor,Organic Social,1523,1290,744,18
2024-09,Harbor Motor Group,Harbor Jeep Ram Anchor,Paid Social,1219,934,733,16
2024-09,Harbor Motor Group,Harbor Jeep Ram Anchor,Referral,914,663,534,23
2024-09,Harbor Motor Group,Harbor Jeep Ram Anchor,Email,761,613,375,7
2024-09,Harbor Motor Group,Harbor Kia Lighthouse,Organic Search,3926,2935,1830,52
2024-09,Harbor Motor Group,Harbor Kia Lighthouse,Paid Search,2425,1923,1371,44
2024-09,Harbor Motor Group,Harbor Kia Lighthouse,Direct,1847,1415,1021,42
2024-09,Harbor Motor Group,Harbor Kia Lighthouse,Organic Social,1154,900,690,23
2024-09,Harbor Motor Group,Harbor Kia Lighthouse,Paid Social,923,765,530,16
2024-09,Harbor Motor Group,Harbor Kia Lighthouse,Referral,692,523,324,16
2024-09,Harbor Motor Group,Harbor Kia Lighthouse,Email,577,429,333,14
2024-09,Harbor Motor Group,Harbor Subaru Tidewater,Organic Search,3951,2981,2172,73
2024-09,Harbor Motor Group,Harbor Subaru Tidewater,Paid Search,2440,1959,1420,36
2024-09,Harbor Motor Group,Harbor Subaru Tidewater,Direct,1859,1537,1073,21
2024-09,Harbor Motor Group,Harbor Subaru Tidewater,Organic Social,1162,992,651,13
2024-09,Harbor Motor Group,Harbor Subaru Tidewater,Paid Social,929,791,491,19
2024-09,Harbor Motor Group,Harbor Subaru Tidewater,Referral,697,597,380,14
2024-09,Harbor Motor Group,Harbor Subaru Tidewater,Email,581,484,325,14
2024-09,Harbor Motor Group,Harbor Toyota Bayview,Organic Search,7223,5913,3422,190
2024-09,Harbor Motor Group,Harbor Toyota Bayview,Paid Search,4461,3367,2549,45
2024-09,Harbor Motor Group,Harbor Toyota Bayview,Direct,3399,2860,2024,69
2024-09,Harbor Motor Group,Harbor Toyota Bayview,Organic Social,2124,1629,1172,33
2024-09,Harbor Motor Group,Harbor Toyota Bayview,Paid Social,1699,1320,985,45
2024-09,Harbor Motor Group,Harbor Toyota Bayview,Referral,1274,1048,690,33
2024-09,Harbor Motor Group,Harbor Toyota Bayview,Email,1062,867,654,12
2024-09,Summit Auto Group,Summit BMW,Organic Search,6249,4623,3201,130
2024-09,Summit Auto Group,Summit BMW,Paid Search,3859,2901,2113,80
2024-09,Summit Auto Group,Summit BMW,Direct,2940,2183,1408,45
2024-09,Summit Auto Group,Summit BMW,Organic Social,1838,1470,971,29
2024-09,Summit Auto Group,Summit BMW,Paid Social,1470,1093,877,37
2024-09,Summit Auto Group,Summit BMW,Referral,1102,894,615,13
2024-09,Summit Auto Group,Summit BMW,Email,919,786,419,24
2024-09,Summit Auto Group,Summit Chevrolet Glenpark,Organic Search,6367,4764,3039,146
2024-09,Summit Auto Group,Summit Chevrolet Glenpark,Paid Search,3933,3367,1931,41
2024-09,Summit Auto Group,Summit Chevrolet Glenpark,Direct,2996,2545,1770,42
2024-09,Summit Auto Group,Summit Chevrolet Glenpark,Organic Social,1872,1490,995,19
2024-09,Summit Auto Group,Summit Chevrolet Glenpark,Paid Social,1498,1274,893,24
2024-09,Summit Auto Group,Summit Chevrolet Glenpark,Referral,1123,907,676,14
2024-09,Summit Auto Group,Summit Chevrolet Glenpark,Email,936,803,476,20
2024-09,Summit Auto Group,Summit Ford Rivera,Organic Search,6161,5026,3230,64
2024-09,Summit Auto Group,Summit Ford Rivera,Paid Search,3805,3189,2355,61
2024-09,Summit Auto Group,Summit Ford Rivera,Direct,2899,2098,1780,67
2024-09,Summit Auto Group,Summit Ford Rivera,Organic Social,1812,1338,1121,36
2024-09,Summit Auto Group,Summit Ford Rivera,Paid Social,1449,1183,842,26
2024-09,Summit Auto Group,Summit Ford Rivera,Referral,1087,862,521,12
2024-09,Summit Auto Group,Summit Ford Rivera,Email,906,658,435,11
2024-09,Summit Auto Group,Summit Honda Westland,Organic Search,6458,5206,3932,78
2024-09,Summit Auto Group,Summit Honda Westland,Paid Search,3988,3254,1862,43
2024-09,Summit Auto Group,Summit Honda Westland,Direct,3039,2359,1740,84
2024-09,Summit Auto Group,Summit Honda Westland,Organic Social,1899,1627,977,51
2024-09,Summit Auto Group,Summit Honda Westland,Paid Social,1519,1104,780,34
2024-09,Summit Auto Group,Summit Honda Westland,Referral,1139,825,691,16
2024-09,Summit Auto Group,Summit Honda Westland,Email,949,705,498,11
2024-09,Summit Auto Group,Summit Hyundai Oakhurst,Organic Search,4763,3540,2720,114
2024-09,Summit Auto Group,Summit Hyundai Oakhurst,Paid Search,2942,2317,1432,43
2024-09,Summit Auto Group,Summit Hyundai Oakhurst,Direct,2241,1713,1318,58
2024-09,Summit Auto Group,Summit Hyundai Oakhurst,Organic Social,1401,1198,764,29
2024-09,Summit Auto Group,Summit Hyundai Oakhurst,Paid Social,1120,910,692,28
2024-09,Summit Auto Group,Summit Hyundai Oakhurst,Referral,840,682,436,14
2024-09,Summit Auto Group,Summit Hyundai Oakhurst,Email,700,517,331,7
2024-09,Summit Auto Group,Summit Jeep Ram Clearwater,Organic Search,5654,4755,3192,144
2024-09,Summit Auto Group,Summit Jeep Ram Clearwater,Paid Search,3492,2874,1600,84
2024-09,Summit Auto Group,Summit Jeep Ram Clearwater,Direct,2661,2258,1444,28
2024-09,Summit Auto Group,Summit Jeep Ram Clearwater,Organic Social,1663,1381,1003,35
2024-09,Summit Auto Group,Summit Jeep Ram Clearwater,Paid Social,1330,1142,679,23
2024-09,Summit Auto Group,Summit Jeep Ram Clearwater,Referral,997,816,593,21
2024-09,Summit Auto Group,Summit Jeep Ram Clearwater,Email,831,704,435,16
2024-09,Summit Auto Group,Summit Kia Brookfield,Organic Search,4125,3157,2191,106
2024-09,Summit Auto Group,Summit Kia Brookfield,Paid Search,2548,1979,1408,67
2024-09,Summit Auto Group,Summit Kia Brookfield,Direct,1941,1604,1140,32
2024-09,Summit Auto Group,Summit Kia Brookfield,Organic Social,1213,998,730,25
2024-09,Summit Auto Group,Summit Kia Brookfield,Paid Social,970,811,550,20
2024-09,Summit Auto Group,Summit Kia Brookfield,Referral,728,612,438,14
2024-09,Summit Auto Group,Summit Kia Brookfield,Email,606,468,277,6
2024-09,Summit Auto Group,Summit Mazda Lakeside,Organic Search,3772,3134,1921,41
2024-09,Summit Auto Group,Summit Mazda Lakeside,Paid Search,2330,1811,1194,30
2024-09,Summit Auto Group,Summit Mazda Lakeside,Direct,1775,1498,913,38
2024-09,Summit Auto Group,Summit Mazda Lakeside,Organic Social,1109,941,609,25
2024-09,Summit Auto Group,Summit Mazda Lakeside,Paid Social,887,698,537,17
2024-09,Summit Auto Group,Summit Mazda Lakeside,Referral,665,558,347,9
2024-09,Summit Auto Group,Summit Mazda Lakeside,Email,554,423,267,6
2024-09,Summit Auto Group,Summit Nissan Ridgemont,Organic Search,5142,3967,2549,103
2024-09,Summit Auto Group,Summit Nissan Ridgemont,Paid Search,3176,2476,1710,68
2024-09,Summit Auto Group,Summit Nissan Ridgemont,Direct,2420,1796,1224,37
2024-09,Summit Auto Group,Summit Nissan Ridgemont,Organic Social,1512,1157,778,38
2024-09,Summit Auto Group,Summit Nissan Ridgemont,Paid Social,1210,890,576,29
2024-09,Summit Auto Group,Summit Nissan Ridgemont,Referral,907,728,516,17
2024-09,Summit Auto Group,Summit Nissan Ridgemont,Email,756,557,374,10
2024-09,Summit Auto Group,Summit Subaru Northgate,Organic Search,4105,3440,2388,69
2024-09,Summit Auto Group,Summit Subaru Northgate,Paid Search,2535,2121,1144,38
2024-09,Summit Auto Group,Summit Subaru Northgate,Direct,1932,1416,1143,54
2024-09,Summit Auto Group,Summit Subaru Northgate,Organic Social,1207,1025,580,14
2024-09,Summit Auto Group,Summit Subaru Northgate,Paid Social,966,818,471,22
2024-09,Summit Auto Group,Summit Subaru Northgate,Referral,724,599,376,16
2024-09,Summit Auto Group,Summit Subaru Northgate,Email,603,466,291,9
2024-09,Summit Auto Group,Summit Toyota of Fairview,Organic Search,7848,5655,4703,123
2024-09,Summit Auto Group,Summit Toyota of Fairview,Paid Search,4847,4166,2989,60
2024-09,Summit Auto Group,Summit Toyota of Fairview,Direct,3693,3081,1707,95
2024-09,Summit Auto Group,Summit Toyota of Fairview,Organic Social,2308,1838,1160,30
2024-09,Summit Auto Group,Summit Toyota of Fairview,Paid Social,1846,1403,965,23
2024-09,Summit Auto Group,Summit Toyota of Fairview,Referral,1384,1087,738,33
2024-09,Summit Auto Group,Summit Toyota of Fairview,Email,1154,948,685,21
2024-09,Summit Auto Group,Summit Volkswagen Eastdale,Organic Search,3221,2683,1766,54
2024-09,Summit Auto Group,Summit Volkswagen Eastdale,Paid Search,1989,1491,1064,37
2024-09,Summit Auto Group,Summit Volkswagen Eastdale,Direct,1516,1180,836,22
2024-09,Summit Auto Group,Summit Volkswagen Eastdale,Organic Social,947,813,451,10
2024-09,Summit Auto Group,Summit Volkswagen Eastdale,Paid Social,758,559,414,16
2024-09,Summit Auto Group,Summit Volkswagen Eastdale,Referral,568,423,283,8
2024-09,Summit Auto Group,Summit Volkswagen Eastdale,Email,473,405,230,5
2024-10,Harbor Motor Group,Harbor BMW,Organic Search,6163,5079,2990,101
2024-10,Harbor Motor Group,Harbor BMW,Paid Search,3806,3162,1721,77
2024-10,Harbor Motor Group,Harbor BMW,Direct,2900,2142,1747,51
2024-10,Harbor Motor Group,Harbor BMW,Organic Social,1812,1455,841,33
2024-10,Harbor Motor Group,Harbor BMW,Paid Social,1450,1070,840,23
2024-10,Harbor Motor Group,Harbor BMW,Referral,1087,874,651,23
2024-10,Harbor Motor Group,Harbor BMW,Email,906,690,535,17
2024-10,Harbor Motor Group,Harbor Chevrolet Marina,Organic Search,5541,4051,3322,152
2024-10,Harbor Motor Group,Harbor Chevrolet Marina,Paid Search,3422,2584,1994,69
2024-10,Harbor Motor Group,Harbor Chevrolet Marina,Direct,2607,1937,1508,37
2024-10,Harbor Motor Group,Harbor Chevrolet Marina,Organic Social,1629,1326,896,36
2024-10,Harbor Motor Group,Harbor Chevrolet Marina,Paid Social,1303,940,781,26
2024-10,Harbor Motor Group,Harbor Chevrolet Marina,Referral,977,804,497,18
2024-10,Harbor Motor Group,Harbor Chevrolet Marina,Email,814,642,487,19
2024-10,Harbor Motor Group,Harbor Ford Portside,Organic Search,7541,6310,4623,133
2024-10,Harbor Motor Group,Harbor Ford Portside,Paid Search,4657,3717,2465,54
2024-10,Harbor Motor Group,Harbor Ford Portside,Direct,3548,2827,2133,73
2024-10,Harbor Motor Group,Harbor Ford Portside,Organic Social,2218,1765,1072,22
2024-10,Harbor Motor Group,Harbor Ford Portside,Paid Social,1774,1504,844,48
2024-10,Harbor Motor Group,Harbor Ford Portside,Referral,1330,1093,637,35
2024-10,Harbor Motor Group,Harbor Ford Portside,Email,1109,807,554,14
2024-10,Harbor Motor Group,Harbor Honda Seaside,Organic Search,5087,3795,2649,73
2024-10,Harbor Motor Group,Harbor Honda Seaside,Paid Search,3142,2350,1704,39
2024-10,Harbor Motor Group,Harbor Honda Seaside,Direct,2393,1879,1147,47
2024-10,Harbor Motor Group,Harbor Honda Seaside,Organic Social,1496,1149,826,40
2024-10,Harbor Motor Group,Harbor Honda Seaside,Paid Social,1196,938,738,26
2024-10,Harbor Motor Group,Harbor Honda Seaside,Referral,897,675,543,20
2024-10,Harbor Motor Group,Harbor Honda Seaside,Email,748,566,453,10
2024-10,Harbor Motor Group,Harbor Jeep Ram Anchor,Organic Search,4605,3867,2085,53
2024-10,Harbor Motor Group,Harbor Jeep Ram Anchor,Paid Search,2844,2291,1751,47
2024-10,Harbor Motor Group,Harbor Jeep Ram Anchor,Direct,2167,1628,1256,27
2024-10,Harbor Motor Group,Harbor Jeep Ram Anchor,Organic Social,1354,1013,711,28
2024-10,Harbor Motor Group,Harbor Jeep Ram Anchor,Paid Social,1083,895,536,22
2024-10,Harbor Motor Group,Harbor Jeep Ram Anchor,Referral,812,598,495,21
2024-10,Harbor Motor Group,Harbor Jeep Ram Anchor,Email,677,493,388,13
2024-10,Harbor Motor Group,Harbor Kia Lighthouse,Organic Search,3608,2884,2014,76
2024-10,Harbor Motor Group,Harbor Kia Lighthouse,Paid Search,2228,1682,1031,56
2024-10,Harbor Motor Group,Harbor Kia Lighthouse,Direct,1698,1223,1035,18
2024-10,Harbor Motor Group,Harbor Kia Lighthouse,Organic Social,1061,884,600,28
2024-10,Harbor Motor Group,Harbor Kia Lighthouse,Paid Social,849,653,508,22
2024-10,Harbor Motor Group,Harbor Kia Lighthouse,Referral,636,476,373,16
2024-10,Harbor Motor Group,Harbor Kia Lighthouse,Email,530,391,289,13
2024-10,Harbor Motor Group,Harbor Subaru Tidewater,Organic Search,3862,3277,2072,46
2024-10,Harbor Motor Group,Harbor Subaru Tidewater,Paid Search,2385,1920,1123,58
2024-10,Harbor Motor Group,Harbor Subaru Tidewater,Direct,1817,1488,1008,37
2024-10,Harbor Motor Group,Harbor Subaru Tidewater,Organic Social,1135,949,644,31
2024-10,Harbor Motor Group,Harbor Subaru Tidewater,Paid Social,908,676,540,11
2024-10,Harbor Motor Group,Harbor Subaru Tidewater,Referral,681,535,408,9
2024-10,Harbor Motor Group,Harbor Subaru Tidewater,Email,567,439,319,15
2024-10,Harbor Motor Group,Harbor Toyota Bayview,Organic Search,7778,5626,3949,123
2024-10,Harbor Motor Group,Harbor Toyota Bayview,Paid Search,4804,3551,2361,131
2024-10,Harbor Motor Group,Harbor Toyota Bayview,Direct,3660,3012,2178,43
2024-10,Harbor Motor Group,Harbor Toyota Bayview,Organic Social,2287,1770,1334,39
2024-10,Harbor Motor Group,Harbor Toyota Bayview,Paid Social,1830,1364,1074,38
2024-10,Harbor Motor Group,Harbor Toyota Bayview,Referral,1372,1025,752,35
2024-10,Harbor Motor Group,Harbor Toyota Bayview,Email,1143,848,592,20
2024-10,Summit Auto Group,Summit BMW,Organic Search,5651,4801,2544,65
2024-10,Summit Auto Group,Summit BMW,Paid Search,3490,2516,1627,43
2024-10,Summit Auto Group,Summit BMW,Direct,2659,2126,1523,56
2024-10,Summit Auto Group,Summit BMW,Organic Social,1662,1314,857,30
2024-10,Summit Auto Group,Summit BMW,Paid Social,1329,1113,761,36
2024-10,Summit Auto Group,Summit BMW,Referral,997,805,501,10
2024-10,Summit Auto Group,Summit BMW,Email,831,675,426,22
2024-10,Summit Auto Group,Summit Chevrolet Glenpark,Organic Search,6493,5186,3252,86
2024-10,Summit Auto Group,Summit Chevrolet Glenpark,Paid Search,4010,3053,1839,101
2024-10,Summit Auto Group,Summit Chevrolet Glenpark,Direct,3055,2302,1725,68
2024-10,Summit Auto Group,Summit Chevrolet Glenpark,Organic Social,1909,1626,1015,50
2024-10,Summit Auto Group,Summit Chevrolet Glenpark,Paid Social,1527,1116,777,31
2024-10,Summit Auto Group,Summit Chevrolet Glenpark,Referral,1145,949,572,21
2024-10,Summit Auto Group,Summit Chevrolet Glenpark,Email,954,806,552,14
2024-10,Summit Auto Group,Summit Ford Rivera,Organic Search,7298,6004,4416,105
2024-10,Summit Auto Group,Summit Ford Rivera,Paid Search,4507,3502,2433,89
2024-10,Summit Auto Group,Summit Ford Rivera,Direct,3434,2624,1939,59
2024-10,Summit Auto Group,Summit Ford Rivera,Organic Social,2146,1809,1297,46
2024-10,Summit Auto Group,Summit Ford Rivera,Paid Social,1717,1398,1006,34
2024-10,Summit Auto Group,Summit Ford Rivera,Referral,1287,995,633,29
2024-10,Summit Auto Group,Summit Ford Rivera,Email,1073,827,598,29
2024-10,Summit Auto Group,Summit Honda Westland,Organic Search,6238,4822,3467,145
2024-10,Summit Auto Group,Summit Honda Westland,Paid Search,3853,3170,2064,92
2024-10,Summit Auto Group,Summit Honda Westland,Direct,2935,2354,1484,66
2024-10,Summit Auto Group,Summit Honda Westland,Organic Social,1834,1450,1116,21
2024-10,Summit Auto Group,Summit Honda Westland,Paid Social,1467,1112,882,17
2024-10,Summit Auto Group,Summit Honda Westland,Referral,1100,794,580,26
2024-10,Summit Auto Group,Summit Honda Westland,Email,917,753,507,19
2024-10,Summit Auto Group,Summit Hyundai Oakhurst,Organic Search,4307,3260,2634,83
2024-10,Summit Auto Group,Summit Hyundai Oakhurst,Paid Search,2660,2172,1450,66
2024-10,Summit Auto Group,Summit Hyundai Oakhurst,Direct,2027,1541,1162,27
2024-10,Summit Auto Group,Summit Hyundai Oakhurst,Organic Social,1266,1060,603,28
2024-10,Summit Auto Group,Summit Hyundai Oakhurst,Paid Social,1013,855,523,16
2024-10,Summit Auto Group,Summit Hyundai Oakhurst,Referral,760,568,431,14
2024-10,Summit Auto Group,Summit Hyundai Oakhurst,Email,633,541,353,17
2024-10,Summit Auto Group,Summit Jeep Ram Clearwater,Organic Search,5818,4206,3308,109
2024-10,Summit Auto Group,Summit Jeep Ram Clearwater,Paid Search,3593,3033,1787,94
2024-10,Summit Auto Group,Summit Jeep Ram Clearwater,Direct,2737,2307,1600,30
2024-10,Summit Auto Group,Summit Jeep Ram Clearwater,Organic Social,1711,1322,911,35
2024-10,Summit Auto Group,Summit Jeep Ram Clearwater,Paid Social,1368,1099,634,29
2024-10,Summit Auto Group,Summit Jeep Ram Clearwater,Referral,1026,833,620,13
2024-10,Summit Auto Group,Summit Jeep Ram Clearwater,Email,855,688,450,23
2024-10,Summit Auto Group,Summit Kia Brookfield,Organic Search,4701,3888,2222,99
2024-10,Summit Auto Group,Summit Kia Brookfield,Paid Search,2903,2315,1378,43
2024-10,Summit Auto Group,Summit Kia Brookfield,Direct,2212,1620,1245,57
2024-10,Summit Auto Group,Summit Kia Brookfield,Organic Social,1382,1164,702,33
2024-10,Summit Auto Group,Summit Kia Brookfield,Paid Social,1106,886,546,13
2024-10,Summit Auto Group,Summit Kia Brookfield,Referral,829,618,457,18
2024-10,Summit Auto Group,Summit Kia Brookfield,Email,691,505,319,15
2024-10,Summit Auto Group,Summit Mazda Lakeside,Organic Search,2813,2406,1673,32
2024-10,Summit Auto Group,Summit Mazda Lakeside,Paid Search,1737,1407,1047,34
2024-10,Summit Auto Group,Summit Mazda Lakeside,Direct,1324,1111,696,14
2024-10,Summit Auto Group,Summit Mazda Lakeside,Organic Social,827,631,387,11
2024-10,Summit Auto Group,Summit Mazda Lakeside,Paid Social,662,511,299,11
2024-10,Summit Auto Group,Summit Mazda Lakeside,Referral,496,420,293,9
2024-10,Summit Auto Group,Summit Mazda Lakeside,Email,413,311,245,11
2024-10,Summit Auto Group,Summit Nissan Ridgemont,Organic Search,4486,3722,2558,68
2024-10,Summit Auto Group,Summit Nissan Ridgemont,Paid Search,2770,2046,1367,52
2024-10,Summit Auto Group,Summit Nissan Ridgemont,Direct,2111,1755,953,21
2024-10,Summit Auto Group,Summit Nissan Ridgemont,Organic Social,1319,1019,641,22
2024-10,Summit Auto Group,Summit Nissan Ridgemont,Paid Social,1055,820,505,22
2024-10,Summit Auto Group,Summit Nissan Ridgemont,Referral,791,620,444,9
2024-10,Summit Auto Group,Summit Nissan Ridgemont,Email,659,520,361,17
2024-10,Summit Auto Group,Summit Subaru Northgate,Organic Search,3668,2856,1951,41
2024-10,Summit Auto Group,Summit Subaru Northgate,Paid Search,2265,1678,1304,57
2024-10,Summit Auto Group,Summit Subaru Northgate,Direct,1726,1383,978,25
2024-10,Summit Auto Group,Summit Subaru Northgate,Organic Social,1079,927,617,25
2024-10,Summit Auto Group,Summit Subaru Northgate,Paid Social,863,655,409,19
2024-10,Summit Auto Group,Summit Subaru Northgate,Referral,647,492,300,17
2024-10,Summit Auto Group,Summit Subaru Northgate,Email,539,456,243,12
2024-10,Summit Auto Group,Summit Toyota of Fairview,Organic Search,8591,6434,5210,202
2024-10,Summit Auto Group,Summit Toyota of Fairview,Paid Search,5306,3869,3008,101
2024-10,Summit Auto Group,Summit Toyota of Fairview,Direct,4043,3388,2414,97
2024-10,Summit Auto Group,Summit Toyota of Fairview,Organic Social,2526,1962,1410,30
2024-10,Summit Auto Group,Summit Toyota of Fairview,Paid Social,2021,1613,1061,41
2024-10,Summit Auto Group,Summit Toyota of Fairview,Referral,1516,1291,869,21
2024-10,Summit Auto Group,Summit Toyota of Fairview,Email,1263,1033,709,18
2024-10,Summit Auto Group,Summit Volkswagen Eastdale,Organic Search,2837,2236,1497,54
2024-10,Summit Auto Group,Summit Volkswagen Eastdale,Paid Search,1752,1263,1005,24
2024-10,Summit Auto Group,Summit Volkswagen Eastdale,Direct,1335,1108,743,18
2024-10,Summit Auto Group,Summit Volkswagen Eastdale,Organic Social,834,640,441,22
2024-10,Summit Auto Group,Summit Volkswagen Eastdale,Paid Social,667,569,307,7
2024-10,Summit Auto Group,Summit Volkswagen Eastdale,Referral,500,370,251,7
2024-10,Summit Auto Group,Summit Volkswagen Eastdale,Email,417,300,207,4
2024-11,Harbor Motor Group,Harbor BMW,Organic Search,5646,4200,3096,87
2024-11,Harbor Motor Group,Harbor BMW,Paid Search,3487,2858,2007,81
2024-11,Harbor Motor Group,Harbor BMW,Direct,2656,2280,1593,71
2024-11,Harbor Motor Group,Harbor BMW,Organic Social,1660,1203,990,37
2024-11,Harbor Motor Group,Harbor BMW,Paid Social,1328,990,764,25
2024-11,Harbor Motor Group,Harbor BMW,Referral,996,760,583,20
2024-11,Harbor Motor Group,Harbor BMW,Email,830,656,393,18
2024-11,Harbor Motor Group,Harbor Chevrolet Marina,Organic Search,5299,4033,3233,112
2024-11,Harbor Motor Group,Harbor Chevrolet Marina,Paid Search,3273,2667,1689,83
2024-11,Harbor Motor Group,Harbor Chevrolet Marina,Direct,2494,2070,1355,50
2024-11,Harbor Motor Group,Harbor Chevrolet Marina,Organic Social,1558,1298,719,39
2024-11,Harbor Motor Group,Harbor Chevrolet Marina,Paid Social,1247,918,575,13
2024-11,Harbor Motor Group,Harbor Chevrolet Marina,Referral,935,764,526,20
2024-11,Harbor Motor Group,Harbor Chevrolet Marina,Email,779,609,356,8
2024-11,Harbor Motor Group,Harbor Ford Portside,Organic Search,7128,5581,4204,158
2024-11,Harbor Motor Group,Harbor Ford Portside,Paid Search,4402,3384,2377,54
2024-11,Harbor Motor Group,Harbor Ford Portside,Direct,3354,2713,1661,62
2024-11,Harbor Motor Group,Harbor Ford Portside,Organic Social,2096,1682,966,21
2024-11,Harbor Motor Group,Harbor Ford Portside,Paid Social,1677,1400,804,43
2024-11,Harbor Motor Group,Harbor Ford Portside,Referral,1257,1053,570,24
2024-11,Harbor Motor Group,Harbor Ford Portside,Email,1048,851,616,21
2024-11,Harbor Motor Group,Harbor Honda Seaside,Organic Search,5984,4407,2807,109
2024-11,Harbor Motor Group,Harbor Honda Seaside,Paid Search,3696,2787,1722,69
2024-11,Harbor Motor Group,Harbor Honda Seaside,Direct,2816,2265,1388,69
2024-11,Harbor Motor Group,Harbor Honda Seaside,Organic Social,1760,1375,961,38
2024-11,Harbor Motor Group,Harbor Honda Seaside,Paid Social,1408,1175,770,37
2024-11,Harbor Motor Group,Harbor Honda Seaside,Referral,1056,765,617,14
2024-11,Harbor Motor Group,Harbor Honda Seaside,Email,880,666,520,10
2024-11,Harbor Motor Group,Harbor Jeep Ram Anchor,Organic Search,5281,3895,3137,139
2024-11,Harbor Motor Group,Harbor Jeep Ram Anchor,Paid Search,3262,2443,1632,87
2024-11,Harbor Motor Group,Harbor Jeep Ram Anchor,Direct,2485,2019,1221,56
2024-11,Harbor Motor Group,Harbor Jeep Ram Anchor,Organic Social,1553,1136,911,18
2024-11,Harbor Motor Group,Harbor Jeep Ram Anchor,Paid Social,1242,1061,671,17
2024-11,Harbor Motor Group,Harbor Jeep Ram Anchor,Referral,932,784,486,20
2024-11,Harbor Motor Group,Harbor Jeep Ram Anchor,Email,776,641,372,15
2024-11,Harbor Motor Group,Harbor Kia Lighthouse,Organic Search,3676,3015,1938,61
2024-11,Harbor Motor Group,Harbor Kia Lighthouse,Paid Search,2270,1799,1197,32
2024-11,Harbor Motor Group,Harbor Kia Lighthouse,Direct,1729,1428,971,25
2024-11,Harbor Motor Group,Harbor Kia Lighthouse,Organic Social,1081,889,558,21
2024-11,Harbor Motor Group,Harbor Kia Lighthouse,Paid Social,864,740,397,22
2024-11,Harbor Motor Group,Harbor Kia Lighthouse,Referral,648,510,303,16
2024-11,Harbor Motor Group,Harbor Kia Lighthouse,Email,540,452,264,10
2024-11,Harbor Motor Group,Harbor Subaru Tidewater,Organic Search,3292,2718,1583,85
2024-11,Harbor Motor Group,Harbor Subaru Tidewater,Paid Search,2033,1741,1014,22
2024-11,Harbor Motor Group,Harbor Subaru Tidewater,Direct,1549,1291,821,28
2024-11,Harbor Motor Group,Harbor Subaru Tidewater,Organic Social,968,735,471,11
2024-11,Harbor Motor Group,Harbor Subaru Tidewater,Paid Social,774,558,449,19
2024-11,Harbor Motor Group,Harbor Subaru Tidewater,Referral,581,447,264,7
2024-11,Harbor Motor Group,Harbor Subaru Tidewater,Email,484,351,291,4
2024-11,Harbor Motor Group,Harbor Toyota Bayview,Organic Search,8026,6578,3642,144
2024-11,Harbor Motor Group,Harbor Toyota Bayview,Paid Search,4957,3730,2908,72
2024-11,Harbor Motor Group,Harbor Toyota Bayview,Direct,3777,2975,2016,58
2024-11,Harbor Motor Group,Harbor Toyota Bayview,Organic Social,2360,1710,1375,57
2024-11,Harbor Motor Group,Harbor Toyota Bayview,Paid Social,1888,1601,1024,34
2024-11,Harbor Motor Group,Harbor Toyota Bayview,Referral,1416,1031,736,24
2024-11,Harbor Motor Group,Harbor Toyota Bayview,Email,1180,895,542,16
2024-11,Summit Auto Group,Summit BMW,Organic Search,5685,4098,3262,96
2024-11,Summit Auto Group,Summit BMW,Paid Search,3511,2816,2122,74
2024-11,Summit Auto Group,Summit BMW,Direct,2675,2193,1463,44
2024-11,Summit Auto Group,Summit BMW,Organic Social,1672,1365,760,23
2024-11,Summit Auto Group,Summit BMW,Paid Social,1337,1095,794,33
2024-11,Summit Auto Group,Summit BMW,Referral,1003,860,526,11
2024-11,Summit Auto Group,Summit BMW,Email,836,687,505,18
2024-11,Summit Auto Group,Summit Chevrolet Glenpark,Organic Search,6128,5014,3767,149
2024-11,Summit Auto Group,Summit Chevrolet Glenpark,Paid Search,3785,3155,2103,68
2024-11,Summit Auto Group,Summit Chevrolet Glenpark,Direct,2884,2458,1710,69
2024-11,Summit Auto Group,Summit Chevrolet Glenpark,Organic Social,1802,1329,992,44
2024-11,Summit Auto Group,Summit Chevrolet Glenpark,Paid Social,1442,1092,842,33
2024-11,Summit Auto Group,Summit Chevrolet Glenpark,Referral,1081,852,518,19
2024-11,Summit Auto Group,Summit Chevrolet Glenpark,Email,901,673,510,22
2024-11,Summit Auto Group,Summit Ford Rivera,Organic Search,6095,5093,2749,102
2024-11,Summit Auto Group,Summit Ford Rivera,Paid Search,3764,3113,1717,61
2024-11,Summit Auto Group,Summit Ford Rivera,Direct,2868,2414,1643,58
2024-11,Summit Auto Group,Summit Ford Rivera,Organic Social,1792,1379,870,29
2024-11,Summit Auto Group,Summit Ford Rivera,Paid Social,1434,1117,789,35
2024-11,Summit Auto Group,Summit Ford Rivera,Referral,1075,887,619,25
2024-11,Summit Auto Group,Summit Ford Rivera,Email,896,691,427,21
2024-11,Summit Auto Group,Summit Honda Westland,Organic Search,5569,4177,3231,106
2024-11,Summit Auto Group,Summit Honda Westland,Paid Search,3439,2797,1813,92
2024-11,Summit Auto Group,Summit Honda Westland,Direct,2620,2210,1524,43
2024-11,Summit Auto Group,Summit Honda Westland,Organic Social,1638,1289,985,41
2024-11,Summit Auto Group,Summit Honda Westland,Paid Social,1310,982,744,17
2024-11,Summit Auto Group,Summit Honda Westland,Referral,982,753,474,20
2024-11,Summit Auto Group,Summit Honda Westland,Email,819,642,456,21
2024-11,Summit Auto Group,Summit Hyundai Oakhurst,Organic Search,4391,3276,2194,74
2024-11,Summit Auto Group,Summit Hyundai Oakhurst,Paid Search,2712,2331,1412,36
2024-11,Summit Auto Group,Summit Hyundai Oakhurst,Direct,2066,1730,1175,42
2024-11,Summit Auto Group,Summit Hyundai Oakhurst,Organic Social,1291,991,765,32
2024-11,Summit Auto Group,Summit Hyundai Oakhurst,Paid Social,1033,887,548,25
2024-11,Summit Auto Group,Summit Hyundai Oakhurst,Referral,774,644,424,8
2024-11,Summit Auto Group,Summit Hyundai Oakhurst,Email,645,549,360,9
2024-11,Summit Auto Group,Summit Jeep Ram Clearwater,Organic Search,5824,4343,3367,83
2024-11,Summit Auto Group,Summit Jeep Ram Clearwater,Paid Search,3597,2782,1889,57
2024-11,Summit Auto Group,Summit Jeep Ram Clearwater,Direct,2740,2027,1578,36
2024-11,Summit Auto Group,Summit Jeep Ram Clearwater,Organic Social,1713,1384,778,18
2024-11,Summit Auto Group,Summit Jeep Ram Clearwater,Paid Social,1370,1007,618,28
2024-11,Summit Auto Group,Summit Jeep Ram Clearwater,Referral,1027,787,512,16
2024-11,Summit Auto Group,Summit Jeep Ram Clearwater,Email,856,617,423,14
2024-11,Summit Auto Group,Summit Kia Brookfield,Organic Search,3887,3134,2320,59
2024-11,Summit Auto Group,Summit Kia Brookfield,Paid Search,2401,1807,1230,62
2024-11,Summit Auto Group,Summit Kia Brookfield,Direct,1829,1480,1075,45
2024-11,Summit Auto Group,Summit Kia Brookfield,Organic Social,1143,950,661,18
2024-11,Summit Auto Group,Summit Kia Brookfield,Paid Social,914,677,476,12
2024-11,Summit Auto Group,Summit Kia Brookfield,Referral,686,579,336,12
2024-11,Summit Auto Group,Summit Kia Brookfield,Email,571,472,296,15
2024-11,Summit Auto Group,Summit Mazda Lakeside,Organic Search,3687,2800,1908,72
2024-11,Summit Auto Group,Summit Mazda Lakeside,Paid Search,2277,1903,1172,28
2024-11,Summit Auto Group,Summit Mazda Lakeside,Direct,1735,1420,1070,29
2024-11,Summit Auto Group,Summit Mazda Lakeside,Organic Social,1084,845,495,24
2024-11,Summit Auto Group,Summit Mazda Lakeside,Paid Social,867,677,526,18
2024-11,Summit Auto Group,Summit Mazda Lakeside,Referral,650,483,337,16
2024-11,Summit Auto Group,Summit Mazda Lakeside,Email,542,427,296,8
2024-11,Summit Auto Group,Summit Nissan Ridgemont,Organic Search,4322,3556,2548,56
2024-11,Summit Auto Group,Summit Nissan Ridgemont,Paid Search,2669,1947,1628,50
2024-11,Summit Auto Group,Summit Nissan Ridgemont,Direct,2033,1747,1144,26
2024-11,Summit Auto Group,Summit Nissan Ridgemont,Organic Social,1271,1037,782,26
2024-11,Summit Auto Group,Summit Nissan Ridgemont,Paid Social,1016,748,546,17
2024-11,Summit Auto Group,Summit Nissan Ridgemont,Referral,762,628,416,8
2024-11,Summit Auto Group,Summit Nissan Ridgemont,Email,635,517,387,12
2024-11,Summit Auto Group,Summit Subaru Northgate,Organic Search,3848,3057,1939,93
2024-11,Summit Auto Group,Summit Subaru Northgate,Paid Search,2377,1916,1468,26
2024-11,Summit Auto Group,Summit Subaru Northgate,Direct,1811,1425,1007,45
2024-11,Summit Auto Group,Summit Subaru Northgate,Organic Social,1132,944,697,29
2024-11,Summit Auto Group,Summit Subaru Northgate,Paid Social,905,729,473,13
2024-11,Summit Auto Group,Summit Subaru Northgate,Referral,679,563,414,10
2024-11,Summit Auto Group,Summit Subaru Northgate,Email,566,435,314,8
2024-11,Summit Auto Group,Summit Toyota of Fairview,Organic Search,7519,6039,4225,141
2024-11,Summit Auto Group,Summit Toyota of Fairview,Paid Search,4644,3966,2656,48
2024-11,Summit Auto Group,Summit Toyota of Fairview,Direct,3538,2898,1774,38
2024-11,Summit Auto Group,Summit Toyota of Fairview,Organic Social,2211,1664,1148,25
2024-11,Summit Auto Group,Summit Toyota of Fairview,Paid Social,1769,1350,1073,29
2024-11,Summit Auto Group,Summit Toyota of Fairview,Referral,1327,1057,637,32
2024-11,Summit Auto Group,Summit Toyota of Fairview,Email,1105,925,642,22
2024-11,Summit Auto Group,Summit Volkswagen Eastdale,Organic Search,3246,2422,1519,41
2024-11,Summit Auto Group,Summit Volkswagen Eastdale,Paid Search,2005,1558,1156,38
2024-11,Summit Auto Group,Summit Volkswagen Eastdale,Direct,1527,1117,906,23
2024-11,Summit Auto Group,Summit Volkswagen Eastdale,Organic Social,954,774,433,18
2024-11,Summit Auto Group,Summit Volkswagen Eastdale,Paid Social,763,638,425,18
2024-11,Summit Auto Group,Summit Volkswagen Eastdale,Referral,572,450,337,13
2024-11,Summit Auto Group,Summit Volkswagen Eastdale,Email,477,398,219,6
2024-12,Harbor Motor Group,Harbor BMW,Organic Search,5672,4182,3115,72
2024-12,Harbor Motor Group,Harbor BMW,Paid Search,3503,2842,1748,93
2024-12,Harbor Motor Group,Harbor BMW,Direct,2669,2151,1535,36
2024-12,Harbor Motor Group,Harbor BMW,Organic Social,1668,1202,812,24
2024-12,Harbor Motor Group,Harbor BMW,Paid Social,1334,1034,813,15
2024-12,Harbor Motor Group,Harbor BMW,Referral,1000,755,548,14
2024-12,Harbor Motor Group,Harbor BMW,Email,834,647,462,15
2024-12,Harbor Motor Group,Harbor Chevrolet Marina,Organic Search,5544,3994,2808,63
2024-12,Harbor Motor Group,Harbor Chevrolet Marina,Paid Search,3424,2839,2075,46
2024-12,Harbor Motor Group,Harbor Chevrolet Marina,Direct,2608,1932,1421,33
2024-12,Harbor Motor Group,Harbor Chevrolet Marina,Organic Social,1630,1227,886,24
2024-12,Harbor Motor Group,Harbor Chevrolet Marina,Paid Social,1304,1061,695,17
2024-12,Harbor Motor Group,Harbor Chevrolet Marina,Referral,978,814,526,20
2024-12,Harbor Motor Group,Harbor Chevrolet Marina,Email,815,686,428,15
2024-12,Harbor Motor Group,Harbor Ford Portside,Organic Search,5846,4359,3232,146
2024-12,Harbor Motor Group,Harbor Ford Portside,Paid Search,3611,2655,1790,76
2024-12,Harbor Motor Group,Harbor Ford Portside,Direct,2751,2126,1400,64
2024-12,Harbor Motor Group,Harbor Ford Portside,Organic Social,1719,1436,1011,46
2024-12,Harbor Motor Group,Harbor Ford Portside,Paid Social,1375,1101,747,30
2024-12,Harbor Motor Group,Harbor Ford Portside,Referral,1031,826,533,10
2024-12,Harbor Motor Group,Harbor Ford Portside,Email,859,736,443,22
2024-12,Harbor Motor Group,Harbor Honda Seaside,Organic Search,6837,5160,3489,181
2024-12,Harbor Motor Group,Harbor Honda Seaside,Paid Search,4223,3294,2082,98
2024-12,Harbor Motor Group,Harbor Honda Seaside,Direct,3217,2632,1723,51
2024-12,Harbor Motor Group,Harbor Honda Seaside,Organic Social,2011,1582,978,33
2024-12,Harbor Motor Group,Harbor Honda Seaside,Paid Social,1608,1282,728,26
2024-12,Harbor Motor Group,Harbor Honda Seaside,Referral,1206,901,679,19
2024-12,Harbor Motor Group,Harbor Honda Seaside,Email,1005,803,610,21
2024-12,Harbor Motor Group,Harbor Jeep Ram Anchor,Organic Search,4211,3491,2261,109
2024-12,Harbor Motor Group,Harbor Jeep Ram Anchor,Paid Search,2601,2201,1415,62
2024-12,Harbor Motor Group,Harbor Jeep Ram Anchor,Direct,1982,1485,958,23
2024-12,Harbor Motor Group,Harbor Jeep Ram Anchor,Organic Social,1238,1038,722,16
2024-12,Harbor Motor Group,Harbor Jeep Ram Anchor,Paid Social,991,755,519,22
2024-12,Harbor Motor Group,Harbor Jeep Ram Anchor,Referral,743,632,432,11
2024-12,Harbor Motor Group,Harbor Jeep Ram Anchor,Email,619,524,302,14
2024-12,Harbor Motor Group,Harbor Kia Lighthouse,Organic Search,3358,2599,1607,70
2024-12,Harbor Motor Group,Harbor Kia Lighthouse,Paid Search,2074,1559,1095,43
2024-12,Harbor Motor Group,Harbor Kia Lighthouse,Direct,1580,1278,933,20
2024-12,Harbor Motor Group,Harbor Kia Lighthouse,Organic Social,987,757,580,16
2024-12,Harbor Motor Group,Harbor Kia Lighthouse,Paid Social,790,595,484,20
2024-12,Harbor Motor Group,Harbor Kia Lighthouse,Referral,592,445,357,8
2024-12,Harbor Motor Group,Harbor Kia Lighthouse,Email,493,418,285,7
2024-12,Harbor Motor Group,Harbor Subaru Tidewater,Organic Search,2998,2218,1608,59
2024-12,Harbor Motor Group,Harbor Subaru Tidewater,Paid Search,1851,1484,1017,32
2024-12,Harbor Motor Group,Harbor Subaru Tidewater,Direct,1410,1084,850,20
2024-12,Harbor Motor Group,Harbor Subaru Tidewater,Organic Social,881,638,472,12
2024-12,Harbor Motor Group,Harbor Subaru Tidewater,Paid Social,705,575,335,15
2024-12,Harbor Motor Group,Harbor Subaru Tidewater,Referral,529,391,256,11
2024-12,Harbor Motor Group,Harbor Subaru Tidewater,Email,440,372,258,5
2024-12,Harbor Motor Group,Harbor Toyota Bayview,Organic Search,6140,4426,3676,163
2024-12,Harbor Motor Group,Harbor Toyota Bayview,Paid Search,3792,3089,1766,47
2024-12,Harbor Motor Group,Harbor Toyota Bayview,Direct,2889,2323,1627,43
2024-12,Harbor Motor Group,Harbor Toyota Bayview,Organic Social,1806,1336,1111,27
2024-12,Harbor Motor Group,Harbor Toyota Bayview,Paid Social,1444,1205,824,15
2024-12,Harbor Motor Group,Harbor Toyota Bayview,Referral,1083,856,558,17
2024-12,Harbor Motor Group,Harbor Toyota Bayview,Email,903,702,426,21
2024-12,Summit Auto Group,Summit BMW,Organic Search,5359,4445,2430,85
2024-12,Summit Auto Group,Summit BMW,Paid Search,3310,2758,1635,43
2024-12,Summit Auto Group,Summit BMW,Direct,2521,2055,1519,43
2024-12,Summit Auto Group,Summit BMW,Organic Social,1576,1308,794,34
2024-12,Summit Auto Group,Summit BMW,Paid Social,1260,909,586,26
2024-12,Summit Auto Group,Summit BMW,Referral,945,800,547,15
2024-12,Summit Auto Group,Summit BMW,Email,788,654,475,16
2024-12,Summit Auto Group,Summit Chevrolet Glenpark,Organic Search,5273,3952,3215,142
2024-12,Summit Auto Group,Summit Chevrolet Glenpark,Paid Search,3257,2674,1726,79
2024-12,Summit Auto Group,Summit Chevrolet Glenpark,Direct,2481,1863,1211,52
2024-12,Summit Auto Group,Summit Chevrolet Glenpark,Organic Social,1551,1204,786,16
2024-12,Summit Auto Group,Summit Chevrolet Glenpark,Paid Social,1240,954,759,16
2024-12,Summit Auto Group,Summit Chevrolet Glenpark,Referral,930,755,499,15
2024-12,Summit Auto Group,Summit Chevrolet Glenpark,Email,775,584,479,10
2024-12,Summit Auto Group,Summit Ford Rivera,Organic Search,7067,5533,3324,73
2024-12,Summit Auto Group,Summit Ford Rivera,Paid Search,4365,3636,2194,77
2024-12,Summit Auto Group,Summit Ford Rivera,Direct,3326,2443,2002,75
2024-12,Summit Auto Group,Summit Ford Rivera,Organic Social,2078,1654,1091,33
2024-12,Summit Auto Group,Summit Ford Rivera,Paid Social,1663,1363,1007,33
2024-12,Summit Auto Group,Summit Ford Rivera,Referral,1247,1047,758,30
2024-12,Summit Auto Group,Summit Ford Rivera,Email,1039,754,567,15
2024-12,Summit Auto Group,Summit Honda Westland,Organic Search,6941,5365,4140,91
2024-12,Summit Auto Group,Summit Honda Westland,Paid Search,4287,3132,2122,79
2024-12,Summit Auto Group,Summit Honda Westland,Direct,3266,2352,1557,54
2024-12,Summit Auto Group,Summit Honda Westland,Organic Social,2041,1484,957,39
2024-12,Summit Auto Group,Summit Honda Westland,Paid Social,1633,1275,898,34
2024-12,Summit Auto Group,Summit Honda Westland,Referral,1225,882,657,27
2024-12,Summit Auto Group,Summit Honda Westland,Email,1020,775,491,15
2024-12,Summit Auto Group,Summit Hyundai Oakhurst,Organic Search,4537,3833,2465,49
2024-12,Summit Auto Group,Summit Hyundai Oakhurst,Paid Search,2802,2142,1720,67
2024-12,Summit Auto Group,Summit Hyundai Oakhurst,Direct,2135,1561,981,22
2024-12,Summit Auto Group,Summit Hyundai Oakhurst,Organic Social,1334,1058,607,31
2024-12,Summit Auto Group,Summit Hyundai Oakhurst,Paid Social,1067,777,528,28
2024-12,Summit Auto Group,Summit Hyundai Oakhurst,Referral,800,670,493,18
2024-12,Summit Auto Group,Summit Hyundai Oakhurst,Email,667,504,389,11
2024-12,Summit Auto Group,Summit Jeep Ram Clearwater,Organic Search,5461,4623,2922,145
2024-12,Summit Auto Group,Summit Jeep Ram Clearwater,Paid Search,3373,2656,1567,56
2024-12,Summit Auto Group,Summit Jeep Ram Clearwater,Direct,2570,2057,1233,40
2024-12,Summit Auto Group,Summit Jeep Ram Clearwater,Organic Social,1606,1238,906,40
2024-12,Summit Auto Group,Summit Jeep Ram Clearwater,Paid Social,1285,959,613,33
2024-12,Summit Auto Group,Summit Jeep Ram Clearwater,Referral,963,806,480,26
2024-12,Summit Auto Group,Summit Jeep Ram Clearwater,Email,803,606,475,15
2024-12,Summit Auto Group,Summit Kia Brookfield,Organic Search,3968,3189,2214,47
2024-12,Summit Auto Group,Summit Kia Brookfield,Paid Search,2451,1775,1418,35
2024-12,Summit Auto Group,Summit Kia Brookfield,Direct,1867,1529,1020,23
2024-12,Summit Auto Group,Summit Kia Brookfield,Organic Social,1167,993,716,25
2024-12,Summit Auto Group,Summit Kia Brookfield,Paid Social,933,729,452,14
2024-12,Summit Auto Group,Summit Kia Brookfield,Referral,700,535,418,18
2024-12,Summit Auto Group,Summit Kia Brookfield,Email,583,445,346,6
2024-12,Summit Auto Group,Summit Mazda Lakeside,Organic Search,3019,2354,1840,35
2024-12,Summit Auto Group,Summit Mazda Lakeside,Paid Search,1864,1348,960,23
2024-12,Summit Auto Group,Summit Mazda Lakeside,Direct,1420,1023,877,23
2024-12,Summit Auto Group,Summit Mazda Lakeside,Organic Social,888,652,511,12
2024-12,Summit Auto Group,Summit Mazda Lakeside,Paid Social,710,606,439,13
2024-12,Summit Auto Group,Summit Mazda Lakeside,Referral,532,443,286,12
2024-12,Summit Auto Group,Summit Mazda Lakeside,Email,444,363,238,9
2024-12,Summit Auto Group,Summit Nissan Ridgemont,Organic Search,4390,3313,2289,118
2024-12,Summit Auto Group,Summit Nissan Ridgemont,Paid Search,2711,2271,1241,53
2024-12,Summit Auto Group,Summit Nissan Ridgemont,Direct,2066,1641,1183,46
2024-12,Summit Auto Group,Summit Nissan Ridgemont,Organic Social,1291,950,746,30
2024-12,Summit Auto Group,Summit Nissan Ridgemont,Paid Social,1033,780,600,21
2024-12,Summit Auto Group,Summit Nissan Ridgemont,Referral,774,621,440,19
2024-12,Summit Auto Group,Summit Nissan Ridgemont,Email,645,534,382,16
2024-12,Summit Auto Group,Summit Subaru Northgate,Organic Search,3775,2973,2283,49
2024-12,Summit Auto Group,Summit Subaru Northgate,Paid Search,2331,1958,1054,54
2024-12,Summit Auto Group,Summit Subaru Northgate,Direct,1776,1487,970,43
2024-12,Summit Auto Group,Summit Subaru Northgate,Organic Social,1110,930,565,24
2024-12,Summit Auto Group,Summit Subaru Northgate,Paid Social,888,756,411,24
2024-12,Summit Auto Group,Summit Subaru Northgate,Referral,666,488,312,18
2024-12,Summit Auto Group,Summit Subaru Northgate,Email,555,423,338,14
2024-12,Summit Auto Group,Summit Toyota of Fairview,Organic Search,8373,6325,4243,180
2024-12,Summit Auto Group,Summit Toyota of Fairview,Paid Search,5171,4271,3053,121
2024-12,Summit Auto Group,Summit Toyota of Fairview,Direct,3940,2902,2360,89
2024-12,Summit Auto Group,Summit Toyota of Fairview,Organic Social,2462,2082,1242,59
2024-12,Summit Auto Group,Summit Toyota of Fairview,Paid Social,1970,1690,1156,54
2024-12,Summit Auto Group,Summit Toyota of Fairview,Referral,1477,1097,889,25
2024-12,Summit Auto Group,Summit Toyota of Fairview,Email,1231,946,637,15
2024-12,Summit Auto Group,Summit Volkswagen Eastdale,Organic Search,2658,2253,1646,34
2024-12,Summit Auto Group,Summit Volkswagen Eastdale,Paid Search,1642,1391,783,42
2024-12,Summit Auto Group,Summit Volkswagen Eastdale,Direct,1251,932,717,21
2024-12,Summit Auto Group,Summit Volkswagen Eastdale,Organic Social,782,630,368,10
2024-12,Summit Auto Group,Summit Volkswagen Eastdale,Paid Social,625,467,318,16
2024-12,Summit Auto Group,Summit Volkswagen Eastdale,Referral,469,370,228,11
2024-12,Summit Auto Group,Summit Volkswagen Eastdale,Email,391,295,201,9
2025-01,Harbor Motor Group,Harbor BMW,Organic Search,5986,4799,3657,91
2025-01,Harbor Motor Group,Harbor BMW,Paid Search,3697,3050,1799,67
2025-01,Harbor Motor Group,Harbor BMW,Direct,2817,2148,1310,38
2025-01,Harbor Motor Group,Harbor BMW,Organic Social,1760,1468,1017,44
2025-01,Harbor Motor Group,Harbor BMW,Paid Social,1408,1200,673,16
2025-01,Harbor Motor Group,Harbor BMW,Referral,1056,805,488,22
2025-01,Harbor Motor Group,Harbor BMW,Email,880,641,456,22
2025-01,Harbor Motor Group,Harbor Chevrolet Marina,Organic Search,4482,3780,2697,54
2025-01,Harbor Motor Group,Harbor Chevrolet Marina,Paid Search,2768,2091,1276,38
2025-01,Harbor Motor Group,Harbor Chevrolet Marina,Direct,2109,1807,1230,56
2025-01,Harbor Motor Group,Harbor Chevrolet Marina,Organic Social,1318,960,622,24
2025-01,Harbor Motor Group,Harbor Chevrolet Marina,Paid Social,1054,906,653,17
2025-01,Harbor Motor Group,Harbor Chevrolet Marina,Referral,790,670,462,13
2025-01,Harbor Motor Group,Harbor Chevrolet Marina,Email,659,554,372,14
2025-01,Harbor Motor Group,Harbor Ford Portside,Organic Search,6303,4880,3475,106
2025-01,Harbor Motor Group,Harbor Ford Portside,Paid Search,3893,3247,1754,60
2025-01,Harbor Motor Group,Harbor Ford Portside,Direct,2966,2362,1475,82
2025-01,Harbor Motor Group,Harbor Ford Portside,Organic Social,1854,1385,1068,20
2025-01,Harbor Motor Group,Harbor Ford Portside,Paid Social,1483,1194,693,18
2025-01,Harbor Motor Group,Harbor Ford Portside,Referral,1112,843,524,29
2025-01,Harbor Motor Group,Harbor Ford Portside,Email,927,725,526,23
2025-01,Harbor Motor Group,Harbor Honda Seaside,Organic Search,5607,4407,3308,64
2025-01,Harbor Motor Group,Harbor Honda Seaside,Paid Search,3463,2762,1841,60
2025-01,Harbor Motor Group,Harbor Honda Seaside,Direct,2638,2094,1222,32
2025-01,Harbor Motor Group,Harbor Honda Seaside,Organic Social,1649,1188,920,42
2025-01,Harbor Motor Group,Harbor Honda Seaside,Paid Social,1319,1026,621,25
2025-01,Harbor Motor Group,Harbor Honda Seaside,Referral,989,795,459,23
2025-01,Harbor Motor Group,Harbor Honda Seaside,Email,824,682,473,12
2025-01,Harbor Motor Group,Harbor Jeep Ram Anchor,Organic Search,4715,3471,2493,75
2025-01,Harbor Motor Group,Harbor Jeep Ram Anchor,Paid Search,2912,2098,1695,70
2025-01,Harbor Motor Group,Harbor Jeep Ram Anchor,Direct,2219,1840,1014,27
2025-01,Harbor Motor Group,Harbor Jeep Ram Anchor,Organic Social,1387,1079,769,36
2025-01,Harbor Motor Group,Harbor Jeep Ram Anchor,Paid Social,1109,935,627,21
2025-01,Harbor Motor Group,Harbor Jeep Ram Anchor,Referral,832,653,444,9
2025-01,Harbor Motor Group,Harbor Jeep Ram Anchor,Email,693,544,422,14
2025-01,Harbor Motor Group,Harbor Kia Lighthouse,Organic Search,3900,3350,1974,72
2025-01,Harbor Motor Group,Harbor Kia Lighthouse,Paid Search,2409,1921,1119,37
2025-01,Harbor Motor Group,Harbor Kia Lighthouse,Direct,1835,1450,983,27
2025-01,Harbor Motor Group,Harbor Kia Lighthouse,Organic Social,1147,872,531,20
2025-01,Harbor Motor Group,Harbor Kia Lighthouse,Paid Social,917,756,527,13
2025-01,Harbor Motor Group,Harbor Kia Lighthouse,Referral,688,570,355,14
2025-01,Harbor Motor Group,Harbor Kia Lighthouse,Email,573,421,324,11
2025-01,Harbor Motor Group,Harbor Subaru Tidewater,Organic Search,3028,2201,1410,58
2025-01,Harbor Motor Group,Harbor Subaru Tidewater,Paid Search,1870,1389,960,52
2025-01,Harbor Motor Group,Harbor Subaru Tidewater,Direct,1425,1158,651,20
2025-01,Harbor Motor Group,Harbor Subaru Tidewater,Organic Social,890,641,435,12
2025-01,Harbor Motor Group,Harbor Subaru Tidewater,Paid Social,712,539,396,14
2025-01,Harbor Motor Group,Harbor Subaru Tidewater,Referral,534,425,279,13
2025-01,Harbor Motor Group,Harbor Subaru Tidewater,Email,445,373,205,5
2025-01,Harbor Motor Group,Harbor Toyota Bayview,Organic Search,6555,5105,3355,129
2025-01,Harbor Motor Group,Harbor Toyota Bayview,Paid Search,4049,3008,1995,92
2025-01,Harbor Motor Group,Harbor Toyota Bayview,Direct,3085,2554,1846,48
2025-01,Harbor Motor Group,Harbor Toyota Bayview,Organic Social,1928,1530,910,34
2025-01,Harbor Motor Group,Harbor Toyota Bayview,Paid Social,1542,1144,839,18
2025-01,Harbor Motor Group,Harbor Toyota Bayview,Referral,1156,863,632,26
2025-01,Harbor Motor Group,Harbor Toyota Bayview,Email,964,733,540,10
2025-01,Summit Auto Group,Summit BMW,Organic Search,6364,4895,3345,158
2025-01,Summit Auto Group,Summit BMW,Paid Search,3930,3365,2297,64
2025-01,Summit Auto Group,Summit BMW,Direct,2995,2428,1401,76
2025-01,Summit Auto Group,Summit BMW,Organic Social,1871,1431,1052,20
2025-01,Summit Auto Group,Summit BMW,Paid Social,1497,1147,711,33
2025-01,Summit Auto Group,Summit BMW,Referral,1123,892,526,16
2025-01,Summit Auto Group,Summit BMW,Email,935,763,565,24
2025-01,Summit Auto Group,Summit Chevrolet Glenpark,Organic Search,5612,4342,3053,57
2025-01,Summit Auto Group,Summit Chevrolet Glenpark,Paid Search,3466,2684,1618,81
2025-01,Summit Auto Group,Summit Chevrolet Glenpark,Direct,2640,2066,1394,60
2025-01,Summit Auto Group,Summit Chevrolet Glenpark,Organic Social,1650,1269,970,29
2025-01,Summit Auto Group,Summit Chevrolet Glenpark,Paid Social,1320,1032,797,21
2025-01,Summit Auto Group,Summit Chevrolet Glenpark,Referral,990,729,609,14
2025-01,Summit Auto Group,Summit Chevrolet Glenpark,Email,825,692,437,19
2025-01,Summit Auto Group,Summit Ford Rivera,Organic Search,6397,5182,3708,71
2025-01,Summit Auto Group,Summit Ford Rivera,Paid Search,3951,3224,1803,100
2025-01,Summit Auto Group,Summit Ford Rivera,Direct,3010,2288,1378,35
2025-01,Summit Auto Group,Summit Ford Rivera,Organic Social,1881,1379,1109,28
2025-01,Summit Auto Group,Summit Ford Rivera,Paid Social,1505,1130,810,31
2025-01,Summit Auto Group,Summit Ford Rivera,Referral,1128,923,570,27
2025-01,Summit Auto Group,Summit Ford Rivera,Email,940,770,536,10
2025-01,Summit Auto Group,Summit Honda Westland,Organic Search,6727,5218,4144,149
2025-01,Summit Auto Group,Summit Honda Westland,Paid Search,4155,3291,2217,51
2025-01,Summit Auto Group,Summit Honda Westland,Direct,3165,2575,1860,81
2025-01,Summit Auto Group,Summit Honda Westland,Organic Social,1978,1470,1173,27
2025-01,Summit Auto Group,Summit Honda Westland,Paid Social,1582,1277,823,15
2025-01,Summit Auto Group,Summit Honda Westland,Referral,1187,908,583,25
2025-01,Summit Auto Group,Summit Honda Westland,Email,989,725,489,11
2025-01,Summit Auto Group,Summit Hyundai Oakhurst,Organic Search,4267,3348,2231,84
2025-01,Summit Auto Group,Summit Hyundai Oakhurst,Paid Search,2635,2025,1575,54
2025-01,Summit Auto Group,Summit Hyundai Oakhurst,Direct,2008,1459,1103,21
2025-01,Summit Auto Group,Summit Hyundai Oakhurst,Organic Social,1255,1073,744,34
2025-01,Summit Auto Group,Summit Hyundai Oakhurst,Paid Social,1004,745,573,12
2025-01,Summit Auto Group,Summit Hyundai Oakhurst,Referral,753,577,384,12
2025-01,Summit Auto Group,Summit Hyundai Oakhurst,Email,627,525,343,13
2025-01,Summit Auto Group,Summit Jeep Ram Clearwater,Organic Search,5919,5069,2876,147
2025-01,Summit Auto Group,Summit Jeep Ram Clearwater,Paid Search,3656,3112,2050,76
2025-01,Summit Auto Group,Summit Jeep Ram Clearwater,Direct,2785,2114,1396,31
2025-01,Summit Auto Group,Summit Jeep Ram Clearwater,Organic Social,1741,1253,823,36
2025-01,Summit Auto Group,Summit Jeep Ram Clearwater,Paid Social,1392,1141,805,34
2025-01,Summit Auto Group,Summit Jeep Ram Clearwater,Referral,1044,793,637,21
2025-01,Summit Auto Group,Summit Jeep Ram Clearwater,Email,870,706,462,13
2025-01,Summit Auto Group,Summit Kia Brookfield,Organic Search,4545,3420,2364,92
2025-01,Summit Auto Group,Summit Kia Brookfield,Paid Search,2807,2037,1596,31
2025-01,Summit Auto Group,Summit Kia Brookfield,Direct,2139,1790,1068,58
2025-01,Summit Auto Group,Summit Kia Brookfield,Organic Social,1336,1128,713,21
2025-01,Summit Auto Group,Summit Kia Brookfield,Paid Social,1069,884,629,18
2025-01,Summit Auto Group,Summit Kia Brookfield,Referral,802,683,476,20
2025-01,Summit Auto Group,Summit Kia Brookfield,Email,668,567,314,15
2025-01,Summit Auto Group,Summit Mazda Lakeside,Organic Search,3270,2422,2002,77
2025-01,Summit Auto Group,Summit Mazda Lakeside,Paid Search,2020,1537,1082,26
2025-01,Summit Auto Group,Summit Mazda Lakeside,Direct,1539,1264,747,40
2025-01,Summit Auto Group,Summit Mazda Lakeside,Organic Social,962,793,536,25
2025-01,Summit Auto Group,Summit Mazda Lakeside,Paid Social,769,577,421,14
2025-01,Summit Auto Group,Summit Mazda Lakeside,Referral,577,463,293,15
2025-01,Summit Auto Group,Summit Mazda Lakeside,Email,481,358,297,12
2025-01,Summit Auto Group,Summit Nissan Ridgemont,Organic Search,4663,3643,2416,67
2025-01,Summit Auto Group,Summit Nissan Ridgemont,Paid Search,2880,2284,1457,76
2025-01,Summit Auto Group,Summit Nissan Ridgemont,Direct,2194,1873,1152,45
2025-01,Summit Auto Group,Summit Nissan Ridgemont,Organic Social,1371,1142,663,24
2025-01,Summit Auto Group,Summit Nissan Ridgemont,Paid Social,1097,869,621,28
2025-01,Summit Auto Group,Summit Nissan Ridgemont,Referral,822,643,493,10
2025-01,Summit Auto Group,Summit Nissan Ridgemont,Email,685,530,365,16
2025-01,Summit Auto Group,Summit Subaru Northgate,Organic Search,3935,2869,2204,48
2025-01,Summit Auto Group,Summit Subaru Northgate,Paid Search,2430,2086,1137,59
2025-01,Summit Auto Group,Summit Subaru Northgate,Direct,1852,1341,1043,33
2025-01,Summit Auto Group,Summit Subaru Northgate,Organic Social,1157,833,551,30
2025-01,Summit Auto Group,Summit Subaru Northgate,Paid Social,926,736,523,19
2025-01,Summit Auto Group,Summit Subaru Northgate,Referral,694,516,395,18
2025-01,Summit Auto Group,Summit Subaru Northgate,Email,578,492,263,10
2025-01,Summit Auto Group,Summit Toyota of Fairview,Organic Search,6796,5264,3683,69
2025-01,Summit Auto Group,Summit Toyota of Fairview,Paid Search,4197,3502,2117,111
2025-01,Summit Auto Group,Summit Toyota of Fairview,Direct,3198,2746,1452,73
2025-01,Summit Auto Group,Summit Toyota of Fairview,Organic Social,1999,1583,1045,33
2025-01,Summit Auto Group,Summit Toyota of Fairview,Paid Social,1599,1288,748,20
2025-01,Summit Auto Group,Summit Toyota of Fairview,Referral,1199,980,599,20
2025-01,Summit Auto Group,Summit Toyota of Fairview,Email,999,800,539,12
2025-01,Summit Auto Group,Summit Volkswagen Eastdale,Organic Search,3045,2356,1384,82
2025-01,Summit Auto Group,Summit Volkswagen Eastdale,Paid Search,1881,1567,887,48
2025-01,Summit Auto Group,Summit Volkswagen Eastdale,Direct,1433,1085,802,33
2025-01,Summit Auto Group,Summit Volkswagen Eastdale,Organic Social,895,764,434,23
2025-01,Summit Auto Group,Summit Volkswagen Eastdale,Paid Social,716,612,354,12
2025-01,Summit Auto Group,Summit Volkswagen Eastdale,Referral,537,402,309,5
2025-01,Summit Auto Group,Summit Volkswagen Eastdale,Email,447,362,221,7
2025-02,Harbor Motor Group,Harbor BMW,Organic Search,6031,5132,3541,158
2025-02,Harbor Motor Group,Harbor BMW,Paid Search,3725,3080,2059,46
2025-02,Harbor Motor Group,Harbor BMW,Direct,2838,2224,1724,37
2025-02,Harbor Motor Group,Harbor BMW,Organic Social,1774,1456,905,24
2025-02,Harbor Motor Group,Harbor BMW,Paid Social,1419,1200,668,16
2025-02,Harbor Motor Group,Harbor BMW,Referral,1064,886,658,19
2025-02,Harbor Motor Group,Harbor BMW,Email,887,685,456,24
2025-02,Harbor Motor Group,Harbor Chevrolet Marina,Organic Search,5875,4664,2758,112
2025-02,Harbor Motor Group,Harbor Chevrolet Marina,Paid Search,3628,2947,2154,49
2025-02,Harbor Motor Group,Harbor Chevrolet Marina,Direct,2764,2129,1686,34
2025-02,Harbor Motor Group,Harbor Chevrolet Marina,Organic Social,1728,1367,1030,42
2025-02,Harbor Motor Group,Harbor Chevrolet Marina,Paid Social,1382,1010,749,18
2025-02,Harbor Motor Group,Harbor Chevrolet Marina,Referral,1036,872,493,14
2025-02,Harbor Motor Group,Harbor Chevrolet Marina,Email,864,651,490,13
2025-02,Harbor Motor Group,Harbor Ford Portside,Organic Search,7392,6270,3815,180
2025-02,Harbor Motor Group,Harbor Ford Portside,Paid Search,4565,3705,2057,65
2025-02,Harbor Motor Group,Harbor Ford Portside,Direct,3478,2627,2105,49
2025-02,Harbor Motor Group,Harbor Ford Portside,Organic Social,2174,1866,997,58
2025-02,Harbor Motor Group,Harbor Ford Portside,Paid Social,1739,1323,1060,47
2025-02,Harbor Motor Group,Harbor Ford Portside,Referral,1304,958,775,35
2025-02,Harbor Motor Group,Harbor Ford Portside,Email,1087,848,546,27
2025-02,Harbor Motor Group,Harbor Honda Seaside,Organic Search,5653,4497,2840,121
2025-02,Harbor Motor Group,Harbor Honda Seaside,Paid Search,3491,2964,1759,95
2025-02,Harbor Motor Group,Harbor Honda Seaside,Direct,2660,2175,1489,27
2025-02,Harbor Motor Group,Harbor Honda Seaside,Organic Social,1662,1211,822,19
2025-02,Harbor Motor Group,Harbor Honda Seaside,Paid Social,1330,1024,711,16
2025-02,Harbor Motor Group,Harbor Honda Seaside,Referral,997,834,459,20
2025-02,Harbor Motor Group,Harbor Honda Seaside,Email,831,619,440,16
2025-02,Harbor Motor Group,Harbor Jeep Ram Anchor,Organic Search,4658,3394,2379,124
2025-02,Harbor Motor Group,Harbor Jeep Ram Anchor,Paid Search,2877,2439,1770,66
2025-02,Harbor Motor Group,Harbor Jeep Ram Anchor,Direct,2192,1660,1122,24
2025-02,Harbor Motor Group,Harbor Jeep Ram Anchor,Organic Social,1370,1174,848,28
2025-02,Harbor Motor Group,Harbor Jeep Ram Anchor,Paid Social,1096,887,622,20
2025-02,Harbor Motor Group,Harbor Jeep Ram Anchor,Referral,822,612,504,21
2025-02,Harbor Motor Group,Harbor Jeep Ram Anchor,Email,685,505,392,11
2025-02,Harbor Motor Group,Harbor Kia Lighthouse,Organic Search,4223,3309,2221,71
2025-02,Harbor Motor Group,Harbor Kia Lighthouse,Paid Search,2608,1946,1356,40
2025-02,Harbor Motor Group,Harbor Kia Lighthouse,Direct,1987,1444,919,45
2025-02,Harbor Motor Group,Harbor Kia Lighthouse,Organic Social,1242,929,596,14
2025-02,Harbor Motor Group,Harbor Kia Lighthouse,Paid Social,993,748,560,11
2025-02,Harbor Motor Group,Harbor Kia Lighthouse,Referral,745,621,426,14
2025-02,Harbor Motor Group,Harbor Kia Lighthouse,Email,621,533,328,17
2025-02,Harbor Motor Group,Harbor Subaru Tidewater,Organic Search,3707,2809,2219,68
2025-02,Harbor Motor Group,Harbor Subaru Tidewater,Paid Search,2289,1752,1383,41
2025-02,Harbor Motor Group,Harbor Subaru Tidewater,Direct,1744,1454,924,40
2025-02,Harbor Motor Group,Harbor Subaru Tidewater,Organic Social,1090,888,644,27
2025-02,Harbor Motor Group,Harbor Subaru Tidewater,Paid Social,872,708,464,17
2025-02,Harbor Motor Group,Harbor Subaru Tidewater,Referral,654,498,297,10
2025-02,Harbor Motor Group,Harbor Subaru Tidewater,Email,545,432,298,10
2025-02,Harbor Motor Group,Harbor Toyota Bayview,Organic Search,7507,5407,4457,133
2025-02,Harbor Motor Group,Harbor Toyota Bayview,Paid Search,4637,3604,2096,122
2025-02,Harbor Motor Group,Harbor Toyota Bayview,Direct,3533,2769,1936,42
2025-02,Harbor Motor Group,Harbor Toyota Bayview,Organic Social,2208,1704,1230,44
2025-02,Harbor Motor Group,Harbor Toyota Bayview,Paid Social,1766,1360,996,29
2025-02,Harbor Motor Group,Harbor Toyota Bayview,Referral,1324,973,718,17
2025-02,Harbor Motor Group,Harbor Toyota Bayview,Email,1104,863,579,27
2025-02,Summit Auto Group,Summit BMW,Organic Search,6399,5134,2928,71
2025-02,Summit Auto Group,Summit BMW,Paid Search,3952,3262,2416,107
2025-02,Summit Auto Group,Summit BMW,Direct,3011,2372,1361,36
2025-02,Summit Auto Group,Summit BMW,Organic Social,1882,1501,1139,36
2025-02,Summit Auto Group,Summit BMW,Paid Social,1505,1229,713,21
2025-02,Summit Auto Group,Summit BMW,Referral,1129,946,656,25
2025-02,Summit Auto Group,Summit BMW,Email,941,689,509,18
2025-02,Summit Auto Group,Summit Chevrolet Glenpark,Organic Search,5750,4892,3110,153
2025-02,Summit Auto Group,Summit Chevrolet Glenpark,Paid Search,3551,2998,2084,45
2025-02,Summit Auto Group,Summit Chevrolet Glenpark,Direct,2706,2019,1559,52
2025-02,Summit Auto Group,Summit Chevrolet Glenpark,Organic Social,1691,1433,887,30
2025-02,Summit Auto Group,Summit Chevrolet Glenpark,Paid Social,1353,1109,699,36
2025-02,Summit Auto Group,Summit Chevrolet Glenpark,Referral,1014,765,477,25
2025-02,Summit Auto Group,Summit Chevrolet Glenpark,Email,845,708,447,18
2025-02,Summit Auto Group,Summit Ford Rivera,Organic Search,7547,6401,3607,107
2025-02,Summit Auto Group,Summit Ford Rivera,Paid Search,4661,3533,2237,130
2025-02,Summit Auto Group,Summit Ford Rivera,Direct,3551,2572,1670,93
2025-02,Summit Auto Group,Summit Ford Rivera,Organic Social,2219,1644,1373,23
2025-02,Summit Auto Group,Summit Ford Rivera,Paid Social,1775,1297,1094,35
2025-02,Summit Auto Group,Summit Ford Rivera,Referral,1331,1138,717,33
2025-02,Summit Auto Group,Summit Ford Rivera,Email,1109,914,538,26
2025-02,Summit Auto Group,Summit Honda Westland,Organic Search,7313,5578,3768,138
2025-02,Summit Auto Group,Summit Honda Westland,Paid Search,4517,3353,2540,105
2025-02,Summit Auto Group,Summit Honda Westland,Direct,3441,2506,1756,55
2025-02,Summit Auto Group,Summit Honda Westland,Organic Social,2151,1700,1027,24
2025-02,Summit Auto Group,Summit Honda Westland,Paid Social,1720,1413,941,32
2025-02,Summit Auto Group,Summit Honda Westland,Referral,1290,944,591,17
2025-02,Summit Auto Group,Summit Honda Westland,Email,1075,920,592,13
2025-02,Summit Auto Group,Summit Hyundai Oakhurst,Organic Search,4688,3884,2389,113
2025-02,Summit Auto Group,Summit Hyundai Oakhurst,Paid Search,2895,2185,1714,66
2025-02,Summit Auto Group,Summit Hyundai Oakhurst,Direct,2206,1782,1274,22
2025-02,Summit Auto Group,Summit Hyundai Oakhurst,Organic Social,1379,1046,695,32
2025-02,Summit Auto Group,Summit Hyundai Oakhurst,Paid Social,1103,845,665,22
2025-02,Summit Auto Group,Summit Hyundai Oakhurst,Referral,827,683,464,13
2025-02,Summit Auto Group,Summit Hyundai Oakhurst,Email,689,537,329,14
2025-02,Summit Auto Group,Summit Jeep Ram Clearwater,Organic Search,4839,3890,2901,91
2025-02,Summit Auto Group,Summit Jeep Ram Clearwater,Paid Search,2988,2225,1510,57
2025-02,Summit Auto Group,Summit Jeep Ram Clearwater,Direct,2277,1834,1345,32
2025-02,Summit Auto Group,Summit Jeep Ram Clearwater,Organic Social,1423,1187,756,33
2025-02,Summit Auto Group,Summit Jeep Ram Clearwater,Paid Social,1138,833,687,23
2025-02,Summit Auto Group,Summit Jeep Ram Clearwater,Referral,853,721,476,16
2025-02,Summit Auto Group,Summit Jeep Ram Clearwater,Email,711,589,351,15
2025-02,Summit Auto Group,Summit Kia Brookfield,Organic Search,4254,3219,2095,71
2025-02,Summit Auto Group,Summit Kia Brookfield,Paid Search,2627,1925,1372,46
2025-02,Summit Auto Group,Summit Kia Brookfield,Direct,2001,1489,1235,30
2025-02,Summit Auto Group,Summit Kia Brookfield,Organic Social,1251,1034,746,28
2025-02,Summit Auto Group,Summit Kia Brookfield,Paid Social,1000,818,491,19
2025-02,Summit Auto Group,Summit Kia Brookfield,Referral,750,606,376,10
2025-02,Summit Auto Group,Summit Kia Brookfield,Email,625,479,358,10
2025-02,Summit Auto Group,Summit Mazda Lakeside,Organic Search,3668,3027,2144,81
2025-02,Summit Auto Group,Summit Mazda Lakeside,Paid Search,2266,1762,1217,45
2025-02,Summit Auto Group,Summit Mazda Lakeside,Direct,1726,1411,1000,44
2025-02,Summit Auto Group,Summit Mazda Lakeside,Organic Social,1079,788,568,18
2025-02,Summit Auto Group,Summit Mazda Lakeside,Paid Social,863,706,403,10
2025-02,Summit Auto Group,Summit Mazda Lakeside,Referral,647,472,353,12
2025-02,Summit Auto Group,Summit Mazda Lakeside,Email,539,448,322,13
2025-02,Summit Auto Group,Summit Nissan Ridgemont,Organic Search,5355,4387,3279,89
2025-02,Summit Auto Group,Summit Nissan Ridgemont,Paid Search,3307,2625,1582,68
2025-02,Summit Auto Group,Summit Nissan Ridgemont,Direct,2520,2074,1145,54
2025-02,Summit Auto Group,Summit Nissan Ridgemont,Organic Social,1575,1175,861,30
2025-02,Summit Auto Group,Summit Nissan Ridgemont,Paid Social,1260,974,696,23
2025-02,Summit Auto Group,Summit Nissan Ridgemont,Referral,945,744,484,18
2025-02,Summit Auto Group,Summit Nissan Ridgemont,Email,787,671,413,20
2025-02,Summit Auto Group,Summit Subaru Northgate,Organic Search,4048,2919,2022,63
2025-02,Summit Auto Group,Summit Subaru Northgate,Paid Search,2500,2000,1384,40
2025-02,Summit Auto Group,Summit Subaru Northgate,Direct,1904,1607,934,53
2025-02,Summit Auto Group,Summit Subaru Northgate,Organic Social,1190,991,638,31
2025-02,Summit Auto Group,Summit Subaru Northgate,Paid Social,952,802,541,15
2025-02,Summit Auto Group,Summit Subaru Northgate,Referral,714,567,423,13
2025-02,Summit Auto Group,Summit Subaru Northgate,Email,595,455,324,10
2025-02,Summit Auto Group,Summit Toyota of Fairview,Organic Search,7720,5603,3474,118
2025-02,Summit Auto Group,Summit Toyota of Fairview,Paid Search,4768,3808,2328,51
2025-02,Summit Auto Group,Summit Toyota of Fairview,Direct,3632,2627,2224,81
2025-02,Summit Auto Group,Summit Toyota of Fairview,Organic Social,2270,1811,1242,24
2025-02,Summit Auto Group,Summit Toyota of Fairview,Paid Social,1816,1362,958,38
2025-02,Summit Auto Group,Summit Toyota of Fairview,Referral,1362,1093,713,23
2025-02,Summit Auto Group,Summit Toyota of Fairview,Email,1135,850,537,24
2025-02,Summit Auto Group,Summit Volkswagen Eastdale,Organic Search,3130,2592,1504,79
2025-02,Summit Auto Group,Summit Volkswagen Eastdale,Paid Search,1933,1459,1062,32
2025-02,Summit Auto Group,Summit Volkswagen Eastdale,Direct,1472,1103,829,18
2025-02,Summit Auto Group,Summit Volkswagen Eastdale,Organic Social,920,683,461,13
2025-02,Summit Auto Group,Summit Volkswagen Eastdale,Paid Social,736,584,374,16
2025-02,Summit Auto Group,Summit Volkswagen Eastdale,Referral,552,443,321,13
2025-02,Summit Auto Group,Summit Volkswagen Eastdale,Email,460,342,269,11
2025-03,Harbor Motor Group,Harbor BMW,Organic Search,6118,5089,3217,72
2025-03,Harbor Motor Group,Harbor BMW,Paid Search,3779,3121,2229,97
2025-03,Harbor Motor Group,Harbor BMW,Direct,2879,2409,1437,48
2025-03,Harbor Motor Group,Harbor BMW,Organic Social,1799,1483,889,30
2025-03,Harbor Motor Group,Harbor BMW,Paid Social,1439,1084,848,36
2025-03,Harbor Motor Group,Harbor BMW,Referral,1079,838,540,26
2025-03,Harbor Motor Group,Harbor BMW,Email,899,666,540,15
2025-03,Harbor Motor Group,Harbor Chevrolet Marina,Organic Search,5606,4103,3403,96
2025-03,Harbor Motor Group,Harbor Chevrolet Marina,Paid Search,3462,2498,1865,41
2025-03,Harbor Motor Group,Harbor Chevrolet Marina,Direct,2638,2016,1280,28
2025-03,Harbor Motor Group,Harbor Chevrolet Marina,Organic Social,1649,1189,831,20
2025-03,Harbor Motor Group,Harbor Chevrolet Marina,Paid Social,1319,981,716,24
2025-03,Harbor Motor Group,Harbor Chevrolet Marina,Referral,989,737,577,19
2025-03,Harbor Motor Group,Harbor Chevrolet Marina,Email,824,698,444,21
2025-03,Harbor Motor Group,Harbor Ford Portside,Organic Search,7365,6092,4454,192
2025-03,Harbor Motor Group,Harbor Ford Portside,Paid Search,4549,3715,2691,121
2025-03,Harbor Motor Group,Harbor Ford Portside,Direct,3466,2979,2118,45
2025-03,Harbor Motor Group,Harbor Ford Portside,Organic Social,2166,1705,1210,35
2025-03,Harbor Motor Group,Harbor Ford Portside,Paid Social,1733,1280,895,39
2025-03,Harbor Motor Group,Harbor Ford Portside,Referral,1299,1023,735,27
2025-03,Harbor Motor Group,Harbor Ford Portside,Email,1083,870,528,17
2025-03,Harbor Motor Group,Harbor Honda Seaside,Organic Search,6083,4426,3014,85
2025-03,Harbor Motor Group,Harbor Honda Seaside,Paid Search,3757,3176,1865,65
2025-03,Harbor Motor Group,Harbor Honda Seaside,Direct,2863,2296,1305,70
2025-03,Harbor Motor Group,Harbor Honda Seaside,Organic Social,1789,1440,943,25
2025-03,Harbor Motor Group,Harbor Honda Seaside,Paid Social,1431,1162,855,15
2025-03,Harbor Motor Group,Harbor Honda Seaside,Referral,1073,873,548,29
2025-03,Harbor Motor Group,Harbor Honda Seaside,Email,894,762,483,24
2025-03,Harbor Motor Group,Harbor Jeep Ram Anchor,Organic Search,4386,3686,2024,70
2025-03,Harbor Motor Group,Harbor Jeep Ram Anchor,Paid Search,2709,2228,1424,66
2025-03,Harbor Motor Group,Harbor Jeep Ram Anchor,Direct,2064,1575,949,26
2025-03,Harbor Motor Group,Harbor Jeep Ram Anchor,Organic Social,1290,1095,688,20
2025-03,Harbor Motor Group,Harbor Jeep Ram Anchor,Paid Social,1032,841,529,16
2025-03,Harbor Motor Group,Harbor Jeep Ram Anchor,Referral,774,565,430,21
2025-03,Harbor Motor Group,Harbor Jeep Ram Anchor,Email,645,549,397,10
2025-03,Harbor Motor Group,Harbor Kia Lighthouse,Organic Search,4291,3306,2634,107
2025-03,Harbor Motor Group,Harbor Kia Lighthouse,Paid Search,2650,1929,1339,26
2025-03,Harbor Motor Group,Harbor Kia Lighthouse,Direct,2019,1513,935,50
2025-03,Harbor Motor Group,Harbor Kia Lighthouse,Organic Social,1262,1072,694,33
2025-03,Harbor Motor Group,Harbor Kia Lighthouse,Paid Social,1009,848,528,15
2025-03,Harbor Motor Group,Harbor Kia Lighthouse,Referral,757,623,391,10
2025-03,Harbor Motor Group,Harbor Kia Lighthouse,Email,631,523,382,14
2025-03,Harbor Motor Group,Harbor Subaru Tidewater,Organic Search,3292,2724,1563,33
2025-03,Harbor Motor Group,Harbor Subaru Tidewater,Paid Search,2033,1533,1229,34
2025-03,Harbor Motor Group,Harbor Subaru Tidewater,Direct,1549,1172,757,26
2025-03,Harbor Motor Group,Harbor Subaru Tidewater,Organic Social,968,810,554,26
2025-03,Harbor Motor Group,Harbor Subaru Tidewater,Paid Social,774,601,421,7
2025-03,Harbor Motor Group,Harbor Subaru Tidewater,Referral,580,421,271,7
2025-03,Harbor Motor Group,Harbor Subaru Tidewater,Email,484,365,252,12
2025-03,Harbor Motor Group,Harbor Toyota Bayview,Organic Search,7019,5687,3319,79
2025-03,Harbor Motor Group,Harbor Toyota Bayview,Paid Search,4335,3726,2115,59
2025-03,Harbor Motor Group,Harbor Toyota Bayview,Direct,3303,2809,1543,33
2025-03,Harbor Motor Group,Harbor Toyota Bayview,Organic Social,2064,1634,1262,22
2025-03,Harbor Motor Group,Harbor Toyota Bayview,Paid Social,1651,1211,943,39
2025-03,Harbor Motor Group,Harbor Toyota Bayview,Referral,1238,1020,592,22
2025-03,Harbor Motor Group,Harbor Toyota Bayview,Email,1032,816,577,22
2025-03,Summit Auto Group,Summit BMW,Organic Search,6589,5649,3871,111
2025-03,Summit Auto Group,Summit BMW,Paid Search,4070,3022,2083,83
2025-03,Summit Auto Group,Summit BMW,Direct,3100,2361,1417,48
2025-03,Summit Auto Group,Summit BMW,Organic Social,1938,1663,1193,38
2025-03,Summit Auto Group,Summit BMW,Paid Social,1550,1120,942,25
2025-03,Summit Auto Group,Summit BMW,Referral,1162,961,526,17
2025-03,Summit Auto Group,Summit BMW,Email,969,786,461,20
2025-03,Summit Auto Group,Summit Chevrolet Glenpark,Organic Search,6543,5085,3815,85
2025-03,Summit Auto Group,Summit Chevrolet Glenpark,Paid Search,4041,3239,2014,106
2025-03,Summit Auto Group,Summit Chevrolet Glenpark,Direct,3079,2284,1865,40
2025-03,Summit Auto Group,Summit Chevrolet Glenpark,Organic Social,1924,1441,1171,45
2025-03,Summit Auto Group,Summit Chevrolet Glenpark,Paid Social,1539,1202,907,33
2025-03,Summit Auto Group,Summit Chevrolet Glenpark,Referral,1154,988,543,12
2025-03,Summit Auto Group,Summit Chevrolet Glenpark,Email,962,732,582,18
2025-03,Summit Auto Group,Summit Ford Rivera,Organic Search,6243,5259,3505,101
2025-03,Summit Auto Group,Summit Ford Rivera,Paid Search,3856,2930,2307,56
2025-03,Summit Auto Group,Summit Ford Rivera,Direct,2938,2467,1398,50
2025-03,Summit Auto Group,Summit Ford Rivera,Organic Social,1836,1527,1059,37
2025-03,Summit Auto Group,Summit Ford Rivera,Paid Social,1469,1089,901,36
2025-03,Summit Auto Group,Summit Ford Rivera,Referral,1101,867,629,19
2025-03,Summit Auto Group,Summit Ford Rivera,Email,918,683,532,10
2025-03,Summit Auto Group,Summit Honda Westland,Organic Search,7228,5964,3640,109
2025-03,Summit Auto Group,Summit Honda Westland,Paid Search,4464,3594,2606,121
2025-03,Summit Auto Group,Summit Honda Westland,Direct,3401,2905,1943,90
2025-03,Summit Auto Group,Summit Honda Westland,Organic Social,2125,1734,1265,53
2025-03,Summit Auto Group,Summit Honda Westland,Paid Social,1700,1288,884,37
2025-03,Summit Auto Group,Summit Honda Westland,Referral,1275,971,738,14
2025-03,Summit Auto Group,Summit Honda Westland,Email,1062,845,566,12
2025-03,Summit Auto Group,Summit Hyundai Oakhurst,Organic Search,4796,3591,2911,123
2025-03,Summit Auto Group,Summit Hyundai Oakhurst,Paid Search,2962,2406,1689,51
2025-03,Summit Auto Group,Summit Hyundai Oakhurst,Direct,2257,1761,1190,50
2025-03,Summit Auto Group,Summit Hyundai Oakhurst,Organic Social,1410,1064,713,18
2025-03,Summit Auto Group,Summit Hyundai Oakhurst,Paid Social,1128,856,629,20
2025-03,Summit Auto Group,Summit Hyundai Oakhurst,Referral,846,650,404,12
2025-03,Summit Auto Group,Summit Hyundai Oakhurst,Email,705,573,388,16
2025-03,Summit Auto Group,Summit Jeep Ram Clearwater,Organic Search,4741,4072,2435,86
2025-03,Summit Auto Group,Summit Jeep Ram Clearwater,Paid Search,2928,2418,1550,77
2025-03,Summit Auto Group,Summit Jeep Ram Clearwater,Direct,2231,1672,1012,41
2025-03,Summit Auto Group,Summit Jeep Ram Clearwater,Organic Social,1394,1104,683,29
2025-03,Summit Auto Group,Summit Jeep Ram Clearwater,Paid Social,1115,831,538,17
2025-03,Summit Auto Group,Summit Jeep Ram Clearwater,Referral,836,699,482,12
2025-03,Summit Auto Group,Summit Jeep Ram Clearwater,Email,697,560,328,12
2025-03,Summit Auto Group,Summit Kia Brookfield,Organic Search,4273,3090,2488,101
2025-03,Summit Auto Group,Summit Kia Brookfield,Paid Search,2639,2075,1469,32
2025-03,Summit Auto Group,Summit Kia Brookfield,Direct,2011,1618,1045,47
2025-03,Summit Auto Group,Summit Kia Brookfield,Organic Social,1256,1025,656,29
2025-03,Summit Auto Group,Summit Kia Brookfield,Paid Social,1005,854,597,12
2025-03,Summit Auto Group,Summit Kia Brookfield,Referral,754,624,349,8
2025-03,Summit Auto Group,Summit Kia Brookfield,Email,628,506,305,11
2025-03,Summit Auto Group,Summit Mazda Lakeside,Organic Search,3650,2887,2253,99
2025-03,Summit Auto Group,Summit Mazda Lakeside,Paid Search,2254,1689,1183,58
2025-03,Summit Auto Group,Summit Mazda Lakeside,Direct,1717,1237,886,20
2025-03,Summit Auto Group,Summit Mazda Lakeside,Organic Social,1073,801,550,15
2025-03,Summit Auto Group,Summit Mazda Lakeside,Paid Social,858,691,516,10
2025-03,Summit Auto Group,Summit Mazda Lakeside,Referral,644,515,363,11
2025-03,Summit Auto Group,Summit Mazda Lakeside,Email,536,391,244,11
2025-03,Summit Auto Group,Summit Nissan Ridgemont,Organic Search,4110,3015,2140,56
2025-03,Summit Auto Group,Summit Nissan Ridgemont,Paid Search,2538,1981,1184,42
2025-03,Summit Auto Group,Summit Nissan Ridgemont,Direct,1934,1443,1145,40
2025-03,Summit Auto Group,Summit Nissan Ridgemont,Organic Social,1209,908,659,33
2025-03,Summit Auto Group,Summit Nissan Ridgemont,Paid Social,967,747,530,20
2025-03,Summit Auto Group,Summit Nissan Ridgemont,Referral,725,544,333,15
2025-03,Summit Auto Group,Summit Nissan Ridgemont,Email,604,505,310,9
2025-03,Summit Auto Group,Summit Subaru Northgate,Organic Search,3429,2925,1768,66
2025-03,Summit Auto Group,Summit Subaru Northgate,Paid Search,2118,1702,1120,34
2025-03,Summit Auto Group,Summit Subaru Northgate,Direct,1613,1169,753,20
2025-03,Summit Auto Group,Summit Subaru Northgate,Organic Social,1008,819,564,11
2025-03,Summit Auto Group,Summit Subaru Northgate,Paid Social,806,622,377,10
2025-03,Summit Auto Group,Summit Subaru Northgate,Referral,605,518,277,8
2025-03,Summit Auto Group,Summit Subaru Northgate,Email,504,413,301,8
2025-03,Summit Auto Group,Summit Toyota of Fairview,Organic Search,7849,5825,4491,171
2025-03,Summit Auto Group,Summit Toyota of Fairview,Paid Search,4848,4051,2248,135
2025-03,Summit Auto Group,Summit Toyota of Fairview,Direct,3694,2983,2146,47
2025-03,Summit Auto Group,Summit Toyota of Fairview,Organic Social,2308,1955,1339,31
2025-03,Summit Auto Group,Summit Toyota of Fairview,Paid Social,1847,1450,1107,37
2025-03,Summit Auto Group,Summit Toyota of Fairview,Referral,1385,1183,805,26
2025-03,Summit Auto Group,Summit Toyota of Fairview,Email,1154,967,537,23
2025-03,Summit Auto Group,Summit Volkswagen Eastdale,Organic Search,3201,2356,1466,35
2025-03,Summit Auto Group,Summit Volkswagen Eastdale,Paid Search,1977,1671,1188,51
2025-03,Summit Auto Group,Summit Volkswagen Eastdale,Direct,1506,1120,879,35
2025-03,Summit Auto Group,Summit Volkswagen Eastdale,Organic Social,941,693,428,10
2025-03,Summit Auto Group,Summit Volkswagen Eastdale,Paid Social,753,630,415,16
2025-03,Summit Auto Group,Summit Volkswagen Eastdale,Referral,564,455,256,14
2025-03,Summit Auto Group,Summit Volkswagen Eastdale,Email,470,393,211,11
2025-04,Harbor Motor Group,Harbor BMW,Organic Search,5277,3844,3115,113
2025-04,Harbor Motor Group,Harbor BMW,Paid Search,3259,2703,1788,39
2025-04,Harbor Motor Group,Harbor BMW,Direct,2483,1819,1463,60
2025-04,Harbor Motor Group,Harbor BMW,Organic Social,1552,1285,813,39
2025-04,Harbor Motor Group,Harbor BMW,Paid Social,1241,903,660,12
2025-04,Harbor Motor Group,Harbor BMW,Referral,931,733,466,17
2025-04,Harbor Motor Group,Harbor BMW,Email,776,564,408,15
2025-04,Harbor Motor Group,Harbor Chevrolet Marina,Organic Search,5379,4142,2742,127
2025-04,Harbor Motor Group,Harbor Chevrolet Marina,Paid Search,3322,2391,1752,68
2025-04,Harbor Motor Group,Harbor Chevrolet Marina,Direct,2531,2014,1440,54
2025-04,Harbor Motor Group,Harbor Chevrolet Marina,Organic Social,1582,1334,926,21
2025-04,Harbor Motor Group,Harbor Chevrolet Marina,Paid Social,1265,1007,674,25
2025-04,Harbor Motor Group,Harbor Chevrolet Marina,Referral,949,789,582,9
2025-04,Harbor Motor Group,Harbor Chevrolet Marina,Email,791,612,393,16
2025-04,Harbor Motor Group,Harbor Ford Portside,Organic Search,5709,4596,3390,67
2025-04,Harbor Motor Group,Harbor Ford Portside,Paid Search,3526,2787,1883,90
2025-04,Harbor Motor Group,Harbor Ford Portside,Direct,2686,2169,1502,38
2025-04,Harbor Motor Group,Harbor Ford Portside,Organic Social,1679,1392,800,17
2025-04,Harbor Motor Group,Harbor Ford Portside,Paid Social,1343,1116,787,21
2025-04,Harbor Motor Group,Harbor Ford Portside,Referral,1007,758,457,23
2025-04,Harbor Motor Group,Harbor Ford Portside,Email,839,705,513,22
2025-04,Harbor Motor Group,Harbor Honda Seaside,Organic Search,5574,4017,3242,119
2025-04,Harbor Motor Group,Harbor Honda Seaside,Paid Search,3443,2568,1977,53
2025-04,Harbor Motor Group,Harbor Honda Seaside,Direct,2623,1897,1582,50
2025-04,Harbor Motor Group,Harbor Honda Seaside,Organic Social,1639,1339,970,20
2025-04,Harbor Motor Group,Harbor Honda Seaside,Paid Social,1311,1019,738,14
2025-04,Harbor Motor Group,Harbor Honda Seaside,Referral,983,784,600,10
2025-04,Harbor Motor Group,Harbor Honda Seaside,Email,819,702,464,10
2025-04,Harbor Motor Group,Harbor Jeep Ram Anchor,Organic Search,5198,4355,2702,106
2025-04,Harbor Motor Group,Harbor Jeep Ram Anchor,Paid Search,3211,2451,1574,49
2025-04,Harbor Motor Group,Harbor Jeep Ram Anchor,Direct,2446,2074,1314,58
2025-04,Harbor Motor Group,Harbor Jeep Ram Anchor,Organic Social,1529,1280,760,24
2025-04,Harbor Motor Group,Harbor Jeep Ram Anchor,Paid Social,1223,928,695,20
2025-04,Harbor Motor Group,Harbor Jeep Ram Anchor,Referral,917,689,470,10
2025-04,Harbor Motor Group,Harbor Jeep Ram Anchor,Email,764,585,373,19
2025-04,Harbor Motor Group,Harbor Kia Lighthouse,Organic Search,3419,2730,1568,79
2025-04,Harbor Motor Group,Harbor Kia Lighthouse,Paid Search,2111,1526,968,43
2025-04,Harbor Motor Group,Harbor Kia Lighthouse,Direct,1609,1374,827,22
2025-04,Harbor Motor Group,Harbor Kia Lighthouse,Organic Social,1005,740,619,16
2025-04,Harbor Motor Group,Harbor Kia Lighthouse,Paid Social,804,649,439,17
2025-04,Harbor Motor Group,Harbor Kia Lighthouse,Referral,603,440,345,12
2025-04,Harbor Motor Group,Harbor Kia Lighthouse,Email,502,370,237,7
2025-04,Harbor Motor Group,Harbor Subaru Tidewater,Organic Search,3602,2896,2024,89
2025-04,Harbor Motor Group,Harbor Subaru Tidewater,Paid Search,2224,1806,1079,33
2025-04,Harbor Motor Group,Harbor Subaru Tidewater,Direct,1695,1275,912,40
2025-04,Harbor Motor Group,Harbor Subaru Tidewater,Organic Social,1059,872,642,19
2025-04,Harbor Motor Group,Harbor Subaru Tidewater,Paid Social,847,690,485,12
2025-04,Harbor Motor Group,Harbor Subaru Tidewater,Referral,635,468,311,13
2025-04,Harbor Motor Group,Harbor Subaru Tidewater,Email,529,395,290,11
2025-04,Harbor Motor Group,Harbor Toyota Bayview,Organic Search,6803,4929,3756,104
2025-04,Harbor Motor Group,Harbor Toyota Bayview,Paid Search,4202,3308,2480,110
2025-04,Harbor Motor Group,Harbor Toyota Bayview,Direct,3201,2697,1950,39
2025-04,Harbor Motor Group,Harbor Toyota Bayview,Organic Social,2001,1442,1234,47
2025-04,Harbor Motor Group,Harbor Toyota Bayview,Paid Social,1600,1173,911,37
2025-04,Harbor Motor Group,Harbor Toyota Bayview,Referral,1200,988,644,21
2025-04,Harbor Motor Group,Harbor Toyota Bayview,Email,1000,839,508,20
2025-04,Summit Auto Group,Summit BMW,Organic Search,5490,4247,2896,69
2025-04,Summit Auto Group,Summit BMW,Paid Search,3391,2900,1671,88
2025-04,Summit Auto Group,Summit BMW,Direct,2583,2081,1378,65
2025-04,Summit Auto Group,Summit BMW,Organic Social,1614,1175,897,35
2025-04,Summit Auto Group,Summit BMW,Paid Social,1291,1062,605,35
2025-04,Summit Auto Group,Summit BMW,Referral,968,808,588,20
2025-04,Summit Auto Group,Summit BMW,Email,807,635,376,9
2025-04,Summit Auto Group,Summit Chevrolet Glenpark,Organic Search,5220,3925,3064,93
2025-04,Summit Auto Group,Summit Chevrolet Glenpark,Paid Search,3224,2616,1718,47
2025-04,Summit Auto Group,Summit Chevrolet Glenpark,Direct,2456,1894,1210,39
2025-04,Summit Auto Group,Summit Chevrolet Glenpark,Organic Social,1535,1245,945,28
2025-04,Summit Auto Group,Summit Chevrolet Glenpark,Paid Social,1228,996,575,20
2025-04,Summit Auto Group,Summit Chevrolet Glenpark,Referral,921,731,541,9
2025-04,Summit Auto Group,Summit Chevrolet Glenpark,Email,767,587,417,17
2025-04,Summit Auto Group,Summit Ford Rivera,Organic Search,5867,4286,2698,64
2025-04,Summit Auto Group,Summit Ford Rivera,Paid Search,3624,2725,1785,96
2025-04,Summit Auto Group,Summit Ford Rivera,Direct,2761,2312,1364,76
2025-04,Summit Auto Group,Summit Ford Rivera,Organic Social,1725,1387,853,27
2025-04,Summit Auto Group,Summit Ford Rivera,Paid Social,1380,1184,835,35
2025-04,Summit Auto Group,Summit Ford Rivera,Referral,1035,781,630,20
2025-04,Summit Auto Group,Summit Ford Rivera,Email,862,702,511,9
2025-04,Summit Auto Group,Summit Honda Westland,Organic Search,7315,5728,3584,99
2025-04,Summit Auto Group,Summit Honda Westland,Paid Search,4518,3795,2140,88
2025-04,Summit Auto Group,Summit Honda Westland,Direct,3442,2720,1900,60
2025-04,Summit Auto Group,Summit Honda Westland,Organic Social,2151,1750,1093,35
2025-04,Summit Auto Group,Summit Honda Westland,Paid Social,1721,1360,832,31
2025-04,Summit Auto Group,Summit Honda Westland,Referral,1290,969,619,24
2025-04,Summit Auto Group,Summit Honda Westland,Email,1075,893,612,22
2025-04,Summit Auto Group,Summit Hyundai Oakhurst,Organic Search,4503,3395,2512,125
2025-04,Summit Auto Group,Summit Hyundai Oakhurst,Paid Search,2781,2370,1688,42
2025-04,Summit Auto Group,Summit Hyundai Oakhurst,Direct,2119,1779,988,26
2025-04,Summit Auto Group,Summit Hyundai Oakhurst,Organic Social,1324,1080,700,24
2025-04,Summit Auto Group,Summit Hyundai Oakhurst,Paid Social,1059,862,569,22
2025-04,Summit Auto Group,Summit Hyundai Oakhurst,Referral,794,583,360,13
2025-04,Summit Auto Group,Summit Hyundai Oakhurst,Email,662,559,369,8
2025-04,Summit Auto Group,Summit Jeep Ram Clearwater,Organic Search,5396,4457,3186,76
2025-04,Summit Auto Group,Summit Jeep Ram Clearwater,Paid Search,3333,2499,1828,86
2025-04,Summit Auto Group,Summit Jeep Ram Clearwater,Direct,2539,2059,1315,70
2025-04,Summit Auto Group,Summit Jeep Ram Clearwater,Organic Social,1587,1291,905,23
2025-04,Summit Auto Group,Summit Jeep Ram Clearwater,Paid Social,1269,969,654,35
2025-04,Summit Auto Group,Summit Jeep Ram Clearwater,Referral,952,764,586,17
2025-04,Summit Auto Group,Summit Jeep Ram Clearwater,Email,793,674,480,9
2025-04,Summit Auto Group,Summit Kia Brookfield,Organic Search,4676,3869,2273,74
2025-04,Summit Auto Group,Summit Kia Brookfield,Paid Search,2888,2141,1654,58
2025-04,Summit Auto Group,Summit Kia Brookfield,Direct,2200,1783,1216,27
2025-04,Summit Auto Group,Summit Kia Brookfield,Organic Social,1375,1153,635,32
2025-04,Summit Auto Group,Summit Kia Brookfield,Paid Social,1100,934,653,22
2025-04,Summit Auto Group,Summit Kia Brookfield,Referral,825,664,391,21
2025-04,Summit Auto Group,Summit Kia Brookfield,Email,687,547,345,14
2025-04,Summit Auto Group,Summit Mazda Lakeside,Organic Search,2815,2373,1335,50
2025-04,Summit Auto Group,Summit Mazda Lakeside,Paid Search,1738,1305,1037,21
2025-04,Summit Auto Group,Summit Mazda Lakeside,Direct,1324,1021,794,33
2025-04,Summit Auto Group,Summit Mazda Lakeside,Organic Social,828,608,373,13
2025-04,Summit Auto Group,Summit Mazda Lakeside,Paid Social,662,510,392,18
2025-04,Summit Auto Group,Summit Mazda Lakeside,Referral,496,413,292,10
2025-04,Summit Auto Group,Summit Mazda Lakeside,Email,414,353,190,10
2025-04,Summit Auto Group,Summit Nissan Ridgemont,Organic Search,4809,3594,2407,106
2025-04,Summit Auto Group,Summit Nissan Ridgemont,Paid Search,2970,2504,1498,35
2025-04,Summit Auto Group,Summit Nissan Ridgemont,Direct,2263,1732,1319,27
2025-04,Summit Auto Group,Summit Nissan Ridgemont,Organic Social,1414,1187,875,39
2025-04,Summit Auto Group,Summit Nissan Ridgemont,Paid Social,1131,849,634,20
2025-04,Summit Auto Group,Summit Nissan Ridgemont,Referral,848,646,443,13
2025-04,Summit Auto Group,Summit Nissan Ridgemont,Email,707,511,370,7
2025-04,Summit Auto Group,Summit Subaru Northgate,Organic Search,3513,3005,1905,53
2025-04,Summit Auto Group,Summit Subaru Northgate,Paid Search,2169,1580,1302,47
2025-04,Summit Auto Group,Summit Subaru Northgate,Direct,1653,1390,951,30
2025-04,Summit Auto Group,Summit Subaru Northgate,Organic Social,1033,879,635,18
2025-04,Summit Auto Group,Summit Subaru Northgate,Paid Social,826,607,458,10
2025-04,Summit Auto Group,Summit Subaru Northgate,Referral,619,485,328,13
2025-04,Summit Auto Group,Summit Subaru Northgate,Email,516,371,237,6
2025-04,Summit Auto Group,Summit Toyota of Fairview,Organic Search,6439,5386,3775,78
2025-04,Summit Auto Group,Summit Toyota of Fairview,Paid Search,3977,3410,2168,62
2025-04,Summit Auto Group,Summit Toyota of Fairview,Direct,3030,2287,1758,30
2025-04,Summit Auto Group,Summit Toyota of Fairview,Organic Social,1894,1530,1035,33
2025-04,Summit Auto Group,Summit Toyota of Fairview,Paid Social,1515,1166,898,31
2025-04,Summit Auto Group,Summit Toyota of Fairview,Referral,1136,846,530,25
2025-04,Summit Auto Group,Summit Toyota of Fairview,Email,947,741,427,21
2025-04,Summit Auto Group,Summit Volkswagen Eastdale,Organic Search,3271,2655,1669,34
2025-04,Summit Auto Group,Summit Volkswagen Eastdale,Paid Search,2020,1713,989,37
2025-04,Summit Auto Group,Summit Volkswagen Eastdale,Direct,1539,1314,824,27
2025-04,Summit Auto Group,Summit Volkswagen Eastdale,Organic Social,962,710,502,17
2025-04,Summit Auto Group,Summit Volkswagen Eastdale,Paid Social,769,642,440,12
2025-04,Summit Auto Group,Summit Volkswagen Eastdale,Referral,577,479,279,12
2025-04,Summit Auto Group,Summit Volkswagen Eastdale,Email,481,349,297,8
2025-05,Harbor Motor Group,Harbor BMW,Organic Search,6699,5078,3680,128
2025-05,Harbor Motor Group,Harbor BMW,Paid Search,4137,3239,2254,76
2025-05,Harbor Motor Group,Harbor BMW,Direct,3152,2619,1690,64
2025-05,Harbor Motor Group,Harbor BMW,Organic Social,1970,1573,989,21
2025-05,Harbor Motor Group,Harbor BMW,Paid Social,1576,1223,731,36
2025-05,Harbor Motor Group,Harbor BMW,Referral,1182,1003,654,13
2025-05,Harbor Motor Group,Harbor BMW,Email,985,720,471,14
2025-05,Harbor Motor Group,Harbor Chevrolet Marina,Organic Search,5110,3734,2527,126
2025-05,Harbor Motor Group,Harbor Chevrolet Marina,Paid Search,3156,2563,1897,68
2025-05,Harbor Motor Group,Harbor Chevrolet Marina,Direct,2405,1996,1224,28
2025-05,Harbor Motor Group,Harbor Chevrolet Marina,Organic Social,1503,1200,918,24
2025-05,Harbor Motor Group,Harbor Chevrolet Marina,Paid Social,1202,1012,655,17
2025-05,Harbor Motor Group,Harbor Chevrolet Marina,Referral,901,735,451,24
2025-05,Harbor Motor Group,Harbor Chevrolet Marina,Email,751,642,364,16
2025-05,Harbor Motor Group,Harbor Ford Portside,Organic Search,7084,5597,4125,73
2025-05,Harbor Motor Group,Harbor Ford Portside,Paid Search,4375,3469,2316,91
2025-05,Harbor Motor Group,Harbor Ford Portside,Direct,3333,2689,1963,90
2025-05,Harbor Motor Group,Harbor Ford Portside,Organic Social,2083,1620,1177,49
2025-05,Harbor Motor Group,Harbor Ford Portside,Paid Social,1666,1240,886,45
2025-05,Harbor Motor Group,Harbor Ford Portside,Referral,1250,1015,720,34
2025-05,Harbor Motor Group,Harbor Ford Portside,Email,1041,756,510,23
2025-05,Harbor Motor Group,Harbor Honda Seaside,Organic Search,5557,4042,3056,56
2025-05,Harbor Motor Group,Harbor Honda Seaside,Paid Search,3432,2531,1884,69
2025-05,Harbor Motor Group,Harbor Honda Seaside,Direct,2615,2100,1286,70
2025-05,Harbor Motor Group,Harbor Honda Seaside,Organic Social,1634,1383,1006,40
2025-05,Harbor Motor Group,Harbor Honda Seaside,Paid Social,1307,1104,717,27
2025-05,Harbor Motor Group,Harbor Honda Seaside,Referral,980,755,604,13
2025-05,Harbor Motor Group,Harbor Honda Seaside,Email,817,637,404,17
2025-05,Harbor Motor Group,Harbor Jeep Ram Anchor,Organic Search,4246,3274,2320,92
2025-05,Harbor Motor Group,Harbor Jeep Ram Anchor,Paid Search,2622,2220,1433,43
2025-05,Harbor Motor Group,Harbor Jeep Ram Anchor,Direct,1998,1635,1097,38
2025-05,Harbor Motor Group,Harbor Jeep Ram Anchor,Organic Social,1249,1004,768,28
2025-05,Harbor Motor Group,Harbor Jeep Ram Anchor,Paid Social,999,758,539,23
2025-05,Harbor Motor Group,Harbor Jeep Ram Anchor,Referral,749,600,384,14
2025-05,Harbor Motor Group,Harbor Jeep Ram Anchor,Email,624,521,328,10
2025-05,Harbor Motor Group,Harbor Kia Lighthouse,Organic Search,4280,3648,2406,113
2025-05,Harbor Motor Group,Harbor Kia Lighthouse,Paid Search,2644,2222,1613,67
2025-05,Harbor Motor Group,Harbor Kia Lighthouse,Direct,2014,1699,1157,50
2025-05,Harbor Motor Group,Harbor Kia Lighthouse,Organic Social,1259,928,593,15
2025-05,Harbor Motor Group,Harbor Kia Lighthouse,Paid Social,1007,760,505,25
2025-05,Harbor Motor Group,Harbor Kia Lighthouse,Referral,755,637,386,10
2025-05,Harbor Motor Group,Harbor Kia Lighthouse,Email,629,504,301,8
2025-05,Harbor Motor Group,Harbor Subaru Tidewater,Organic Search,4000,3359,2272,70
2025-05,Harbor Motor Group,Harbor Subaru Tidewater,Paid Search,2470,1981,1320,50
2025-05,Harbor Motor Group,Harbor Subaru Tidewater,Direct,1882,1603,905,37
2025-05,Harbor Motor Group,Harbor Subaru Tidewater,Organic Social,1176,910,636,16
2025-05,Harbor Motor Group,Harbor Subaru Tidewater,Paid Social,941,742,548,17
2025-05,Harbor Motor Group,Harbor Subaru Tidewater,Referral,705,545,381,18
2025-05,Harbor Motor Group,Harbor Subaru Tidewater,Email,588,455,338,14
2025-05,Harbor Motor Group,Harbor Toyota Bayview,Organic Search,6425,5431,3351,151
2025-05,Harbor Motor Group,Harbor Toyota Bayview,Paid Search,3968,3003,2168,89
2025-05,Harbor Motor Group,Harbor Toyota Bayview,Direct,3023,2464,1428,51
2025-05,Harbor Motor Group,Harbor Toyota Bayview,Organic Social,1889,1424,1162,49
2025-05,Harbor Motor Group,Harbor Toyota Bayview,Paid Social,1511,1216,797,26
2025-05,Harbor Motor Group,Harbor Toyota Bayview,Referral,1133,947,615,26
2025-05,Harbor Motor Group,Harbor Toyota Bayview,Email,944,683,463,16
2025-05,Summit Auto Group,Summit BMW,Organic Search,6118,5170,3710,108
2025-05,Summit Auto Group,Summit BMW,Paid Search,3779,3068,2170,84
2025-05,Summit Auto Group,Summit BMW,Direct,2879,2215,1677,67
2025-05,Summit Auto Group,Summit BMW,Organic Social,1799,1297,859,33
2025-05,Summit Auto Group,Summit BMW,Paid Social,1439,1100,874,32
2025-05,Summit Auto Group,Summit BMW,Referral,1079,850,496,15
2025-05,Summit Auto Group,Summit BMW,Email,899,685,534,13
2025-05,Summit Auto Group,Summit Chevrolet Glenpark,Organic Search,5634,4305,3151,106
2025-05,Summit Auto Group,Summit Chevrolet Glenpark,Paid Search,3479,2608,1703,37
2025-05,Summit Auto Group,Summit Chevrolet Glenpark,Direct,2651,2184,1604,69
2025-05,Summit Auto Group,Summit Chevrolet Glenpark,Organic Social,1657,1312,957,39
2025-05,Summit Auto Group,Summit Chevrolet Glenpark,Paid Social,1325,988,812,16
2025-05,Summit Auto Group,Summit Chevrolet Glenpark,Referral,994,725,588,22
2025-05,Summit Auto Group,Summit Chevrolet Glenpark,Email,828,642,374,22
2025-05,Summit Auto Group,Summit Ford Rivera,Organic Search,6228,4769,2824,137
2025-05,Summit Auto Group,Summit Ford Rivera,Paid Search,3846,2802,1860,98
2025-05,Summit Auto Group,Summit Ford Rivera,Direct,2931,2277,1361,60
2025-05,Summit Auto Group,Summit Ford Rivera,Organic Social,1831,1432,987,42
2025-05,Summit Auto Group,Summit Ford Rivera,Paid Social,1465,1258,808,39
2025-05,Summit Auto Group,Summit Ford Rivera,Referral,1099,886,596,30
2025-05,Summit Auto Group,Summit Ford Rivera,Email,915,740,458,12
2025-05,Summit Auto Group,Summit Honda Westland,Organic Search,5651,4577,3229,121
2025-05,Summit Auto Group,Summit Honda Westland,Paid Search,3490,2752,1706,54
2025-05,Summit Auto Group,Summit Honda Westland,Direct,2659,2250,1447,50
2025-05,Summit Auto Group,Summit Honda Westland,Organic Social,1662,1296,842,18
2025-05,Summit Auto Group,Summit Honda Westland,Paid Social,1329,1035,611,32
2025-05,Summit Auto Group,Summit Honda Westland,Referral,997,749,492,13
2025-05,Summit Auto Group,Summit Honda Westland,Email,831,682,481,13
2025-05,Summit Auto Group,Summit Hyundai Oakhurst,Organic Search,4954,3970,2952,90
2025-05,Summit Auto Group,Summit Hyundai Oakhurst,Paid Search,3060,2432,1392,35
2025-05,Summit Auto Group,Summit Hyundai Oakhurst,Direct,2331,1678,1335,55
2025-05,Summit Auto Group,Summit Hyundai Oakhurst,Organic Social,1457,1231,790,36
2025-05,Summit Auto Group,Summit Hyundai Oakhurst,Paid Social,1165,934,644,30
2025-05,Summit Auto Group,Summit Hyundai Oakhurst,Referral,874,733,493,17
2025-05,Summit Auto Group,Summit Hyundai Oakhurst,Email,728,579,403,16
2025-05,Summit Auto Group,Summit Jeep Ram Clearwater,Organic Search,5222,3957,3137,57
2025-05,Summit Auto Group,Summit Jeep Ram Clearwater,Paid Search,3225,2340,1924,62
2025-05,Summit Auto Group,Summit Jeep Ram Clearwater,Direct,2457,1899,1426,53
2025-05,Summit Auto Group,Summit Jeep Ram Clearwater,Organic Social,1536,1276,885,39
2025-05,Summit Auto Group,Summit Jeep Ram Clearwater,Paid Social,1228,955,645,28
2025-05,Summit Auto Group,Summit Jeep Ram Clearwater,Referral,921,753,511,9
2025-05,Summit Auto Group,Summit Jeep Ram Clearwater,Email,768,612,362,15
2025-05,Summit Auto Group,Summit Kia Brookfield,Organic Search,3889,3031,2035,58
2025-05,Summit Auto Group,Summit Kia Brookfield,Paid Search,2402,1925,1435,32
2025-05,Summit Auto Group,Summit Kia Brookfield,Direct,1830,1327,1099,45
2025-05,Summit Auto Group,Summit Kia Brookfield,Organic Social,1144,888,683,21
2025-05,Summit Auto Group,Summit Kia Brookfield,Paid Social,915,705,528,19
2025-05,Summit Auto Group,Summit Kia Brookfield,Referral,686,495,380,12
2025-05,Summit Auto Group,Summit Kia Brookfield,Email,572,417,349,15
2025-05,Summit Auto Group,Summit Mazda Lakeside,Organic Search,3403,2472,1575,65
2025-05,Summit Auto Group,Summit Mazda Lakeside,Paid Search,2101,1561,1167,41
2025-05,Summit Auto Group,Summit Mazda Lakeside,Direct,1601,1351,850,34
2025-05,Summit Auto Group,Summit Mazda Lakeside,Organic Social,1000,815,479,20
2025-05,Summit Auto Group,Summit Mazda Lakeside,Paid Social,800,613,379,9
2025-05,Summit Auto Group,Summit Mazda Lakeside,Referral,600,487,365,6
2025-05,Summit Auto Group,Summit Mazda Lakeside,Email,500,366,243,13
2025-05,Summit Auto Group,Summit Nissan Ridgemont,Organic Search,4548,3283,2647,94
2025-05,Summit Auto Group,Summit Nissan Ridgemont,Paid Search,2809,2035,1549,38
2025-05,Summit Auto Group,Summit Nissan Ridgemont,Direct,2140,1647,1012,30
2025-05,Summit Auto Group,Summit Nissan Ridgemont,Organic Social,1337,1069,793,27
2025-05,Summit Auto Group,Summit Nissan Ridgemont,Paid Social,1070,807,492,22
2025-05,Summit Auto Group,Summit Nissan Ridgemont,Referral,802,655,465,14
2025-05,Summit Auto Group,Summit Nissan Ridgemont,Email,668,482,385,10
2025-05,Summit Auto Group,Summit Subaru Northgate,Organic Search,3446,2682,1711,84
2025-05,Summit Auto Group,Summit Subaru Northgate,Paid Search,2128,1605,1284,35
2025-05,Summit Auto Group,Summit Subaru Northgate,Direct,1621,1256,732,45
2025-05,Summit Auto Group,Summit Subaru Northgate,Organic Social,1013,795,481,26
2025-05,Summit Auto Group,Summit Subaru Northgate,Paid Social,810,622,443,15
2025-05,Summit Auto Group,Summit Subaru Northgate,Referral,608,477,297,14
2025-05,Summit Auto Group,Summit Subaru Northgate,Email,506,406,308,9
2025-05,Summit Auto Group,Summit Toyota of Fairview,Organic Search,7569,5978,4574,97
2025-05,Summit Auto Group,Summit Toyota of Fairview,Paid Search,4675,3709,2258,107
2025-05,Summit Auto Group,Summit Toyota of Fairview,Direct,3561,2825,2040,53
2025-05,Summit Auto Group,Summit Toyota of Fairview,Organic Social,2226,1801,1129,61
2025-05,Summit Auto Group,Summit Toyota of Fairview,Paid Social,1780,1411,1090,20
2025-05,Summit Auto Group,Summit Toyota of Fairview,Referral,1335,1025,602,34
2025-05,Summit Auto Group,Summit Toyota of Fairview,Email,1113,952,634,17
2025-05,Summit Auto Group,Summit Volkswagen Eastdale,Organic Search,3347,2620,1635,91
2025-05,Summit Auto Group,Summit Volkswagen Eastdale,Paid Search,2067,1694,1040,46
2025-05,Summit Auto Group,Summit Volkswagen Eastdale,Direct,1575,1223,946,35
2025-05,Summit Auto Group,Summit Volkswagen Eastdale,Organic Social,984,745,593,25
2025-05,Summit Auto Group,Summit Volkswagen Eastdale,Paid Social,787,588,361,9
2025-05,Summit Auto Group,Summit Volkswagen Eastdale,Referral,590,469,357,12
2025-05,Summit Auto Group,Summit Volkswagen Eastdale,Email,492,417,229,8
2025-06,Harbor Motor Group,Harbor BMW,Organic Search,6700,5396,3789,123
2025-06,Harbor Motor Group,Harbor BMW,Paid Search,4138,3073,2468,108
2025-06,Harbor Motor Group,Harbor BMW,Direct,3153,2622,1528,32
2025-06,Harbor Motor Group,Harbor BMW,Organic Social,1970,1447,1083,52
2025-06,Harbor Motor Group,Harbor BMW,Paid Social,1576,1259,959,44
2025-06,Harbor Motor Group,Harbor BMW,Referral,1182,886,532,13
2025-06,Harbor Motor Group,Harbor BMW,Email,985,746,463,15
2025-06,Harbor Motor Group,Harbor Chevrolet Marina,Organic Search,4675,3544,2393,80
2025-06,Harbor Motor Group,Harbor Chevrolet Marina,Paid Search,2887,2305,1764,51
2025-06,Harbor Motor Group,Harbor Chevrolet Marina,Direct,2200,1692,1258,24
2025-06,Harbor Motor Group,Harbor Chevrolet Marina,Organic Social,1375,1055,645,18
2025-06,Harbor Motor Group,Harbor Chevrolet Marina,Paid Social,1100,871,673,20
2025-06,Harbor Motor Group,Harbor Chevrolet Marina,Referral,825,690,472,12
2025-06,Harbor Motor Group,Harbor Chevrolet Marina,Email,687,546,389,15
2025-06,Harbor Motor Group,Harbor Ford Portside,Organic Search,6822,5248,3979,164
2025-06,Harbor Motor Group,Harbor Ford Portside,Paid Search,4213,3368,2036,110
2025-06,Harbor Motor Group,Harbor Ford Portside,Direct,3210,2420,1906,33
2025-06,Harbor Motor Group,Harbor Ford Portside,Organic Social,2006,1637,1223,29
2025-06,Harbor Motor Group,Harbor Ford Portside,Paid Social,1605,1195,838,41
2025-06,Harbor Motor Group,Harbor Ford Portside,Referral,1203,972,657,32
2025-06,Harbor Motor Group,Harbor Ford Portside,Email,1003,836,544,19
2025-06,Harbor Motor Group,Harbor Honda Seaside,Organic Search,6479,4845,3465,159
2025-06,Harbor Motor Group,Harbor Honda Seaside,Paid Search,4001,3241,2375,47
2025-06,Harbor Motor Group,Harbor Honda Seaside,Direct,3049,2579,1837,33
2025-06,Harbor Motor Group,Harbor Honda Seaside,Organic Social,1905,1504,1138,32
2025-06,Harbor Motor Group,Harbor Honda Seaside,Paid Social,1524,1275,707,35
2025-06,Harbor Motor Group,Harbor Honda Seaside,Referral,1143,925,517,17
2025-06,Harbor Motor Group,Harbor Honda Seaside,Email,952,814,533,14
2025-06,Harbor Motor Group,Harbor Jeep Ram Anchor,Organic Search,5448,4486,2884,135
2025-06,Harbor Motor Group,Harbor Jeep Ram Anchor,Paid Search,3365,2798,1534,51
2025-06,Harbor Motor Group,Harbor Jeep Ram Anchor,Direct,2564,1984,1393,68
2025-06,Harbor Motor Group,Harbor Jeep Ram Anchor,Organic Social,1602,1365,952,30
2025-06,Harbor Motor Group,Harbor Jeep Ram Anchor,Paid Social,1282,978,582,23
2025-06,Harbor Motor Group,Harbor Jeep Ram Anchor,Referral,961,756,457,23
2025-06,Harbor Motor Group,Harbor Jeep Ram Anchor,Email,801,609,429,15
2025-06,Harbor Motor Group,Harbor Kia Lighthouse,Organic Search,4340,3565,2620,60
2025-06,Harbor Motor Group,Harbor Kia Lighthouse,Paid Search,2680,2251,1502,33
2025-06,Harbor Motor Group,Harbor Kia Lighthouse,Direct,2042,1526,1194,49
2025-06,Harbor Motor Group,Harbor Kia Lighthouse,Organic Social,1276,971,786,26
2025-06,Harbor Motor Group,Harbor Kia Lighthouse,Paid Social,1021,761,566,22
2025-06,Harbor Motor Group,Harbor Kia Lighthouse,Referral,765,625,387,15
2025-06,Harbor Motor Group,Harbor Kia Lighthouse,Email,638,514,291,15
2025-06,Harbor Motor Group,Harbor Subaru Tidewater,Organic Search,3918,3087,2191,58
2025-06,Harbor Motor Group,Harbor Subaru Tidewater,Paid Search,2420,1790,1226,46
2025-06,Harbor Motor Group,Harbor Subaru Tidewater,Direct,1844,1452,1078,35
2025-06,Harbor Motor Group,Harbor Subaru Tidewater,Organic Social,1152,981,708,27
2025-06,Harbor Motor Group,Harbor Subaru Tidewater,Paid Social,922,710,491,9
2025-06,Harbor Motor Group,Harbor Subaru Tidewater,Referral,691,539,389,9
2025-06,Harbor Motor Group,Harbor Subaru Tidewater,Email,576,488,335,9
2025-06,Harbor Motor Group,Harbor Toyota Bayview,Organic Search,7460,5752,3817,80
2025-06,Harbor Motor Group,Harbor Toyota Bayview,Paid Search,4607,3421,2619,51
2025-06,Harbor Motor Group,Harbor Toyota Bayview,Direct,3510,2600,1657,89
2025-06,Harbor Motor Group,Harbor Toyota Bayview,Organic Social,2194,1683,1078,59
2025-06,Harbor Motor Group,Harbor Toyota Bayview,Paid Social,1755,1340,890,47
2025-06,Harbor Motor Group,Harbor Toyota Bayview,Referral,1316,1125,779,23
2025-06,Harbor Motor Group,Harbor Toyota Bayview,Email,1097,837,523,15
2025-06,Summit Auto Group,Summit BMW,Organic Search,5950,4658,3656,139
2025-06,Summit Auto Group,Summit BMW,Paid Search,3675,2762,1715,43
2025-06,Summit Auto Group,Summit BMW,Direct,2800,2079,1381,68
2025-06,Summit Auto Group,Summit BMW,Organic Social,1750,1483,1031,21
2025-06,Summit Auto Group,Summit BMW,Paid Social,1400,1066,722,36
2025-06,Summit Auto Group,Summit BMW,Referral,1050,868,474,27
2025-06,Summit Auto Group,Summit BMW,Email,875,632,405,16
2025-06,Summit Auto Group,Summit Chevrolet Glenpark,Organic Search,5268,4484,2630,100
2025-06,Summit Auto Group,Summit Chevrolet Glenpark,Paid Search,3254,2388,1598,90
2025-06,Summit Auto Group,Summit Chevrolet Glenpark,Direct,2479,1952,1240,28
2025-06,Summit Auto Group,Summit Chevrolet Glenpark,Organic Social,1549,1169,849,24
2025-06,Summit Auto Group,Summit Chevrolet Glenpark,Paid Social,1239,1048,692,24
2025-06,Summit Auto Group,Summit Chevrolet Glenpark,Referral,929,766,563,19
2025-06,Summit Auto Group,Summit Chevrolet Glenpark,Email,774,594,431,18
2025-06,Summit Auto Group,Summit Ford Rivera,Organic Search,6141,4622,2879,126
2025-06,Summit Auto Group,Summit Ford Rivera,Paid Search,3793,3039,1915,68
2025-06,Summit Auto Group,Summit Ford Rivera,Direct,2890,2371,1427,39
2025-06,Summit Auto Group,Summit Ford Rivera,Organic Social,1806,1419,928,27
2025-06,Summit Auto Group,Summit Ford Rivera,Paid Social,1445,1171,668,18
2025-06,Summit Auto Group,Summit Ford Rivera,Referral,1083,821,611,19
2025-06,Summit Auto Group,Summit Ford Rivera,Email,903,756,440,23
2025-06,Summit Auto Group,Summit Honda Westland,Organic Search,6063,5031,3141,143
2025-06,Summit Auto Group,Summit Honda Westland,Paid Search,3745,2799,2174,54
2025-06,Summit Auto Group,Summit Honda Westland,Direct,2853,2383,1716,70
2025-06,Summit Auto Group,Summit Honda Westland,Organic Social,1783,1366,896,49
2025-06,Summit Auto Group,Summit Honda Westland,Paid Social,1426,1178,829,17
2025-06,Summit Auto Group,Summit Honda Westland,Referral,1070,894,489,13
2025-06,Summit Auto Group,Summit Honda Westland,Email,891,759,478,13
2025-06,Summit Auto Group,Summit Hyundai Oakhurst,Organic Search,4630,3674,2462,68
2025-06,Summit Auto Group,Summit Hyundai Oakhurst,Paid Search,2860,2179,1696,80
2025-06,Summit Auto Group,Summit Hyundai Oakhurst,Direct,2179,1778,1154,45
2025-06,Summit Auto Group,Summit Hyundai Oakhurst,Organic Social,1362,1001,690,33
2025-06,Summit Auto Group,Summit Hyundai Oakhurst,Paid Social,1089,844,631,19
2025-06,Summit Auto Group,Summit Hyundai Oakhurst,Referral,817,621,383,15
2025-06,Summit Auto Group,Summit Hyundai Oakhurst,Email,681,544,383,15
2025-06,Summit Auto Group,Summit Jeep Ram Clearwater,Organic Search,5203,4176,2534,66
2025-06,Summit Auto Group,Summit Jeep Ram Clearwater,Paid Search,3214,2648,1585,75
2025-06,Summit Auto Group,Summit Jeep Ram Clearwater,Direct,2448,1887,1185,44
2025-06,Summit Auto Group,Summit Jeep Ram Clearwater,Organic Social,1530,1257,717,25
2025-06,Summit Auto Group,Summit Jeep Ram Clearwater,Paid Social,1224,1017,700,30
2025-06,Summit Auto Group,Summit Jeep Ram Clearwater,Referral,918,739,512,9
2025-06,Summit Auto Group,Summit Jeep Ram Clearwater,Email,765,620,462,15
2025-06,Summit Auto Group,Summit Kia Brookfield,Organic Search,3681,2964,1927,87
2025-06,Summit Auto Group,Summit Kia Brookfield,Paid Search,2273,1831,1056,23
2025-06,Summit Auto Group,Summit Kia Brookfield,Direct,1732,1465,957,38
2025-06,Summit Auto Group,Summit Kia Brookfield,Organic Social,1082,842,509,22
2025-06,Summit Auto Group,Summit Kia Brookfield,Paid Social,866,735,410,16
2025-06,Summit Auto Group,Summit Kia Brookfield,Referral,649,478,335,13
2025-06,Summit Auto Group,Summit Kia Brookfield,Email,541,462,296,13
2025-06,Summit Auto Group,Summit Mazda Lakeside,Organic Search,3275,2397,1956,60
2025-06,Summit Auto Group,Summit Mazda Lakeside,Paid Search,2022,1517,1124,40
2025-06,Summit Auto Group,Summit Mazda Lakeside,Direct,1541,1137,932,22
2025-06,Summit Auto Group,Summit Mazda Lakeside,Organic Social,963,696,533,23
2025-06,Summit Auto Group,Summit Mazda Lakeside,Paid Social,770,570,433,14
2025-06,Summit Auto Group,Summit Mazda Lakeside,Referral,577,435,285,12
2025-06,Summit Auto Group,Summit Mazda Lakeside,Email,481,365,258,5
2025-06,Summit Auto Group,Summit Nissan Ridgemont,Organic Search,4788,3878,2532,92
2025-06,Summit Auto Group,Summit Nissan Ridgemont,Paid Search,2957,2425,1662,76
2025-06,Summit Auto Group,Summit Nissan Ridgemont,Direct,2253,1822,1283,41
2025-06,Summit Auto Group,Summit Nissan Ridgemont,Organic Social,1408,1173,728,25
2025-06,Summit Auto Group,Summit Nissan Ridgemont,Paid Social,1126,825,637,24
2025-06,Summit Auto Group,Summit Nissan Ridgemont,Referral,845,674,383,15
2025-06,Summit Auto Group,Summit Nissan Ridgemont,Email,704,526,374,9
2025-06,Summit Auto Group,Summit Subaru Northgate,Organic Search,4058,3330,2016,104
2025-06,Summit Auto Group,Summit Subaru Northgate,Paid Search,2506,1997,1440,52
2025-06,Summit Auto Group,Summit Subaru Northgate,Direct,1909,1454,1161,27
2025-06,Summit Auto Group,Summit Subaru Northgate,Organic Social,1193,1003,564,18
2025-06,Summit Auto Group,Summit Subaru Northgate,Paid Social,954,754,585,25
2025-06,Summit Auto Group,Summit Subaru Northgate,Referral,716,562,436,12
2025-06,Summit Auto Group,Summit Subaru Northgate,Email,596,505,322,6
2025-06,Summit Auto Group,Summit Toyota of Fairview,Organic Search,7086,6028,4020,113
2025-06,Summit Auto Group,Summit Toyota of Fairview,Paid Search,4376,3682,2398,121
2025-06,Summit Auto Group,Summit Toyota of Fairview,Direct,3334,2685,1630,66
2025-06,Summit Auto Group,Summit Toyota of Fairview,Organic Social,2084,1730,995,43
2025-06,Summit Auto Group,Summit Toyota of Fairview,Paid Social,1667,1408,882,29
2025-06,Summit Auto Group,Summit Toyota of Fairview,Referral,1250,910,568,29
2025-06,Summit Auto Group,Summit Toyota of Fairview,Email,1042,797,511,28
2025-06,Summit Auto Group,Summit Volkswagen Eastdale,Organic Search,2609,1969,1507,47
2025-06,Summit Auto Group,Summit Volkswagen Eastdale,Paid Search,1611,1318,903,37
2025-06,Summit Auto Group,Summit Volkswagen Eastdale,Direct,1228,1029,752,29
2025-06,Summit Auto Group,Summit Volkswagen Eastdale,Organic Social,767,630,378,12
2025-06,Summit Auto Group,Summit Volkswagen Eastdale,Paid Social,614,459,373,10
2025-06,Summit Auto Group,Summit Volkswagen Eastdale,Referral,460,381,214,7
2025-06,Summit Auto Group,Summit Volkswagen Eastdale,Email,383,319,231,4
2025-07,Harbor Motor Group,Harbor BMW,Organic Search,5791,4358,3558,118
2025-07,Harbor Motor Group,Harbor BMW,Paid Search,3576,2983,1633,60
2025-07,Harbor Motor Group,Harbor BMW,Direct,2725,2237,1480,47
2025-07,Harbor Motor Group,Harbor BMW,Organic Social,1703,1257,1026,20
2025-07,Harbor Motor Group,Harbor BMW,Paid Social,1362,1041,658,18
2025-07,Harbor Motor Group,Harbor BMW,Referral,1021,778,553,23
2025-07,Harbor Motor Group,Harbor BMW,Email,851,663,417,18
2025-07,Harbor Motor Group,Harbor Chevrolet Marina,Organic Search,4864,4077,2416,58
2025-07,Harbor Motor Group,Harbor Chevrolet Marina,Paid Search,3004,2552,1827,63
2025-07,Harbor Motor Group,Harbor Chevrolet Marina,Direct,2289,1715,1169,50
2025-07,Harbor Motor Group,Harbor Chevrolet Marina,Organic Social,1430,1155,838,18
2025-07,Harbor Motor Group,Harbor Chevrolet Marina,Paid Social,1144,830,670,29
2025-07,Harbor Motor Group,Harbor Chevrolet Marina,Referral,858,626,525,20
2025-07,Harbor Motor Group,Harbor Chevrolet Marina,Email,715,545,425,18
2025-07,Harbor Motor Group,Harbor Ford Portside,Organic Search,6932,5373,3475,172
2025-07,Harbor Motor Group,Harbor Ford Portside,Paid Search,4281,3431,2229,59
2025-07,Harbor Motor Group,Harbor Ford Portside,Direct,3262,2703,1742,74
2025-07,Harbor Motor Group,Harbor Ford Portside,Organic Social,2038,1653,971,20
2025-07,Harbor Motor Group,Harbor Ford Portside,Paid Social,1631,1213,994,41
2025-07,Harbor Motor Group,Harbor Ford Portside,Referral,1223,981,733,29
2025-07,Harbor Motor Group,Harbor Ford Portside,Email,1019,796,615,15
2025-07,Harbor Motor Group,Harbor Honda Seaside,Organic Search,5586,4339,3403,134
2025-07,Harbor Motor Group,Harbor Honda Seaside,Paid Search,3450,2669,1859,67
2025-07,Harbor Motor Group,Harbor Honda Seaside,Direct,2629,1943,1225,37
2025-07,Harbor Motor Group,Harbor Honda Seaside,Organic Social,1643,1380,943,40
2025-07,Harbor Motor Group,Harbor Honda Seaside,Paid Social,1314,953,667,27
2025-07,Harbor Motor Group,Harbor Honda Seaside,Referral,985,732,577,17
2025-07,Harbor Motor Group,Harbor Honda Seaside,Email,821,659,502,14
2025-07,Harbor Motor Group,Harbor Jeep Ram Anchor,Organic Search,5436,4577,2583,102
2025-07,Harbor Motor Group,Harbor Jeep Ram Anchor,Paid Search,3357,2493,1731,58
2025-07,Harbor Motor Group,Harbor Jeep Ram Anchor,Direct,2558,1934,1550,34
2025-07,Harbor Motor Group,Harbor Jeep Ram Anchor,Organic Social,1598,1218,867,31
2025-07,Harbor Motor Group,Harbor Jeep Ram Anchor,Paid Social,1279,950,634,19
2025-07,Harbor Motor Group,Harbor Jeep Ram Anchor,Referral,959,800,548,25
2025-07,Harbor Motor Group,Harbor Jeep Ram Anchor,Email,799,657,460,14
2025-07,Harbor Motor Group,Harbor Kia Lighthouse,Organic Search,4415,3245,2501,122
2025-07,Harbor Motor Group,Harbor Kia Lighthouse,Paid Search,2727,1987,1246,69
2025-07,Harbor Motor Group,Harbor Kia Lighthouse,Direct,2077,1681,1224,22
2025-07,Harbor Motor Group,Harbor Kia Lighthouse,Organic Social,1298,1070,787,28
2025-07,Harbor Motor Group,Harbor Kia Lighthouse,Paid Social,1038,867,512,23
2025-07,Harbor Motor Group,Harbor Kia Lighthouse,Referral,779,609,362,18
2025-07,Harbor Motor Group,Harbor Kia Lighthouse,Email,649,553,326,17
2025-07,Harbor Motor Group,Harbor Subaru Tidewater,Organic Search,3744,2933,1838,38
2025-07,Harbor Motor Group,Harbor Subaru Tidewater,Paid Search,2312,1944,1194,62
2025-07,Harbor Motor Group,Harbor Subaru Tidewater,Direct,1761,1302,971,32
2025-07,Harbor Motor Group,Harbor Subaru Tidewater,Organic Social,1101,853,641,30
2025-07,Harbor Motor Group,Harbor Subaru Tidewater,Paid Social,880,708,519,9
2025-07,Harbor Motor Group,Harbor Subaru Tidewater,Referral,660,483,352,11
2025-07,Harbor Motor Group,Harbor Subaru Tidewater,Email,550,452,324,8
2025-07,Harbor Motor Group,Harbor Toyota Bayview,Organic Search,7334,6057,3921,80
2025-07,Harbor Motor Group,Harbor Toyota Bayview,Paid Search,4529,3764,2505,95
2025-07,Harbor Motor Group,Harbor Toyota Bayview,Direct,3451,2769,1746,35
2025-07,Harbor Motor Group,Harbor Toyota Bayview,Organic Social,2157,1785,1265,57
2025-07,Harbor Motor Group,Harbor Toyota Bayview,Paid Social,1725,1431,846,46
2025-07,Harbor Motor Group,Harbor Toyota Bayview,Referral,1294,1035,629,30
2025-07,Harbor Motor Group,Harbor Toyota Bayview,Email,1078,917,527,17
2025-07,Summit Auto Group,Summit BMW,Organic Search,6987,5907,3769,169
2025-07,Summit Auto Group,Summit BMW,Paid Search,4315,3647,2227,51
2025-07,Summit Auto Group,Summit BMW,Direct,3288,2566,1817,63
2025-07,Summit Auto Group,Summit BMW,Organic Social,2055,1501,1080,23
2025-07,Summit Auto Group,Summit BMW,Paid Social,1644,1327,843,44
2025-07,Summit Auto Group,Summit BMW,Referral,1233,961,616,34
2025-07,Summit Auto Group,Summit BMW,Email,1027,825,549,17
2025-07,Summit Auto Group,Summit Chevrolet Glenpark,Organic Search,4970,3605,2815,103
2025-07,Summit Auto Group,Summit Chevrolet Glenpark,Paid Search,3070,2587,1579,45
2025-07,Summit Auto Group,Summit Chevrolet Glenpark,Direct,2339,1803,1141,29
2025-07,Summit Auto Group,Summit Chevrolet Glenpark,Organic Social,1462,1246,854,33
2025-07,Summit Auto Group,Summit Chevrolet Glenpark,Paid Social,1169,889,554,31
2025-07,Summit Auto Group,Summit Chevrolet Glenpark,Referral,877,683,447,18
2025-07,Summit Auto Group,Summit Chevrolet Glenpark,Email,731,567,408,10
2025-07,Summit Auto Group,Summit Ford Rivera,Organic Search,6617,5109,3487,133
2025-07,Summit Auto Group,Summit Ford Rivera,Paid Search,4087,3435,2466,92
2025-07,Summit Auto Group,Summit Ford Rivera,Direct,3114,2676,1872,57
2025-07,Summit Auto Group,Summit Ford Rivera,Organic Social,1946,1537,1006,48
2025-07,Summit Auto Group,Summit Ford Rivera,Paid Social,1557,1239,819,20
2025-07,Summit Auto Group,Summit Ford Rivera,Referral,1167,968,525,29
2025-07,Summit Auto Group,Summit Ford Rivera,Email,973,817,543,16
2025-07,Summit Auto Group,Summit Honda Westland,Organic Search,5672,4202,3140,90
2025-07,Summit Auto Group,Summit Honda Westland,Paid Search,3503,2881,1921,93
2025-07,Summit Auto Group,Summit Honda Westland,Direct,2669,2174,1221,35
2025-07,Summit Auto Group,Summit Honda Westland,Organic Social,1668,1408,879,33
2025-07,Summit Auto Group,Summit Honda Westland,Paid Social,1334,1013,640,35
2025-07,Summit Auto Group,Summit Honda Westland,Referral,1001,761,586,25
2025-07,Summit Auto Group,Summit Honda Westland,Email,834,644,446,10
2025-07,Summit Auto Group,Summit Hyundai Oakhurst,Organic Search,4631,3406,2741,91
2025-07,Summit Auto Group,Summit Hyundai Oakhurst,Paid Search,2860,2247,1680,33
2025-07,Summit Auto Group,Summit Hyundai Oakhurst,Direct,2179,1681,1140,55
2025-07,Summit Auto Group,Summit Hyundai Oakhurst,Organic Social,1362,1095,746,35
2025-07,Summit Auto Group,Summit Hyundai Oakhurst,Paid Social,1089,847,658,30
2025-07,Summit Auto Group,Summit Hyundai Oakhurst,Referral,817,688,373,15
2025-07,Summit Auto Group,Summit Hyundai Oakhurst,Email,681,533,398,13
2025-07,Summit Auto Group,Summit Jeep Ram Clearwater,Organic Search,5302,4123,2962,120
2025-07,Summit Auto Group,Summit Jeep Ram Clearwater,Paid Search,3275,2435,1515,85
2025-07,Summit Auto Group,Summit Jeep Ram Clearwater,Direct,2495,1992,1135,41
2025-07,Summit Auto Group,Summit Jeep Ram Clearwater,Organic Social,1559,1276,938,29
2025-07,Summit Auto Group,Summit Jeep Ram Clearwater,Paid Social,1247,1016,734,12
2025-07,Summit Auto Group,Summit Jeep Ram Clearwater,Referral,935,678,526,22
2025-07,Summit Auto Group,Summit Jeep Ram Clearwater,Email,779,655,401,21
2025-07,Summit Auto Group,Summit Kia Brookfield,Organic Search,4105,3352,2453,41
2025-07,Summit Auto Group,Summit Kia Brookfield,Paid Search,2535,1907,1313,28
2025-07,Summit Auto Group,Summit Kia Brookfield,Direct,1932,1523,1023,34
2025-07,Summit Auto Group,Summit Kia Brookfield,Organic Social,1207,946,593,29
2025-07,Summit Auto Group,Summit Kia Brookfield,Paid Social,966,824,494,16
2025-07,Summit Auto Group,Summit Kia Brookfield,Referral,724,551,407,17
2025-07,Summit Auto Group,Summit Kia Brookfield,Email,603,499,339,6
2025-07,Summit Auto Group,Summit Mazda Lakeside,Organic Search,2800,2080,1531,43
2025-07,Summit Auto Group,Summit Mazda Lakeside,Paid Search,1729,1294,825,36
2025-07,Summit Auto Group,Summit Mazda Lakeside,Direct,1317,1044,812,33
2025-07,Summit Auto Group,Summit Mazda Lakeside,Organic Social,823,643,414,12
2025-07,Summit Auto Group,Summit Mazda Lakeside,Paid Social,658,543,402,17
2025-07,Summit Auto Group,Summit Mazda Lakeside,Referral,494,385,223,7
2025-07,Summit Auto Group,Summit Mazda Lakeside,Email,411,348,190,8
2025-07,Summit Auto Group,Summit Nissan Ridgemont,Organic Search,4253,3636,2606,106
2025-07,Summit Auto Group,Summit Nissan Ridgemont,Paid Search,2627,2196,1414,45
2025-07,Summit Auto Group,Summit Nissan Ridgemont,Direct,2001,1442,1147,40
2025-07,Summit Auto Group,Summit Nissan Ridgemont,Organic Social,1251,922,689,31
2025-07,Summit Auto Group,Summit Nissan Ridgemont,Paid Social,1000,793,537,13
2025-07,Summit Auto Group,Summit Nissan Ridgemont,Referral,750,553,439,9
2025-07,Summit Auto Group,Summit Nissan Ridgemont,Email,625,497,340,9
2025-07,Summit Auto Group,Summit Subaru Northgate,Organic Search,3971,3118,2039,44
2025-07,Summit Auto Group,Summit Subaru Northgate,Paid Search,2453,1810,1329,50
2025-07,Summit Auto Group,Summit Subaru Northgate,Direct,1868,1376,931,23
2025-07,Summit Auto Group,Summit Subaru Northgate,Organic Social,1168,953,652,16
2025-07,Summit Auto Group,Summit Subaru Northgate,Paid Social,934,706,573,9
2025-07,Summit Auto Group,Summit Subaru Northgate,Referral,700,524,319,10
2025-07,Summit Auto Group,Summit Subaru Northgate,Email,584,500,269,10
2025-07,Summit Auto Group,Summit Toyota of Fairview,Organic Search,7328,5649,4291,153
2025-07,Summit Auto Group,Summit Toyota of Fairview,Paid Search,4526,3343,2097,91
2025-07,Summit Auto Group,Summit Toyota of Fairview,Direct,3448,2695,1602,67
2025-07,Summit Auto Group,Summit Toyota of Fairview,Organic Social,2155,1845,975,31
2025-07,Summit Auto Group,Summit Toyota of Fairview,Paid Social,1724,1383,912,39
2025-07,Summit Auto Group,Summit Toyota of Fairview,Referral,1293,960,756,29
2025-07,Summit Auto Group,Summit Toyota of Fairview,Email,1077,926,500,26
2025-07,Summit Auto Group,Summit Volkswagen Eastdale,Organic Search,2555,1923,1228,28
2025-07,Summit Auto Group,Summit Volkswagen Eastdale,Paid Search,1578,1136,957,39
2025-07,Summit Auto Group,Summit Volkswagen Eastdale,Direct,1202,1010,727,17
2025-07,Summit Auto Group,Summit Volkswagen Eastdale,Organic Social,751,637,375,16
2025-07,Summit Auto Group,Summit Volkswagen Eastdale,Paid Social,601,452,339,10
2025-07,Summit Auto Group,Summit Volkswagen Eastdale,Referral,451,359,272,6
2025-07,Summit Auto Group,Summit Volkswagen Eastdale,Email,375,284,224,7
2025-08,Harbor Motor Group,Harbor BMW,Organic Search,6359,4749,3271,98
2025-08,Harbor Motor Group,Harbor BMW,Paid Search,3927,2833,1774,64
2025-08,Harbor Motor Group,Harbor BMW,Direct,2992,2331,1574,51
2025-08,Harbor Motor Group,Harbor BMW,Organic Social,1870,1483,879,36
2025-08,Harbor Motor Group,Harbor BMW,Paid Social,1496,1232,802,23
2025-08,Harbor Motor Group,Harbor BMW,Referral,1122,880,686,29
2025-08,Harbor Motor Group,Harbor BMW,Email,935,723,568,18
2025-08,Harbor Motor Group,Harbor Chevrolet Marina,Organic Search,4565,3737,2060,89
2025-08,Harbor Motor Group,Harbor Chevrolet Marina,Paid Search,2819,2280,1275,40
2025-08,Harbor Motor Group,Harbor Chevrolet Marina,Direct,2148,1748,1168,57
2025-08,Harbor Motor Group,Harbor Chevrolet Marina,Organic Social,1342,969,761,31
2025-08,Harbor Motor Group,Harbor Chevrolet Marina,Paid Social,1074,816,529,13
2025-08,Harbor Motor Group,Harbor Chevrolet Marina,Referral,805,686,430,9
2025-08,Harbor Motor Group,Harbor Chevrolet Marina,Email,671,516,403,11
2025-08,Harbor Motor Group,Harbor Ford Portside,Organic Search,7323,6107,3462,130
2025-08,Harbor Motor Group,Harbor Ford Portside,Paid Search,4523,3438,2609,100
2025-08,Harbor Motor Group,Harbor Ford Portside,Direct,3446,2934,1775,47
2025-08,Harbor Motor Group,Harbor Ford Portside,Organic Social,2154,1816,1080,22
2025-08,Harbor Motor Group,Harbor Ford Portside,Paid Social,1723,1417,820,47
2025-08,Harbor Motor Group,Harbor Ford Portside,Referral,1292,1106,760,16
2025-08,Harbor Motor Group,Harbor Ford Portside,Email,1077,880,664,18
2025-08,Harbor Motor Group,Harbor Honda Seaside,Organic Search,6097,5014,3325,77
2025-08,Harbor Motor Group,Harbor Honda Seaside,Paid Search,3766,3051,2015,44
2025-08,Harbor Motor Group,Harbor Honda Seaside,Direct,2869,2228,1583,33
2025-08,Harbor Motor Group,Harbor Honda Seaside,Organic Social,1793,1387,1054,23
2025-08,Harbor Motor Group,Harbor Honda Seaside,Paid Social,1434,1076,860,30
2025-08,Harbor Motor Group,Harbor Honda Seaside,Referral,1076,904,518,21
2025-08,Harbor Motor Group,Harbor Honda Seaside,Email,896,724,428,13
2025-08,Harbor Motor Group,Harbor Jeep Ram Anchor,Organic Search,4196,3366,1993,68
2025-08,Harbor Motor Group,Harbor Jeep Ram Anchor,Paid Search,2592,2207,1547,56
2025-08,Harbor Motor Group,Harbor Jeep Ram Anchor,Direct,1974,1539,1111,35
2025-08,Harbor Motor Group,Harbor Jeep Ram Anchor,Organic Social,1234,993,750,31
2025-08,Harbor Motor Group,Harbor Jeep Ram Anchor,Paid Social,987,819,529,15
2025-08,Harbor Motor Group,Harbor Jeep Ram Anchor,Referral,740,573,351,17
2025-08,Harbor Motor Group,Harbor Jeep Ram Anchor,Email,617,480,293,16
2025-08,Harbor Motor Group,Harbor Kia Lighthouse,Organic Search,4046,3012,2446,63
2025-08,Harbor Motor Group,Harbor Kia Lighthouse,Paid Search,2499,1998,1491,61
2025-08,Harbor Motor Group,Harbor Kia Lighthouse,Direct,1904,1469,1041,33
2025-08,Harbor Motor Group,Harbor Kia Lighthouse,Organic Social,1190,857,634,23
2025-08,Harbor Motor Group,Harbor Kia Lighthouse,Paid Social,952,818,543,23
2025-08,Harbor Motor Group,Harbor Kia Lighthouse,Referral,714,603,358,7
2025-08,Harbor Motor Group,Harbor Kia Lighthouse,Email,595,441,275,9
2025-08,Harbor Motor Group,Harbor Subaru Tidewater,Organic Search,3573,2861,1968,37
2025-08,Harbor Motor Group,Harbor Subaru Tidewater,Paid Search,2207,1600,1173,41
2025-08,Harbor Motor Group,Harbor Subaru Tidewater,Direct,1681,1320,1012,33
2025-08,Harbor Motor Group,Harbor Subaru Tidewater,Organic Social,1051,895,617,21
2025-08,Harbor Motor Group,Harbor Subaru Tidewater,Paid Social,840,675,403,12
2025-08,Harbor Motor Group,Harbor Subaru Tidewater,Referral,630,513,292,10
2025-08,Harbor Motor Group,Harbor Subaru Tidewater,Email,525,439,273,12
2025-08,Harbor Motor Group,Harbor Toyota Bayview,Organic Search,7001,5368,4218,173
2025-08,Harbor Motor Group,Harbor Toyota Bayview,Paid Search,4324,3260,2538,85
2025-08,Harbor Motor Group,Harbor Toyota Bayview,Direct,3295,2810,1494,66
2025-08,Harbor Motor Group,Harbor Toyota Bayview,Organic Social,2059,1490,1067,54
2025-08,Harbor Motor Group,Harbor Toyota Bayview,Paid Social,1647,1292,871,34
2025-08,Harbor Motor Group,Harbor Toyota Bayview,Referral,1235,996,752,29
2025-08,Harbor Motor Group,Harbor Toyota Bayview,Email,1029,795,538,18
2025-08,Summit Auto Group,Summit BMW,Organic Search,6974,5771,3789,105
2025-08,Summit Auto Group,Summit BMW,Paid Search,4307,3562,2658,48
2025-08,Summit Auto Group,Summit BMW,Direct,3281,2621,1736,72
2025-08,Summit Auto Group,Summit BMW,Organic Social,2051,1507,1037,27
2025-08,Summit Auto Group,Summit BMW,Paid Social,1640,1231,1007,33
2025-08,Summit Auto Group,Summit BMW,Referral,1230,902,574,30
2025-08,Summit Auto Group,Summit BMW,Email,1025,872,463,23
2025-08,Summit Auto Group,Summit Chevrolet Glenpark,Organic Search,4995,4101,2405,125
2025-08,Summit Auto Group,Summit Chevrolet Glenpark,Paid Search,3085,2299,1548,49
2025-08,Summit Auto Group,Summit Chevrolet Glenpark,Direct,2351,1821,1254,47
2025-08,Summit Auto Group,Summit Chevrolet Glenpark,Organic Social,1469,1066,818,21
2025-08,Summit Auto Group,Summit Chevrolet Glenpark,Paid Social,1175,919,597,30
2025-08,Summit Auto Group,Summit Chevrolet Glenpark,Referral,881,748,540,22
2025-08,Summit Auto Group,Summit Chevrolet Glenpark,Email,734,613,368,10
2025-08,Summit Auto Group,Summit Ford Rivera,Organic Search,6591,5552,3134,111
2025-08,Summit Auto Group,Summit Ford Rivera,Paid Search,4071,3408,2406,81
2025-08,Summit Auto Group,Summit Ford Rivera,Direct,3101,2398,1405,73
2025-08,Summit Auto Group,Summit Ford Rivera,Organic Social,1938,1565,1022,47
2025-08,Summit Auto Group,Summit Ford Rivera,Paid Social,1550,1268,906,18
2025-08,Summit Auto Group,Summit Ford Rivera,Referral,1163,899,539,31
2025-08,Summit Auto Group,Summit Ford Rivera,Email,969,717,505,20
2025-08,Summit Auto Group,Summit Honda Westland,Organic Search,6094,5237,3140,123
2025-08,Summit Auto Group,Summit Honda Westland,Paid Search,3764,2883,2049,75
2025-08,Summit Auto Group,Summit Honda Westland,Direct,2867,2341,1425,42
2025-08,Summit Auto Group,Summit Honda Westland,Organic Social,1792,1495,850,41
2025-08,Summit Auto Group,Summit Honda Westland,Paid Social,1433,1090,863,16
2025-08,Summit Auto Group,Summit Honda Westland,Referral,1075,922,629,26
2025-08,Summit Auto Group,Summit Honda Westland,Email,896,714,445,9
2025-08,Summit Auto Group,Summit Hyundai Oakhurst,Organic Search,3696,2692,2057,59
2025-08,Summit Auto Group,Summit Hyundai Oakhurst,Paid Search,2283,1886,1133,28
2025-08,Summit Auto Group,Summit Hyundai Oakhurst,Direct,1739,1350,1058,31
2025-08,Summit Auto Group,Summit Hyundai Oakhurst,Organic Social,1087,850,541,16
2025-08,Summit Auto Group,Summit Hyundai Oakhurst,Paid Social,869,725,467,9
2025-08,Summit Auto Group,Summit Hyundai Oakhurst,Referral,652,506,392,9
2025-08,Summit Auto Group,Summit Hyundai Oakhurst,Email,543,441,332,13
2025-08,Summit Auto Group,Summit Jeep Ram Clearwater,Organic Search,5517,4168,2796,93
2025-08,Summit Auto Group,Summit Jeep Ram Clearwater,Paid Search,3407,2560,1736,84
2025-08,Summit Auto Group,Summit Jeep Ram Clearwater,Direct,2596,2225,1569,66
2025-08,Summit Auto Group,Summit Jeep Ram Clearwater,Organic Social,1622,1394,805,20
2025-08,Summit Auto Group,Summit Jeep Ram Clearwater,Paid Social,1298,1098,679,17
2025-08,Summit Auto Group,Summit Jeep Ram Clearwater,Referral,973,706,565,21
2025-08,Summit Auto Group,Summit Jeep Ram Clearwater,Email,811,650,454,17
2025-08,Summit Auto Group,Summit Kia Brookfield,Organic Search,4495,3761,2136,78
2025-08,Summit Auto Group,Summit Kia Brookfield,Paid Search,2776,2252,1544,57
2025-08,Summit Auto Group,Summit Kia Brookfield,Direct,2115,1721,997,41
2025-08,Summit Auto Group,Summit Kia Brookfield,Organic Social,1322,955,625,14
2025-08,Summit Auto Group,Summit Kia Brookfield,Paid Social,1057,769,631,29
2025-08,Summit Auto Group,Summit Kia Brookfield,Referral,793,637,398,8
2025-08,Summit Auto Group,Summit Kia Brookfield,Email,661,562,304,14
2025-08,Summit Auto Group,Summit Mazda Lakeside,Organic Search,3493,2591,1675,79
2025-08,Summit Auto Group,Summit Mazda Lakeside,Paid Search,2157,1811,1265,27
2025-08,Summit Auto Group,Summit Mazda Lakeside,Direct,1644,1258,847,19
2025-08,Summit Auto Group,Summit Mazda Lakeside,Organic Social,1027,762,525,20
2025-08,Summit Auto Group,Summit Mazda Lakeside,Paid Social,822,658,465,17
2025-08,Summit Auto Group,Summit Mazda Lakeside,Referral,616,473,355,7
2025-08,Summit Auto Group,Summit Mazda Lakeside,Email,513,395,280,8
2025-08,Summit Auto Group,Summit Nissan Ridgemont,Organic Search,4137,2996,2059,113
2025-08,Summit Auto Group,Summit Nissan Ridgemont,Paid Search,2555,2039,1252,54
2025-08,Summit Auto Group,Summit Nissan Ridgemont,Direct,1946,1517,1040,32
2025-08,Summit Auto Group,Summit Nissan Ridgemont,Organic Social,1216,910,706,12
2025-08,Summit Auto Group,Summit Nissan Ridgemont,Paid Social,973,751,468,21
2025-08,Summit Auto Group,Summit Nissan Ridgemont,Referral,730,575,375,17
2025-08,Summit Auto Group,Summit Nissan Ridgemont,Email,608,518,275,13
2025-08,Summit Auto Group,Summit Subaru Northgate,Organic Search,3589,2694,1625,93
2025-08,Summit Auto Group,Summit Subaru Northgate,Paid Search,2216,1717,1160,58
2025-08,Summit Auto Group,Summit Subaru Northgate,Direct,1689,1301,781,39
2025-08,Summit Auto Group,Summit Subaru Northgate,Organic Social,1055,849,561,20
2025-08,Summit Auto Group,Summit Subaru Northgate,Paid Social,844,704,490,16
2025-08,Summit Auto Group,Summit Subaru Northgate,Referral,633,516,367,15
2025-08,Summit Auto Group,Summit Subaru Northgate,Email,527,396,286,9
2025-08,Summit Auto Group,Summit Toyota of Fairview,Organic Search,6875,5338,3738,96
2025-08,Summit Auto Group,Summit Toyota of Fairview,Paid Search,4246,3274,2042,111
2025-08,Summit Auto Group,Summit Toyota of Fairview,Direct,3235,2335,1794,79
2025-08,Summit Auto Group,Summit Toyota of Fairview,Organic Social,2022,1627,1139,25
2025-08,Summit Auto Group,Summit Toyota of Fairview,Paid Social,1617,1344,850,31
2025-08,Summit Auto Group,Summit Toyota of Fairview,Referral,1213,994,747,19
2025-08,Summit Auto Group,Summit Toyota of Fairview,Email,1011,779,551,20
2025-08,Summit Auto Group,Summit Volkswagen Eastdale,Organic Search,2765,2024,1476,42
2025-08,Summit Auto Group,Summit Volkswagen Eastdale,Paid Search,1708,1314,772,38
2025-08,Summit Auto Group,Summit Volkswagen Eastdale,Direct,1301,1002,709,13
2025-08,Summit Auto Group,Summit Volkswagen Eastdale,Organic Social,813,671,469,12
2025-08,Summit Auto Group,Summit Volkswagen Eastdale,Paid Social,650,491,316,7
2025-08,Summit Auto Group,Summit Volkswagen Eastdale,Referral,488,387,245,12
2025-08,Summit Auto Group,Summit Volkswagen Eastdale,Email,406,294,197,11
2025-09,Harbor Motor Group,Harbor BMW,Organic Search,6449,4830,3877,171
2025-09,Harbor Motor Group,Harbor BMW,Paid Search,3983,3025,2411,62
2025-09,Harbor Motor Group,Harbor BMW,Direct,3034,2406,1463,43
2025-09,Harbor Motor Group,Harbor BMW,Organic Social,1896,1396,1109,30
2025-09,Harbor Motor Group,Harbor BMW,Paid Social,1517,1168,743,39
2025-09,Harbor Motor Group,Harbor BMW,Referral,1138,853,530,24
2025-09,Harbor Motor Group,Harbor BMW,Email,948,814,552,21
2025-09,Harbor Motor Group,Harbor Chevrolet Marina,Organic Search,5313,4166,3193,122
2025-09,Harbor Motor Group,Harbor Chevrolet Marina,Paid Search,3281,2787,1815,82
2025-09,Harbor Motor Group,Harbor Chevrolet Marina,Direct,2500,1960,1183,44
2025-09,Harbor Motor Group,Harbor Chevrolet Marina,Organic Social,1562,1227,789,28
2025-09,Harbor Motor Group,Harbor Chevrolet Marina,Paid Social,1250,957,565,20
2025-09,Harbor Motor Group,Harbor Chevrolet Marina,Referral,937,724,431,21
2025-09,Harbor Motor Group,Harbor Chevrolet Marina,Email,781,620,413,10
2025-09,Harbor Motor Group,Harbor Ford Portside,Organic Search,6068,4464,3621,107
2025-09,Harbor Motor Group,Harbor Ford Portside,Paid Search,3748,3073,2012,41
2025-09,Harbor Motor Group,Harbor Ford Portside,Direct,2855,2195,1382,38
2025-09,Harbor Motor Group,Harbor Ford Portside,Organic Social,1784,1345,1097,48
2025-09,Harbor Motor Group,Harbor Ford Portside,Paid Social,1427,1206,755,34
2025-09,Harbor Motor Group,Harbor Ford Portside,Referral,1070,822,519,21
2025-09,Harbor Motor Group,Harbor Ford Portside,Email,892,689,440,21
2025-09,Harbor Motor Group,Harbor Honda Seaside,Organic Search,6501,4689,3923,181
2025-09,Harbor Motor Group,Harbor Honda Seaside,Paid Search,4015,3122,1952,56
2025-09,Harbor Motor Group,Harbor Honda Seaside,Direct,3059,2524,1576,37
2025-09,Harbor Motor Group,Harbor Honda Seaside,Organic Social,1912,1564,1028,30
2025-09,Harbor Motor Group,Harbor Honda Seaside,Paid Social,1529,1273,925,32
2025-09,Harbor Motor Group,Harbor Honda Seaside,Referral,1147,924,618,11
2025-09,Harbor Motor Group,Harbor Honda Seaside,Email,956,815,482,22
2025-09,Harbor Motor Group,Harbor Jeep Ram Anchor,Organic Search,4635,3590,2387,91
2025-09,Harbor Motor Group,Harbor Jeep Ram Anchor,Paid Search,2863,2399,1552,32
2025-09,Harbor Motor Group,Harbor Jeep Ram Anchor,Direct,2181,1804,1046,27
2025-09,Harbor Motor Group,Harbor Jeep Ram Anchor,Organic Social,1363,1127,822,27
2025-09,Harbor Motor Group,Harbor Jeep Ram Anchor,Paid Social,1090,813,625,15
2025-09,Harbor Motor Group,Harbor Jeep Ram Anchor,Referral,818,651,467,19
2025-09,Harbor Motor Group,Harbor Jeep Ram Anchor,Email,681,541,338,10
2025-09,Harbor Motor Group,Harbor Kia Lighthouse,Organic Search,3465,2811,2086,77
2025-09,Harbor Motor Group,Harbor Kia Lighthouse,Paid Search,2140,1810,1210,51
2025-09,Harbor Motor Group,Harbor Kia Lighthouse,Direct,1630,1272,960,23
2025-09,Harbor Motor Group,Harbor Kia Lighthouse,Organic Social,1019,853,480,22
2025-09,Harbor Motor Group,Harbor Kia Lighthouse,Paid Social,815,602,442,8
2025-09,Harbor Motor Group,Harbor Kia Lighthouse,Referral,611,492,294,8
2025-09,Harbor Motor Group,Harbor Kia Lighthouse,Email,509,415,238,8
2025-09,Harbor Motor Group,Harbor Subaru Tidewater,Organic Search,3753,2777,2105,100
2025-09,Harbor Motor Group,Harbor Subaru Tidewater,Paid Search,2318,1945,1130,25
2025-09,Harbor Motor Group,Harbor Subaru Tidewater,Direct,1766,1443,861,29
2025-09,Harbor Motor Group,Harbor Subaru Tidewater,Organic Social,1103,797,584,29
2025-09,Harbor Motor Group,Harbor Subaru Tidewater,Paid Social,883,672,446,20
2025-09,Harbor Motor Group,Harbor Subaru Tidewater,Referral,662,560,397,12
2025-09,Harbor Motor Group,Harbor Subaru Tidewater,Email,551,409,317,8
2025-09,Harbor Motor Group,Harbor Toyota Bayview,Organic Search,6941,5196,3471,135
2025-09,Harbor Motor Group,Harbor Toyota Bayview,Paid Search,4287,3291,2169,86
2025-09,Harbor Motor Group,Harbor Toyota Bayview,Direct,3266,2637,1762,36
2025-09,Harbor Motor Group,Harbor Toyota Bayview,Organic Social,2041,1693,1042,45
2025-09,Harbor Motor Group,Harbor Toyota Bayview,Paid Social,1633,1208,807,19
2025-09,Harbor Motor Group,Harbor Toyota Bayview,Referral,1225,1049,674,29
2025-09,Harbor Motor Group,Harbor Toyota Bayview,Email,1020,735,472,23
2025-09,Summit Auto Group,Summit BMW,Organic Search,5697,4379,2662,111
2025-09,Summit Auto Group,Summit BMW,Paid Search,3518,2676,1900,71
2025-09,Summit Auto Group,Summit BMW,Direct,2680,2158,1640,39
2025-09,Summit Auto Group,Summit BMW,Organic Social,1675,1301,768,27
2025-09,Summit Auto Group,Summit BMW,Paid Social,1340,1129,700,30
2025-09,Summit Auto Group,Summit BMW,Referral,1005,732,575,15
2025-09,Summit Auto Group,Summit BMW,Email,837,673,496,17
2025-09,Summit Auto Group,Summit Chevrolet Glenpark,Organic Search,5137,3891,3081,142
2025-09,Summit Auto Group,Summit Chevrolet Glenpark,Paid Search,3173,2422,1561,34
2025-09,Summit Auto Group,Summit Chevrolet Glenpark,Direct,2417,1977,1258,34
2025-09,Summit Auto Group,Summit Chevrolet Glenpark,Organic Social,1511,1291,791,23
2025-09,Summit Auto Group,Summit Chevrolet Glenpark,Paid Social,1208,949,598,26
2025-09,Summit Auto Group,Summit Chevrolet Glenpark,Referral,906,760,488,25
2025-09,Summit Auto Group,Summit Chevrolet Glenpark,Email,755,554,466,15
2025-09,Summit Auto Group,Summit Ford Rivera,Organic Search,6826,5647,3493,162
2025-09,Summit Auto Group,Summit Ford Rivera,Paid Search,4216,3407,2298,59
2025-09,Summit Auto Group,Summit Ford Rivera,Direct,3212,2643,1700,83
2025-09,Summit Auto Group,Summit Ford Rivera,Organic Social,2007,1579,1085,51
2025-09,Summit Auto Group,Summit Ford Rivera,Paid Social,1606,1185,888,16
2025-09,Summit Auto Group,Summit Ford Rivera,Referral,1204,949,678,30
2025-09,Summit Auto Group,Summit Ford Rivera,Email,1003,780,475,14
2025-09,Summit Auto Group,Summit Honda Westland,Organic Search,7130,5511,4199,87
2025-09,Summit Auto Group,Summit Honda Westland,Paid Search,4404,3457,2083,108
2025-09,Summit Auto Group,Summit Honda Westland,Direct,3355,2648,1982,62
2025-09,Summit Auto Group,Summit Honda Westland,Organic Social,2097,1687,1089,32
2025-09,Summit Auto Group,Summit Honda Westland,Paid Social,1677,1290,826,35
2025-09,Summit Auto Group,Summit Honda Westland,Referral,1258,1080,643,29
2025-09,Summit Auto Group,Summit Honda Westland,Email,1048,820,483,25
2025-09,Summit Auto Group,Summit Hyundai Oakhurst,Organic Search,4068,2938,2221,60
2025-09,Summit Auto Group,Summit Hyundai Oakhurst,Paid Search,2513,1940,1513,32
2025-09,Summit Auto Group,Summit Hyundai Oakhurst,Direct,1914,1380,1030,46
2025-09,Summit Auto Group,Summit Hyundai Oakhurst,Organic Social,1196,1016,596,14
2025-09,Summit Auto Group,Summit Hyundai Oakhurst,Paid Social,957,701,479,26
2025-09,Summit Auto Group,Summit Hyundai Oakhurst,Referral,718,607,377,13
2025-09,Summit Auto Group,Summit Hyundai Oakhurst,Email,598,494,278,14
2025-09,Summit Auto Group,Summit Jeep Ram Clearwater,Organic Search,4990,4149,2744,134
2025-09,Summit Auto Group,Summit Jeep Ram Clearwater,Paid Search,3082,2467,1678,59
2025-09,Summit Auto Group,Summit Jeep Ram Clearwater,Direct,2348,2011,1330,39
2025-09,Summit Auto Group,Summit Jeep Ram Clearwater,Organic Social,1467,1113,765,24
2025-09,Summit Auto Group,Summit Jeep Ram Clearwater,Paid Social,1174,936,710,17
2025-09,Summit Auto Group,Summit Jeep Ram Clearwater,Referral,880,725,452,21
2025-09,Summit Auto Group,Summit Jeep Ram Clearwater,Email,733,617,407,15
2025-09,Summit Auto Group,Summit Kia Brookfield,Organic Search,3964,3335,2220,88
2025-09,Summit Auto Group,Summit Kia Brookfield,Paid Search,2448,2027,1375,60
2025-09,Summit Auto Group,Summit Kia Brookfield,Direct,1865,1582,1138,29
2025-09,Summit Auto Group,Summit Kia Brookfield,Organic Social,1165,938,537,27
2025-09,Summit Auto Group,Summit Kia Brookfield,Paid Social,932,686,557,10
2025-09,Summit Auto Group,Summit Kia Brookfield,Referral,699,561,323,11
2025-09,Summit Auto Group,Summit Kia Brookfield,Email,582,474,303,6
2025-09,Summit Auto Group,Summit Mazda Lakeside,Organic Search,3618,2808,1951,68
2025-09,Summit Auto Group,Summit Mazda Lakeside,Paid Search,2235,1799,1331,58
2025-09,Summit Auto Group,Summit Mazda Lakeside,Direct,1703,1317,865,30
2025-09,Summit Auto Group,Summit Mazda Lakeside,Organic Social,1064,769,612,11
2025-09,Summit Auto Group,Summit Mazda Lakeside,Paid Social,851,691,457,16
2025-09,Summit Auto Group,Summit Mazda Lakeside,Referral,638,527,352,15
2025-09,Summit Auto Group,Summit Mazda Lakeside,Email,532,387,286,6
2025-09,Summit Auto Group,Summit Nissan Ridgemont,Organic Search,4442,3271,2542,77
2025-09,Summit Auto Group,Summit Nissan Ridgemont,Paid Search,2744,2060,1234,51
2025-09,Summit Auto Group,Summit Nissan Ridgemont,Direct,2090,1688,1102,48
2025-09,Summit Auto Group,Summit Nissan Ridgemont,Organic Social,1306,948,650,25
2025-09,Summit Auto Group,Summit Nissan Ridgemont,Paid Social,1045,862,622,20
2025-09,Summit Auto Group,Summit Nissan Ridgemont,Referral,784,653,454,16
2025-09,Summit Auto Group,Summit Nissan Ridgemont,Email,653,507,327,15
2025-09,Summit Auto Group,Summit Subaru Northgate,Organic Search,3276,2423,1577,66
2025-09,Summit Auto Group,Summit Subaru Northgate,Paid Search,2023,1496,1066,28
2025-09,Summit Auto Group,Summit Subaru Northgate,Direct,1541,1145,746,29
2025-09,Summit Auto Group,Summit Subaru Northgate,Organic Social,963,736,581,11
2025-09,Summit Auto Group,Summit Subaru Northgate,Paid Social,770,566,364,18
2025-09,Summit Auto Group,Summit Subaru Northgate,Referral,578,484,284,13
2025-09,Summit Auto Group,Summit Subaru Northgate,Email,481,359,226,11
2025-09,Summit Auto Group,Summit Toyota of Fairview,Organic Search,7413,6073,4132,120
2025-09,Summit Auto Group,Summit Toyota of Fairview,Paid Search,4578,3321,2732,65
2025-09,Summit Auto Group,Summit Toyota of Fairview,Direct,3488,2667,2049,40
2025-09,Summit Auto Group,Summit Toyota of Fairview,Organic Social,2180,1831,1306,49
2025-09,Summit Auto Group,Summit Toyota of Fairview,Paid Social,1744,1437,996,37
2025-09,Summit Auto Group,Summit Toyota of Fairview,Referral,1308,1068,795,14
2025-09,Summit Auto Group,Summit Toyota of Fairview,Email,1090,903,576,20
2025-09,Summit Auto Group,Summit Volkswagen Eastdale,Organic Search,3434,2501,1803,64
2025-09,Summit Auto Group,Summit Volkswagen Eastdale,Paid Search,2121,1808,1066,56
2025-09,Summit Auto Group,Summit Volkswagen Eastdale,Direct,1616,1309,853,39
2025-09,Summit Auto Group,Summit Volkswagen Eastdale,Organic Social,1010,781,459,25
2025-09,Summit Auto Group,Summit Volkswagen Eastdale,Paid Social,808,592,421,22
2025-09,Summit Auto Group,Summit Volkswagen Eastdale,Referral,606,502,359,7
2025-09,Summit Auto Group,Summit Volkswagen Eastdale,Email,505,399,275,5
2025-10,Harbor Motor Group,Harbor BMW,Organic Search,5178,4254,3130,141
2025-10,Harbor Motor Group,Harbor BMW,Paid Search,3198,2400,1579,74
2025-10,Harbor Motor Group,Harbor BMW,Direct,2436,2028,1430,50
2025-10,Harbor Motor Group,Harbor BMW,Organic Social,1523,1234,872,41
2025-10,Harbor Motor Group,Harbor BMW,Paid Social,1218,905,615,24
2025-10,Harbor Motor Group,Harbor BMW,Referral,913,663,493,14
2025-10,Harbor Motor Group,Harbor BMW,Email,761,592,414,16
2025-10,Harbor Motor Group,Harbor Chevrolet Marina,Organic Search,5338,4589,2541,83
2025-10,Harbor Motor Group,Harbor Chevrolet Marina,Paid Search,3297,2507,1957,37
2025-10,Harbor Motor Group,Harbor Chevrolet Marina,Direct,2512,2107,1435,56
2025-10,Harbor Motor Group,Harbor Chevrolet Marina,Organic Social,1570,1236,868,34
2025-10,Harbor Motor Group,Harbor Chevrolet Marina,Paid Social,1256,1039,759,16
2025-10,Harbor Motor Group,Harbor Chevrolet Marina,Referral,942,703,437,9
2025-10,Harbor Motor Group,Harbor Chevrolet Marina,Email,785,597,446,12
2025-10,Harbor Motor Group,Harbor Ford Portside,Organic Search,7386,6266,4399,116
2025-10,Harbor Motor Group,Harbor Ford Portside,Paid Search,4562,3301,2242,91
2025-10,Harbor Motor Group,Harbor Ford Portside,Direct,3475,2654,1940,41
2025-10,Harbor Motor Group,Harbor Ford Portside,Organic Social,2172,1853,1240,36
2025-10,Harbor Motor Group,Harbor Ford Portside,Paid Social,1737,1377,965,44
2025-10,Harbor Motor Group,Harbor Ford Portside,Referral,1303,1034,650,20
2025-10,Harbor Motor Group,Harbor Ford Portside,Email,1086,815,644,11
2025-10,Harbor Motor Group,Harbor Honda Seaside,Organic Search,5248,4106,2423,64
2025-10,Harbor Motor Group,Harbor Honda Seaside,Paid Search,3241,2785,1862,67
2025-10,Harbor Motor Group,Harbor Honda Seaside,Direct,2470,1901,1338,54
2025-10,Harbor Motor Group,Harbor Honda Seaside,Organic Social,1543,1196,951,18
2025-10,Harbor Motor Group,Harbor Honda Seaside,Paid Social,1235,928,696,19
2025-10,Harbor Motor Group,Harbor Honda Seaside,Referral,926,716,516,12
2025-10,Harbor Motor Group,Harbor Honda Seaside,Email,771,579,464,16
2025-10,Harbor Motor Group,Harbor Jeep Ram Anchor,Organic Search,5261,4285,2716,58
2025-10,Harbor Motor Group,Harbor Jeep Ram Anchor,Paid Search,3249,2776,1523,89
2025-10,Harbor Motor Group,Harbor Jeep Ram Anchor,Direct,2476,2035,1348,48
2025-10,Harbor Motor Group,Harbor Jeep Ram Anchor,Organic Social,1547,1125,946,31
2025-10,Harbor Motor Group,Harbor Jeep Ram Anchor,Paid Social,1238,969,601,24
2025-10,Harbor Motor Group,Harbor Jeep Ram Anchor,Referral,928,668,420,11
2025-10,Harbor Motor Group,Harbor Jeep Ram Anchor,Email,773,606,378,12
2025-10,Harbor Motor Group,Harbor Kia Lighthouse,Organic Search,3977,3313,2433,78
2025-10,Harbor Motor Group,Harbor Kia Lighthouse,Paid Search,2456,1934,1491,37
2025-10,Harbor Motor Group,Harbor Kia Lighthouse,Direct,1871,1367,1057,25
2025-10,Harbor Motor Group,Harbor Kia Lighthouse,Organic Social,1169,900,682,18
2025-10,Harbor Motor Group,Harbor Kia Lighthouse,Paid Social,935,783,548,11
2025-10,Harbor Motor Group,Harbor Kia Lighthouse,Referral,701,566,322,14
2025-10,Harbor Motor Group,Harbor Kia Lighthouse,Email,584,433,265,8
2025-10,Harbor Motor Group,Harbor Subaru Tidewater,Organic Search,3814,2810,2322,72
2025-10,Harbor Motor Group,Harbor Subaru Tidewater,Paid Search,2356,1781,1390,25
2025-10,Harbor Motor Group,Harbor Subaru Tidewater,Direct,1795,1523,931,21
2025-10,Harbor Motor Group,Harbor Subaru Tidewater,Organic Social,1122,964,567,14
2025-10,Harbor Motor Group,Harbor Subaru Tidewater,Paid Social,897,751,464,13
2025-10,Harbor Motor Group,Harbor Subaru Tidewater,Referral,673,558,315,11
2025-10,Harbor Motor Group,Harbor Subaru Tidewater,Email,561,471,340,12
2025-10,Harbor Motor Group,Harbor Toyota Bayview,Organic Search,6792,5169,3854,179
2025-10,Harbor Motor Group,Harbor Toyota Bayview,Paid Search,4195,3485,2431,61
2025-10,Harbor Motor Group,Harbor Toyota Bayview,Direct,3196,2669,1676,76
2025-10,Harbor Motor Group,Harbor Toyota Bayview,Organic Social,1997,1499,941,25
2025-10,Harbor Motor Group,Harbor Toyota Bayview,Paid Social,1598,1318,945,36
2025-10,Harbor Motor Group,Harbor Toyota Bayview,Referral,1198,869,709,31
2025-10,Harbor Motor Group,Harbor Toyota Bayview,Email,998,821,527,20
2025-10,Summit Auto Group,Summit BMW,Organic Search,6036,4347,2944,121
2025-10,Summit Auto Group,Summit BMW,Paid Search,3728,2869,1841,69
2025-10,Summit Auto Group,Summit BMW,Direct,2840,2279,1363,67
2025-10,Summit Auto Group,Summit BMW,Organic Social,1775,1284,908,25
2025-10,Summit Auto Group,Summit BMW,Paid Social,1420,1190,668,34
2025-10,Summit Auto Group,Summit BMW,Referral,1065,845,597,24
2025-10,Summit Auto Group,Summit BMW,Email,887,654,483,23
2025-10,Summit Auto Group,Summit Chevrolet Glenpark,Organic Search,6627,4845,3108,134
2025-10,Summit Auto Group,Summit Chevrolet Glenpark,Paid Search,4093,3422,1978,73
2025-10,Summit Auto Group,Summit Chevrolet Glenpark,Direct,3118,2259,1636,78
2025-10,Summit Auto Group,Summit Chevrolet Glenpark,Organic Social,1949,1425,1141,22
2025-10,Summit Auto Group,Summit Chevrolet Glenpark,Paid Social,1559,1192,962,24
2025-10,Summit Auto Group,Summit Chevrolet Glenpark,Referral,1169,1000,696,21
2025-10,Summit Auto Group,Summit Chevrolet Glenpark,Email,974,824,542,25
2025-10,Summit Auto Group,Summit Ford Rivera,Organic Search,6153,5041,3696,144
2025-10,Summit Auto Group,Summit Ford Rivera,Paid Search,3800,2907,1714,60
2025-10,Summit Auto Group,Summit Ford Rivera,Direct,2895,2295,1503,68
2025-10,Summit Auto Group,Summit Ford Rivera,Organic Social,1809,1480,839,22
2025-10,Summit Auto Group,Summit Ford Rivera,Paid Social,1447,1106,875,30
2025-10,Summit Auto Group,Summit Ford Rivera,Referral,1085,795,587,24
2025-10,Summit Auto Group,Summit Ford Rivera,Email,904,775,452,16
2025-10,Summit Auto Group,Summit Honda Westland,Organic Search,6554,5466,2955,78
2025-10,Summit Auto Group,Summit Honda Westland,Paid Search,4048,3256,2334,43
2025-10,Summit Auto Group,Summit Honda Westland,Direct,3084,2345,1820,36
2025-10,Summit Auto Group,Summit Honda Westland,Organic Social,1927,1454,1144,44
2025-10,Summit Auto Group,Summit Honda Westland,Paid Social,1542,1139,867,42
2025-10,Summit Auto Group,Summit Honda Westland,Referral,1156,978,656,30
2025-10,Summit Auto Group,Summit Honda Westland,Email,963,718,450,18
2025-10,Summit Auto Group,Summit Hyundai Oakhurst,Organic Search,4162,3499,2292,75
2025-10,Summit Auto Group,Summit Hyundai Oakhurst,Paid Search,2571,2026,1332,45
2025-10,Summit Auto Group,Summit Hyundai Oakhurst,Direct,1959,1479,1025,43
2025-10,Summit Auto Group,Summit Hyundai Oakhurst,Organic Social,1224,911,604,29
2025-10,Summit Auto Group,Summit Hyundai Oakhurst,Paid Social,979,729,502,15
2025-10,Summit Auto Group,Summit Hyundai Oakhurst,Referral,734,630,331,17
2025-10,Summit Auto Group,Summit Hyundai Oakhurst,Email,612,525,340,9
2025-10,Summit Auto Group,Summit Jeep Ram Clearwater,Organic Search,5630,4696,3139,138
2025-10,Summit Auto Group,Summit Jeep Ram Clearwater,Paid Search,3477,2754,1934,89
2025-10,Summit Auto Group,Summit Jeep Ram Clearwater,Direct,2649,2013,1250,36
2025-10,Summit Auto Group,Summit Jeep Ram Clearwater,Organic Social,1656,1377,882,19
2025-10,Summit Auto Group,Summit Jeep Ram Clearwater,Paid Social,1324,1109,600,28
2025-10,Summit Auto Group,Summit Jeep Ram Clearwater,Referral,993,774,457,13
2025-10,Summit Auto Group,Summit Jeep Ram Clearwater,Email,828,681,376,8
2025-10,Summit Auto Group,Summit Kia Brookfield,Organic Search,4210,3358,2511,102
2025-10,Summit Auto Group,Summit Kia Brookfield,Paid Search,2600,2179,1526,60
2025-10,Summit Auto Group,Summit Kia Brookfield,Direct,1981,1659,1210,20
2025-10,Summit Auto Group,Summit Kia Brookfield,Organic Social,1238,911,668,23
2025-10,Summit Auto Group,Summit Kia Brookfield,Paid Social,990,821,454,15
2025-10,Summit Auto Group,Summit Kia Brookfield,Referral,742,535,426,20
2025-10,Summit Auto Group,Summit Kia Brookfield,Email,619,447,280,12
2025-10,Summit Auto Group,Summit Mazda Lakeside,Organic Search,3075,2242,1488,75
2025-10,Summit Auto Group,Summit Mazda Lakeside,Paid Search,1899,1587,1049,33
2025-10,Summit Auto Group,Summit Mazda Lakeside,Direct,1447,1130,821,22
2025-10,Summit Auto Group,Summit Mazda Lakeside,Organic Social,904,702,428,24
2025-10,Summit Auto Group,Summit Mazda Lakeside,Paid Social,723,543,368,17
2025-10,Summit Auto Group,Summit Mazda Lakeside,Referral,542,455,320,8
2025-10,Summit Auto Group,Summit Mazda Lakeside,Email,452,374,210,11
2025-10,Summit Auto Group,Summit Nissan Ridgemont,Organic Search,5150,4073,2485,122
2025-10,Summit Auto Group,Summit Nissan Ridgemont,Paid Search,3181,2409,1493,38
2025-10,Summit Auto Group,Summit Nissan Ridgemont,Direct,2423,1776,1491,55
2025-10,Summit Auto Group,Summit Nissan Ridgemont,Organic Social,1514,1230,741,33
2025-10,Summit Auto Group,Summit Nissan Ridgemont,Paid Social,1211,884,665,27
2025-10,Summit Auto Group,Summit Nissan Ridgemont,Referral,908,656,426,12
2025-10,Summit Auto Group,Summit Nissan Ridgemont,Email,757,629,385,17
2025-10,Summit Auto Group,Summit Subaru Northgate,Organic Search,3818,3226,2289,68
2025-10,Summit Auto Group,Summit Subaru Northgate,Paid Search,2358,1815,1439,60
2025-10,Summit Auto Group,Summit Subaru Northgate,Direct,1796,1445,990,37
2025-10,Summit Auto Group,Summit Subaru Northgate,Organic Social,1123,937,540,26
2025-10,Summit Auto Group,Summit Subaru Northgate,Paid Social,898,668,461,17
2025-10,Summit Auto Group,Summit Subaru Northgate,Referral,673,536,326,16
2025-10,Summit Auto Group,Summit Subaru Northgate,Email,561,454,260,7
2025-10,Summit Auto Group,Summit Toyota of Fairview,Organic Search,6391,5162,3179,109
2025-10,Summit Auto Group,Summit Toyota of Fairview,Paid Search,3947,3109,2166,85
2025-10,Summit Auto Group,Summit Toyota of Fairview,Direct,3007,2491,1621,33
2025-10,Summit Auto Group,Summit Toyota of Fairview,Organic Social,1879,1579,1072,34
2025-10,Summit Auto Group,Summit Toyota of Fairview,Paid Social,1503,1267,839,32
2025-10,Summit Auto Group,Summit Toyota of Fairview,Referral,1127,955,620,24
2025-10,Summit Auto Group,Summit Toyota of Fairview,Email,939,763,450,17
2025-10,Summit Auto Group,Summit Volkswagen Eastdale,Organic Search,3202,2410,1880,41
2025-10,Summit Auto Group,Summit Volkswagen Eastdale,Paid Search,1978,1465,954,36
2025-10,Summit Auto Group,Summit Volkswagen Eastdale,Direct,1507,1161,802,15
2025-10,Summit Auto Group,Summit Volkswagen Eastdale,Organic Social,942,684,499,12
2025-10,Summit Auto Group,Summit Volkswagen Eastdale,Paid Social,753,630,411,14
2025-10,Summit Auto Group,Summit Volkswagen Eastdale,Referral,565,461,342,7
2025-10,Summit Auto Group,Summit Volkswagen Eastdale,Email,471,374,214,6
2025-11,Harbor Motor Group,Harbor BMW,Organic Search,6206,4552,3004,94
2025-11,Harbor Motor Group,Harbor BMW,Paid Search,3833,2825,2090,88
2025-11,Harbor Motor Group,Harbor BMW,Direct,2920,2264,1626,72
2025-11,Harbor Motor Group,Harbor BMW,Organic Social,1825,1336,907,37
2025-11,Harbor Motor Group,Harbor BMW,Paid Social,1460,1121,877,16
2025-11,Harbor Motor Group,Harbor BMW,Referral,1095,844,606,13
2025-11,Harbor Motor Group,Harbor BMW,Email,912,711,454,23
2025-11,Harbor Motor Group,Harbor Chevrolet Marina,Organic Search,4830,3757,2593,126
2025-11,Harbor Motor Group,Harbor Chevrolet Marina,Paid Search,2983,2498,1763,68
2025-11,Harbor Motor Group,Harbor Chevrolet Marina,Direct,2273,1676,1398,44
2025-11,Harbor Motor Group,Harbor Chevrolet Marina,Organic Social,1420,1044,831,31
2025-11,Harbor Motor Group,Harbor Chevrolet Marina,Paid Social,1136,841,515,23
2025-11,Harbor Motor Group,Harbor Chevrolet Marina,Referral,852,700,395,9
2025-11,Harbor Motor Group,Harbor Chevrolet Marina,Email,710,608,404,15
2025-11,Harbor Motor Group,Harbor Ford Portside,Organic Search,5997,4547,3430,91
2025-11,Harbor Motor Group,Harbor Ford Portside,Paid Search,3704,2692,2116,61
2025-11,Harbor Motor Group,Harbor Ford Portside,Direct,2822,2121,1622,31
2025-11,Harbor Motor Group,Harbor Ford Portside,Organic Social,1763,1471,963,31
2025-11,Harbor Motor Group,Harbor Ford Portside,Paid Social,1411,1047,688,38
2025-11,Harbor Motor Group,Harbor Ford Portside,Referral,1058,790,523,24
2025-11,Harbor Motor Group,Harbor Ford Portside,Email,881,750,400,9
2025-11,Harbor Motor Group,Harbor Honda Seaside,Organic Search,6074,4373,3540,113
2025-11,Harbor Motor Group,Harbor Honda Seaside,Paid Search,3751,2799,2251,39
2025-11,Harbor Motor Group,Harbor Honda Seaside,Direct,2858,2070,1479,48
2025-11,Harbor Motor Group,Harbor Honda Seaside,Organic Social,1786,1445,816,41
2025-11,Harbor Motor Group,Harbor Honda Seaside,Paid Social,1429,1215,774,36
2025-11,Harbor Motor Group,Harbor Honda Seaside,Referral,1071,800,626,18
2025-11,Harbor Motor Group,Harbor Honda Seaside,Email,893,766,473,18
2025-11,Harbor Motor Group,Harbor Jeep Ram Anchor,Organic Search,5504,4289,3194,56
2025-11,Harbor Motor Group,Harbor Jeep Ram Anchor,Paid Search,3400,2617,1732,72
2025-11,Harbor Motor Group,Harbor Jeep Ram Anchor,Direct,2590,1914,1602,69
2025-11,Harbor Motor Group,Harbor Jeep Ram Anchor,Organic Social,1619,1256,827,32
2025-11,Harbor Motor Group,Harbor Jeep Ram Anchor,Paid Social,1295,1104,697,32
2025-11,Harbor Motor Group,Harbor Jeep Ram Anchor,Referral,971,798,520,23
2025-11,Harbor Motor Group,Harbor Jeep Ram Anchor,Email,809,691,437,18
2025-11,Harbor Motor Group,Harbor Kia Lighthouse,Organic Search,4089,3360,2109,87
2025-11,Harbor Motor Group,Harbor Kia Lighthouse,Paid Search,2525,1866,1517,43
2025-11,Harbor Motor Group,Harbor Kia Lighthouse,Direct,1924,1456,1138,45
2025-11,Harbor Motor Group,Harbor Kia Lighthouse,Organic Social,1202,1007,626,31
2025-11,Harbor Motor Group,Harbor Kia Lighthouse,Paid Social,962,802,438,10
2025-11,Harbor Motor Group,Harbor Kia Lighthouse,Referral,721,557,434,13
2025-11,Harbor Motor Group,Harbor Kia Lighthouse,Email,601,450,307,14
2025-11,Harbor Motor Group,Harbor Subaru Tidewater,Organic Search,3580,2990,1908,90
2025-11,Harbor Motor Group,Harbor Subaru Tidewater,Paid Search,2211,1805,1319,50
2025-11,Harbor Motor Group,Harbor Subaru Tidewater,Direct,1684,1233,936,28
2025-11,Harbor Motor Group,Harbor Subaru Tidewater,Organic Social,1053,833,608,24
2025-11,Harbor Motor Group,Harbor Subaru Tidewater,Paid Social,842,717,418,21
2025-11,Harbor Motor Group,Harbor Subaru Tidewater,Referral,631,481,343,11
2025-11,Harbor Motor Group,Harbor Subaru Tidewater,Email,526,440,305,6
2025-11,Harbor Motor Group,Harbor Toyota Bayview,Organic Search,6701,5165,3989,86
2025-11,Harbor Motor Group,Harbor Toyota Bayview,Paid Search,4138,3342,2522,64
2025-11,Harbor Motor Group,Harbor Toyota Bayview,Direct,3153,2403,1898,73
2025-11,Harbor Motor Group,Harbor Toyota Bayview,Organic Social,1970,1493,979,22
2025-11,Harbor Motor Group,Harbor Toyota Bayview,Paid Social,1576,1205,743,42
2025-11,Harbor Motor Group,Harbor Toyota Bayview,Referral,1182,960,551,14
2025-11,Harbor Motor Group,Harbor Toyota Bayview,Email,985,826,515,11
2025-11,Summit Auto Group,Summit BMW,Organic Search,5983,4317,3625,137
2025-11,Summit Auto Group,Summit BMW,Paid Search,3695,3091,2211,64
2025-11,Summit Auto Group,Summit BMW,Direct,2815,2243,1464,74
2025-11,Summit Auto Group,Summit BMW,Organic Social,1759,1343,885,45
2025-11,Summit Auto Group,Summit BMW,Paid Social,1407,1127,810,29
2025-11,Summit Auto Group,Summit BMW,Referral,1055,826,490,23
2025-11,Summit Auto Group,Summit BMW,Email,879,698,418,15
2025-11,Summit Auto Group,Summit Chevrolet Glenpark,Organic Search,5051,3775,2580,81
2025-11,Summit Auto Group,Summit Chevrolet Glenpark,Paid Search,3119,2369,1795,85
2025-11,Summit Auto Group,Summit Chevrolet Glenpark,Direct,2377,1994,1252,64
2025-11,Summit Auto Group,Summit Chevrolet Glenpark,Organic Social,1485,1099,771,16
2025-11,Summit Auto Group,Summit Chevrolet Glenpark,Paid Social,1188,997,698,20
2025-11,Summit Auto Group,Summit Chevrolet Glenpark,Referral,891,726,452,11
2025-11,Summit Auto Group,Summit Chevrolet Glenpark,Email,742,590,343,13
2025-11,Summit Auto Group,Summit Ford Rivera,Organic Search,6868,5173,3452,77
2025-11,Summit Auto Group,Summit Ford Rivera,Paid Search,4242,3561,2010,54
2025-11,Summit Auto Group,Summit Ford Rivera,Direct,3232,2477,1773,70
2025-11,Summit Auto Group,Summit Ford Rivera,Organic Social,2020,1602,1145,54
2025-11,Summit Auto Group,Summit Ford Rivera,Paid Social,1616,1280,741,35
2025-11,Summit Auto Group,Summit Ford Rivera,Referral,1212,1030,636,23
2025-11,Summit Auto Group,Summit Ford Rivera,Email,1010,841,578,13
2025-11,Summit Auto Group,Summit Honda Westland,Organic Search,7119,5899,3367,95
2025-11,Summit Auto Group,Summit Honda Westland,Paid Search,4397,3357,2139,66
2025-11,Summit Auto Group,Summit Honda Westland,Direct,3350,2456,1978,91
2025-11,Summit Auto Group,Summit Honda Westland,Organic Social,2093,1535,1057,45
2025-11,Summit Auto Group,Summit Honda Westland,Paid Social,1675,1360,914,26
2025-11,Summit Auto Group,Summit Honda Westland,Referral,1256,917,735,26
2025-11,Summit Auto Group,Summit Honda Westland,Email,1046,874,544,27
2025-11,Summit Auto Group,Summit Hyundai Oakhurst,Organic Search,3968,2986,2181,47
2025-11,Summit Auto Group,Summit Hyundai Oakhurst,Paid Search,2451,1816,1307,66
2025-11,Summit Auto Group,Summit Hyundai Oakhurst,Direct,1867,1442,1111,36
2025-11,Summit Auto Group,Summit Hyundai Oakhurst,Organic Social,1167,876,591,19
2025-11,Summit Auto Group,Summit Hyundai Oakhurst,Paid Social,933,781,449,20
2025-11,Summit Auto Group,Summit Hyundai Oakhurst,Referral,700,584,328,14
2025-11,Summit Auto Group,Summit Hyundai Oakhurst,Email,583,421,283,14
2025-11,Summit Auto Group,Summit Jeep Ram Clearwater,Organic Search,5096,3861,2619,108
2025-11,Summit Auto Group,Summit Jeep Ram Clearwater,Paid Search,3147,2688,1739,77
2025-11,Summit Auto Group,Summit Jeep Ram Clearwater,Direct,2398,1831,1486,52
2025-11,Summit Auto Group,Summit Jeep Ram Clearwater,Organic Social,1499,1145,747,39
2025-11,Summit Auto Group,Summit Jeep Ram Clearwater,Paid Social,1199,1011,616,33
2025-11,Summit Auto Group,Summit Jeep Ram Clearwater,Referral,899,696,477,21
2025-11,Summit Auto Group,Summit Jeep Ram Clearwater,Email,749,588,396,11
2025-11,Summit Auto Group,Summit Kia Brookfield,Organic Search,3613,2780,2105,39
2025-11,Summit Auto Group,Summit Kia Brookfield,Paid Search,2231,1833,1147,45
2025-11,Summit Auto Group,Summit Kia Brookfield,Direct,1700,1424,1051,30
2025-11,Summit Auto Group,Summit Kia Brookfield,Organic Social,1062,864,504,25
2025-11,Summit Auto Group,Summit Kia Brookfield,Paid Social,850,698,522,10
2025-11,Summit Auto Group,Summit Kia Brookfield,Referral,637,472,323,14
2025-11,Summit Auto Group,Summit Kia Brookfield,Email,531,398,325,14
2025-11,Summit Auto Group,Summit Mazda Lakeside,Organic Search,3644,3071,2257,93
2025-11,Summit Auto Group,Summit Mazda Lakeside,Paid Search,2250,1824,1218,36
2025-11,Summit Auto Group,Summit Mazda Lakeside,Direct,1714,1411,802,19
2025-11,Summit Auto Group,Summit Mazda Lakeside,Organic Social,1071,850,496,13
2025-11,Summit Auto Group,Summit Mazda Lakeside,Paid Social,857,642,463,19
2025-11,Summit Auto Group,Summit Mazda Lakeside,Referral,643,471,312,13
2025-11,Summit Auto Group,Summit Mazda Lakeside,Email,535,389,329,13
2025-11,Summit Auto Group,Summit Nissan Ridgemont,Organic Search,4191,3563,2257,45
2025-11,Summit Auto Group,Summit Nissan Ridgemont,Paid Search,2589,2187,1323,63
2025-11,Summit Auto Group,Summit Nissan Ridgemont,Direct,1972,1534,1126,46
2025-11,Summit Auto Group,Summit Nissan Ridgemont,Organic Social,1232,904,721,18
2025-11,Summit Auto Group,Summit Nissan Ridgemont,Paid Social,986,829,534,11
2025-11,Summit Auto Group,Summit Nissan Ridgemont,Referral,739,569,340,16
2025-11,Summit Auto Group,Summit Nissan Ridgemont,Email,616,448,287,13
2025-11,Summit Auto Group,Summit Subaru Northgate,Organic Search,3447,2962,1694,38
2025-11,Summit Auto Group,Summit Subaru Northgate,Paid Search,2129,1729,1287,58
2025-11,Summit Auto Group,Summit Subaru Northgate,Direct,1622,1243,781,17
2025-11,Summit Auto Group,Summit Subaru Northgate,Organic Social,1014,811,500,26
2025-11,Summit Auto Group,Summit Subaru Northgate,Paid Social,811,675,454,12
2025-11,Summit Auto Group,Summit Subaru Northgate,Referral,608,522,357,9
2025-11,Summit Auto Group,Summit Subaru Northgate,Email,507,412,290,6
2025-11,Summit Auto Group,Summit Toyota of Fairview,Organic Search,7245,6177,4133,91
2025-11,Summit Auto Group,Summit Toyota of Fairview,Paid Search,4474,3750,2357,124
2025-11,Summit Auto Group,Summit Toyota of Fairview,Direct,3409,2520,1980,36
2025-11,Summit Auto Group,Summit Toyota of Fairview,Organic Social,2130,1696,1137,40
2025-11,Summit Auto Group,Summit Toyota of Fairview,Paid Social,1704,1382,895,17
2025-11,Summit Auto Group,Summit Toyota of Fairview,Referral,1278,1030,706,29
2025-11,Summit Auto Group,Summit Toyota of Fairview,Email,1065,793,556,29
2025-11,Summit Auto Group,Summit Volkswagen Eastdale,Organic Search,3063,2611,1741,40
2025-11,Summit Auto Group,Summit Volkswagen Eastdale,Paid Search,1892,1379,1029,23
2025-11,Summit Auto Group,Summit Volkswagen Eastdale,Direct,1441,1112,825,24
2025-11,Summit Auto Group,Summit Volkswagen Eastdale,Organic Social,901,662,474,16
2025-11,Summit Auto Group,Summit Volkswagen Eastdale,Paid Social,720,554,439,14
2025-11,Summit Auto Group,Summit Volkswagen Eastdale,Referral,540,449,273,7
2025-11,Summit Auto Group,Summit Volkswagen Eastdale,Email,450,352,234,9
2025-12,Harbor Motor Group,Harbor BMW,Organic Search,4998,3937,2908,82
2025-12,Harbor Motor Group,Harbor BMW,Paid Search,3087,2396,1599,77
2025-12,Harbor Motor Group,Harbor BMW,Direct,2352,1753,1219,24
2025-12,Harbor Motor Group,Harbor BMW,Organic Social,1470,1188,863,27
2025-12,Harbor Motor Group,Harbor BMW,Paid Social,1176,864,713,15
2025-12,Harbor Motor Group,Harbor BMW,Referral,882,754,435,9
2025-12,Harbor Motor Group,Harbor BMW,Email,735,572,409,15
2025-12,Harbor Motor Group,Harbor Chevrolet Marina,Organic Search,5050,3653,2661,96
2025-12,Harbor Motor Group,Harbor Chevrolet Marina,Paid Search,3119,2663,1900,65
2025-12,Harbor Motor Group,Harbor Chevrolet Marina,Direct,2376,1973,1266,46
2025-12,Harbor Motor Group,Harbor Chevrolet Marina,Organic Social,1485,1104,773,35
2025-12,Harbor Motor Group,Harbor Chevrolet Marina,Paid Social,1188,893,591,14
2025-12,Harbor Motor Group,Harbor Chevrolet Marina,Referral,891,710,503,12
2025-12,Harbor Motor Group,Harbor Chevrolet Marina,Email,742,560,362,12
2025-12,Harbor Motor Group,Harbor Ford Portside,Organic Search,6970,5672,3219,180
2025-12,Harbor Motor Group,Harbor Ford Portside,Paid Search,4305,3629,2115,76
2025-12,Harbor Motor Group,Harbor Ford Portside,Direct,3280,2633,1827,73
2025-12,Harbor Motor Group,Harbor Ford Portside,Organic Social,2050,1712,1225,39
2025-12,Harbor Motor Group,Harbor Ford Portside,Paid Social,1640,1242,834,42
2025-12,Harbor Motor Group,Harbor Ford Portside,Referral,1230,1047,638,16
2025-12,Harbor Motor Group,Harbor Ford Portside,Email,1025,798,617,16
2025-12,Harbor Motor Group,Harbor Honda Seaside,Organic Search,6163,5281,3779,165
2025-12,Harbor Motor Group,Harbor Honda Seaside,Paid Search,3806,2954,1917,56
2025-12,Harbor Motor Group,Harbor Honda Seaside,Direct,2900,2140,1538,54
2025-12,Harbor Motor Group,Harbor Honda Seaside,Organic Social,1812,1475,1113,30
2025-12,Harbor Motor Group,Harbor Honda Seaside,Paid Social,1450,1184,667,36
2025-12,Harbor Motor Group,Harbor Honda Seaside,Referral,1087,792,496,19
2025-12,Harbor Motor Group,Harbor Honda Seaside,Email,906,706,443,12
2025-12,Harbor Motor Group,Harbor Jeep Ram Anchor,Organic Search,5599,4613,2844,90
2025-12,Harbor Motor Group,Harbor Jeep Ram Anchor,Paid Search,3458,2877,1589,56
2025-12,Harbor Motor Group,Harbor Jeep Ram Anchor,Direct,2635,1992,1242,26
2025-12,Harbor Motor Group,Harbor Jeep Ram Anchor,Organic Social,1646,1249,750,24
2025-12,Harbor Motor Group,Harbor Jeep Ram Anchor,Paid Social,1317,1092,807,34
2025-12,Harbor Motor Group,Harbor Jeep Ram Anchor,Referral,988,750,519,26
2025-12,Harbor Motor Group,Harbor Jeep Ram Anchor,Email,823,668,407,14
2025-12,Harbor Motor Group,Harbor Kia Lighthouse,Organic Search,3649,2639,1688,102
2025-12,Harbor Motor Group,Harbor Kia Lighthouse,Paid Search,2254,1867,1231,57
2025-12,Harbor Motor Group,Harbor Kia Lighthouse,Direct,1717,1303,800,44
2025-12,Harbor Motor Group,Harbor Kia Lighthouse,Organic Social,1073,852,546,14
2025-12,Harbor Motor Group,Harbor Kia Lighthouse,Paid Social,858,653,424,19
2025-12,Harbor Motor Group,Harbor Kia Lighthouse,Referral,644,503,296,15
2025-12,Harbor Motor Group,Harbor Kia Lighthouse,Email,536,419,244,13
2025-12,Harbor Motor Group,Harbor Subaru Tidewater,Organic Search,4024,3329,2281,101
2025-12,Harbor Motor Group,Harbor Subaru Tidewater,Paid Search,2485,1851,1203,60
2025-12,Harbor Motor Group,Harbor Subaru Tidewater,Direct,1893,1397,1042,31
2025-12,Harbor Motor Group,Harbor Subaru Tidewater,Organic Social,1183,887,706,16
2025-12,Harbor Motor Group,Harbor Subaru Tidewater,Paid Social,946,751,477,25
2025-12,Harbor Motor Group,Harbor Subaru Tidewater,Referral,710,597,374,14
2025-12,Harbor Motor Group,Harbor Subaru Tidewater,Email,591,433,308,13
2025-12,Harbor Motor Group,Harbor Toyota Bayview,Organic Search,6877,5691,3998,104
2025-12,Harbor Motor Group,Harbor Toyota Bayview,Paid Search,4247,3403,2202,90
2025-12,Harbor Motor Group,Harbor Toyota Bayview,Direct,3236,2631,1793,52
2025-12,Harbor Motor Group,Harbor Toyota Bayview,Organic Social,2022,1459,1029,20
2025-12,Harbor Motor Group,Harbor Toyota Bayview,Paid Social,1618,1313,992,38
2025-12,Harbor Motor Group,Harbor Toyota Bayview,Referral,1213,978,732,12
2025-12,Harbor Motor Group,Harbor Toyota Bayview,Email,1011,757,455,28
2025-12,Summit Auto Group,Summit BMW,Organic Search,5399,3967,2641,119
2025-12,Summit Auto Group,Summit BMW,Paid Search,3335,2856,1628,77
2025-12,Summit Auto Group,Summit BMW,Direct,2540,1927,1561,50
2025-12,Summit Auto Group,Summit BMW,Organic Social,1588,1183,922,34
2025-12,Summit Auto Group,Summit BMW,Paid Social,1270,1081,638,26
2025-12,Summit Auto Group,Summit BMW,Referral,952,703,565,11
2025-12,Summit Auto Group,Summit BMW,Email,794,665,360,20
2025-12,Summit Auto Group,Summit Chevrolet Glenpark,Organic Search,5899,4826,3244,77
2025-12,Summit Auto Group,Summit Chevrolet Glenpark,Paid Search,3643,2878,1867,78
2025-12,Summit Auto Group,Summit Chevrolet Glenpark,Direct,2776,2318,1648,60
2025-12,Summit Auto Group,Summit Chevrolet Glenpark,Organic Social,1735,1489,933,34
2025-12,Summit Auto Group,Summit Chevrolet Glenpark,Paid Social,1388,1029,639,26
2025-12,Summit Auto Group,Summit Chevrolet Glenpark,Referral,1041,871,477,27
2025-12,Summit Auto Group,Summit Chevrolet Glenpark,Email,867,689,452,21
2025-12,Summit Auto Group,Summit Ford Rivera,Organic Search,5947,5102,3534,119
2025-12,Summit Auto Group,Summit Ford Rivera,Paid Search,3673,2775,2006,57
2025-12,Summit Auto Group,Summit Ford Rivera,Direct,2799,2216,1330,54
2025-12,Summit Auto Group,Summit Ford Rivera,Organic Social,1749,1410,884,20
2025-12,Summit Auto Group,Summit Ford Rivera,Paid Social,1399,1019,862,35
2025-12,Summit Auto Group,Summit Ford Rivera,Referral,1049,816,484,24
2025-12,Summit Auto Group,Summit Ford Rivera,Email,874,720,413,22
2025-12,Summit Auto Group,Summit Honda Westland,Organic Search,6630,5157,3323,174
2025-12,Summit Auto Group,Summit Honda Westland,Paid Search,4095,3432,2101,48
2025-12,Summit Auto Group,Summit Honda Westland,Direct,3120,2530,1497,58
2025-12,Summit Auto Group,Summit Honda Westland,Organic Social,1950,1602,1088,49
2025-12,Summit Auto Group,Summit Honda Westland,Paid Social,1560,1240,869,25
2025-12,Summit Auto Group,Summit Honda Westland,Referral,1170,949,530,30
2025-12,Summit Auto Group,Summit Honda Westland,Email,975,825,532,23
2025-12,Summit Auto Group,Summit Hyundai Oakhurst,Organic Search,4743,3977,2202,119
2025-12,Summit Auto Group,Summit Hyundai Oakhurst,Paid Search,2929,2211,1545,67
2025-12,Summit Auto Group,Summit Hyundai Oakhurst,Direct,2232,1653,1289,29
2025-12,Summit Auto Group,Summit Hyundai Oakhurst,Organic Social,1395,1115,740,38
2025-12,Summit Auto Group,Summit Hyundai Oakhurst,Paid Social,1116,954,618,11
2025-12,Summit Auto Group,Summit Hyundai Oakhurst,Referral,837,608,498,13
2025-12,Summit Auto Group,Summit Hyundai Oakhurst,Email,697,534,410,13
2025-12,Summit Auto Group,Summit Jeep Ram Clearwater,Organic Search,4675,3624,2318,73
2025-12,Summit Auto Group,Summit Jeep Ram Clearwater,Paid Search,2887,2085,1440,33
2025-12,Summit Auto Group,Summit Jeep Ram Clearwater,Direct,2200,1662,1088,39
2025-12,Summit Auto Group,Summit Jeep Ram Clearwater,Organic Social,1375,1146,702,20
2025-12,Summit Auto Group,Summit Jeep Ram Clearwater,Paid Social,1100,865,569,22
2025-12,Summit Auto Group,Summit Jeep Ram Clearwater,Referral,825,634,439,20
2025-12,Summit Auto Group,Summit Jeep Ram Clearwater,Email,687,588,372,8
2025-12,Summit Auto Group,Summit Kia Brookfield,Organic Search,4593,3426,2466,60
2025-12,Summit Auto Group,Summit Kia Brookfield,Paid Search,2837,2136,1674,63
2025-12,Summit Auto Group,Summit Kia Brookfield,Direct,2161,1822,1196,24
2025-12,Summit Auto Group,Summit Kia Brookfield,Organic Social,1351,1135,835,23
2025-12,Summit Auto Group,Summit Kia Brookfield,Paid Social,1080,810,488,19
2025-12,Summit Auto Group,Summit Kia Brookfield,Referral,810,632,461,18
2025-12,Summit Auto Group,Summit Kia Brookfield,Email,675,498,407,15
2025-12,Summit Auto Group,Summit Mazda Lakeside,Organic Search,3064,2473,1522,54
2025-12,Summit Auto Group,Summit Mazda Lakeside,Paid Search,1892,1571,1001,30
2025-12,Summit Auto Group,Summit Mazda Lakeside,Direct,1442,1157,724,31
2025-12,Summit Auto Group,Summit Mazda Lakeside,Organic Social,901,765,450,22
2025-12,Summit Auto Group,Summit Mazda Lakeside,Paid Social,721,522,420,10
2025-12,Summit Auto Group,Summit Mazda Lakeside,Referral,540,430,266,7
2025-12,Summit Auto Group,Summit Mazda Lakeside,Email,450,348,260,8
2025-12,Summit Auto Group,Summit Nissan Ridgemont,Organic Search,4361,3741,2258,65
2025-12,Summit Auto Group,Summit Nissan Ridgemont,Paid Search,2694,2040,1364,27
2025-12,Summit Auto Group,Summit Nissan Ridgemont,Direct,2052,1497,1067,24
2025-12,Summit Auto Group,Summit Nissan Ridgemont,Organic Social,1282,1093,750,31
2025-12,Summit Auto Group,Summit Nissan Ridgemont,Paid Social,1026,843,587,24
2025-12,Summit Auto Group,Summit Nissan Ridgemont,Referral,769,651,425,15
2025-12,Summit Auto Group,Summit Nissan Ridgemont,Email,641,487,333,11
2025-12,Summit Auto Group,Summit Subaru Northgate,Organic Search,3440,2795,1681,86
2025-12,Summit Auto Group,Summit Subaru Northgate,Paid Search,2124,1558,1181,42
2025-12,Summit Auto Group,Summit Subaru Northgate,Direct,1618,1324,979,28
2025-12,Summit Auto Group,Summit Subaru Northgate,Organic Social,1011,744,566,14
2025-12,Summit Auto Group,Summit Subaru Northgate,Paid Social,809,673,395,11
2025-12,Summit Auto Group,Summit Subaru Northgate,Referral,607,489,374,9
2025-12,Summit Auto Group,Summit Subaru Northgate,Email,505,376,260,7
2025-12,Summit Auto Group,Summit Toyota of Fairview,Organic Search,7299,5979,4372,82
2025-12,Summit Auto Group,Summit Toyota of Fairview,Paid Search,4508,3379,2281,76
2025-12,Summit Auto Group,Summit Toyota of Fairview,Direct,3435,2474,2028,55
2025-12,Summit Auto Group,Summit Toyota of Fairview,Organic Social,2146,1781,1034,32
2025-12,Summit Auto Group,Summit Toyota of Fairview,Paid Social,1717,1248,1053,44
2025-12,Summit Auto Group,Summit Toyota of Fairview,Referral,1288,1080,778,14
2025-12,Summit Auto Group,Summit Toyota of Fairview,Email,1073,810,537,28
2025-12,Summit Auto Group,Summit Volkswagen Eastdale,Organic Search,3187,2705,1853,52
2025-12,Summit Auto Group,Summit Volkswagen Eastdale,Paid Search,1968,1468,912,47
2025-12,Summit Auto Group,Summit Volkswagen Eastdale,Direct,1500,1088,765,27
2025-12,Summit Auto Group,Summit Volkswagen Eastdale,Organic Social,937,749,436,13
2025-12,Summit Auto Group,Summit Volkswagen Eastdale,Paid Social,750,587,410,11
2025-12,Summit Auto Group,Summit Volkswagen Eastdale,Referral,562,421,306,9
2025-12,Summit Auto Group,Summit Volkswagen Eastdale,Email,468,379,269,7
2026-01,Harbor Motor Group,Harbor BMW,Organic Search,5908,4796,2805,77
2026-01,Harbor Motor Group,Harbor BMW,Paid Search,3649,2805,1779,62
2026-01,Harbor Motor Group,Harbor BMW,Direct,2780,2192,1688,63
2026-01,Harbor Motor Group,Harbor BMW,Organic Social,1737,1307,781,24
2026-01,Harbor Motor Group,Harbor BMW,Paid Social,1390,1075,668,23
2026-01,Harbor Motor Group,Harbor BMW,Referral,1042,774,502,16
2026-01,Harbor Motor Group,Harbor BMW,Email,868,742,520,10
2026-01,Harbor Motor Group,Harbor Chevrolet Marina,Organic Search,5273,4273,2543,143
2026-01,Harbor Motor Group,Harbor Chevrolet Marina,Paid Search,3257,2611,1934,60
2026-01,Harbor Motor Group,Harbor Chevrolet Marina,Direct,2481,2030,1525,49
2026-01,Harbor Motor Group,Harbor Chevrolet Marina,Organic Social,1551,1249,881,21
2026-01,Harbor Motor Group,Harbor Chevrolet Marina,Paid Social,1240,1000,590,14
2026-01,Harbor Motor Group,Harbor Chevrolet Marina,Referral,930,768,533,15
2026-01,Harbor Motor Group,Harbor Chevrolet Marina,Email,775,643,442,15
2026-01,Harbor Motor Group,Harbor Ford Portside,Organic Search,7210,5482,4067,75
2026-01,Harbor Motor Group,Harbor Ford Portside,Paid Search,4453,3289,2220,66
2026-01,Harbor Motor Group,Harbor Ford Portside,Direct,3392,2706,1795,88
2026-01,Harbor Motor Group,Harbor Ford Portside,Organic Social,2120,1821,1117,56
2026-01,Harbor Motor Group,Harbor Ford Portside,Paid Social,1696,1312,802,18
2026-01,Harbor Motor Group,Harbor Ford Portside,Referral,1272,945,596,24
2026-01,Harbor Motor Group,Harbor Ford Portside,Email,1060,852,646,25
2026-01,Harbor Motor Group,Harbor Honda Seaside,Organic Search,6113,5110,3745,97
2026-01,Harbor Motor Group,Harbor Honda Seaside,Paid Search,3776,3095,2185,41
2026-01,Harbor Motor Group,Harbor Honda Seaside,Direct,2876,2399,1640,73
2026-01,Harbor Motor Group,Harbor Honda Seaside,Organic Social,1798,1504,852,35
2026-01,Harbor Motor Group,Harbor Honda Seaside,Paid Social,1438,1071,820,33
2026-01,Harbor Motor Group,Harbor Honda Seaside,Referral,1078,918,627,13
2026-01,Harbor Motor Group,Harbor Honda Seaside,Email,899,703,444,11
2026-01,Harbor Motor Group,Harbor Jeep Ram Anchor,Organic Search,4309,3430,2204,109
2026-01,Harbor Motor Group,Harbor Jeep Ram Anchor,Paid Search,2661,2188,1424,48
2026-01,Harbor Motor Group,Harbor Jeep Ram Anchor,Direct,2028,1486,1194,25
2026-01,Harbor Motor Group,Harbor Jeep Ram Anchor,Organic Social,1267,1017,630,25
2026-01,Harbor Motor Group,Harbor Jeep Ram Anchor,Paid Social,1014,846,513,12
2026-01,Harbor Motor Group,Harbor Jeep Ram Anchor,Referral,760,593,431,16
2026-01,Harbor Motor Group,Harbor Jeep Ram Anchor,Email,633,534,374,11
2026-01,Harbor Motor Group,Harbor Kia Lighthouse,Organic Search,3663,3004,1736,78
2026-01,Harbor Motor Group,Harbor Kia Lighthouse,Paid Search,2262,1651,1098,33
2026-01,Harbor Motor Group,Harbor Kia Lighthouse,Direct,1723,1337,909,31
2026-01,Harbor Motor Group,Harbor Kia Lighthouse,Organic Social,1077,919,487,14
2026-01,Harbor Motor Group,Harbor Kia Lighthouse,Paid Social,861,690,507,13
2026-01,Harbor Motor Group,Harbor Kia Lighthouse,Referral,646,475,315,17
2026-01,Harbor Motor Group,Harbor Kia Lighthouse,Email,538,400,249,14
2026-01,Harbor Motor Group,Harbor Subaru Tidewater,Organic Search,3567,3040,1898,90
2026-01,Harbor Motor Group,Harbor Subaru Tidewater,Paid Search,2203,1810,1292,48
2026-01,Harbor Motor Group,Harbor Subaru Tidewater,Direct,1678,1442,872,32
2026-01,Harbor Motor Group,Harbor Subaru Tidewater,Organic Social,1049,800,544,12
2026-01,Harbor Motor Group,Harbor Subaru Tidewater,Paid Social,839,634,477,22
2026-01,Harbor Motor Group,Harbor Subaru Tidewater,Referral,629,469,351,11
2026-01,Harbor Motor Group,Harbor Subaru Tidewater,Email,524,435,308,12
2026-01,Harbor Motor Group,Harbor Toyota Bayview,Organic Search,6075,4806,3762,117
2026-01,Harbor Motor Group,Harbor Toyota Bayview,Paid Search,3752,3000,2146,68
2026-01,Harbor Motor Group,Harbor Toyota Bayview,Direct,2858,2103,1327,41
2026-01,Harbor Motor Group,Harbor Toyota Bayview,Organic Social,1786,1504,1047,40
2026-01,Harbor Motor Group,Harbor Toyota Bayview,Paid Social,1429,1051,647,35
2026-01,Harbor Motor Group,Harbor Toyota Bayview,Referral,1072,901,606,15
2026-01,Harbor Motor Group,Harbor Toyota Bayview,Email,893,724,423,22
2026-01,Summit Auto Group,Summit BMW,Organic Search,6829,5843,3663,144
2026-01,Summit Auto Group,Summit BMW,Paid Search,4218,3223,2375,108
2026-01,Summit Auto Group,Summit BMW,Direct,3213,2686,1837,81
2026-01,Summit Auto Group,Summit BMW,Organic Social,2008,1571,935,49
2026-01,Summit Auto Group,Summit BMW,Paid Social,1606,1164,769,27
2026-01,Summit Auto Group,Summit BMW,Referral,1205,929,630,23
2026-01,Summit Auto Group,Summit BMW,Email,1004,794,508,13
2026-01,Summit Auto Group,Summit Chevrolet Glenpark,Organic Search,5369,4364,3156,115
2026-01,Summit Auto Group,Summit Chevrolet Glenpark,Paid Search,3316,2828,1884,49
2026-01,Summit Auto Group,Summit Chevrolet Glenpark,Direct,2526,1983,1363,49
2026-01,Summit Auto Group,Summit Chevrolet Glenpark,Organic Social,1579,1158,955,42
2026-01,Summit Auto Group,Summit Chevrolet Glenpark,Paid Social,1263,991,607,17
2026-01,Summit Auto Group,Summit Chevrolet Glenpark,Referral,947,747,518,14
2026-01,Summit Auto Group,Summit Chevrolet Glenpark,Email,789,657,483,20
2026-01,Summit Auto Group,Summit Ford Rivera,Organic Search,7590,5809,4022,177
2026-01,Summit Auto Group,Summit Ford Rivera,Paid Search,4688,3735,2249,112
2026-01,Summit Auto Group,Summit Ford Rivera,Direct,3572,3071,1962,74
2026-01,Summit Auto Group,Summit Ford Rivera,Organic Social,2232,1857,1022,53
2026-01,Summit Auto Group,Summit Ford Rivera,Paid Social,1786,1410,1059,48
2026-01,Summit Auto Group,Summit Ford Rivera,Referral,1339,1097,656,36
2026-01,Summit Auto Group,Summit Ford Rivera,Email,1116,939,589,23
2026-01,Summit Auto Group,Summit Honda Westland,Organic Search,6093,4711,3739,85
2026-01,Summit Auto Group,Summit Honda Westland,Paid Search,3763,2885,2274,71
2026-01,Summit Auto Group,Summit Honda Westland,Direct,2867,2190,1363,77
2026-01,Summit Auto Group,Summit Honda Westland,Organic Social,1792,1469,1016,23
2026-01,Summit Auto Group,Summit Honda Westland,Paid Social,1433,1046,785,32
2026-01,Summit Auto Group,Summit Honda Westland,Referral,1075,778,511,17
2026-01,Summit Auto Group,Summit Honda Westland,Email,896,682,443,20
2026-01,Summit Auto Group,Summit Hyundai Oakhurst,Organic Search,4284,3636,2447,107
2026-01,Summit Auto Group,Summit Hyundai Oakhurst,Paid Search,2646,1976,1314,32
2026-01,Summit Auto Group,Summit Hyundai Oakhurst,Direct,2016,1702,1125,28
2026-01,Summit Auto Group,Summit Hyundai Oakhurst,Organic Social,1260,1023,715,14
2026-01,Summit Auto Group,Summit Hyundai Oakhurst,Paid Social,1008,729,487,25
2026-01,Summit Auto Group,Summit Hyundai Oakhurst,Referral,756,550,405,20
2026-01,Summit Auto Group,Summit Hyundai Oakhurst,Email,630,532,336,11
2026-01,Summit Auto Group,Summit Jeep Ram Clearwater,Organic Search,4705,3974,2398,109
2026-01,Summit Auto Group,Summit Jeep Ram Clearwater,Paid Search,2906,2257,1356,57
2026-01,Summit Auto Group,Summit Jeep Ram Clearwater,Direct,2214,1840,1356,36
2026-01,Summit Auto Group,Summit Jeep Ram Clearwater,Organic Social,1383,1042,832,26
2026-01,Summit Auto Group,Summit Jeep Ram Clearwater,Paid Social,1107,920,584,14
2026-01,Summit Auto Group,Summit Jeep Ram Clearwater,Referral,830,612,387,10
2026-01,Summit Auto Group,Summit Jeep Ram Clearwater,Email,691,521,406,9
2026-01,Summit Auto Group,Summit Kia Brookfield,Organic Search,4460,3268,2613,73
2026-01,Summit Auto Group,Summit Kia Brookfield,Paid Search,2754,2159,1671,38
2026-01,Summit Auto Group,Summit Kia Brookfield,Direct,2098,1555,958,38
2026-01,Summit Auto Group,Summit Kia Brookfield,Organic Social,1311,1029,598,19
2026-01,Summit Auto Group,Summit Kia Brookfield,Paid Social,1049,800,646,25
2026-01,Summit Auto Group,Summit Kia Brookfield,Referral,787,675,456,10
2026-01,Summit Auto Group,Summit Kia Brookfield,Email,655,473,321,15
2026-01,Summit Auto Group,Summit Mazda Lakeside,Organic Search,3225,2755,1884,55
2026-01,Summit Auto Group,Summit Mazda Lakeside,Paid Search,1992,1517,923,50
2026-01,Summit Auto Group,Summit Mazda Lakeside,Direct,1517,1187,927,15
2026-01,Summit Auto Group,Summit Mazda Lakeside,Organic Social,948,732,530,25
2026-01,Summit Auto Group,Summit Mazda Lakeside,Paid Social,758,604,401,11
2026-01,Summit Auto Group,Summit Mazda Lakeside,Referral,569,459,308,15
2026-01,Summit Auto Group,Summit Mazda Lakeside,Email,474,360,292,6
2026-01,Summit Auto Group,Summit Nissan Ridgemont,Organic Search,4412,3241,2125,90
2026-01,Summit Auto Group,Summit Nissan Ridgemont,Paid Search,2725,1964,1583,56
2026-01,Summit Auto Group,Summit Nissan Ridgemont,Direct,2076,1502,955,39
2026-01,Summit Auto Group,Summit Nissan Ridgemont,Organic Social,1297,944,623,35
2026-01,Summit Auto Group,Summit Nissan Ridgemont,Paid Social,1038,851,610,19
2026-01,Summit Auto Group,Summit Nissan Ridgemont,Referral,778,605,426,21
2026-01,Summit Auto Group,Summit Nissan Ridgemont,Email,648,474,337,16
2026-01,Summit Auto Group,Summit Subaru Northgate,Organic Search,3941,3241,1947,95
2026-01,Summit Auto Group,Summit Subaru Northgate,Paid Search,2434,1829,1329,60
2026-01,Summit Auto Group,Summit Subaru Northgate,Direct,1854,1559,899,38
2026-01,Summit Auto Group,Summit Subaru Northgate,Organic Social,1159,845,547,13
2026-01,Summit Auto Group,Summit Subaru Northgate,Paid Social,927,669,453,20
2026-01,Summit Auto Group,Summit Subaru Northgate,Referral,695,507,387,11
2026-01,Summit Auto Group,Summit Subaru Northgate,Email,579,456,325,12
2026-01,Summit Auto Group,Summit Toyota of Fairview,Organic Search,7980,6624,3751,97
2026-01,Summit Auto Group,Summit Toyota of Fairview,Paid Search,4928,3725,2357,83
2026-01,Summit Auto Group,Summit Toyota of Fairview,Direct,3755,2994,1715,55
2026-01,Summit Auto Group,Summit Toyota of Fairview,Organic Social,2347,1837,1084,23
2026-01,Summit Auto Group,Summit Toyota of Fairview,Paid Social,1877,1561,1051,48
2026-01,Summit Auto Group,Summit Toyota of Fairview,Referral,1408,1073,834,25
2026-01,Summit Auto Group,Summit Toyota of Fairview,Email,1173,899,623,16
2026-01,Summit Auto Group,Summit Volkswagen Eastdale,Organic Search,3251,2635,1957,71
2026-01,Summit Auto Group,Summit Volkswagen Eastdale,Paid Search,2008,1520,1184,51
2026-01,Summit Auto Group,Summit Volkswagen Eastdale,Direct,1530,1148,865,15
2026-01,Summit Auto Group,Summit Volkswagen Eastdale,Organic Social,956,771,513,20
2026-01,Summit Auto Group,Summit Volkswagen Eastdale,Paid Social,765,637,402,15
2026-01,Summit Auto Group,Summit Volkswagen Eastdale,Referral,573,453,276,11
2026-01,Summit Auto Group,Summit Volkswagen Eastdale,Email,478,362,256,10
2026-02,Harbor Motor Group,Harbor BMW,Organic Search,5373,4563,2799,117
2026-02,Harbor Motor Group,Harbor BMW,Paid Search,3319,2573,1553,37
2026-02,Harbor Motor Group,Harbor BMW,Direct,2528,1889,1166,42
2026-02,Harbor Motor Group,Harbor BMW,Organic Social,1580,1273,810,29
2026-02,Harbor Motor Group,Harbor BMW,Paid Social,1264,943,601,19
2026-02,Harbor Motor Group,Harbor BMW,Referral,948,719,432,19
2026-02,Harbor Motor Group,Harbor BMW,Email,790,655,472,21
2026-02,Harbor Motor Group,Harbor Chevrolet Marina,Organic Search,4638,3818,2672,81
2026-02,Harbor Motor Group,Harbor Chevrolet Marina,Paid Search,2864,2104,1376,39
2026-02,Harbor Motor Group,Harbor Chevrolet Marina,Direct,2182,1726,1304,50
2026-02,Harbor Motor Group,Harbor Chevrolet Marina,Organic Social,1364,1171,717,29
2026-02,Harbor Motor Group,Harbor Chevrolet Marina,Paid Social,1091,916,586,11
2026-02,Harbor Motor Group,Harbor Chevrolet Marina,Referral,818,620,393,20
2026-02,Harbor Motor Group,Harbor Chevrolet Marina,Email,682,532,419,18
2026-02,Harbor Motor Group,Harbor Ford Portside,Organic Search,6800,5070,3160,155
2026-02,Harbor Motor Group,Harbor Ford Portside,Paid Search,4200,3426,2357,69
2026-02,Harbor Motor Group,Harbor Ford Portside,Direct,3200,2648,1552,39
2026-02,Harbor Motor Group,Harbor Ford Portside,Organic Social,2000,1681,1018,53
2026-02,Harbor Motor Group,Harbor Ford Portside,Paid Social,1600,1314,836,18
2026-02,Harbor Motor Group,Harbor Ford Portside,Referral,1200,866,657,21
2026-02,Harbor Motor Group,Harbor Ford Portside,Email,1000,851,532,20
2026-02,Harbor Motor Group,Harbor Honda Seaside,Organic Search,5483,4179,2522,74
2026-02,Harbor Motor Group,Harbor Honda Seaside,Paid Search,3387,2670,2010,68
2026-02,Harbor Motor Group,Harbor Honda Seaside,Direct,2580,1858,1386,58
2026-02,Harbor Motor Group,Harbor Honda Seaside,Organic Social,1612,1201,930,37
2026-02,Harbor Motor Group,Harbor Honda Seaside,Paid Social,1290,1037,713,18
2026-02,Harbor Motor Group,Harbor Honda Seaside,Referral,967,828,557,13
2026-02,Harbor Motor Group,Harbor Honda Seaside,Email,806,660,380,17
2026-02,Harbor Motor Group,Harbor Jeep Ram Anchor,Organic Search,4825,4044,2199,122
2026-02,Harbor Motor Group,Harbor Jeep Ram Anchor,Paid Search,2980,2368,1749,55
2026-02,Harbor Motor Group,Harbor Jeep Ram Anchor,Direct,2270,1821,1207,42
2026-02,Harbor Motor Group,Harbor Jeep Ram Anchor,Organic Social,1419,1101,681,17
2026-02,Harbor Motor Group,Harbor Jeep Ram Anchor,Paid Social,1135,894,598,18
2026-02,Harbor Motor Group,Harbor Jeep Ram Anchor,Referral,851,621,506,15
2026-02,Harbor Motor Group,Harbor Jeep Ram Anchor,Email,709,596,363,13
2026-02,Harbor Motor Group,Harbor Kia Lighthouse,Organic Search,4318,3680,2650,55
2026-02,Harbor Motor Group,Harbor Kia Lighthouse,Paid Search,2667,2004,1459,74
2026-02,Harbor Motor Group,Harbor Kia Lighthouse,Direct,2032,1605,1051,28
2026-02,Harbor Motor Group,Harbor Kia Lighthouse,Organic Social,1270,997,621,18
2026-02,Harbor Motor Group,Harbor Kia Lighthouse,Paid Social,1016,859,523,15
2026-02,Harbor Motor Group,Harbor Kia Lighthouse,Referral,762,632,378,10
2026-02,Harbor Motor Group,Harbor Kia Lighthouse,Email,635,528,378,16
2026-02,Harbor Motor Group,Harbor Subaru Tidewater,Organic Search,3329,2509,1597,66
2026-02,Harbor Motor Group,Harbor Subaru Tidewater,Paid Search,2056,1606,1263,31
2026-02,Harbor Motor Group,Harbor Subaru Tidewater,Direct,1566,1189,743,26
2026-02,Harbor Motor Group,Harbor Subaru Tidewater,Organic Social,979,793,560,15
2026-02,Harbor Motor Group,Harbor Subaru Tidewater,Paid Social,783,576,409,15
2026-02,Harbor Motor Group,Harbor Subaru Tidewater,Referral,587,490,299,10
2026-02,Harbor Motor Group,Harbor Subaru Tidewater,Email,489,391,295,8
2026-02,Harbor Motor Group,Harbor Toyota Bayview,Organic Search,7988,6789,4269,104
2026-02,Harbor Motor Group,Harbor Toyota Bayview,Paid Search,4934,3899,2819,76
2026-02,Harbor Motor Group,Harbor Toyota Bayview,Direct,3759,2875,2243,72
2026-02,Harbor Motor Group,Harbor Toyota Bayview,Organic Social,2349,1798,1136,42
2026-02,Harbor Motor Group,Harbor Toyota Bayview,Paid Social,1879,1550,963,41
2026-02,Harbor Motor Group,Harbor Toyota Bayview,Referral,1409,1068,653,37
2026-02,Harbor Motor Group,Harbor Toyota Bayview,Email,1174,861,690,22
2026-02,Summit Auto Group,Summit BMW,Organic Search,7068,5460,3339,75
2026-02,Summit Auto Group,Summit BMW,Paid Search,4365,3156,2031,47
2026-02,Summit Auto Group,Summit BMW,Direct,3326,2574,1690,37
2026-02,Summit Auto Group,Summit BMW,Organic Social,2078,1698,1222,54
2026-02,Summit Auto Group,Summit BMW,Paid Social,1663,1249,965,27
2026-02,Summit Auto Group,Summit BMW,Referral,1247,966,645,26
2026-02,Summit Auto Group,Summit BMW,Email,1039,879,544,19
2026-02,Summit Auto Group,Summit Chevrolet Glenpark,Organic Search,5173,3745,3136,133
2026-02,Summit Auto Group,Summit Chevrolet Glenpark,Paid Search,3195,2534,1827,38
2026-02,Summit Auto Group,Summit Chevrolet Glenpark,Direct,2434,2013,1277,53
2026-02,Summit Auto Group,Summit Chevrolet Glenpark,Organic Social,1521,1254,828,38
2026-02,Summit Auto Group,Summit Chevrolet Glenpark,Paid Social,1217,977,636,12
2026-02,Summit Auto Group,Summit Chevrolet Glenpark,Referral,912,767,432,21
2026-02,Summit Auto Group,Summit Chevrolet Glenpark,Email,760,601,420,15
2026-02,Summit Auto Group,Summit Ford Rivera,Organic Search,5856,5018,3342,153
2026-02,Summit Auto Group,Summit Ford Rivera,Paid Search,3617,2850,2144,82
2026-02,Summit Auto Group,Summit Ford Rivera,Direct,2755,2359,1388,36
2026-02,Summit Auto Group,Summit Ford Rivera,Organic Social,1722,1409,822,46
2026-02,Summit Auto Group,Summit Ford Rivera,Paid Social,1377,1032,695,28
2026-02,Summit Auto Group,Summit Ford Rivera,Referral,1033,873,477,23
2026-02,Summit Auto Group,Summit Ford Rivera,Email,861,690,485,10
2026-02,Summit Auto Group,Summit Honda Westland,Organic Search,6713,4974,3323,172
2026-02,Summit Auto Group,Summit Honda Westland,Paid Search,4146,3384,2542,46
2026-02,Summit Auto Group,Summit Honda Westland,Direct,3159,2436,1816,48
2026-02,Summit Auto Group,Summit Honda Westland,Organic Social,1974,1694,1218,48
2026-02,Summit Auto Group,Summit Honda Westland,Paid Social,1579,1346,911,36
2026-02,Summit Auto Group,Summit Honda Westland,Referral,1184,883,597,27
2026-02,Summit Auto Group,Summit Honda Westland,Email,987,848,604,21
2026-02,Summit Auto Group,Summit Hyundai Oakhurst,Organic Search,4226,3095,2096,116
2026-02,Summit Auto Group,Summit Hyundai Oakhurst,Paid Search,2610,2098,1195,34
2026-02,Summit Auto Group,Summit Hyundai Oakhurst,Direct,1989,1695,899,51
2026-02,Summit Auto Group,Summit Hyundai Oakhurst,Organic Social,1243,1055,588,16
2026-02,Summit Auto Group,Summit Hyundai Oakhurst,Paid Social,994,743,526,25
2026-02,Summit Auto Group,Summit Hyundai Oakhurst,Referral,745,589,353,13
2026-02,Summit Auto Group,Summit Hyundai Oakhurst,Email,621,525,345,9
2026-02,Summit Auto Group,Summit Jeep Ram Clearwater,Organic Search,4614,3582,2691,102
2026-02,Summit Auto Group,Summit Jeep Ram Clearwater,Paid Search,2850,2203,1609,53
2026-02,Summit Auto Group,Summit Jeep Ram Clearwater,Direct,2171,1655,1321,30
2026-02,Summit Auto Group,Summit Jeep Ram Clearwater,Organic Social,1357,1108,654,30
2026-02,Summit Auto Group,Summit Jeep Ram Clearwater,Paid Social,1085,923,507,11
2026-02,Summit Auto Group,Summit Jeep Ram Clearwater,Referral,814,692,499,12
2026-02,Summit Auto Group,Summit Jeep Ram Clearwater,Email,678,503,347,14
2026-02,Summit Auto Group,Summit Kia Brookfield,Organic Search,4412,3787,2127,107
2026-02,Summit Auto Group,Summit Kia Brookfield,Paid Search,2725,2186,1474,50
2026-02,Summit Auto Group,Summit Kia Brookfield,Direct,2076,1748,1270,36
2026-02,Summit Auto Group,Summit Kia Brookfield,Organic Social,1297,1006,597,27
2026-02,Summit Auto Group,Summit Kia Brookfield,Paid Social,1038,829,579,24
2026-02,Summit Auto Group,Summit Kia Brookfield,Referral,778,619,423,8
2026-02,Summit Auto Group,Summit Kia Brookfield,Email,648,476,300,7
2026-02,Summit Auto Group,Summit Mazda Lakeside,Organic Search,3407,2686,1781,35
2026-02,Summit Auto Group,Summit Mazda Lakeside,Paid Search,2104,1733,1213,34
2026-02,Summit Auto Group,Summit Mazda Lakeside,Direct,1603,1193,907,40
2026-02,Summit Auto Group,Summit Mazda Lakeside,Organic Social,1002,810,507,12
2026-02,Summit Auto Group,Summit Mazda Lakeside,Paid Social,801,617,454,15
2026-02,Summit Auto Group,Summit Mazda Lakeside,Referral,601,501,366,7
2026-02,Summit Auto Group,Summit Mazda Lakeside,Email,501,396,304,9
2026-02,Summit Auto Group,Summit Nissan Ridgemont,Organic Search,4676,3711,2676,76
2026-02,Summit Auto Group,Summit Nissan Ridgemont,Paid Search,2888,2187,1641,71
2026-02,Summit Auto Group,Summit Nissan Ridgemont,Direct,2200,1847,1361,23
2026-02,Summit Auto Group,Summit Nissan Ridgemont,Organic Social,1375,1138,636,25
2026-02,Summit Auto Group,Summit Nissan Ridgemont,Paid Social,1100,817,670,16
2026-02,Summit Auto Group,Summit Nissan Ridgemont,Referral,825,659,422,21
2026-02,Summit Auto Group,Summit Nissan Ridgemont,Email,687,523,389,8
2026-02,Summit Auto Group,Summit Subaru Northgate,Organic Search,3946,3106,1931,63
2026-02,Summit Auto Group,Summit Subaru Northgate,Paid Search,2437,2025,1207,55
2026-02,Summit Auto Group,Summit Subaru Northgate,Direct,1856,1377,880,34
2026-02,Summit Auto Group,Summit Subaru Northgate,Organic Social,1160,973,698,21
2026-02,Summit Auto Group,Summit Subaru Northgate,Paid Social,928,757,426,25
2026-02,Summit Auto Group,Summit Subaru Northgate,Referral,696,591,318,15
2026-02,Summit Auto Group,Summit Subaru Northgate,Email,580,437,352,6
2026-02,Summit Auto Group,Summit Toyota of Fairview,Organic Search,7117,5993,3823,172
2026-02,Summit Auto Group,Summit Toyota of Fairview,Paid Search,4395,3621,2324,94
2026-02,Summit Auto Group,Summit Toyota of Fairview,Direct,3349,2638,1876,40
2026-02,Summit Auto Group,Summit Toyota of Fairview,Organic Social,2093,1664,1046,57
2026-02,Summit Auto Group,Summit Toyota of Fairview,Paid Social,1674,1334,771,41
2026-02,Summit Auto Group,Summit Toyota of Fairview,Referral,1255,990,632,29
2026-02,Summit Auto Group,Summit Toyota of Fairview,Email,1046,898,558,10
2026-02,Summit Auto Group,Summit Volkswagen Eastdale,Organic Search,3438,2568,1691,37
2026-02,Summit Auto Group,Summit Volkswagen Eastdale,Paid Search,2123,1540,960,36
2026-02,Summit Auto Group,Summit Volkswagen Eastdale,Direct,1618,1219,836,42
2026-02,Summit Auto Group,Summit Volkswagen Eastdale,Organic Social,1011,795,560,25
2026-02,Summit Auto Group,Summit Volkswagen Eastdale,Paid Social,809,691,388,22
2026-02,Summit Auto Group,Summit Volkswagen Eastdale,Referral,606,476,344,13
2026-02,Summit Auto Group,Summit Volkswagen Eastdale,Email,505,413,237,7
2026-03,Harbor Motor Group,Harbor BMW,Organic Search,5449,4346,2633,68
2026-03,Harbor Motor Group,Harbor BMW,Paid Search,3366,2790,1643,46
2026-03,Harbor Motor Group,Harbor BMW,Direct,2564,1948,1340,36
2026-03,Harbor Motor Group,Harbor BMW,Organic Social,1602,1308,813,44
2026-03,Harbor Motor Group,Harbor BMW,Paid Social,1282,980,578,22
2026-03,Harbor Motor Group,Harbor BMW,Referral,961,773,527,24
2026-03,Harbor Motor Group,Harbor BMW,Email,801,663,406,18
2026-03,Harbor Motor Group,Harbor Chevrolet Marina,Organic Search,5691,4817,2957,100
2026-03,Harbor Motor Group,Harbor Chevrolet Marina,Paid Search,3515,2863,1822,95
2026-03,Harbor Motor Group,Harbor Chevrolet Marina,Direct,2678,2168,1245,43
2026-03,Harbor Motor Group,Harbor Chevrolet Marina,Organic Social,1673,1342,824,27
2026-03,Harbor Motor Group,Harbor Chevrolet Marina,Paid Social,1339,1028,633,27
2026-03,Harbor Motor Group,Harbor Chevrolet Marina,Referral,1004,789,528,27
2026-03,Harbor Motor Group,Harbor Chevrolet Marina,Email,836,713,393,16
2026-03,Harbor Motor Group,Harbor Ford Portside,Organic Search,7551,5988,3776,180
2026-03,Harbor Motor Group,Harbor Ford Portside,Paid Search,4663,3788,2153,101
2026-03,Harbor Motor Group,Harbor Ford Portside,Direct,3553,2690,1647,72
2026-03,Harbor Motor Group,Harbor Ford Portside,Organic Social,2220,1716,1333,49
2026-03,Harbor Motor Group,Harbor Ford Portside,Paid Social,1776,1410,912,41
2026-03,Harbor Motor Group,Harbor Ford Portside,Referral,1332,964,710,17
2026-03,Harbor Motor Group,Harbor Ford Portside,Email,1110,855,616,15
2026-03,Harbor Motor Group,Harbor Honda Seaside,Organic Search,5702,4515,2957,103
2026-03,Harbor Motor Group,Harbor Honda Seaside,Paid Search,3522,2641,1903,42
2026-03,Harbor Motor Group,Harbor Honda Seaside,Direct,2683,2306,1459,37
2026-03,Harbor Motor Group,Harbor Honda Seaside,Organic Social,1677,1411,867,26
2026-03,Harbor Motor Group,Harbor Honda Seaside,Paid Social,1341,966,770,18
2026-03,Harbor Motor Group,Harbor Honda Seaside,Referral,1006,745,545,19
2026-03,Harbor Motor Group,Harbor Honda Seaside,Email,838,634,487,19
2026-03,Harbor Motor Group,Harbor Jeep Ram Anchor,Organic Search,4387,3348,2301,51
2026-03,Harbor Motor Group,Harbor Jeep Ram Anchor,Paid Search,2709,2315,1374,64
2026-03,Harbor Motor Group,Harbor Jeep Ram Anchor,Direct,2064,1580,1255,42
2026-03,Harbor Motor Group,Harbor Jeep Ram Anchor,Organic Social,1290,1077,792,18
2026-03,Harbor Motor Group,Harbor Jeep Ram Anchor,Paid Social,1032,791,586,17
2026-03,Harbor Motor Group,Harbor Jeep Ram Anchor,Referral,774,563,455,14
2026-03,Harbor Motor Group,Harbor Jeep Ram Anchor,Email,645,513,397,14
2026-03,Harbor Motor Group,Harbor Kia Lighthouse,Organic Search,3836,3090,1731,68
2026-03,Harbor Motor Group,Harbor Kia Lighthouse,Paid Search,2369,1819,1143,58
2026-03,Harbor Motor Group,Harbor Kia Lighthouse,Direct,1805,1498,838,44
2026-03,Harbor Motor Group,Harbor Kia Lighthouse,Organic Social,1128,913,531,27
2026-03,Harbor Motor Group,Harbor Kia Lighthouse,Paid Social,902,768,418,16
2026-03,Harbor Motor Group,Harbor Kia Lighthouse,Referral,676,571,401,14
2026-03,Harbor Motor Group,Harbor Kia Lighthouse,Email,564,448,295,14
2026-03,Harbor Motor Group,Harbor Subaru Tidewater,Organic Search,3709,2814,1905,50
2026-03,Harbor Motor Group,Harbor Subaru Tidewater,Paid Search,2291,1777,1236,38
2026-03,Harbor Motor Group,Harbor Subaru Tidewater,Direct,1745,1328,1000,35
2026-03,Harbor Motor Group,Harbor Subaru Tidewater,Organic Social,1091,810,649,20
2026-03,Harbor Motor Group,Harbor Subaru Tidewater,Paid Social,872,640,519,15
2026-03,Harbor Motor Group,Harbor Subaru Tidewater,Referral,654,472,304,17
2026-03,Harbor Motor Group,Harbor Subaru Tidewater,Email,545,449,300,8
2026-03,Harbor Motor Group,Harbor Toyota Bayview,Organic Search,7909,6167,3871,162
2026-03,Harbor Motor Group,Harbor Toyota Bayview,Paid Search,4885,3997,2908,114
2026-03,Harbor Motor Group,Harbor Toyota Bayview,Direct,3722,2915,2307,49
2026-03,Harbor Motor Group,Harbor Toyota Bayview,Organic Social,2326,1760,1368,49
2026-03,Harbor Motor Group,Harbor Toyota Bayview,Paid Social,1861,1564,945,50
2026-03,Harbor Motor Group,Harbor Toyota Bayview,Referral,1395,1101,717,29
2026-03,Harbor Motor Group,Harbor Toyota Bayview,Email,1163,938,584,26
2026-03,Summit Auto Group,Summit BMW,Organic Search,6046,4806,2924,90
2026-03,Summit Auto Group,Summit BMW,Paid Search,3734,2719,1877,54
2026-03,Summit Auto Group,Summit BMW,Direct,2845,2235,1752,49
2026-03,Summit Auto Group,Summit BMW,Organic Social,1778,1339,848,18
2026-03,Summit Auto Group,Summit BMW,Paid Social,1422,1178,780,21
2026-03,Summit Auto Group,Summit BMW,Referral,1067,883,612,16
2026-03,Summit Auto Group,Summit BMW,Email,889,757,521,10
2026-03,Summit Auto Group,Summit Chevrolet Glenpark,Organic Search,5297,4209,2923,60
2026-03,Summit Auto Group,Summit Chevrolet Glenpark,Paid Search,3272,2511,1613,77
2026-03,Summit Auto Group,Summit Chevrolet Glenpark,Direct,2492,1871,1351,61
2026-03,Summit Auto Group,Summit Chevrolet Glenpark,Organic Social,1558,1337,886,26
2026-03,Summit Auto Group,Summit Chevrolet Glenpark,Paid Social,1246,943,650,26
2026-03,Summit Auto Group,Summit Chevrolet Glenpark,Referral,934,687,523,20
2026-03,Summit Auto Group,Summit Chevrolet Glenpark,Email,779,664,461,11
2026-03,Summit Auto Group,Summit Ford Rivera,Organic Search,6630,5131,3466,101
2026-03,Summit Auto Group,Summit Ford Rivera,Paid Search,4095,3143,2428,73
2026-03,Summit Auto Group,Summit Ford Rivera,Direct,3120,2251,1510,72
2026-03,Summit Auto Group,Summit Ford Rivera,Organic Social,1950,1600,883,32
2026-03,Summit Auto Group,Summit Ford Rivera,Paid Social,1560,1251,722,26
2026-03,Summit Auto Group,Summit Ford Rivera,Referral,1170,943,723,14
2026-03,Summit Auto Group,Summit Ford Rivera,Email,975,772,580,25
2026-03,Summit Auto Group,Summit Honda Westland,Organic Search,6905,5047,4095,119
2026-03,Summit Auto Group,Summit Honda Westland,Paid Search,4265,3501,2577,105
2026-03,Summit Auto Group,Summit Honda Westland,Direct,3249,2792,1507,68
2026-03,Summit Auto Group,Summit Honda Westland,Organic Social,2031,1701,1057,24
2026-03,Summit Auto Group,Summit Honda Westland,Paid Social,1624,1260,987,19
2026-03,Summit Auto Group,Summit Honda Westland,Referral,1218,891,586,24
2026-03,Summit Auto Group,Summit Honda Westland,Email,1015,776,609,13
2026-03,Summit Auto Group,Summit Hyundai Oakhurst,Organic Search,3774,2780,2239,88
2026-03,Summit Auto Group,Summit Hyundai Oakhurst,Paid Search,2331,1736,1426,32
2026-03,Summit Auto Group,Summit Hyundai Oakhurst,Direct,1776,1523,872,29
2026-03,Summit Auto Group,Summit Hyundai Oakhurst,Organic Social,1110,857,602,19
2026-03,Summit Auto Group,Summit Hyundai Oakhurst,Paid Social,888,728,495,19
2026-03,Summit Auto Group,Summit Hyundai Oakhurst,Referral,666,491,377,17
2026-03,Summit Auto Group,Summit Hyundai Oakhurst,Email,555,428,284,8
2026-03,Summit Auto Group,Summit Jeep Ram Clearwater,Organic Search,5774,4378,2973,68
2026-03,Summit Auto Group,Summit Jeep Ram Clearwater,Paid Search,3566,2919,1658,42
2026-03,Summit Auto Group,Summit Jeep Ram Clearwater,Direct,2717,2238,1643,70
2026-03,Summit Auto Group,Summit Jeep Ram Clearwater,Organic Social,1698,1275,1005,31
2026-03,Summit Auto Group,Summit Jeep Ram Clearwater,Paid Social,1358,1071,710,20
2026-03,Summit Auto Group,Summit Jeep Ram Clearwater,Referral,1019,798,605,27
2026-03,Summit Auto Group,Summit Jeep Ram Clearwater,Email,849,659,441,19
2026-03,Summit Auto Group,Summit Kia Brookfield,Organic Search,4499,3466,2303,71
2026-03,Summit Auto Group,Summit Kia Brookfield,Paid Search,2779,2363,1535,32
2026-03,Summit Auto Group,Summit Kia Brookfield,Direct,2117,1631,1024,27
2026-03,Summit Auto Group,Summit Kia Brookfield,Organic Social,1323,1044,677,27
2026-03,Summit Auto Group,Summit Kia Brookfield,Paid Social,1058,861,649,10
2026-03,Summit Auto Group,Summit Kia Brookfield,Referral,794,593,362,9
2026-03,Summit Auto Group,Summit Kia Brookfield,Email,661,554,383,10
2026-03,Summit Auto Group,Summit Mazda Lakeside,Organic Search,2806,2156,1680,56
2026-03,Summit Auto Group,Summit Mazda Lakeside,Paid Search,1733,1395,818,28
2026-03,Summit Auto Group,Summit Mazda Lakeside,Direct,1320,989,628,30
2026-03,Summit Auto Group,Summit Mazda Lakeside,Organic Social,825,624,475,11
2026-03,Summit Auto Group,Summit Mazda Lakeside,Paid Social,660,521,313,15
2026-03,Summit Auto Group,Summit Mazda Lakeside,Referral,495,424,292,5
2026-03,Summit Auto Group,Summit Mazda Lakeside,Email,412,305,243,7
2026-03,Summit Auto Group,Summit Nissan Ridgemont,Organic Search,5189,3916,3030,99
2026-03,Summit Auto Group,Summit Nissan Ridgemont,Paid Search,3205,2667,1613,79
2026-03,Summit Auto Group,Summit Nissan Ridgemont,Direct,2441,1924,1362,56
2026-03,Summit Auto Group,Summit Nissan Ridgemont,Organic Social,1526,1179,857,36
2026-03,Summit Auto Group,Summit Nissan Ridgemont,Paid Social,1220,1013,682,18
2026-03,Summit Auto Group,Summit Nissan Ridgemont,Referral,915,678,481,11
2026-03,Summit Auto Group,Summit Nissan Ridgemont,Email,763,624,465,17
2026-03,Summit Auto Group,Summit Subaru Northgate,Organic Search,4149,3352,2499,70
2026-03,Summit Auto Group,Summit Subaru Northgate,Paid Search,2563,2038,1528,62
2026-03,Summit Auto Group,Summit Subaru Northgate,Direct,1952,1655,998,49
2026-03,Summit Auto Group,Summit Subaru Northgate,Organic Social,1220,1038,576,27
2026-03,Summit Auto Group,Summit Subaru Northgate,Paid Social,976,765,513,17
2026-03,Summit Auto Group,Summit Subaru Northgate,Referral,732,622,367,17
2026-03,Summit Auto Group,Summit Subaru Northgate,Email,610,490,339,14
2026-03,Summit Auto Group,Summit Toyota of Fairview,Organic Search,7921,5718,4259,79
2026-03,Summit Auto Group,Summit Toyota of Fairview,Paid Search,4892,3585,2958,55
2026-03,Summit Auto Group,Summit Toyota of Fairview,Direct,3727,3123,2025,73
2026-03,Summit Auto Group,Summit Toyota of Fairview,Organic Social,2329,1702,1290,35
2026-03,Summit Auto Group,Summit Toyota of Fairview,Paid Social,1863,1376,1132,18
2026-03,Summit Auto Group,Summit Toyota of Fairview,Referral,1397,1095,704,17
2026-03,Summit Auto Group,Summit Toyota of Fairview,Email,1164,880,585,14
2026-03,Summit Auto Group,Summit Volkswagen Eastdale,Organic Search,2642,2212,1484,37
2026-03,Summit Auto Group,Summit Volkswagen Eastdale,Paid Search,1632,1342,856,16
2026-03,Summit Auto Group,Summit Volkswagen Eastdale,Direct,1243,897,668,22
2026-03,Summit Auto Group,Summit Volkswagen Eastdale,Organic Social,777,583,476,16
2026-03,Summit Auto Group,Summit Volkswagen Eastdale,Paid Social,621,533,360,11
2026-03,Summit Auto Group,Summit Volkswagen Eastdale,Referral,466,336,226,9
2026-03,Summit Auto Group,Summit Volkswagen Eastdale,Email,388,299,197,9
2026-04,Harbor Motor Group,Harbor BMW,Organic Search,5352,4297,3176,55
2026-04,Harbor Motor Group,Harbor BMW,Paid Search,3305,2834,2045,83
2026-04,Harbor Motor Group,Harbor BMW,Direct,2518,2134,1225,25
2026-04,Harbor Motor Group,Harbor BMW,Organic Social,1574,1243,913,28
2026-04,Harbor Motor Group,Harbor BMW,Paid Social,1259,983,619,25
2026-04,Harbor Motor Group,Harbor BMW,Referral,944,722,436,17
2026-04,Harbor Motor Group,Harbor BMW,Email,787,629,359,13
2026-04,Harbor Motor Group,Harbor Chevrolet Marina,Organic Search,5924,5035,3131,105
2026-04,Harbor Motor Group,Harbor Chevrolet Marina,Paid Search,3659,3012,1994,51
2026-04,Harbor Motor Group,Harbor Chevrolet Marina,Direct,2788,2204,1679,42
2026-04,Harbor Motor Group,Harbor Chevrolet Marina,Organic Social,1742,1442,1073,47
2026-04,Harbor Motor Group,Harbor Chevrolet Marina,Paid Social,1394,1174,643,21
2026-04,Harbor Motor Group,Harbor Chevrolet Marina,Referral,1045,777,504,11
2026-04,Harbor Motor Group,Harbor Chevrolet Marina,Email,871,718,529,16
2026-04,Harbor Motor Group,Harbor Ford Portside,Organic Search,7470,6076,3658,124
2026-04,Harbor Motor Group,Harbor Ford Portside,Paid Search,4613,3965,2320,113
2026-04,Harbor Motor Group,Harbor Ford Portside,Direct,3515,2603,2023,61
2026-04,Harbor Motor Group,Harbor Ford Portside,Organic Social,2197,1614,1154,50
2026-04,Harbor Motor Group,Harbor Ford Portside,Paid Social,1757,1453,837,20
2026-04,Harbor Motor Group,Harbor Ford Portside,Referral,1318,1093,650,24
2026-04,Harbor Motor Group,Harbor Ford Portside,Email,1098,873,503,22
2026-04,Harbor Motor Group,Harbor Honda Seaside,Organic Search,6273,4567,3618,142
2026-04,Harbor Motor Group,Harbor Honda Seaside,Paid Search,3874,2979,2200,89
2026-04,Harbor Motor Group,Harbor Honda Seaside,Direct,2952,2418,1708,77
2026-04,Harbor Motor Group,Harbor Honda Seaside,Organic Social,1845,1538,932,51
2026-04,Harbor Motor Group,Harbor Honda Seaside,Paid Social,1476,1239,807,31
2026-04,Harbor Motor Group,Harbor Honda Seaside,Referral,1107,820,505,12
2026-04,Harbor Motor Group,Harbor Honda Seaside,Email,922,789,420,12
2026-04,Harbor Motor Group,Harbor Jeep Ram Anchor,Organic Search,4336,3394,2425,57
2026-04,Harbor Motor Group,Harbor Jeep Ram Anchor,Paid Search,2678,2225,1489,72
2026-04,Harbor Motor Group,Harbor Jeep Ram Anchor,Direct,2040,1492,949,45
2026-04,Harbor Motor Group,Harbor Jeep Ram Anchor,Organic Social,1275,1060,766,29
2026-04,Harbor Motor Group,Harbor Jeep Ram Anchor,Paid Social,1020,804,608,13
2026-04,Harbor Motor Group,Harbor Jeep Ram Anchor,Referral,765,603,351,16
2026-04,Harbor Motor Group,Harbor Jeep Ram Anchor,Email,637,460,291,13
2026-04,Harbor Motor Group,Harbor Kia Lighthouse,Organic Search,3771,2921,1931,79
2026-04,Harbor Motor Group,Harbor Kia Lighthouse,Paid Search,2329,1678,1433,35
2026-04,Harbor Motor Group,Harbor Kia Lighthouse,Direct,1774,1507,1048,47
2026-04,Harbor Motor Group,Harbor Kia Lighthouse,Organic Social,1109,952,525,13
2026-04,Harbor Motor Group,Harbor Kia Lighthouse,Paid Social,887,700,522,16
2026-04,Harbor Motor Group,Harbor Kia Lighthouse,Referral,665,543,401,9
2026-04,Harbor Motor Group,Harbor Kia Lighthouse,Email,554,412,254,10
2026-04,Harbor Motor Group,Harbor Subaru Tidewater,Organic Search,3814,3053,2005,39
2026-04,Harbor Motor Group,Harbor Subaru Tidewater,Paid Search,2355,1901,1392,58
2026-04,Harbor Motor Group,Harbor Subaru Tidewater,Direct,1794,1346,887,40
2026-04,Harbor Motor Group,Harbor Subaru Tidewater,Organic Social,1121,942,621,20
2026-04,Harbor Motor Group,Harbor Subaru Tidewater,Paid Social,897,746,501,23
2026-04,Harbor Motor Group,Harbor Subaru Tidewater,Referral,673,560,380,13
2026-04,Harbor Motor Group,Harbor Subaru Tidewater,Email,560,466,256,10
2026-04,Harbor Motor Group,Harbor Toyota Bayview,Organic Search,7301,6155,3370,161
2026-04,Harbor Motor Group,Harbor Toyota Bayview,Paid Search,4509,3754,2569,87
2026-04,Harbor Motor Group,Harbor Toyota Bayview,Direct,3435,2489,1984,71
2026-04,Harbor Motor Group,Harbor Toyota Bayview,Organic Social,2147,1583,1124,42
2026-04,Harbor Motor Group,Harbor Toyota Bayview,Paid Social,1717,1271,870,46
2026-04,Harbor Motor Group,Harbor Toyota Bayview,Referral,1288,929,722,17
2026-04,Harbor Motor Group,Harbor Toyota Bayview,Email,1073,832,621,22
2026-04,Summit Auto Group,Summit BMW,Organic Search,6409,5233,2980,106
2026-04,Summit Auto Group,Summit BMW,Paid Search,3958,3180,2424,67
2026-04,Summit Auto Group,Summit BMW,Direct,3016,2473,1664,77
2026-04,Summit Auto Group,Summit BMW,Organic Social,1885,1546,1063,19
2026-04,Summit Auto Group,Summit BMW,Paid Social,1508,1125,728,31
2026-04,Summit Auto Group,Summit BMW,Referral,1131,843,632,11
2026-04,Summit Auto Group,Summit BMW,Email,942,701,440,18
2026-04,Summit Auto Group,Summit Chevrolet Glenpark,Organic Search,6451,4837,3187,73
2026-04,Summit Auto Group,Summit Chevrolet Glenpark,Paid Search,3984,3400,2237,107
2026-04,Summit Auto Group,Summit Chevrolet Glenpark,Direct,3036,2428,1457,54
2026-04,Summit Auto Group,Summit Chevrolet Glenpark,Organic Social,1897,1374,1138,36
2026-04,Summit Auto Group,Summit Chevrolet Glenpark,Paid Social,1518,1171,901,41
2026-04,Summit Auto Group,Summit Chevrolet Glenpark,Referral,1138,842,515,15
2026-04,Summit Auto Group,Summit Chevrolet Glenpark,Email,948,701,581,21
2026-04,Summit Auto Group,Summit Ford Rivera,Organic Search,7696,5891,3946,100
2026-04,Summit Auto Group,Summit Ford Rivera,Paid Search,4753,3857,2368,65
2026-04,Summit Auto Group,Summit Ford Rivera,Direct,3622,2696,1921,41
2026-04,Summit Auto Group,Summit Ford Rivera,Organic Social,2263,1718,1097,51
2026-04,Summit Auto Group,Summit Ford Rivera,Paid Social,1811,1478,954,40
2026-04,Summit Auto Group,Summit Ford Rivera,Referral,1358,1013,795,23
2026-04,Summit Auto Group,Summit Ford Rivera,Email,1131,952,651,21
2026-04,Summit Auto Group,Summit Honda Westland,Organic Search,6179,5039,2901,66
2026-04,Summit Auto Group,Summit Honda Westland,Paid Search,3816,3098,1850,97
2026-04,Summit Auto Group,Summit Honda Westland,Direct,2908,2095,1508,56
2026-04,Summit Auto Group,Summit Honda Westland,Organic Social,1817,1544,1043,37
2026-04,Summit Auto Group,Summit Honda Westland,Paid Social,1454,1071,866,32
2026-04,Summit Auto Group,Summit Honda Westland,Referral,1090,858,558,22
2026-04,Summit Auto Group,Summit Honda Westland,Email,908,711,517,23
2026-04,Summit Auto Group,Summit Hyundai Oakhurst,Organic Search,4973,4170,3014,92
2026-04,Summit Auto Group,Summit Hyundai Oakhurst,Paid Search,3071,2340,1869,77
2026-04,Summit Auto Group,Summit Hyundai Oakhurst,Direct,2340,1805,1312,29
2026-04,Summit Auto Group,Summit Hyundai Oakhurst,Organic Social,1462,1199,869,28
2026-04,Summit Auto Group,Summit Hyundai Oakhurst,Paid Social,1170,1004,623,16
2026-04,Summit Auto Group,Summit Hyundai Oakhurst,Referral,877,726,481,17
2026-04,Summit Auto Group,Summit Hyundai Oakhurst,Email,731,567,406,9
2026-04,Summit Auto Group,Summit Jeep Ram Clearwater,Organic Search,5356,4305,3169,66
2026-04,Summit Auto Group,Summit Jeep Ram Clearwater,Paid Search,3308,2482,1534,34
2026-04,Summit Auto Group,Summit Jeep Ram Clearwater,Direct,2520,2012,1528,65
2026-04,Summit Auto Group,Summit Jeep Ram Clearwater,Organic Social,1575,1187,954,32
2026-04,Summit Auto Group,Summit Jeep Ram Clearwater,Paid Social,1260,1012,686,16
2026-04,Summit Auto Group,Summit Jeep Ram Clearwater,Referral,945,761,579,10
2026-04,Summit Auto Group,Summit Jeep Ram Clearwater,Email,787,636,384,11
2026-04,Summit Auto Group,Summit Kia Brookfield,Organic Search,4664,3910,2703,117
2026-04,Summit Auto Group,Summit Kia Brookfield,Paid Search,2880,2188,1782,46
2026-04,Summit Auto Group,Summit Kia Brookfield,Direct,2194,1696,1275,57
2026-04,Summit Auto Group,Summit Kia Brookfield,Organic Social,1371,1114,765,28
2026-04,Summit Auto Group,Summit Kia Brookfield,Paid Social,1097,930,563,13
2026-04,Summit Auto Group,Summit Kia Brookfield,Referral,823,627,419,10
2026-04,Summit Auto Group,Summit Kia Brookfield,Email,685,542,323,13
2026-04,Summit Auto Group,Summit Mazda Lakeside,Organic Search,3652,3127,1977,91
2026-04,Summit Auto Group,Summit Mazda Lakeside,Paid Search,2255,1825,1155,63
2026-04,Summit Auto Group,Summit Mazda Lakeside,Direct,1718,1341,1005,17
2026-04,Summit Auto Group,Summit Mazda Lakeside,Organic Social,1074,811,545,25
2026-04,Summit Auto Group,Summit Mazda Lakeside,Paid Social,859,665,493,23
2026-04,Summit Auto Group,Summit Mazda Lakeside,Referral,644,544,327,11
2026-04,Summit Auto Group,Summit Mazda Lakeside,Email,537,420,292,12
2026-04,Summit Auto Group,Summit Nissan Ridgemont,Organic Search,4305,3674,2097,98
2026-04,Summit Auto Group,Summit Nissan Ridgemont,Paid Search,2659,2137,1349,41
2026-04,Summit Auto Group,Summit Nissan Ridgemont,Direct,2026,1742,1064,36
2026-04,Summit Auto Group,Summit Nissan Ridgemont,Organic Social,1266,1061,616,20
2026-04,Summit Auto Group,Summit Nissan Ridgemont,Paid Social,1013,837,458,23
2026-04,Summit Auto Group,Summit Nissan Ridgemont,Referral,759,550,348,8
2026-04,Summit Auto Group,Summit Nissan Ridgemont,Email,633,497,367,10
2026-04,Summit Auto Group,Summit Subaru Northgate,Organic Search,3829,2935,1970,103
2026-04,Summit Auto Group,Summit Subaru Northgate,Paid Search,2365,1824,1325,41
2026-04,Summit Auto Group,Summit Subaru Northgate,Direct,1801,1499,956,37
2026-04,Summit Auto Group,Summit Subaru Northgate,Organic Social,1126,817,573,28
2026-04,Summit Auto Group,Summit Subaru Northgate,Paid Social,900,747,430,17
2026-04,Summit Auto Group,Summit Subaru Northgate,Referral,675,523,416,16
2026-04,Summit Auto Group,Summit Subaru Northgate,Email,563,444,264,15
2026-04,Summit Auto Group,Summit Toyota of Fairview,Organic Search,6684,5094,3332,153
2026-04,Summit Auto Group,Summit Toyota of Fairview,Paid Search,4128,3327,2209,90
2026-04,Summit Auto Group,Summit Toyota of Fairview,Direct,3145,2385,1672,61
2026-04,Summit Auto Group,Summit Toyota of Fairview,Organic Social,1966,1416,1178,45
2026-04,Summit Auto Group,Summit Toyota of Fairview,Paid Social,1572,1302,941,18
2026-04,Summit Auto Group,Summit Toyota of Fairview,Referral,1179,926,580,24
2026-04,Summit Auto Group,Summit Toyota of Fairview,Email,983,759,596,19
2026-04,Summit Auto Group,Summit Volkswagen Eastdale,Organic Search,2697,2118,1606,38
2026-04,Summit Auto Group,Summit Volkswagen Eastdale,Paid Search,1666,1266,975,34
2026-04,Summit Auto Group,Summit Volkswagen Eastdale,Direct,1269,1021,657,15
2026-04,Summit Auto Group,Summit Volkswagen Eastdale,Organic Social,793,595,475,20
2026-04,Summit Auto Group,Summit Volkswagen Eastdale,Paid Social,634,524,343,7
2026-04,Summit Auto Group,Summit Volkswagen Eastdale,Referral,476,375,295,5
2026-04,Summit Auto Group,Summit Volkswagen Eastdale,Email,396,320,224,5
2026-05,Harbor Motor Group,Harbor BMW,Organic Search,5273,4124,2828,55
2026-05,Harbor Motor Group,Harbor BMW,Paid Search,3257,2524,1789,53
2026-05,Harbor Motor Group,Harbor BMW,Direct,2481,1795,1440,63
2026-05,Harbor Motor Group,Harbor BMW,Organic Social,1551,1295,949,37
2026-05,Harbor Motor Group,Harbor BMW,Paid Social,1240,948,743,21
2026-05,Harbor Motor Group,Harbor BMW,Referral,930,694,491,20
2026-05,Harbor Motor Group,Harbor BMW,Email,775,586,471,15
2026-05,Harbor Motor Group,Harbor Chevrolet Marina,Organic Search,5718,4203,2874,67
2026-05,Harbor Motor Group,Harbor Chevrolet Marina,Paid Search,3531,2964,2019,64
2026-05,Harbor Motor Group,Harbor Chevrolet Marina,Direct,2691,2242,1345,62
2026-05,Harbor Motor Group,Harbor Chevrolet Marina,Organic Social,1681,1394,973,26
2026-05,Harbor Motor Group,Harbor Chevrolet Marina,Paid Social,1345,1118,687,16
2026-05,Harbor Motor Group,Harbor Chevrolet Marina,Referral,1009,864,581,21
2026-05,Harbor Motor Group,Harbor Chevrolet Marina,Email,840,619,461,13
2026-05,Harbor Motor Group,Harbor Ford Portside,Organic Search,5817,4867,2850,147
2026-05,Harbor Motor Group,Harbor Ford Portside,Paid Search,3592,2633,2098,42
2026-05,Harbor Motor Group,Harbor Ford Portside,Direct,2737,2279,1272,39
2026-05,Harbor Motor Group,Harbor Ford Portside,Organic Social,1710,1273,779,25
2026-05,Harbor Motor Group,Harbor Ford Portside,Paid Social,1368,1044,679,35
2026-05,Harbor Motor Group,Harbor Ford Portside,Referral,1026,756,599,13
2026-05,Harbor Motor Group,Harbor Ford Portside,Email,855,726,439,11
2026-05,Harbor Motor Group,Harbor Honda Seaside,Organic Search,5987,4779,3185,123
2026-05,Harbor Motor Group,Harbor Honda Seaside,Paid Search,3698,2767,1731,103
2026-05,Harbor Motor Group,Harbor Honda Seaside,Direct,2817,2252,1278,47
2026-05,Harbor Motor Group,Harbor Honda Seaside,Organic Social,1761,1335,907,28
2026-05,Harbor Motor Group,Harbor Honda Seaside,Paid Social,1408,1181,812,34
2026-05,Harbor Motor Group,Harbor Honda Seaside,Referral,1056,797,525,16
2026-05,Harbor Motor Group,Harbor Honda Seaside,Email,880,646,485,13
2026-05,Harbor Motor Group,Harbor Jeep Ram Anchor,Organic Search,5165,3952,2946,130
2026-05,Harbor Motor Group,Harbor Jeep Ram Anchor,Paid Search,3190,2712,1795,31
2026-05,Harbor Motor Group,Harbor Jeep Ram Anchor,Direct,2431,1816,1117,49
2026-05,Harbor Motor Group,Harbor Jeep Ram Anchor,Organic Social,1519,1269,941,25
2026-05,Harbor Motor Group,Harbor Jeep Ram Anchor,Paid Social,1215,995,582,27
2026-05,Harbor Motor Group,Harbor Jeep Ram Anchor,Referral,911,724,470,19
2026-05,Harbor Motor Group,Harbor Jeep Ram Anchor,Email,759,629,427,19
2026-05,Harbor Motor Group,Harbor Kia Lighthouse,Organic Search,4411,3190,2437,72
2026-05,Harbor Motor Group,Harbor Kia Lighthouse,Paid Search,2724,2087,1622,61
2026-05,Harbor Motor Group,Harbor Kia Lighthouse,Direct,2076,1570,1241,39
2026-05,Harbor Motor Group,Harbor Kia Lighthouse,Organic Social,1297,953,723,34
2026-05,Harbor Motor Group,Harbor Kia Lighthouse,Paid Social,1038,780,553,14
2026-05,Harbor Motor Group,Harbor Kia Lighthouse,Referral,778,594,368,17
2026-05,Harbor Motor Group,Harbor Kia Lighthouse,Email,648,505,389,13
2026-05,Harbor Motor Group,Harbor Subaru Tidewater,Organic Search,3921,3154,1786,68
2026-05,Harbor Motor Group,Harbor Subaru Tidewater,Paid Search,2422,1925,1202,26
2026-05,Harbor Motor Group,Harbor Subaru Tidewater,Direct,1845,1499,1040,24
2026-05,Harbor Motor Group,Harbor Subaru Tidewater,Organic Social,1153,967,530,28
2026-05,Harbor Motor Group,Harbor Subaru Tidewater,Paid Social,922,751,478,15
2026-05,Harbor Motor Group,Harbor Subaru Tidewater,Referral,692,511,359,16
2026-05,Harbor Motor Group,Harbor Subaru Tidewater,Email,576,427,329,6
2026-05,Harbor Motor Group,Harbor Toyota Bayview,Organic Search,7921,6110,4854,101
2026-05,Harbor Motor Group,Harbor Toyota Bayview,Paid Search,4892,3560,2306,122
2026-05,Harbor Motor Group,Harbor Toyota Bayview,Direct,3727,2993,2307,102
2026-05,Harbor Motor Group,Harbor Toyota Bayview,Organic Social,2329,1725,1288,33
2026-05,Harbor Motor Group,Harbor Toyota Bayview,Paid Social,1863,1421,973,51
2026-05,Harbor Motor Group,Harbor Toyota Bayview,Referral,1397,1008,742,30
2026-05,Harbor Motor Group,Harbor Toyota Bayview,Email,1164,851,679,16
2026-05,Summit Auto Group,Summit BMW,Organic Search,6429,4824,3350,66
2026-05,Summit Auto Group,Summit BMW,Paid Search,3970,3316,1883,42
2026-05,Summit Auto Group,Summit BMW,Direct,3025,2296,1804,53
2026-05,Summit Auto Group,Summit BMW,Organic Social,1890,1603,885,35
2026-05,Summit Auto Group,Summit BMW,Paid Social,1512,1205,906,16
2026-05,Summit Auto Group,Summit BMW,Referral,1134,848,627,20
2026-05,Summit Auto Group,Summit BMW,Email,945,798,522,15
2026-05,Summit Auto Group,Summit Chevrolet Glenpark,Organic Search,5177,4273,2692,121
2026-05,Summit Auto Group,Summit Chevrolet Glenpark,Paid Search,3198,2741,1956,83
2026-05,Summit Auto Group,Summit Chevrolet Glenpark,Direct,2436,2008,1400,31
2026-05,Summit Auto Group,Summit Chevrolet Glenpark,Organic Social,1522,1230,907,21
2026-05,Summit Auto Group,Summit Chevrolet Glenpark,Paid Social,1218,953,747,30
2026-05,Summit Auto Group,Summit Chevrolet Glenpark,Referral,913,705,455,24
2026-05,Summit Auto Group,Summit Chevrolet Glenpark,Email,761,582,397,11
2026-05,Summit Auto Group,Summit Ford Rivera,Organic Search,7525,5823,3969,196
2026-05,Summit Auto Group,Summit Ford Rivera,Paid Search,4648,3800,2337,104
2026-05,Summit Auto Group,Summit Ford Rivera,Direct,3541,2658,2121,76
2026-05,Summit Auto Group,Summit Ford Rivera,Organic Social,2213,1826,1189,53
2026-05,Summit Auto Group,Summit Ford Rivera,Paid Social,1770,1443,956,46
2026-05,Summit Auto Group,Summit Ford Rivera,Referral,1328,1138,639,31
2026-05,Summit Auto Group,Summit Ford Rivera,Email,1106,816,624,19
2026-05,Summit Auto Group,Summit Honda Westland,Organic Search,5505,4728,2854,140
2026-05,Summit Auto Group,Summit Honda Westland,Paid Search,3400,2700,1655,88
2026-05,Summit Auto Group,Summit Honda Westland,Direct,2590,2191,1431,32
2026-05,Summit Auto Group,Summit Honda Westland,Organic Social,1619,1321,889,26
2026-05,Summit Auto Group,Summit Honda Westland,Paid Social,1295,1094,672,27
2026-05,Summit Auto Group,Summit Honda Westland,Referral,971,792,501,23
2026-05,Summit Auto Group,Summit Honda Westland,Email,809,636,452,21
2026-05,Summit Auto Group,Summit Hyundai Oakhurst,Organic Search,4822,4111,2763,113
2026-05,Summit Auto Group,Summit Hyundai Oakhurst,Paid Search,2978,2273,1787,75
2026-05,Summit Auto Group,Summit Hyundai Oakhurst,Direct,2269,1882,1224,36
2026-05,Summit Auto Group,Summit Hyundai Oakhurst,Organic Social,1418,1034,710,14
2026-05,Summit Auto Group,Summit Hyundai Oakhurst,Paid Social,1134,943,592,20
2026-05,Summit Auto Group,Summit Hyundai Oakhurst,Referral,851,689,390,16
2026-05,Summit Auto Group,Summit Hyundai Oakhurst,Email,709,591,416,19
2026-05,Summit Auto Group,Summit Jeep Ram Clearwater,Organic Search,6054,4364,3072,115
2026-05,Summit Auto Group,Summit Jeep Ram Clearwater,Paid Search,3739,2986,2067,100
2026-05,Summit Auto Group,Summit Jeep Ram Clearwater,Direct,2848,2409,1740,49
2026-05,Summit Auto Group,Summit Jeep Ram Clearwater,Organic Social,1780,1401,1063,33
2026-05,Summit Auto Group,Summit Jeep Ram Clearwater,Paid Social,1424,1112,882,36
2026-05,Summit Auto Group,Summit Jeep Ram Clearwater,Referral,1068,811,640,13
2026-05,Summit Auto Group,Summit Jeep Ram Clearwater,Email,890,751,468,20
2026-05,Summit Auto Group,Summit Kia Brookfield,Organic Search,3815,3027,1866,52
2026-05,Summit Auto Group,Summit Kia Brookfield,Paid Search,2356,1742,1383,25
2026-05,Summit Auto Group,Summit Kia Brookfield,Direct,1795,1341,1039,31
2026-05,Summit Auto Group,Summit Kia Brookfield,Organic Social,1122,850,553,30
2026-05,Summit Auto Group,Summit Kia Brookfield,Paid Social,897,708,541,17
2026-05,Summit Auto Group,Summit Kia Brookfield,Referral,673,515,408,14
2026-05,Summit Auto Group,Summit Kia Brookfield,Email,561,406,270,9
2026-05,Summit Auto Group,Summit Mazda Lakeside,Organic Search,3549,2681,2001,43
2026-05,Summit Auto Group,Summit Mazda Lakeside,Paid Search,2192,1722,1038,35
2026-05,Summit Auto Group,Summit Mazda Lakeside,Direct,1670,1415,851,22
2026-05,Summit Auto Group,Summit Mazda Lakeside,Organic Social,1043,820,507,12
2026-05,Summit Auto Group,Summit Mazda Lakeside,Paid Social,835,700,500,20
2026-05,Summit Auto Group,Summit Mazda Lakeside,Referral,626,515,312,7
2026-05,Summit Auto Group,Summit Mazda Lakeside,Email,521,392,311,11
2026-05,Summit Auto Group,Summit Nissan Ridgemont,Organic Search,4992,4125,2866,59
2026-05,Summit Auto Group,Summit Nissan Ridgemont,Paid Search,3083,2225,1895,63
2026-05,Summit Auto Group,Summit Nissan Ridgemont,Direct,2349,1752,1328,60
2026-05,Summit Auto Group,Summit Nissan Ridgemont,Organic Social,1468,1111,760,36
2026-05,Summit Auto Group,Summit Nissan Ridgemont,Paid Social,1174,939,587,16
2026-05,Summit Auto Group,Summit Nissan Ridgemont,Referral,880,720,435,14
2026-05,Summit Auto Group,Summit Nissan Ridgemont,Email,734,530,370,9
2026-05,Summit Auto Group,Summit Subaru Northgate,Organic Search,3520,2863,1854,92
2026-05,Summit Auto Group,Summit Subaru Northgate,Paid Search,2174,1590,1160,44
2026-05,Summit Auto Group,Summit Subaru Northgate,Direct,1656,1373,866,42
2026-05,Summit Auto Group,Summit Subaru Northgate,Organic Social,1035,877,579,24
2026-05,Summit Auto Group,Summit Subaru Northgate,Paid Social,828,666,424,16
2026-05,Summit Auto Group,Summit Subaru Northgate,Referral,621,478,291,6
2026-05,Summit Auto Group,Summit Subaru Northgate,Email,517,402,271,14
2026-05,Summit Auto Group,Summit Toyota of Fairview,Organic Search,8355,6590,4569,187
2026-05,Summit Auto Group,Summit Toyota of Fairview,Paid Search,5160,3876,2996,140
2026-05,Summit Auto Group,Summit Toyota of Fairview,Direct,3932,2855,1932,93
2026-05,Summit Auto Group,Summit Toyota of Fairview,Organic Social,2457,1808,1239,41
2026-05,Summit Auto Group,Summit Toyota of Fairview,Paid Social,1966,1672,1173,54
2026-05,Summit Auto Group,Summit Toyota of Fairview,Referral,1474,1173,900,40
2026-05,Summit Auto Group,Summit Toyota of Fairview,Email,1228,897,596,15
2026-05,Summit Auto Group,Summit Volkswagen Eastdale,Organic Search,3279,2693,1481,46
2026-05,Summit Auto Group,Summit Volkswagen Eastdale,Paid Search,2025,1580,1097,30
2026-05,Summit Auto Group,Summit Volkswagen Eastdale,Direct,1543,1236,703,20
2026-05,Summit Auto Group,Summit Volkswagen Eastdale,Organic Social,964,783,471,17
2026-05,Summit Auto Group,Summit Volkswagen Eastdale,Paid Social,771,569,465,19
2026-05,Summit Auto Group,Summit Volkswagen Eastdale,Referral,578,480,357,9
2026-05,Summit Auto Group,Summit Volkswagen Eastdale,Email,482,373,260,5
2026-06,Harbor Motor Group,Harbor BMW,Organic Search,5143,4121,2434,123
2026-06,Harbor Motor Group,Harbor BMW,Paid Search,3177,2434,1461,70
2026-06,Harbor Motor Group,Harbor BMW,Direct,2420,1997,1167,40
2026-06,Harbor Motor Group,Harbor BMW,Organic Social,1512,1128,886,34
2026-06,Harbor Motor Group,Harbor BMW,Paid Social,1210,957,632,31
2026-06,Harbor Motor Group,Harbor BMW,Referral,907,657,534,22
2026-06,Harbor Motor Group,Harbor BMW,Email,756,545,350,11
2026-06,Harbor Motor Group,Harbor Chevrolet Marina,Organic Search,5233,4031,2815,75
2026-06,Harbor Motor Group,Harbor Chevrolet Marina,Paid Search,3232,2339,1868,35
2026-06,Harbor Motor Group,Harbor Chevrolet Marina,Direct,2462,1905,1213,65
2026-06,Harbor Motor Group,Harbor Chevrolet Marina,Organic Social,1539,1309,943,24
2026-06,Harbor Motor Group,Harbor Chevrolet Marina,Paid Social,1231,1056,720,32
2026-06,Harbor Motor Group,Harbor Chevrolet Marina,Referral,923,704,457,9
2026-06,Harbor Motor Group,Harbor Chevrolet Marina,Email,769,613,394,14
2026-06,Harbor Motor Group,Harbor Ford Portside,Organic Search,5620,4215,3203,91
2026-06,Harbor Motor Group,Harbor Ford Portside,Paid Search,3471,2789,1576,93
2026-06,Harbor Motor Group,Harbor Ford Portside,Direct,2644,1934,1438,52
2026-06,Harbor Motor Group,Harbor Ford Portside,Organic Social,1653,1224,869,38
2026-06,Harbor Motor Group,Harbor Ford Portside,Paid Social,1322,1098,690,32
2026-06,Harbor Motor Group,Harbor Ford Portside,Referral,991,799,514,17
2026-06,Harbor Motor Group,Harbor Ford Portside,Email,826,648,412,20
2026-06,Harbor Motor Group,Harbor Honda Seaside,Organic Search,6428,4701,3130,65
2026-06,Harbor Motor Group,Harbor Honda Seaside,Paid Search,3970,3067,2194,76
2026-06,Harbor Motor Group,Harbor Honda Seaside,Direct,3025,2344,1438,78
2026-06,Harbor Motor Group,Harbor Honda Seaside,Organic Social,1890,1367,878,49
2026-06,Harbor Motor Group,Harbor Honda Seaside,Paid Social,1512,1267,897,27
2026-06,Harbor Motor Group,Harbor Honda Seaside,Referral,1134,946,542,22
2026-06,Harbor Motor Group,Harbor Honda Seaside,Email,945,696,467,12
2026-06,Harbor Motor Group,Harbor Jeep Ram Anchor,Organic Search,4204,3113,2263,104
2026-06,Harbor Motor Group,Harbor Jeep Ram Anchor,Paid Search,2596,2096,1195,50
2026-06,Harbor Motor Group,Harbor Jeep Ram Anchor,Direct,1978,1448,1164,31
2026-06,Harbor Motor Group,Harbor Jeep Ram Anchor,Organic Social,1236,1015,576,17
2026-06,Harbor Motor Group,Harbor Jeep Ram Anchor,Paid Social,989,743,468,10
2026-06,Harbor Motor Group,Harbor Jeep Ram Anchor,Referral,741,590,369,12
2026-06,Harbor Motor Group,Harbor Jeep Ram Anchor,Email,618,478,375,8
2026-06,Harbor Motor Group,Harbor Kia Lighthouse,Organic Search,3521,2802,1761,65
2026-06,Harbor Motor Group,Harbor Kia Lighthouse,Paid Search,2174,1583,1159,40
2026-06,Harbor Motor Group,Harbor Kia Lighthouse,Direct,1656,1340,880,27
2026-06,Harbor Motor Group,Harbor Kia Lighthouse,Organic Social,1035,787,466,24
2026-06,Harbor Motor Group,Harbor Kia Lighthouse,Paid Social,828,597,407,13
2026-06,Harbor Motor Group,Harbor Kia Lighthouse,Referral,621,494,372,6
2026-06,Harbor Motor Group,Harbor Kia Lighthouse,Email,517,433,290,13
2026-06,Harbor Motor Group,Harbor Subaru Tidewater,Organic Search,3093,2352,1456,42
2026-06,Harbor Motor Group,Harbor Subaru Tidewater,Paid Search,1910,1462,1069,45
2026-06,Harbor Motor Group,Harbor Subaru Tidewater,Direct,1455,1139,695,23
2026-06,Harbor Motor Group,Harbor Subaru Tidewater,Organic Social,909,736,552,9
2026-06,Harbor Motor Group,Harbor Subaru Tidewater,Paid Social,727,589,381,12
2026-06,Harbor Motor Group,Harbor Subaru Tidewater,Referral,545,428,305,11
2026-06,Harbor Motor Group,Harbor Subaru Tidewater,Email,454,334,220,4
2026-06,Harbor Motor Group,Harbor Toyota Bayview,Organic Search,8008,6330,3619,86
2026-06,Harbor Motor Group,Harbor Toyota Bayview,Paid Search,4946,4209,2298,52
2026-06,Harbor Motor Group,Harbor Toyota Bayview,Direct,3768,3032,1877,47
2026-06,Harbor Motor Group,Harbor Toyota Bayview,Organic Social,2355,1898,1133,24
2026-06,Harbor Motor Group,Harbor Toyota Bayview,Paid Social,1884,1381,996,32
2026-06,Harbor Motor Group,Harbor Toyota Bayview,Referral,1413,1153,802,33
2026-06,Harbor Motor Group,Harbor Toyota Bayview,Email,1177,984,722,30
2026-06,Summit Auto Group,Summit BMW,Organic Search,6775,5421,3555,100
2026-06,Summit Auto Group,Summit BMW,Paid Search,4184,3360,2580,109
2026-06,Summit Auto Group,Summit BMW,Direct,3188,2391,1615,75
2026-06,Summit Auto Group,Summit BMW,Organic Social,1992,1624,943,26
2026-06,Summit Auto Group,Summit BMW,Paid Social,1594,1213,845,28
2026-06,Summit Auto Group,Summit BMW,Referral,1195,933,693,23
2026-06,Summit Auto Group,Summit BMW,Email,996,818,617,10
2026-06,Summit Auto Group,Summit Chevrolet Glenpark,Organic Search,6186,5231,3356,138
2026-06,Summit Auto Group,Summit Chevrolet Glenpark,Paid Search,3821,3232,1823,57
2026-06,Summit Auto Group,Summit Chevrolet Glenpark,Direct,2911,2275,1500,63
2026-06,Summit Auto Group,Summit Chevrolet Glenpark,Organic Social,1819,1342,938,35
2026-06,Summit Auto Group,Summit Chevrolet Glenpark,Paid Social,1455,1176,688,37
2026-06,Summit Auto Group,Summit Chevrolet Glenpark,Referral,1091,819,493,26
2026-06,Summit Auto Group,Summit Chevrolet Glenpark,Email,909,743,548,18
2026-06,Summit Auto Group,Summit Ford Rivera,Organic Search,7883,6339,4170,184
2026-06,Summit Auto Group,Summit Ford Rivera,Paid Search,4869,3666,2820,112
2026-06,Summit Auto Group,Summit Ford Rivera,Direct,3709,3024,1761,95
2026-06,Summit Auto Group,Summit Ford Rivera,Organic Social,2318,1713,1332,54
2026-06,Summit Auto Group,Summit Ford Rivera,Paid Social,1854,1391,1072,20
2026-06,Summit Auto Group,Summit Ford Rivera,Referral,1391,1057,760,29
2026-06,Summit Auto Group,Summit Ford Rivera,Email,1159,923,575,32
2026-06,Summit Auto Group,Summit Honda Westland,Organic Search,6326,5405,3851,126
2026-06,Summit Auto Group,Summit Honda Westland,Paid Search,3907,3088,2268,64
2026-06,Summit Auto Group,Summit Honda Westland,Direct,2977,2212,1791,53
2026-06,Summit Auto Group,Summit Honda Westland,Organic Social,1860,1431,938,23
2026-06,Summit Auto Group,Summit Honda Westland,Paid Social,1488,1082,685,27
2026-06,Summit Auto Group,Summit Honda Westland,Referral,1116,933,685,13
2026-06,Summit Auto Group,Summit Honda Westland,Email,930,693,573,24
2026-06,Summit Auto Group,Summit Hyundai Oakhurst,Organic Search,4613,3551,2452,80
2026-06,Summit Auto Group,Summit Hyundai Oakhurst,Paid Search,2849,2229,1525,75
2026-06,Summit Auto Group,Summit Hyundai Oakhurst,Direct,2170,1751,1305,44
2026-06,Summit Auto Group,Summit Hyundai Oakhurst,Organic Social,1356,983,682,23
2026-06,Summit Auto Group,Summit Hyundai Oakhurst,Paid Social,1085,804,554,16
2026-06,Summit Auto Group,Summit Hyundai Oakhurst,Referral,814,618,409,20
2026-06,Summit Auto Group,Summit Hyundai Oakhurst,Email,678,495,346,10
2026-06,Summit Auto Group,Summit Jeep Ram Clearwater,Organic Search,5856,4851,3612,114
2026-06,Summit Auto Group,Summit Jeep Ram Clearwater,Paid Search,3617,2629,1919,85
2026-06,Summit Auto Group,Summit Jeep Ram Clearwater,Direct,2756,2118,1240,63
2026-06,Summit Auto Group,Summit Jeep Ram Clearwater,Organic Social,1722,1324,955,43
2026-06,Summit Auto Group,Summit Jeep Ram Clearwater,Paid Social,1378,1082,763,23
2026-06,Summit Auto Group,Summit Jeep Ram Clearwater,Referral,1033,820,468,15
2026-06,Summit Auto Group,Summit Jeep Ram Clearwater,Email,861,728,514,21
2026-06,Summit Auto Group,Summit Kia Brookfield,Organic Search,3811,2785,1952,102
2026-06,Summit Auto Group,Summit Kia Brookfield,Paid Search,2354,1788,1111,52
2026-06,Summit Auto Group,Summit Kia Brookfield,Direct,1793,1372,915,37
2026-06,Summit Auto Group,Summit Kia Brookfield,Organic Social,1121,910,619,29
2026-06,Summit Auto Group,Summit Kia Brookfield,Paid Social,896,739,518,22
2026-06,Summit Auto Group,Summit Kia Brookfield,Referral,672,525,409,14
2026-06,Summit Auto Group,Summit Kia Brookfield,Email,560,443,327,10
2026-06,Summit Auto Group,Summit Mazda Lakeside,Organic Search,3737,2804,1960,80
2026-06,Summit Auto Group,Summit Mazda Lakeside,Paid Search,2308,1686,1237,26
2026-06,Summit Auto Group,Summit Mazda Lakeside,Direct,1759,1344,901,45
2026-06,Summit Auto Group,Summit Mazda Lakeside,Organic Social,1099,807,573,25
2026-06,Summit Auto Group,Summit Mazda Lakeside,Paid Social,879,655,397,10
2026-06,Summit Auto Group,Summit Mazda Lakeside,Referral,659,511,361,10
2026-06,Summit Auto Group,Summit Mazda Lakeside,Email,549,460,317,11
2026-06,Summit Auto Group,Summit Nissan Ridgemont,Organic Search,4122,3219,2308,104
2026-06,Summit Auto Group,Summit Nissan Ridgemont,Paid Search,2546,2118,1531,31
2026-06,Summit Auto Group,Summit Nissan Ridgemont,Direct,1939,1429,932,49
2026-06,Summit Auto Group,Summit Nissan Ridgemont,Organic Social,1212,1023,641,25
2026-06,Summit Auto Group,Summit Nissan Ridgemont,Paid Social,969,702,479,15
2026-06,Summit Auto Group,Summit Nissan Ridgemont,Referral,727,552,433,11
2026-06,Summit Auto Group,Summit Nissan Ridgemont,Email,606,468,330,12
2026-06,Summit Auto Group,Summit Subaru Northgate,Organic Search,3180,2474,1865,35
2026-06,Summit Auto Group,Summit Subaru Northgate,Paid Search,1964,1468,1174,46
2026-06,Summit Auto Group,Summit Subaru Northgate,Direct,1496,1082,852,16
2026-06,Summit Auto Group,Summit Subaru Northgate,Organic Social,935,774,548,19
2026-06,Summit Auto Group,Summit Subaru Northgate,Paid Social,748,639,362,18
2026-06,Summit Auto Group,Summit Subaru Northgate,Referral,561,408,258,12
2026-06,Summit Auto Group,Summit Subaru Northgate,Email,467,340,234,5
2026-06,Summit Auto Group,Summit Toyota of Fairview,Organic Search,7035,5619,4321,192
2026-06,Summit Auto Group,Summit Toyota of Fairview,Paid Search,4345,3487,2380,121
2026-06,Summit Auto Group,Summit Toyota of Fairview,Direct,3310,2596,1563,37
2026-06,Summit Auto Group,Summit Toyota of Fairview,Organic Social,2069,1766,1245,25
2026-06,Summit Auto Group,Summit Toyota of Fairview,Paid Social,1655,1383,756,44
2026-06,Summit Auto Group,Summit Toyota of Fairview,Referral,1241,985,658,33
2026-06,Summit Auto Group,Summit Toyota of Fairview,Email,1034,785,632,22
2026-06,Summit Auto Group,Summit Volkswagen Eastdale,Organic Search,3248,2689,2009,59
2026-06,Summit Auto Group,Summit Volkswagen Eastdale,Paid Search,2006,1627,1001,45
2026-06,Summit Auto Group,Summit Volkswagen Eastdale,Direct,1528,1287,936,37
2026-06,Summit Auto Group,Summit Volkswagen Eastdale,Organic Social,955,790,555,23
2026-06,Summit Auto Group,Summit Volkswagen Eastdale,Paid Social,764,565,473,15
2026-06,Summit Auto Group,Summit Volkswagen Eastdale,Referral,573,456,349,12
2026-06,Summit Auto Group,Summit Volkswagen Eastdale,Email,477,375,243,10
2026-07,Harbor Motor Group,Harbor BMW,Organic Search,6620,5679,2999,70
2026-07,Harbor Motor Group,Harbor BMW,Paid Search,4089,3483,2495,99
2026-07,Harbor Motor Group,Harbor BMW,Direct,3115,2243,1821,50
2026-07,Harbor Motor Group,Harbor BMW,Organic Social,1947,1615,924,43
2026-07,Harbor Motor Group,Harbor BMW,Paid Social,1557,1176,957,38
2026-07,Harbor Motor Group,Harbor BMW,Referral,1168,921,683,31
2026-07,Harbor Motor Group,Harbor BMW,Email,973,828,540,18
2026-07,Harbor Motor Group,Harbor Chevrolet Marina,Organic Search,4605,3751,2736,58
2026-07,Harbor Motor Group,Harbor Chevrolet Marina,Paid Search,2844,2248,1654,40
2026-07,Harbor Motor Group,Harbor Chevrolet Marina,Direct,2167,1712,1122,35
2026-07,Harbor Motor Group,Harbor Chevrolet Marina,Organic Social,1354,1116,834,27
2026-07,Harbor Motor Group,Harbor Chevrolet Marina,Paid Social,1083,809,589,24
2026-07,Harbor Motor Group,Harbor Chevrolet Marina,Referral,812,677,480,14
2026-07,Harbor Motor Group,Harbor Chevrolet Marina,Email,677,498,347,17
2026-07,Harbor Motor Group,Harbor Ford Portside,Organic Search,7505,6042,4382,142
2026-07,Harbor Motor Group,Harbor Ford Portside,Paid Search,4635,3721,2630,128
2026-07,Harbor Motor Group,Harbor Ford Portside,Direct,3531,2930,1811,49
2026-07,Harbor Motor Group,Harbor Ford Portside,Organic Social,2207,1748,1139,50
2026-07,Harbor Motor Group,Harbor Ford Portside,Paid Social,1765,1368,822,20
2026-07,Harbor Motor Group,Harbor Ford Portside,Referral,1324,1129,818,21
2026-07,Harbor Motor Group,Harbor Ford Portside,Email,1103,822,573,11
2026-07,Harbor Motor Group,Harbor Honda Seaside,Organic Search,6879,5539,3443,175
2026-07,Harbor Motor Group,Harbor Honda Seaside,Paid Search,4249,3232,2072,48
2026-07,Harbor Motor Group,Harbor Honda Seaside,Direct,3237,2333,1923,47
2026-07,Harbor Motor Group,Harbor Honda Seaside,Organic Social,2023,1704,1154,25
2026-07,Harbor Motor Group,Harbor Honda Seaside,Paid Social,1618,1373,870,24
2026-07,Harbor Motor Group,Harbor Honda Seaside,Referral,1214,928,618,20
2026-07,Harbor Motor Group,Harbor Honda Seaside,Email,1011,831,530,26
2026-07,Harbor Motor Group,Harbor Jeep Ram Anchor,Organic Search,5460,4102,3188,130
2026-07,Harbor Motor Group,Harbor Jeep Ram Anchor,Paid Search,3372,2759,1696,37
2026-07,Harbor Motor Group,Harbor Jeep Ram Anchor,Direct,2569,2136,1516,56
2026-07,Harbor Motor Group,Harbor Jeep Ram Anchor,Organic Social,1606,1346,800,16
2026-07,Harbor Motor Group,Harbor Jeep Ram Anchor,Paid Social,1284,1061,647,25
2026-07,Harbor Motor Group,Harbor Jeep Ram Anchor,Referral,963,755,566,18
2026-07,Harbor Motor Group,Harbor Jeep Ram Anchor,Email,803,600,371,19
2026-07,Harbor Motor Group,Harbor Kia Lighthouse,Organic Search,3911,3224,2305,52
2026-07,Harbor Motor Group,Harbor Kia Lighthouse,Paid Search,2415,1811,1116,40
2026-07,Harbor Motor Group,Harbor Kia Lighthouse,Direct,1840,1498,1061,45
2026-07,Harbor Motor Group,Harbor Kia Lighthouse,Organic Social,1150,937,706,15
2026-07,Harbor Motor Group,Harbor Kia Lighthouse,Paid Social,920,675,448,18
2026-07,Harbor Motor Group,Harbor Kia Lighthouse,Referral,690,508,324,15
2026-07,Harbor Motor Group,Harbor Kia Lighthouse,Email,575,453,270,5
2026-07,Harbor Motor Group,Harbor Subaru Tidewater,Organic Search,3876,3093,1854,88
2026-07,Harbor Motor Group,Harbor Subaru Tidewater,Paid Search,2394,2021,1189,32
2026-07,Harbor Motor Group,Harbor Subaru Tidewater,Direct,1824,1470,998,32
2026-07,Harbor Motor Group,Harbor Subaru Tidewater,Organic Social,1140,850,580,31
2026-07,Harbor Motor Group,Harbor Subaru Tidewater,Paid Social,912,658,515,13
2026-07,Harbor Motor Group,Harbor Subaru Tidewater,Referral,684,574,393,7
2026-07,Harbor Motor Group,Harbor Subaru Tidewater,Email,570,460,311,6
2026-07,Harbor Motor Group,Harbor Toyota Bayview,Organic Search,7941,5726,4887,99
2026-07,Harbor Motor Group,Harbor Toyota Bayview,Paid Search,4904,3650,2972,62
2026-07,Harbor Motor Group,Harbor Toyota Bayview,Direct,3737,2757,2140,103
2026-07,Harbor Motor Group,Harbor Toyota Bayview,Organic Social,2335,1804,1251,32
2026-07,Harbor Motor Group,Harbor Toyota Bayview,Paid Social,1868,1485,856,51
2026-07,Harbor Motor Group,Harbor Toyota Bayview,Referral,1401,1049,807,21
2026-07,Harbor Motor Group,Harbor Toyota Bayview,Email,1167,913,696,28
2026-07,Summit Auto Group,Summit BMW,Organic Search,5753,4513,3014,130
2026-07,Summit Auto Group,Summit BMW,Paid Search,3553,2650,1934,47
2026-07,Summit Auto Group,Summit BMW,Direct,2707,2323,1313,57
2026-07,Summit Auto Group,Summit BMW,Organic Social,1692,1229,883,45
2026-07,Summit Auto Group,Summit BMW,Paid Social,1353,1111,757,25
2026-07,Summit Auto Group,Summit BMW,Referral,1015,870,470,25
2026-07,Summit Auto Group,Summit BMW,Email,846,657,434,18
2026-07,Summit Auto Group,Summit Chevrolet Glenpark,Organic Search,4986,3735,2333,114
2026-07,Summit Auto Group,Summit Chevrolet Glenpark,Paid Search,3079,2299,1418,56
2026-07,Summit Auto Group,Summit Chevrolet Glenpark,Direct,2346,1984,1116,43
2026-07,Summit Auto Group,Summit Chevrolet Glenpark,Organic Social,1466,1094,746,15
2026-07,Summit Auto Group,Summit Chevrolet Glenpark,Paid Social,1173,917,669,15
2026-07,Summit Auto Group,Summit Chevrolet Glenpark,Referral,879,716,449,11
2026-07,Summit Auto Group,Summit Chevrolet Glenpark,Email,733,598,387,13
2026-07,Summit Auto Group,Summit Ford Rivera,Organic Search,6202,4888,3176,171
2026-07,Summit Auto Group,Summit Ford Rivera,Paid Search,3831,3002,2013,47
2026-07,Summit Auto Group,Summit Ford Rivera,Direct,2918,2161,1667,33
2026-07,Summit Auto Group,Summit Ford Rivera,Organic Social,1824,1467,928,40
2026-07,Summit Auto Group,Summit Ford Rivera,Paid Social,1459,1213,757,25
2026-07,Summit Auto Group,Summit Ford Rivera,Referral,1094,900,586,28
2026-07,Summit Auto Group,Summit Ford Rivera,Email,912,743,495,20
2026-07,Summit Auto Group,Summit Honda Westland,Organic Search,6065,5146,3266,136
2026-07,Summit Auto Group,Summit Honda Westland,Paid Search,3746,2835,1821,97
2026-07,Summit Auto Group,Summit Honda Westland,Direct,2854,2265,1441,55
2026-07,Summit Auto Group,Summit Honda Westland,Organic Social,1784,1381,944,25
2026-07,Summit Auto Group,Summit Honda Westland,Paid Social,1427,1073,799,15
2026-07,Summit Auto Group,Summit Honda Westland,Referral,1070,773,641,25
2026-07,Summit Auto Group,Summit Honda Westland,Email,892,697,496,13
2026-07,Summit Auto Group,Summit Hyundai Oakhurst,Organic Search,4941,3911,2288,96
2026-07,Summit Auto Group,Summit Hyundai Oakhurst,Paid Search,3052,2493,1825,34
2026-07,Summit Auto Group,Summit Hyundai Oakhurst,Direct,2325,1842,1173,50
2026-07,Summit Auto Group,Summit Hyundai Oakhurst,Organic Social,1453,1125,760,23
2026-07,Summit Auto Group,Summit Hyundai Oakhurst,Paid Social,1162,941,554,15
2026-07,Summit Auto Group,Summit Hyundai Oakhurst,Referral,872,701,473,18
2026-07,Summit Auto Group,Summit Hyundai Oakhurst,Email,726,541,407,11
2026-07,Summit Auto Group,Summit Jeep Ram Clearwater,Organic Search,5216,4333,2920,109
2026-07,Summit Auto Group,Summit Jeep Ram Clearwater,Paid Search,3222,2633,1678,55
2026-07,Summit Auto Group,Summit Jeep Ram Clearwater,Direct,2454,1795,1429,53
2026-07,Summit Auto Group,Summit Jeep Ram Clearwater,Organic Social,1534,1298,708,41
2026-07,Summit Auto Group,Summit Jeep Ram Clearwater,Paid Social,1227,997,641,27
2026-07,Summit Auto Group,Summit Jeep Ram Clearwater,Referral,920,766,555,9
2026-07,Summit Auto Group,Summit Jeep Ram Clearwater,Email,767,589,380,13
2026-07,Summit Auto Group,Summit Kia Brookfield,Organic Search,4536,3449,2428,54
2026-07,Summit Auto Group,Summit Kia Brookfield,Paid Search,2802,2324,1610,76
2026-07,Summit Auto Group,Summit Kia Brookfield,Direct,2135,1713,1285,29
2026-07,Summit Auto Group,Summit Kia Brookfield,Organic Social,1334,1022,630,29
2026-07,Summit Auto Group,Summit Kia Brookfield,Paid Social,1067,849,616,22
2026-07,Summit Auto Group,Summit Kia Brookfield,Referral,800,676,398,9
2026-07,Summit Auto Group,Summit Kia Brookfield,Email,667,494,407,13
2026-07,Summit Auto Group,Summit Mazda Lakeside,Organic Search,3122,2557,1693,83
2026-07,Summit Auto Group,Summit Mazda Lakeside,Paid Search,1928,1629,894,34
2026-07,Summit Auto Group,Summit Mazda Lakeside,Direct,1469,1093,838,40
2026-07,Summit Auto Group,Summit Mazda Lakeside,Organic Social,918,765,528,17
2026-07,Summit Auto Group,Summit Mazda Lakeside,Paid Social,734,610,331,12
2026-07,Summit Auto Group,Summit Mazda Lakeside,Referral,551,459,338,5
2026-07,Summit Auto Group,Summit Mazda Lakeside,Email,459,392,275,12
2026-07,Summit Auto Group,Summit Nissan Ridgemont,Organic Search,4869,3733,2522,61
2026-07,Summit Auto Group,Summit Nissan Ridgemont,Paid Search,3007,2397,1636,56
2026-07,Summit Auto Group,Summit Nissan Ridgemont,Direct,2291,1893,1391,58
2026-07,Summit Auto Group,Summit Nissan Ridgemont,Organic Social,1432,1048,672,26
2026-07,Summit Auto Group,Summit Nissan Ridgemont,Paid Social,1145,852,555,17
2026-07,Summit Auto Group,Summit Nissan Ridgemont,Referral,859,688,468,14
2026-07,Summit Auto Group,Summit Nissan Ridgemont,Email,716,587,339,14
2026-07,Summit Auto Group,Summit Subaru Northgate,Organic Search,3874,3174,1959,48
2026-07,Summit Auto Group,Summit Subaru Northgate,Paid Search,2392,1933,1121,34
2026-07,Summit Auto Group,Summit Subaru Northgate,Direct,1823,1404,1102,22
2026-07,Summit Auto Group,Summit Subaru Northgate,Organic Social,1139,979,524,23
2026-07,Summit Auto Group,Summit Subaru Northgate,Paid Social,911,781,512,24
2026-07,Summit Auto Group,Summit Subaru Northgate,Referral,683,505,415,6
2026-07,Summit Auto Group,Summit Subaru Northgate,Email,569,414,262,10
2026-07,Summit Auto Group,Summit Toyota of Fairview,Organic Search,7465,5878,4148,94
2026-07,Summit Auto Group,Summit Toyota of Fairview,Paid Search,4610,3481,2316,59
2026-07,Summit Auto Group,Summit Toyota of Fairview,Direct,3512,3008,1766,43
2026-07,Summit Auto Group,Summit Toyota of Fairview,Organic Social,2195,1597,1232,57
2026-07,Summit Auto Group,Summit Toyota of Fairview,Paid Social,1756,1403,1017,38
2026-07,Summit Auto Group,Summit Toyota of Fairview,Referral,1317,1032,711,29
2026-07,Summit Auto Group,Summit Toyota of Fairview,Email,1097,924,569,18
2026-07,Summit Auto Group,Summit Volkswagen Eastdale,Organic Search,2857,2170,1527,58
2026-07,Summit Auto Group,Summit Volkswagen Eastdale,Paid Search,1765,1409,889,42
2026-07,Summit Auto Group,Summit Volkswagen Eastdale,Direct,1344,1097,611,21
2026-07,Summit Auto Group,Summit Volkswagen Eastdale,Organic Social,840,660,508,12
2026-07,Summit Auto Group,Summit Volkswagen Eastdale,Paid Social,672,489,342,15
2026-07,Summit Auto Group,Summit Volkswagen Eastdale,Referral,504,383,232,10
2026-07,Summit Auto Group,Summit Volkswagen Eastdale,Email,420,328,227,7
2026-08,Harbor Motor Group,Harbor BMW,Organic Search,6328,5276,3417,133
2026-08,Harbor Motor Group,Harbor BMW,Paid Search,3908,2846,1893,94
2026-08,Harbor Motor Group,Harbor BMW,Direct,2978,2549,1784,56
2026-08,Harbor Motor Group,Harbor BMW,Organic Social,1861,1500,972,26
2026-08,Harbor Motor Group,Harbor BMW,Paid Social,1489,1150,769,26
2026-08,Harbor Motor Group,Harbor BMW,Referral,1116,944,510,29
2026-08,Harbor Motor Group,Harbor BMW,Email,930,794,499,24
2026-08,Harbor Motor Group,Harbor Chevrolet Marina,Organic Search,4737,3543,2775,126
2026-08,Harbor Motor Group,Harbor Chevrolet Marina,Paid Search,2926,2366,1579,71
2026-08,Harbor Motor Group,Harbor Chevrolet Marina,Direct,2229,1614,1167,44
2026-08,Harbor Motor Group,Harbor Chevrolet Marina,Organic Social,1393,1097,726,38
2026-08,Harbor Motor Group,Harbor Chevrolet Marina,Paid Social,1114,812,646,16
2026-08,Harbor Motor Group,Harbor Chevrolet Marina,Referral,836,674,490,22
2026-08,Harbor Motor Group,Harbor Chevrolet Marina,Email,696,592,360,19
2026-08,Harbor Motor Group,Harbor Ford Portside,Organic Search,7148,5279,3344,80
2026-08,Harbor Motor Group,Harbor Ford Portside,Paid Search,4415,3553,2393,109
2026-08,Harbor Motor Group,Harbor Ford Portside,Direct,3364,2757,1588,50
2026-08,Harbor Motor Group,Harbor Ford Portside,Organic Social,2102,1667,1172,30
2026-08,Harbor Motor Group,Harbor Ford Portside,Paid Social,1682,1268,871,41
2026-08,Harbor Motor Group,Harbor Ford Portside,Referral,1261,987,677,31
2026-08,Harbor Motor Group,Harbor Ford Portside,Email,1051,884,518,23
2026-08,Harbor Motor Group,Harbor Honda Seaside,Organic Search,6808,5191,4187,139
2026-08,Harbor Motor Group,Harbor Honda Seaside,Paid Search,4205,3425,2527,92
2026-08,Harbor Motor Group,Harbor Honda Seaside,Direct,3204,2532,1766,33
2026-08,Harbor Motor Group,Harbor Honda Seaside,Organic Social,2002,1713,1008,35
2026-08,Harbor Motor Group,Harbor Honda Seaside,Paid Social,1602,1255,789,31
2026-08,Harbor Motor Group,Harbor Honda Seaside,Referral,1201,931,618,27
2026-08,Harbor Motor Group,Harbor Honda Seaside,Email,1001,781,559,15
2026-08,Harbor Motor Group,Harbor Jeep Ram Anchor,Organic Search,4841,3631,2794,88
2026-08,Harbor Motor Group,Harbor Jeep Ram Anchor,Paid Search,2990,2515,1500,40
2026-08,Harbor Motor Group,Harbor Jeep Ram Anchor,Direct,2278,1802,1108,31
2026-08,Harbor Motor Group,Harbor Jeep Ram Anchor,Organic Social,1423,1168,799,24
2026-08,Harbor Motor Group,Harbor Jeep Ram Anchor,Paid Social,1139,836,552,17
2026-08,Harbor Motor Group,Harbor Jeep Ram Anchor,Referral,854,701,469,21
2026-08,Harbor Motor Group,Harbor Jeep Ram Anchor,Email,711,512,387,10
2026-08,Harbor Motor Group,Harbor Kia Lighthouse,Organic Search,3946,3298,2342,64
2026-08,Harbor Motor Group,Harbor Kia Lighthouse,Paid Search,2437,2036,1412,30
2026-08,Harbor Motor Group,Harbor Kia Lighthouse,Direct,1856,1378,918,24
2026-08,Harbor Motor Group,Harbor Kia Lighthouse,Organic Social,1160,891,688,21
2026-08,Harbor Motor Group,Harbor Kia Lighthouse,Paid Social,928,698,445,23
2026-08,Harbor Motor Group,Harbor Kia Lighthouse,Referral,696,597,402,12
2026-08,Harbor Motor Group,Harbor Kia Lighthouse,Email,580,439,286,13
2026-08,Harbor Motor Group,Harbor Subaru Tidewater,Organic Search,3519,2615,1590,49
2026-08,Harbor Motor Group,Harbor Subaru Tidewater,Paid Search,2173,1580,1087,42
2026-08,Harbor Motor Group,Harbor Subaru Tidewater,Direct,1656,1368,893,44
2026-08,Harbor Motor Group,Harbor Subaru Tidewater,Organic Social,1035,872,604,20
2026-08,Harbor Motor Group,Harbor Subaru Tidewater,Paid Social,828,698,494,23
2026-08,Harbor Motor Group,Harbor Subaru Tidewater,Referral,621,503,282,8
2026-08,Harbor Motor Group,Harbor Subaru Tidewater,Email,517,408,250,5
2026-08,Harbor Motor Group,Harbor Toyota Bayview,Organic Search,7391,6028,4401,143
2026-08,Harbor Motor Group,Harbor Toyota Bayview,Paid Search,4565,3405,2490,62
2026-08,Harbor Motor Group,Harbor Toyota Bayview,Direct,3478,2555,2031,81
2026-08,Harbor Motor Group,Harbor Toyota Bayview,Organic Social,2174,1678,1136,42
2026-08,Harbor Motor Group,Harbor Toyota Bayview,Paid Social,1739,1258,1019,19
2026-08,Harbor Motor Group,Harbor Toyota Bayview,Referral,1304,1032,710,30
2026-08,Harbor Motor Group,Harbor Toyota Bayview,Email,1087,898,572,24
2026-08,Summit Auto Group,Summit BMW,Organic Search,5415,4633,3192,142
2026-08,Summit Auto Group,Summit BMW,Paid Search,3344,2863,1927,41
2026-08,Summit Auto Group,Summit BMW,Direct,2548,1860,1195,46
2026-08,Summit Auto Group,Summit BMW,Organic Social,1592,1170,822,16
2026-08,Summit Auto Group,Summit BMW,Paid Social,1274,990,782,32
2026-08,Summit Auto Group,Summit BMW,Referral,955,777,514,12
2026-08,Summit Auto Group,Summit BMW,Email,796,579,427,9
2026-08,Summit Auto Group,Summit Chevrolet Glenpark,Organic Search,6621,4770,4005,156
2026-08,Summit Auto Group,Summit Chevrolet Glenpark,Paid Search,4089,3038,2434,102
2026-08,Summit Auto Group,Summit Chevrolet Glenpark,Direct,3116,2489,1758,35
2026-08,Summit Auto Group,Summit Chevrolet Glenpark,Organic Social,1947,1531,1005,33
2026-08,Summit Auto Group,Summit Chevrolet Glenpark,Paid Social,1558,1220,925,30
2026-08,Summit Auto Group,Summit Chevrolet Glenpark,Referral,1168,845,586,12
2026-08,Summit Auto Group,Summit Chevrolet Glenpark,Email,973,794,582,23
2026-08,Summit Auto Group,Summit Ford Rivera,Organic Search,6947,5858,3933,158
2026-08,Summit Auto Group,Summit Ford Rivera,Paid Search,4291,3298,2472,89
2026-08,Summit Auto Group,Summit Ford Rivera,Direct,3269,2456,1519,36
2026-08,Summit Auto Group,Summit Ford Rivera,Organic Social,2043,1671,1212,39
2026-08,Summit Auto Group,Summit Ford Rivera,Paid Social,1634,1324,778,32
2026-08,Summit Auto Group,Summit Ford Rivera,Referral,1226,884,684,16
2026-08,Summit Auto Group,Summit Ford Rivera,Email,1021,876,520,18
2026-08,Summit Auto Group,Summit Honda Westland,Organic Search,5924,4415,3524,105
2026-08,Summit Auto Group,Summit Honda Westland,Paid Search,3659,2964,2115,64
2026-08,Summit Auto Group,Summit Honda Westland,Direct,2787,2382,1621,72
2026-08,Summit Auto Group,Summit Honda Westland,Organic Social,1742,1335,900,42
2026-08,Summit Auto Group,Summit Honda Westland,Paid Social,1393,1029,819,35
2026-08,Summit Auto Group,Summit Honda Westland,Referral,1045,865,481,24
2026-08,Summit Auto Group,Summit Honda Westland,Email,871,709,465,22
2026-08,Summit Auto Group,Summit Hyundai Oakhurst,Organic Search,4650,3573,2545,66
2026-08,Summit Auto Group,Summit Hyundai Oakhurst,Paid Search,2872,2373,1619,57
2026-08,Summit Auto Group,Summit Hyundai Oakhurst,Direct,2188,1595,1088,35
2026-08,Summit Auto Group,Summit Hyundai Oakhurst,Organic Social,1367,1155,692,32
2026-08,Summit Auto Group,Summit Hyundai Oakhurst,Paid Social,1094,796,604,28
2026-08,Summit Auto Group,Summit Hyundai Oakhurst,Referral,820,619,466,11
2026-08,Summit Auto Group,Summit Hyundai Oakhurst,Email,683,551,412,8
2026-08,Summit Auto Group,Summit Jeep Ram Clearwater,Organic Search,5464,3959,2870,149
2026-08,Summit Auto Group,Summit Jeep Ram Clearwater,Paid Search,3374,2825,1747,41
2026-08,Summit Auto Group,Summit Jeep Ram Clearwater,Direct,2571,1881,1409,66
2026-08,Summit Auto Group,Summit Jeep Ram Clearwater,Organic Social,1607,1162,896,30
2026-08,Summit Auto Group,Summit Jeep Ram Clearwater,Paid Social,1285,931,620,20
2026-08,Summit Auto Group,Summit Jeep Ram Clearwater,Referral,964,774,485,12
2026-08,Summit Auto Group,Summit Jeep Ram Clearwater,Email,803,678,451,18
2026-08,Summit Auto Group,Summit Kia Brookfield,Organic Search,3747,3100,1953,83
2026-08,Summit Auto Group,Summit Kia Brookfield,Paid Search,2314,1947,1247,47
2026-08,Summit Auto Group,Summit Kia Brookfield,Direct,1763,1324,1025,24
2026-08,Summit Auto Group,Summit Kia Brookfield,Organic Social,1102,938,654,13
2026-08,Summit Auto Group,Summit Kia Brookfield,Paid Social,881,743,407,22
2026-08,Summit Auto Group,Summit Kia Brookfield,Referral,661,499,339,11
2026-08,Summit Auto Group,Summit Kia Brookfield,Email,551,455,250,15
2026-08,Summit Auto Group,Summit Mazda Lakeside,Organic Search,3433,2852,1741,86
2026-08,Summit Auto Group,Summit Mazda Lakeside,Paid Search,2120,1637,1232,35
2026-08,Summit Auto Group,Summit Mazda Lakeside,Direct,1615,1169,835,31
2026-08,Summit Auto Group,Summit Mazda Lakeside,Organic Social,1009,777,487,13
2026-08,Summit Auto Group,Summit Mazda Lakeside,Paid Social,807,581,410,19
2026-08,Summit Auto Group,Summit Mazda Lakeside,Referral,605,502,318,11
2026-08,Summit Auto Group,Summit Mazda Lakeside,Email,504,370,257,6
2026-08,Summit Auto Group,Summit Nissan Ridgemont,Organic Search,4090,3346,2197,82
2026-08,Summit Auto Group,Summit Nissan Ridgemont,Paid Search,2526,1924,1184,54
2026-08,Summit Auto Group,Summit Nissan Ridgemont,Direct,1924,1405,1175,45
2026-08,Summit Auto Group,Summit Nissan Ridgemont,Organic Social,1203,901,645,27
2026-08,Summit Auto Group,Summit Nissan Ridgemont,Paid Social,962,774,448,23
2026-08,Summit Auto Group,Summit Nissan Ridgemont,Referral,721,588,336,16
2026-08,Summit Auto Group,Summit Nissan Ridgemont,Email,601,478,347,15
2026-08,Summit Auto Group,Summit Subaru Northgate,Organic Search,3859,2929,1839,99
2026-08,Summit Auto Group,Summit Subaru Northgate,Paid Search,2383,1817,1359,32
2026-08,Summit Auto Group,Summit Subaru Northgate,Direct,1816,1400,1094,48
2026-08,Summit Auto Group,Summit Subaru Northgate,Organic Social,1135,883,574,11
2026-08,Summit Auto Group,Summit Subaru Northgate,Paid Social,908,747,517,20
2026-08,Summit Auto Group,Summit Subaru Northgate,Referral,681,534,325,11
2026-08,Summit Auto Group,Summit Subaru Northgate,Email,567,474,337,12
2026-08,Summit Auto Group,Summit Toyota of Fairview,Organic Search,6685,5517,3439,92
2026-08,Summit Auto Group,Summit Toyota of Fairview,Paid Search,4129,3515,2149,50
2026-08,Summit Auto Group,Summit Toyota of Fairview,Direct,3146,2555,1557,65
2026-08,Summit Auto Group,Summit Toyota of Fairview,Organic Social,1966,1678,1164,21
2026-08,Summit Auto Group,Summit Toyota of Fairview,Paid Social,1573,1165,944,22
2026-08,Summit Auto Group,Summit Toyota of Fairview,Referral,1179,1011,681,30
2026-08,Summit Auto Group,Summit Toyota of Fairview,Email,983,824,454,19
2026-08,Summit Auto Group,Summit Volkswagen Eastdale,Organic Search,3214,2565,1763,62
2026-08,Summit Auto Group,Summit Volkswagen Eastdale,Paid Search,1985,1537,983,43
2026-08,Summit Auto Group,Summit Volkswagen Eastdale,Direct,1512,1292,777,32
2026-08,Summit Auto Group,Summit Volkswagen Eastdale,Organic Social,945,701,521,22
2026-08,Summit Auto Group,Summit Volkswagen Eastdale,Paid Social,756,567,456,14
2026-08,Summit Auto Group,Summit Volkswagen Eastdale,Referral,567,486,290,7
2026-08,Summit Auto Group,Summit Volkswagen Eastdale,Email,472,349,238,10
2026-09,Harbor Motor Group,Harbor BMW,Organic Search,6018,4414,2769,150
2026-09,Harbor Motor Group,Harbor BMW,Paid Search,3717,3146,1923,71
2026-09,Harbor Motor Group,Harbor BMW,Direct,2832,2137,1299,78
2026-09,Harbor Motor Group,Harbor BMW,Organic Social,1770,1313,1023,19
2026-09,Harbor Motor Group,Harbor BMW,Paid Social,1416,1041,680,39
2026-09,Harbor Motor Group,Harbor BMW,Referral,1062,841,603,19
2026-09,Harbor Motor Group,Harbor BMW,Email,885,731,539,23
2026-09,Harbor Motor Group,Harbor Chevrolet Marina,Organic Search,4550,3438,2392,50
2026-09,Harbor Motor Group,Harbor Chevrolet Marina,Paid Search,2810,2344,1443,32
2026-09,Harbor Motor Group,Harbor Chevrolet Marina,Direct,2141,1765,1053,50
2026-09,Harbor Motor Group,Harbor Chevrolet Marina,Organic Social,1338,988,709,27
2026-09,Harbor Motor Group,Harbor Chevrolet Marina,Paid Social,1070,846,661,16
2026-09,Harbor Motor Group,Harbor Chevrolet Marina,Referral,803,633,430,11
2026-09,Harbor Motor Group,Harbor Chevrolet Marina,Email,669,504,354,13
2026-09,Harbor Motor Group,Harbor Ford Portside,Organic Search,7300,6264,3360,166
2026-09,Harbor Motor Group,Harbor Ford Portside,Paid Search,4509,3797,2640,49
2026-09,Harbor Motor Group,Harbor Ford Portside,Direct,3435,2525,1864,65
2026-09,Harbor Motor Group,Harbor Ford Portside,Organic Social,2147,1845,1275,53
2026-09,Harbor Motor Group,Harbor Ford Portside,Paid Social,1717,1382,809,44
2026-09,Harbor Motor Group,Harbor Ford Portside,Referral,1288,1101,623,17
2026-09,Harbor Motor Group,Harbor Ford Portside,Email,1073,825,656,29
2026-09,Harbor Motor Group,Harbor Honda Seaside,Organic Search,6707,5498,3437,180
2026-09,Harbor Motor Group,Harbor Honda Seaside,Paid Search,4142,3532,1942,47
2026-09,Harbor Motor Group,Harbor Honda Seaside,Direct,3156,2492,1509,60
2026-09,Harbor Motor Group,Harbor Honda Seaside,Organic Social,1972,1645,1171,25
2026-09,Harbor Motor Group,Harbor Honda Seaside,Paid Social,1578,1226,972,37
2026-09,Harbor Motor Group,Harbor Honda Seaside,Referral,1183,923,582,32
2026-09,Harbor Motor Group,Harbor Honda Seaside,Email,986,771,570,24
2026-09,Harbor Motor Group,Harbor Jeep Ram Anchor,Organic Search,5198,3849,2932,71
2026-09,Harbor Motor Group,Harbor Jeep Ram Anchor,Paid Search,3210,2355,1517,57
2026-09,Harbor Motor Group,Harbor Jeep Ram Anchor,Direct,2446,1941,1169,43
2026-09,Harbor Motor Group,Harbor Jeep Ram Anchor,Organic Social,1528,1203,888,31
2026-09,Harbor Motor Group,Harbor Jeep Ram Anchor,Paid Social,1223,888,729,30
2026-09,Harbor Motor Group,Harbor Jeep Ram Anchor,Referral,917,747,416,18
2026-09,Harbor Motor Group,Harbor Jeep Ram Anchor,Email,764,583,434,8
2026-09,Harbor Motor Group,Harbor Kia Lighthouse,Organic Search,4078,3041,2182,59
2026-09,Harbor Motor Group,Harbor Kia Lighthouse,Paid Search,2519,1834,1368,40
2026-09,Harbor Motor Group,Harbor Kia Lighthouse,Direct,1919,1603,1016,43
2026-09,Harbor Motor Group,Harbor Kia Lighthouse,Organic Social,1199,928,713,30
2026-09,Harbor Motor Group,Harbor Kia Lighthouse,Paid Social,959,716,504,21
2026-09,Harbor Motor Group,Harbor Kia Lighthouse,Referral,719,564,349,10
2026-09,Harbor Motor Group,Harbor Kia Lighthouse,Email,599,433,283,11
2026-09,Harbor Motor Group,Harbor Subaru Tidewater,Organic Search,3242,2470,1968,37
2026-09,Harbor Motor Group,Harbor Subaru Tidewater,Paid Search,2002,1634,1190,37
2026-09,Harbor Motor Group,Harbor Subaru Tidewater,Direct,1525,1227,783,24
2026-09,Harbor Motor Group,Harbor Subaru Tidewater,Organic Social,953,688,564,18
2026-09,Harbor Motor Group,Harbor Subaru Tidewater,Paid Social,762,620,364,9
2026-09,Harbor Motor Group,Harbor Subaru Tidewater,Referral,572,465,328,7
2026-09,Harbor Motor Group,Harbor Subaru Tidewater,Email,476,382,218,8
2026-09,Harbor Motor Group,Harbor Toyota Bayview,Organic Search,7607,5814,4427,163
2026-09,Harbor Motor Group,Harbor Toyota Bayview,Paid Search,4698,3887,2809,105
2026-09,Harbor Motor Group,Harbor Toyota Bayview,Direct,3579,2869,1988,96
2026-09,Harbor Motor Group,Harbor Toyota Bayview,Organic Social,2237,1917,1245,56
2026-09,Harbor Motor Group,Harbor Toyota Bayview,Paid Social,1789,1350,1009,32
2026-09,Harbor Motor Group,Harbor Toyota Bayview,Referral,1342,1080,718,13
2026-09,Harbor Motor Group,Harbor Toyota Bayview,Email,1118,843,651,19
2026-09,Summit Auto Group,Summit BMW,Organic Search,6818,5450,3614,135
2026-09,Summit Auto Group,Summit BMW,Paid Search,4211,3310,1926,83
2026-09,Summit Auto Group,Summit BMW,Direct,3208,2548,1971,46
2026-09,Summit Auto Group,Summit BMW,Organic Social,2005,1593,1190,48
2026-09,Summit Auto Group,Summit BMW,Paid Social,1604,1369,879,31
2026-09,Summit Auto Group,Summit BMW,Referral,1203,1007,702,19
2026-09,Summit Auto Group,Summit BMW,Email,1002,827,611,16
2026-09,Summit Auto Group,Summit Chevrolet Glenpark,Organic Search,5772,4416,3301,142
2026-09,Summit Auto Group,Summit Chevrolet Glenpark,Paid Search,3565,3032,2000,69
2026-09,Summit Auto Group,Summit Chevrolet Glenpark,Direct,2716,2253,1618,48
2026-09,Summit Auto Group,Summit Chevrolet Glenpark,Organic Social,1697,1227,779,18
2026-09,Summit Auto Group,Summit Chevrolet Glenpark,Paid Social,1358,1138,791,15
2026-09,Summit Auto Group,Summit Chevrolet Glenpark,Referral,1018,755,541,14
2026-09,Summit Auto Group,Summit Chevrolet Glenpark,Email,848,702,401,22
2026-09,Summit Auto Group,Summit Ford Rivera,Organic Search,7259,5278,3692,124
2026-09,Summit Auto Group,Summit Ford Rivera,Paid Search,4483,3338,2293,77
2026-09,Summit Auto Group,Summit Ford Rivera,Direct,3416,2762,1812,74
2026-09,Summit Auto Group,Summit Ford Rivera,Organic Social,2135,1821,1247,30
2026-09,Summit Auto Group,Summit Ford Rivera,Paid Social,1708,1267,811,32
2026-09,Summit Auto Group,Summit Ford Rivera,Referral,1281,994,607,13
2026-09,Summit Auto Group,Summit Ford Rivera,Email,1067,865,618,12
2026-09,Summit Auto Group,Summit Honda Westland,Organic Search,6583,4895,3490,93
2026-09,Summit Auto Group,Summit Honda Westland,Paid Search,4066,3356,2425,48
2026-09,Summit Auto Group,Summit Honda Westland,Direct,3097,2493,1551,39
2026-09,Summit Auto Group,Summit Honda Westland,Organic Social,1936,1458,1164,35
2026-09,Summit Auto Group,Summit Honda Westland,Paid Social,1548,1169,786,18
2026-09,Summit Auto Group,Summit Honda Westland,Referral,1161,869,682,19
2026-09,Summit Auto Group,Summit Honda Westland,Email,968,796,584,26
2026-09,Summit Auto Group,Summit Hyundai Oakhurst,Organic Search,4761,3912,2591,88
2026-09,Summit Auto Group,Summit Hyundai Oakhurst,Paid Search,2941,2217,1336,29
2026-09,Summit Auto Group,Summit Hyundai Oakhurst,Direct,2240,1922,1019,30
2026-09,Summit Auto Group,Summit Hyundai Oakhurst,Organic Social,1400,1181,760,24
2026-09,Summit Auto Group,Summit Hyundai Oakhurst,Paid Social,1120,811,623,11
2026-09,Summit Auto Group,Summit Hyundai Oakhurst,Referral,840,640,471,18
2026-09,Summit Auto Group,Summit Hyundai Oakhurst,Email,700,534,342,19
2026-09,Summit Auto Group,Summit Jeep Ram Clearwater,Organic Search,5630,4104,2655,103
2026-09,Summit Auto Group,Summit Jeep Ram Clearwater,Paid Search,3477,2719,1704,59
2026-09,Summit Auto Group,Summit Jeep Ram Clearwater,Direct,2649,2274,1218,63
2026-09,Summit Auto Group,Summit Jeep Ram Clearwater,Organic Social,1655,1240,927,37
2026-09,Summit Auto Group,Summit Jeep Ram Clearwater,Paid Social,1324,1042,766,33
2026-09,Summit Auto Group,Summit Jeep Ram Clearwater,Referral,993,726,471,17
2026-09,Summit Auto Group,Summit Jeep Ram Clearwater,Email,827,649,450,16
2026-09,Summit Auto Group,Summit Kia Brookfield,Organic Search,4665,3862,2426,89
2026-09,Summit Auto Group,Summit Kia Brookfield,Paid Search,2881,2402,1469,53
2026-09,Summit Auto Group,Summit Kia Brookfield,Direct,2195,1778,1141,29
2026-09,Summit Auto Group,Summit Kia Brookfield,Organic Social,1372,1036,766,27
2026-09,Summit Auto Group,Summit Kia Brookfield,Paid Social,1097,919,495,27
2026-09,Summit Auto Group,Summit Kia Brookfield,Referral,823,700,463,11
2026-09,Summit Auto Group,Summit Kia Brookfield,Email,686,549,415,18
2026-09,Summit Auto Group,Summit Mazda Lakeside,Organic Search,3047,2247,1511,34
2026-09,Summit Auto Group,Summit Mazda Lakeside,Paid Search,1882,1539,1157,18
2026-09,Summit Auto Group,Summit Mazda Lakeside,Direct,1434,1219,712,29
2026-09,Summit Auto Group,Summit Mazda Lakeside,Organic Social,896,655,512,20
2026-09,Summit Auto Group,Summit Mazda Lakeside,Paid Social,717,601,389,17
2026-09,Summit Auto Group,Summit Mazda Lakeside,Referral,537,406,260,14
2026-09,Summit Auto Group,Summit Mazda Lakeside,Email,448,337,236,10
2026-09,Summit Auto Group,Summit Nissan Ridgemont,Organic Search,4815,3903,2361,81
2026-09,Summit Auto Group,Summit Nissan Ridgemont,Paid Search,2974,2551,1688,44
2026-09,Summit Auto Group,Summit Nissan Ridgemont,Direct,2266,1638,1196,30
2026-09,Summit Auto Group,Summit Nissan Ridgemont,Organic Social,1416,1118,858,19
2026-09,Summit Auto Group,Summit Nissan Ridgemont,Paid Social,1133,867,522,24
2026-09,Summit Auto Group,Summit Nissan Ridgemont,Referral,849,658,448,11
2026-09,Summit Auto Group,Summit Nissan Ridgemont,Email,708,540,325,13
2026-09,Summit Auto Group,Summit Subaru Northgate,Organic Search,3616,2975,1810,95
2026-09,Summit Auto Group,Summit Subaru Northgate,Paid Search,2233,1836,1167,47
2026-09,Summit Auto Group,Summit Subaru Northgate,Direct,1701,1283,1049,40
2026-09,Summit Auto Group,Summit Subaru Northgate,Organic Social,1063,845,541,11
2026-09,Summit Auto Group,Summit Subaru Northgate,Paid Social,850,647,385,13
2026-09,Summit Auto Group,Summit Subaru Northgate,Referral,638,471,356,9
2026-09,Summit Auto Group,Summit Subaru Northgate,Email,531,393,291,9
2026-09,Summit Auto Group,Summit Toyota of Fairview,Organic Search,7790,6246,4100,166
2026-09,Summit Auto Group,Summit Toyota of Fairview,Paid Search,4811,3764,2472,70
2026-09,Summit Auto Group,Summit Toyota of Fairview,Direct,3666,3081,2168,49
2026-09,Summit Auto Group,Summit Toyota of Fairview,Organic Social,2291,1910,1400,47
2026-09,Summit Auto Group,Summit Toyota of Fairview,Paid Social,1833,1573,1127,30
2026-09,Summit Auto Group,Summit Toyota of Fairview,Referral,1374,1008,737,15
2026-09,Summit Auto Group,Summit Toyota of Fairview,Email,1145,919,686,11
2026-09,Summit Auto Group,Summit Volkswagen Eastdale,Organic Search,2715,2225,1669,30
2026-09,Summit Auto Group,Summit Volkswagen Eastdale,Paid Search,1677,1246,866,22
2026-09,Summit Auto Group,Summit Volkswagen Eastdale,Direct,1277,961,720,24
2026-09,Summit Auto Group,Summit Volkswagen Eastdale,Organic Social,798,660,486,20
2026-09,Summit Auto Group,Summit Volkswagen Eastdale,Paid Social,638,474,394,15
2026-09,Summit Auto Group,Summit Volkswagen Eastdale,Referral,479,407,292,6
2026-09,Summit Auto Group,Summit Volkswagen Eastdale,Email,399,327,222,6
