stock_number,group,store,new_used,make,model,model_year,days_on_lot,list_price,cost,price_to_market_pct,vdp_views_30d,leads_30d
S30259,Summit Auto Group,Summit Honda Westland,new,Honda,Pilot,2026,368,48515,45173,95.1,9,0
S30827,Summit Auto Group,Summit Chevrolet Glenpark,used,Chevrolet,Malibu,2025,319,27149,25461,104.9,294,3
S33111,Harbor Motor Group,Harbor Jeep Ram Anchor,used,BMW,X5,2018,309,29908,28705,104.5,769,1
S32819,Harbor Motor Group,Harbor Kia Lighthouse,new,Kia,Forte,2026,287,44405,42288,99.3,182,0
S33114,Harbor Motor Group,Harbor Jeep Ram Anchor,used,Chevrolet,Silverado,2025,286,16913,15668,105.6,32,0
S32384,Harbor Motor Group,Harbor Honda Seaside,new,Honda,Odyssey,2026,281,35456,34264,98.0,98,1
S31721,Summit Auto Group,Summit Volkswagen Eastdale,new,Volkswagen,ID.4,2026,277,28915,25665,100.8,116,3
S30231,Summit Auto Group,Summit Toyota of Fairview,used,BMW,X3,2025,276,23566,22258,105.0,52,5
S30954,Summit Auto Group,Summit Nissan Ridgemont,new,Nissan,Sentra,2026,268,29205,27908,94.6,59,3
S31486,Summit Auto Group,Summit Subaru Northgate,used,Jeep Ram,Compass,2023,266,31929,29097,99.8,29,1
S30443,Summit Auto Group,Summit Honda Westland,used,Honda,CR-V,2022,264,29111,27677,102.5,160,3
S32456,Harbor Motor Group,Harbor Ford Portside,new,Ford,Explorer,2026,254,31942,28348,104.5,765,1
S31352,Summit Auto Group,Summit Mazda Lakeside,new,Mazda,CX-90,2026,248,35326,33370,100.2,120,5
S31733,Summit Auto Group,Summit Volkswagen Eastdale,used,Volkswagen,Tiguan,2020,246,21563,20187,103.1,202,1
S32861,Harbor Motor Group,Harbor Kia Lighthouse,new,Kia,Sorento,2026,242,36649,31985,97.0,12,3
S31415,Summit Auto Group,Summit Subaru Northgate,new,Subaru,Impreza,2026,241,26865,24268,100.5,139,0
S31922,Summit Auto Group,Summit BMW,used,Toyota,Corolla,2023,240,40009,37092,96.2,497,1
S33303,Harbor Motor Group,Harbor BMW,used,BMW,3 Series,2024,236,34259,31769,98.8,836,0
S31942,Summit Auto Group,Summit BMW,new,BMW,3 Series,2026,233,77949,72261,94.0,158,0
S32647,Harbor Motor Group,Harbor Chevrolet Marina,used,Toyota,Tacoma,2021,230,24732,22741,102.2,64,0
S31512,Summit Auto Group,Summit Jeep Ram Clearwater,used,Jeep Ram,Gladiator,2019,225,26171,23868,102.6,1,1
S30449,Summit Auto Group,Summit Ford Rivera,used,Honda,Odyssey,2022,223,31388,29837,96.6,304,1
S31569,Summit Auto Group,Summit Jeep Ram Clearwater,new,Jeep Ram,Gladiator,2026,223,51190,49037,104.3,27,3
S32190,Harbor Motor Group,Harbor Toyota Bayview,new,Toyota,RAV4,2026,220,32474,30740,97.2,52,3
S32729,Harbor Motor Group,Harbor Chevrolet Marina,used,Toyota,Corolla,2021,218,23641,21720,103.5,56,3
S31808,Summit Auto Group,Summit BMW,used,BMW,i4,2018,218,45845,42631,101.6,59,1
S31025,Summit Auto Group,Summit Hyundai Oakhurst,used,Honda,Pilot,2022,217,21590,19144,94.7,167,3
S30199,Summit Auto Group,Summit Toyota of Fairview,used,Toyota,RAV4,2021,216,25973,24763,105.0,176,1
S32036,Harbor Motor Group,Harbor Toyota Bayview,used,BMW,i4,2018,215,17479,15197,93.4,32,0
S32095,Harbor Motor Group,Harbor Toyota Bayview,used,Toyota,Camry,2022,215,30575,26712,96.4,30,1
S30335,Summit Auto Group,Summit Honda Westland,used,Honda,Accord,2022,214,19779,17671,99.7,180,0
S31105,Summit Auto Group,Summit Hyundai Oakhurst,used,Toyota,Camry,2024,214,17383,16321,103.8,110,1
S31108,Summit Auto Group,Summit Hyundai Oakhurst,new,Hyundai,Kona,2026,213,42461,40287,95.5,221,0
S32685,Harbor Motor Group,Harbor Chevrolet Marina,used,Chevrolet,Silverado,2024,212,28369,25838,105.6,547,5
S32293,Harbor Motor Group,Harbor Honda Seaside,used,Honda,Pilot,2023,208,30902,27354,94.2,29,2
S32016,Harbor Motor Group,Harbor Toyota Bayview,used,Toyota,Tacoma,2023,208,28608,27447,104.1,113,0
S32702,Harbor Motor Group,Harbor Chevrolet Marina,new,Chevrolet,Malibu,2026,206,45640,42786,104.5,33,0
S32600,Harbor Motor Group,Harbor Chevrolet Marina,new,Chevrolet,Tahoe,2026,205,47601,42882,96.2,217,5
S31336,Summit Auto Group,Summit Mazda Lakeside,used,Toyota,RAV4,2018,204,28173,25452,104.7,133,1
S31660,Summit Auto Group,Summit Jeep Ram Clearwater,used,Jeep Ram,Ram 2500,2019,203,28363,24527,103.7,189,1
S32886,Harbor Motor Group,Harbor Kia Lighthouse,new,Kia,Sportage,2026,202,37821,34004,105.0,217,0
S32192,Harbor Motor Group,Harbor Toyota Bayview,used,Subaru,Crosstrek,2025,199,17261,15701,104.6,14,2
S33062,Harbor Motor Group,Harbor Jeep Ram Anchor,new,Jeep Ram,Ram 1500,2026,198,29583,28180,104.2,26,0
S30780,Summit Auto Group,Summit Chevrolet Glenpark,new,Chevrolet,Silverado,2026,196,31273,26957,99.6,47,1
S31011,Summit Auto Group,Summit Hyundai Oakhurst,new,Hyundai,Santa Fe,2026,193,35083,30684,101.9,32,1
S32836,Harbor Motor Group,Harbor Kia Lighthouse,new,Kia,Telluride,2026,191,36243,31657,103.9,467,1
S32003,Harbor Motor Group,Harbor Toyota Bayview,used,Jeep Ram,Ram 1500,2020,191,31828,30469,95.9,108,2
S32146,Harbor Motor Group,Harbor Toyota Bayview,used,Toyota,Highlander,2019,190,31389,28093,95.8,290,1
S30132,Summit Auto Group,Summit Toyota of Fairview,used,Nissan,Rogue,2022,190,22553,21735,102.5,152,3
S32839,Harbor Motor Group,Harbor Kia Lighthouse,used,Kia,K5,2024,189,28685,26192,102.7,79,2
S31397,Summit Auto Group,Summit Subaru Northgate,used,Ford,Maverick,2019,189,17795,15526,98.8,171,0
S30305,Summit Auto Group,Summit Honda Westland,used,Jeep Ram,Compass,2024,187,23280,20137,100.2,157,0
S31070,Summit Auto Group,Summit Hyundai Oakhurst,used,BMW,X1,2020,187,17484,15138,95.1,226,1
S32382,Harbor Motor Group,Harbor Honda Seaside,used,Subaru,Outback,2022,185,22473,20661,105.6,95,5
S32051,Harbor Motor Group,Harbor Toyota Bayview,used,Honda,Odyssey,2022,184,23825,21849,101.6,27,1
S31756,Summit Auto Group,Summit Volkswagen Eastdale,new,Volkswagen,Jetta,2026,184,38867,34663,100.7,404,0
S32649,Harbor Motor Group,Harbor Chevrolet Marina,new,Chevrolet,Silverado,2026,183,33891,29454,95.5,143,5
S33046,Harbor Motor Group,Harbor Jeep Ram Anchor,used,Hyundai,Elantra,2021,183,24102,21661,97.0,108,0
S31950,Summit Auto Group,Summit BMW,new,BMW,X5,2026,182,48332,44384,102.2,194,0
S31962,Summit Auto Group,Summit BMW,new,BMW,5 Series,2026,182,50313,48214,103.3,154,1
S32094,Harbor Motor Group,Harbor Toyota Bayview,new,Toyota,Camry,2026,181,30566,27605,95.2,170,1
S31069,Summit Auto Group,Summit Hyundai Oakhurst,used,Hyundai,Tucson,2024,181,27388,25612,94.2,241,3
S31694,Summit Auto Group,Summit Volkswagen Eastdale,new,Volkswagen,Golf GTI,2026,181,39841,37376,104.3,89,0
S32514,Harbor Motor Group,Harbor Ford Portside,new,Ford,Explorer,2026,180,27471,24218,100.7,98,0
S30477,Summit Auto Group,Summit Ford Rivera,new,Ford,Maverick,2026,180,47684,43349,97.7,620,1
S30444,Summit Auto Group,Summit Honda Westland,new,Honda,Accord,2026,180,36679,35005,102.0,290,1
S31267,Summit Auto Group,Summit Kia Brookfield,new,Kia,Seltos,2026,180,29783,28663,100.4,105,0
S31749,Summit Auto Group,Summit Volkswagen Eastdale,used,Volkswagen,ID.4,2023,180,25662,22993,102.3,384,0
S30649,Summit Auto Group,Summit Ford Rivera,used,Jeep Ram,Grand Cherokee,2024,179,19755,17917,99.8,325,0
S31846,Summit Auto Group,Summit BMW,used,Hyundai,Sonata,2022,177,38492,34886,100.7,246,3
S30107,Summit Auto Group,Summit Toyota of Fairview,new,Toyota,Tundra,2026,177,32331,31060,102.6,11,0
S31587,Summit Auto Group,Summit Jeep Ram Clearwater,new,Jeep Ram,Ram 2500,2026,176,33428,31857,97.0,167,2
S30192,Summit Auto Group,Summit Toyota of Fairview,new,Toyota,Camry,2026,176,29634,25864,93.6,323,0
S31713,Summit Auto Group,Summit Volkswagen Eastdale,new,Volkswagen,ID.4,2026,176,28513,26502,104.3,280,1
S32638,Harbor Motor Group,Harbor Chevrolet Marina,new,Chevrolet,Malibu,2026,174,47861,43154,100.9,119,3
S32941,Harbor Motor Group,Harbor Subaru Tidewater,new,Subaru,Ascent,2026,174,35268,33172,99.8,6,0
S32161,Harbor Motor Group,Harbor Toyota Bayview,used,Toyota,Corolla,2018,174,19298,18614,98.1,2,5
S31319,Summit Auto Group,Summit Mazda Lakeside,new,Mazda,CX-5,2026,174,26882,23577,95.9,22,2
S32434,Harbor Motor Group,Harbor Ford Portside,new,Ford,Escape,2026,173,49718,44329,101.2,181,3
S32128,Harbor Motor Group,Harbor Toyota Bayview,used,Chevrolet,Equinox,2018,173,22666,21571,103.5,51,1
S31774,Summit Auto Group,Summit BMW,new,BMW,3 Series,2026,173,64974,57686,96.5,303,1
S30609,Summit Auto Group,Summit Ford Rivera,new,Ford,Maverick,2026,172,34185,32008,101.4,692,0
S30315,Summit Auto Group,Summit Honda Westland,new,Honda,HR-V,2026,172,29999,28330,99.5,71,5
S30350,Summit Auto Group,Summit Honda Westland,used,Honda,CR-V,2022,172,17537,15222,93.9,42,3
S31638,Summit Auto Group,Summit Jeep Ram Clearwater,used,Hyundai,Kona,2019,172,31929,28986,96.5,121,2
S33253,Harbor Motor Group,Harbor BMW,new,BMW,X3,2026,171,81220,74789,96.3,430,0
S32561,Harbor Motor Group,Harbor Ford Portside,new,Ford,Escape,2026,171,35626,33476,102.5,222,5
S33057,Harbor Motor Group,Harbor Jeep Ram Anchor,used,Jeep Ram,Gladiator,2018,171,29703,26844,96.9,120,5
S30839,Summit Auto Group,Summit Chevrolet Glenpark,new,Chevrolet,Trax,2026,171,27550,25503,97.7,23,0
S31192,Summit Auto Group,Summit Kia Brookfield,used,Hyundai,Elantra,2023,171,18212,16749,105.8,221,1
S32612,Harbor Motor Group,Harbor Chevrolet Marina,used,BMW,5 Series,2024,170,30834,27053,100.3,40,5
S31884,Summit Auto Group,Summit BMW,new,BMW,i4,2026,168,50195,47455,99.9,146,1
S33298,Harbor Motor Group,Harbor BMW,used,BMW,X1,2025,167,49468,43236,105.1,15,0
S31253,Summit Auto Group,Summit Kia Brookfield,used,Kia,Telluride,2025,167,25898,24139,97.7,226,2
S32232,Harbor Motor Group,Harbor Honda Seaside,used,Honda,Odyssey,2024,166,21261,18303,101.8,18,1
S32974,Harbor Motor Group,Harbor Subaru Tidewater,used,Subaru,Outback,2018,166,22454,20227,99.8,330,3
S30569,Summit Auto Group,Summit Ford Rivera,new,Ford,Escape,2026,166,26899,23168,99.3,227,1
S33142,Harbor Motor Group,Harbor Jeep Ram Anchor,used,Toyota,Corolla,2018,165,27283,26074,93.8,2,3
S30790,Summit Auto Group,Summit Chevrolet Glenpark,new,Chevrolet,Malibu,2026,165,40845,35583,104.6,13,5
S30801,Summit Auto Group,Summit Chevrolet Glenpark,new,Chevrolet,Malibu,2026,165,48672,45152,102.5,139,5
S30526,Summit Auto Group,Summit Ford Rivera,new,Ford,Explorer,2026,165,38146,35066,103.0,50,1
S33285,Harbor Motor Group,Harbor BMW,new,BMW,i4,2026,164,79539,76690,100.0,189,0
S31770,Summit Auto Group,Summit BMW,used,Honda,CR-V,2018,164,47290,41384,104.7,114,1
S30709,Summit Auto Group,Summit Chevrolet Glenpark,new,Chevrolet,Traverse,2026,164,28994,27737,105.1,528,1
S30937,Summit Auto Group,Summit Nissan Ridgemont,new,Nissan,Altima,2026,163,46591,40849,95.9,43,5
S31449,Summit Auto Group,Summit Subaru Northgate,new,Subaru,Crosstrek,2026,163,34443,30960,96.8,22,2
S31079,Summit Auto Group,Summit Hyundai Oakhurst,used,Kia,Telluride,2025,161,23934,23163,95.7,292,0
S32421,Harbor Motor Group,Harbor Ford Portside,new,Ford,Maverick,2026,160,31094,28952,93.1,63,1
S33017,Harbor Motor Group,Harbor Jeep Ram Anchor,new,Jeep Ram,Compass,2026,160,48981,44306,96.3,38,3
S33154,Harbor Motor Group,Harbor Jeep Ram Anchor,used,Toyota,Camry,2021,160,27997,26855,104.3,51,5
S31034,Summit Auto Group,Summit Hyundai Oakhurst,used,BMW,5 Series,2025,160,30477,28005,93.7,1124,1
S32340,Harbor Motor Group,Harbor Honda Seaside,used,Hyundai,Elantra,2019,159,26431,24271,98.3,53,1
S32547,Harbor Motor Group,Harbor Ford Portside,used,Ford,Explorer,2019,158,21558,18871,97.8,230,3
S32251,Harbor Motor Group,Harbor Honda Seaside,used,Honda,Odyssey,2021,158,20112,17695,104.8,209,0
S33132,Harbor Motor Group,Harbor Jeep Ram Anchor,new,Jeep Ram,Ram 2500,2026,156,28903,27464,100.2,33,2
S32926,Harbor Motor Group,Harbor Subaru Tidewater,used,Subaru,Outback,2019,156,29219,26829,98.3,17,1
S30287,Summit Auto Group,Summit Honda Westland,used,Honda,Pilot,2019,156,31572,27917,96.5,103,0
S30227,Summit Auto Group,Summit Toyota of Fairview,new,Toyota,Highlander,2026,156,34626,29814,103.2,187,5
S31692,Summit Auto Group,Summit Volkswagen Eastdale,new,Volkswagen,ID.4,2026,156,30600,28798,99.8,119,2
S33213,Harbor Motor Group,Harbor BMW,new,BMW,3 Series,2026,155,63456,55145,98.8,17,0
S32391,Harbor Motor Group,Harbor Ford Portside,new,Ford,Escape,2026,155,48594,42329,104.9,130,0
S32092,Harbor Motor Group,Harbor Toyota Bayview,new,Toyota,Camry,2026,155,28432,26519,102.7,296,1
S30401,Summit Auto Group,Summit Honda Westland,new,Honda,Odyssey,2026,155,43811,42334,103.8,40,2
S31564,Summit Auto Group,Summit Jeep Ram Clearwater,used,Jeep Ram,Grand Cherokee,2025,155,22026,19491,101.5,199,0
S32528,Harbor Motor Group,Harbor Ford Portside,new,Ford,Explorer,2026,154,31375,27151,97.3,66,5
S32288,Harbor Motor Group,Harbor Honda Seaside,used,Honda,Pilot,2024,154,18607,17895,104.8,355,0
S32029,Harbor Motor Group,Harbor Toyota Bayview,used,Toyota,Tacoma,2018,153,28234,25048,104.1,150,0
S30788,Summit Auto Group,Summit Chevrolet Glenpark,new,Chevrolet,Tahoe,2026,153,45696,42059,104.5,114,0
S30489,Summit Auto Group,Summit Ford Rivera,used,Ford,Mustang,2021,152,22793,19921,101.5,155,2
S31263,Summit Auto Group,Summit Kia Brookfield,new,Kia,Sorento,2026,152,30461,27551,105.1,26,2
S32412,Harbor Motor Group,Harbor Ford Portside,used,Subaru,Impreza,2022,151,26829,25115,97.9,103,5
S31856,Summit Auto Group,Summit BMW,used,Chevrolet,Malibu,2023,151,36603,33967,96.4,292,1
S31381,Summit Auto Group,Summit Mazda Lakeside,new,Mazda,Mazda3,2026,151,34842,30921,104.4,95,0
S31236,Summit Auto Group,Summit Kia Brookfield,new,Kia,Telluride,2026,150,32615,29764,97.3,341,1
S33037,Harbor Motor Group,Harbor Jeep Ram Anchor,used,Jeep Ram,Grand Cherokee,2018,149,17223,15472,104.3,111,3
S31126,Summit Auto Group,Summit Hyundai Oakhurst,used,Hyundai,Palisade,2022,149,27578,25482,95.2,278,2
S32224,Harbor Motor Group,Harbor Honda Seaside,new,Honda,Accord,2026,148,41308,37197,96.4,58,0
S31131,Summit Auto Group,Summit Hyundai Oakhurst,new,Hyundai,Elantra,2026,148,35456,31762,97.0,115,1
S31499,Summit Auto Group,Summit Subaru Northgate,used,Honda,Odyssey,2020,148,17339,15270,98.0,161,1
S30152,Summit Auto Group,Summit Toyota of Fairview,used,Toyota,Corolla,2019,148,27289,24163,96.4,389,0
S32522,Harbor Motor Group,Harbor Ford Portside,used,Jeep Ram,Compass,2019,147,27935,26654,100.8,158,1
S32063,Harbor Motor Group,Harbor Toyota Bayview,used,Toyota,Highlander,2025,147,27629,25781,104.1,13,0
S31400,Summit Auto Group,Summit Subaru Northgate,new,Subaru,Crosstrek,2026,147,42601,39869,96.3,24,1
S33252,Harbor Motor Group,Harbor BMW,used,Chevrolet,Silverado,2025,146,46677,44022,93.9,56,3
S33059,Harbor Motor Group,Harbor Jeep Ram Anchor,used,Nissan,Altima,2022,146,24895,21872,99.4,430,2
S32980,Harbor Motor Group,Harbor Subaru Tidewater,new,Subaru,WRX,2026,146,37467,34244,94.9,130,1
S30467,Summit Auto Group,Summit Ford Rivera,used,Ford,Maverick,2022,146,22776,21728,97.6,364,2
S30341,Summit Auto Group,Summit Honda Westland,new,Honda,Pilot,2026,146,49075,47319,101.2,108,2
S30365,Summit Auto Group,Summit Honda Westland,new,Honda,CR-V,2026,146,44220,39095,104.3,284,5
S30910,Summit Auto Group,Summit Nissan Ridgemont,used,Nissan,Pathfinder,2022,146,17157,16073,95.2,176,1
S30240,Summit Auto Group,Summit Toyota of Fairview,used,Toyota,Highlander,2019,145,30424,29025,95.1,4,1
S33259,Harbor Motor Group,Harbor BMW,used,BMW,X5,2020,144,35103,30935,100.8,26,0
S31702,Summit Auto Group,Summit Volkswagen Eastdale,new,Volkswagen,Atlas,2026,144,47390,41261,101.5,191,0
S33172,Harbor Motor Group,Harbor BMW,new,BMW,5 Series,2026,143,43063,41302,99.7,8,0
S33187,Harbor Motor Group,Harbor BMW,used,Jeep Ram,Grand Cherokee,2024,143,45032,40507,93.4,14,0
S33307,Harbor Motor Group,Harbor BMW,used,Chevrolet,Silverado,2018,143,31151,27180,101.2,250,0
S30678,Summit Auto Group,Summit Chevrolet Glenpark,new,Chevrolet,Trax,2026,143,47185,41269,97.8,40,5
S30286,Summit Auto Group,Summit Honda Westland,new,Honda,Civic,2026,143,42328,39148,101.4,296,1
S30334,Summit Auto Group,Summit Honda Westland,new,Honda,CR-V,2026,143,49646,44089,93.9,25,2
S31641,Summit Auto Group,Summit Jeep Ram Clearwater,used,Jeep Ram,Ram 2500,2019,143,31187,28691,105.3,63,5
S33287,Harbor Motor Group,Harbor BMW,new,BMW,i4,2026,142,43177,40853,105.4,136,3
S32728,Harbor Motor Group,Harbor Chevrolet Marina,used,Jeep Ram,Ram 2500,2018,142,28077,25623,100.1,260,5
S32891,Harbor Motor Group,Harbor Subaru Tidewater,new,Subaru,Ascent,2026,142,32323,28148,105.8,8,1
S31536,Summit Auto Group,Summit Jeep Ram Clearwater,new,Jeep Ram,Wrangler,2026,142,42104,36420,94.1,63,1
S33338,Harbor Motor Group,Harbor BMW,used,BMW,X5,2020,141,32202,30927,93.1,37,0
S32263,Harbor Motor Group,Harbor Honda Seaside,used,Ford,Maverick,2025,141,29197,26516,94.1,303,5
S32273,Harbor Motor Group,Harbor Honda Seaside,new,Honda,Odyssey,2026,141,50393,44604,102.8,41,0
S32357,Harbor Motor Group,Harbor Honda Seaside,used,Hyundai,Tucson,2021,141,30997,28631,99.2,140,1
S31478,Summit Auto Group,Summit Subaru Northgate,used,Jeep Ram,Ram 1500,2025,141,29741,27162,105.0,32,1
S33271,Harbor Motor Group,Harbor BMW,used,BMW,3 Series,2023,140,32371,28092,103.9,309,3
S33072,Harbor Motor Group,Harbor Jeep Ram Anchor,used,Jeep Ram,Gladiator,2023,140,28152,27285,102.4,124,0
S30729,Summit Auto Group,Summit Chevrolet Glenpark,used,Nissan,Kicks,2022,140,21875,20750,105.3,194,2
S30248,Summit Auto Group,Summit Honda Westland,new,Honda,Accord,2026,140,36548,33877,104.6,136,1
S31574,Summit Auto Group,Summit Jeep Ram Clearwater,new,Jeep Ram,Ram 2500,2026,140,31194,30012,106.0,22,0
S30972,Summit Auto Group,Summit Nissan Ridgemont,new,Nissan,Sentra,2026,140,36684,32679,100.1,104,5
S31727,Summit Auto Group,Summit Volkswagen Eastdale,used,Volkswagen,Taos,2025,140,18620,17137,99.2,118,3
S33148,Harbor Motor Group,Harbor Jeep Ram Anchor,new,Jeep Ram,Ram 2500,2026,139,48104,43339,104.8,56,1
S32981,Harbor Motor Group,Harbor Subaru Tidewater,new,Subaru,Impreza,2026,139,43890,39574,102.1,38,0
S33242,Harbor Motor Group,Harbor BMW,used,BMW,X5,2022,138,34019,30393,93.8,217,0
S32460,Harbor Motor Group,Harbor Ford Portside,used,Ford,Bronco,2023,138,29353,25950,95.5,104,0
S32194,Harbor Motor Group,Harbor Honda Seaside,used,BMW,X5,2020,138,17546,16293,101.4,3,0
S33102,Harbor Motor Group,Harbor Jeep Ram Anchor,new,Jeep Ram,Grand Cherokee,2026,138,26722,24779,99.7,113,0
S33107,Harbor Motor Group,Harbor Jeep Ram Anchor,new,Jeep Ram,Ram 2500,2026,138,33323,31488,100.1,67,0
S30013,Summit Auto Group,Summit Toyota of Fairview,used,Honda,HR-V,2018,138,28030,24914,94.4,322,1
S32511,Harbor Motor Group,Harbor Ford Portside,used,Ford,Escape,2025,137,25247,22026,93.5,122,2
S32955,Harbor Motor Group,Harbor Subaru Tidewater,new,Subaru,Forester,2026,137,43650,39774,102.3,3,0
S32620,Harbor Motor Group,Harbor Chevrolet Marina,used,Chevrolet,Trax,2020,136,17711,15533,95.8,16,0
S32521,Harbor Motor Group,Harbor Ford Portside,used,Kia,Sorento,2024,136,22309,20799,97.5,704,0
S32283,Harbor Motor Group,Harbor Honda Seaside,new,Honda,Civic,2026,136,34385,31952,102.5,23,0
S32383,Harbor Motor Group,Harbor Honda Seaside,used,Hyundai,Kona,2022,136,30126,28859,99.1,596,1
S30499,Summit Auto Group,Summit Ford Rivera,new,Ford,Bronco,2026,136,45007,42383,102.9,64,1
S32637,Harbor Motor Group,Harbor Chevrolet Marina,used,Chevrolet,Malibu,2021,135,19343,16754,99.9,30,0
S30522,Summit Auto Group,Summit Ford Rivera,new,Ford,Mustang,2026,135,33966,29579,99.7,512,0
S31395,Summit Auto Group,Summit Subaru Northgate,used,Subaru,Outback,2018,135,27653,26788,101.2,36,5
S31448,Summit Auto Group,Summit Subaru Northgate,new,Subaru,Ascent,2026,135,34554,30258,102.7,108,0
S32440,Harbor Motor Group,Harbor Ford Portside,new,Ford,F-150,2026,134,33886,32010,95.7,30,0
S33055,Harbor Motor Group,Harbor Jeep Ram Anchor,new,Jeep Ram,Ram 1500,2026,134,44688,42893,101.2,268,0
S32776,Harbor Motor Group,Harbor Kia Lighthouse,new,Kia,Telluride,2026,134,39926,35979,103.0,22,1
S30253,Summit Auto Group,Summit Honda Westland,new,Honda,Odyssey,2026,134,29091,25304,103.8,230,5
S30206,Summit Auto Group,Summit Toyota of Fairview,new,Toyota,Tundra,2026,134,32074,29401,95.4,225,0
S31167,Summit Auto Group,Summit Kia Brookfield,new,Kia,Sorento,2026,133,50943,44307,105.0,134,1
S32313,Harbor Motor Group,Harbor Honda Seaside,new,Honda,CR-V,2026,132,33836,31661,103.9,96,3
S32784,Harbor Motor Group,Harbor Kia Lighthouse,used,Nissan,Frontier,2018,132,21727,19559,97.0,34,1
S32997,Harbor Motor Group,Harbor Subaru Tidewater,new,Subaru,Crosstrek,2026,132,39322,35215,103.0,137,5
S31776,Summit Auto Group,Summit BMW,new,BMW,3 Series,2026,132,65413,59116,94.5,27,3
S30555,Summit Auto Group,Summit Ford Rivera,new,Ford,Mustang,2026,132,43300,38720,106.0,0,0
S31330,Summit Auto Group,Summit Mazda Lakeside,new,Mazda,Mazda3,2026,132,36245,34324,94.9,1058,5
S30023,Summit Auto Group,Summit Toyota of Fairview,used,Toyota,Highlander,2022,132,32128,29870,94.5,123,5
S33010,Harbor Motor Group,Harbor Jeep Ram Anchor,used,Subaru,Forester,2021,131,17577,15183,93.8,67,2
S33019,Harbor Motor Group,Harbor Jeep Ram Anchor,used,Jeep Ram,Ram 2500,2022,131,17105,15080,99.7,117,0
S32158,Harbor Motor Group,Harbor Toyota Bayview,used,Toyota,Tacoma,2022,131,28947,28016,102.5,211,5
S30804,Summit Auto Group,Summit Chevrolet Glenpark,used,Toyota,Corolla,2022,130,29692,28624,96.9,26,0
S30618,Summit Auto Group,Summit Ford Rivera,new,Ford,Escape,2026,130,46826,42206,102.8,327,5
S30876,Summit Auto Group,Summit Nissan Ridgemont,new,Nissan,Kicks,2026,130,31488,29422,105.8,246,1
S32311,Harbor Motor Group,Harbor Honda Seaside,used,BMW,X1,2024,129,25729,22252,99.4,238,1
S32035,Harbor Motor Group,Harbor Toyota Bayview,used,Toyota,RAV4,2024,129,29963,28409,94.5,36,2
S32074,Harbor Motor Group,Harbor Toyota Bayview,used,Jeep Ram,Grand Cherokee,2023,129,28482,25664,104.9,98,3
S31646,Summit Auto Group,Summit Jeep Ram Clearwater,new,Jeep Ram,Ram 1500,2026,129,31378,29839,101.3,26,1
S33175,Harbor Motor Group,Harbor BMW,used,BMW,5 Series,2018,128,42439,39647,102.1,44,2
S32951,Harbor Motor Group,Harbor Subaru Tidewater,new,Subaru,Impreza,2026,128,42701,36909,98.5,48,1
S32141,Harbor Motor Group,Harbor Toyota Bayview,new,Toyota,RAV4,2026,128,47792,42292,100.0,124,3
S30516,Summit Auto Group,Summit Ford Rivera,new,Ford,Mustang,2026,128,31098,29221,95.5,123,1
S31302,Summit Auto Group,Summit Mazda Lakeside,used,Kia,K5,2019,128,20028,18511,104.4,197,1
S30897,Summit Auto Group,Summit Nissan Ridgemont,used,Nissan,Sentra,2019,128,18596,17488,105.5,234,0
S30968,Summit Auto Group,Summit Nissan Ridgemont,new,Nissan,Kicks,2026,128,31564,27765,101.9,168,3
S31734,Summit Auto Group,Summit Volkswagen Eastdale,new,Volkswagen,Atlas,2026,128,34575,32194,98.2,83,2
S32654,Harbor Motor Group,Harbor Chevrolet Marina,used,Chevrolet,Malibu,2018,127,19936,17676,101.3,65,2
S32668,Harbor Motor Group,Harbor Chevrolet Marina,used,Chevrolet,Tahoe,2020,127,19454,18415,103.2,122,2
S32392,Harbor Motor Group,Harbor Ford Portside,used,BMW,X3,2022,127,22010,19050,98.2,54,0
S32459,Harbor Motor Group,Harbor Ford Portside,new,Ford,F-150,2026,127,46198,41335,98.6,8,0
S32307,Harbor Motor Group,Harbor Honda Seaside,used,Honda,Pilot,2023,127,19718,17826,98.6,101,5
S31878,Summit Auto Group,Summit BMW,new,BMW,X5,2026,127,54258,51780,100.0,316,5
S31552,Summit Auto Group,Summit Jeep Ram Clearwater,used,Jeep Ram,Gladiator,2022,127,17673,16075,93.1,280,3
S31608,Summit Auto Group,Summit Jeep Ram Clearwater,new,Jeep Ram,Wrangler,2026,127,39785,35248,95.7,723,2
S31203,Summit Auto Group,Summit Kia Brookfield,new,Kia,K5,2026,127,42530,41240,103.5,204,3
S31353,Summit Auto Group,Summit Mazda Lakeside,new,Mazda,CX-90,2026,127,36948,33216,98.9,339,0
S31444,Summit Auto Group,Summit Subaru Northgate,new,Subaru,Impreza,2026,127,38795,36039,105.1,15,5
S32740,Harbor Motor Group,Harbor Chevrolet Marina,new,Chevrolet,Traverse,2026,126,49934,45266,105.5,105,1
S32107,Harbor Motor Group,Harbor Toyota Bayview,new,Toyota,Tacoma,2026,126,47556,41033,103.4,134,1
S32123,Harbor Motor Group,Harbor Toyota Bayview,used,Honda,Odyssey,2022,126,19210,16997,104.7,165,0
S32149,Harbor Motor Group,Harbor Toyota Bayview,new,Toyota,Tacoma,2026,126,27435,26302,96.5,498,0
S31414,Summit Auto Group,Summit Subaru Northgate,new,Subaru,Ascent,2026,126,39262,37185,103.0,3,1
S32188,Harbor Motor Group,Harbor Toyota Bayview,used,Toyota,Tundra,2024,125,27577,26030,95.9,225,1
S31766,Summit Auto Group,Summit BMW,used,Ford,Maverick,2019,125,40077,35070,95.5,55,0
S31868,Summit Auto Group,Summit BMW,used,Ford,Mustang,2021,125,41758,37148,102.2,602,3
S30696,Summit Auto Group,Summit Chevrolet Glenpark,used,Chevrolet,Malibu,2024,125,23337,20758,100.0,931,0
S30139,Summit Auto Group,Summit Toyota of Fairview,used,Subaru,Forester,2024,125,28568,27590,101.8,78,2
S32676,Harbor Motor Group,Harbor Chevrolet Marina,new,Chevrolet,Equinox,2026,124,49530,45440,94.0,129,2
S32479,Harbor Motor Group,Harbor Ford Portside,used,Ford,Maverick,2022,124,21157,19089,104.8,69,3
S32271,Harbor Motor Group,Harbor Honda Seaside,new,Honda,Odyssey,2026,124,32323,31073,95.3,456,5
S31891,Summit Auto Group,Summit BMW,new,BMW,X1,2026,124,53404,48567,102.5,259,1
S30473,Summit Auto Group,Summit Ford Rivera,new,Ford,Explorer,2026,124,32050,30772,100.0,98,5
S30354,Summit Auto Group,Summit Honda Westland,used,Honda,Civic,2024,124,24759,23101,101.2,112,0
S32140,Harbor Motor Group,Harbor Toyota Bayview,new,Toyota,RAV4,2026,123,35449,31417,103.7,747,1
S30458,Summit Auto Group,Summit Ford Rivera,used,Ford,Escape,2020,123,28145,24780,101.4,164,3
S31611,Summit Auto Group,Summit Jeep Ram Clearwater,new,Jeep Ram,Compass,2026,123,36189,33668,94.2,193,1
S31432,Summit Auto Group,Summit Subaru Northgate,new,Subaru,WRX,2026,123,34541,32865,103.4,9,0
S32689,Harbor Motor Group,Harbor Chevrolet Marina,used,Chevrolet,Trax,2018,122,31001,27884,93.5,156,2
S32253,Harbor Motor Group,Harbor Honda Seaside,new,Honda,Odyssey,2026,122,38098,35960,94.8,26,3
S33005,Harbor Motor Group,Harbor Jeep Ram Anchor,used,Honda,Odyssey,2019,122,19118,16774,96.4,157,0
S33044,Harbor Motor Group,Harbor Jeep Ram Anchor,used,Toyota,Corolla,2022,122,28799,27269,94.4,34,0
S30737,Summit Auto Group,Summit Chevrolet Glenpark,used,Nissan,Rogue,2024,122,18067,16008,97.3,245,0
S31402,Summit Auto Group,Summit Subaru Northgate,used,Subaru,Ascent,2021,122,30680,28727,105.9,99,1
S32831,Harbor Motor Group,Harbor Kia Lighthouse,new,Kia,Telluride,2026,121,34296,32826,96.6,396,0
S31974,Harbor Motor Group,Harbor Toyota Bayview,used,Toyota,Corolla,2019,121,18520,17237,104.0,446,0
S31359,Summit Auto Group,Summit Mazda Lakeside,used,Hyundai,Tucson,2023,121,24363,21528,100.1,208,3
S31360,Summit Auto Group,Summit Mazda Lakeside,new,Mazda,MX-5,2026,121,46403,44945,96.2,85,5
S30864,Summit Auto Group,Summit Nissan Ridgemont,used,Nissan,Kicks,2022,121,26060,24040,104.6,140,2
S33192,Harbor Motor Group,Harbor BMW,used,Subaru,Impreza,2021,120,44848,40369,96.5,13,0
S33198,Harbor Motor Group,Harbor BMW,new,BMW,X1,2026,120,62892,60854,93.9,48,1
S32732,Harbor Motor Group,Harbor Chevrolet Marina,used,Honda,Civic,2022,120,17293,15413,95.6,18,5
S32874,Harbor Motor Group,Harbor Kia Lighthouse,used,Chevrolet,Trax,2022,120,28194,26355,102.4,767,2
S31767,Summit Auto Group,Summit BMW,used,Subaru,Outback,2019,120,39369,37777,97.6,23,1
S31864,Summit Auto Group,Summit BMW,used,BMW,X5,2023,120,34516,31798,105.5,179,1
S30392,Summit Auto Group,Summit Honda Westland,used,Honda,HR-V,2025,120,29872,25925,105.0,482,3
S31598,Summit Auto Group,Summit Jeep Ram Clearwater,new,Jeep Ram,Ram 2500,2026,120,26780,24341,100.6,88,1
S31244,Summit Auto Group,Summit Kia Brookfield,new,Kia,Forte,2026,120,37176,32844,96.8,437,0
S31422,Summit Auto Group,Summit Subaru Northgate,used,Ford,Mustang,2020,120,17216,16653,97.7,563,0
S31705,Summit Auto Group,Summit Volkswagen Eastdale,used,Volkswagen,Atlas,2019,120,18971,17104,96.9,78,1
S33144,Harbor Motor Group,Harbor Jeep Ram Anchor,new,Jeep Ram,Ram 2500,2026,119,41796,38729,102.4,54,0
S32826,Harbor Motor Group,Harbor Kia Lighthouse,used,Kia,Seltos,2018,119,25465,23755,105.7,85,0
S32855,Harbor Motor Group,Harbor Kia Lighthouse,new,Kia,K5,2026,119,36945,34361,100.3,90,0
S31985,Harbor Motor Group,Harbor Toyota Bayview,used,Toyota,RAV4,2021,119,32137,30299,104.7,45,0
S32096,Harbor Motor Group,Harbor Toyota Bayview,new,Toyota,Camry,2026,119,34098,30267,94.7,175,0
S31629,Summit Auto Group,Summit Jeep Ram Clearwater,new,Jeep Ram,Wrangler,2026,119,39506,36441,94.6,48,1
S31433,Summit Auto Group,Summit Subaru Northgate,used,Jeep Ram,Ram 1500,2025,119,30404,27560,94.9,62,3
S32912,Harbor Motor Group,Harbor Subaru Tidewater,new,Subaru,Forester,2026,118,36953,33253,95.0,128,0
S32037,Harbor Motor Group,Harbor Toyota Bayview,used,Toyota,Tundra,2018,118,18124,17099,96.1,175,1
S32121,Harbor Motor Group,Harbor Toyota Bayview,used,Nissan,Altima,2019,118,26345,23430,104.8,538,0
S30608,Summit Auto Group,Summit Ford Rivera,new,Ford,Bronco,2026,118,40006,34408,97.0,458,1
S31509,Summit Auto Group,Summit Jeep Ram Clearwater,new,Jeep Ram,Grand Cherokee,2026,118,35025,30412,101.4,115,2
S30073,Summit Auto Group,Summit Toyota of Fairview,used,Toyota,Tundra,2024,118,28873,25523,102.9,1365,2
S32411,Harbor Motor Group,Harbor Ford Portside,used,Ford,Explorer,2018,117,24482,21312,102.2,217,0
S30673,Summit Auto Group,Summit Chevrolet Glenpark,new,Chevrolet,Traverse,2026,117,29269,27012,105.2,88,0
S30323,Summit Auto Group,Summit Honda Westland,used,Honda,Pilot,2022,117,27776,25538,101.2,187,2
S30882,Summit Auto Group,Summit Nissan Ridgemont,new,Nissan,Altima,2026,117,31923,29706,99.5,174,2
S32308,Harbor Motor Group,Harbor Honda Seaside,new,Honda,HR-V,2026,116,28689,27640,95.4,227,2
S32937,Harbor Motor Group,Harbor Subaru Tidewater,used,BMW,X3,2021,116,18402,16525,103.6,342,0
S30362,Summit Auto Group,Summit Honda Westland,used,Hyundai,Santa Fe,2025,116,26482,23425,102.8,284,2
S30369,Summit Auto Group,Summit Honda Westland,used,Subaru,WRX,2022,116,21229,20384,100.4,190,0
S31524,Summit Auto Group,Summit Jeep Ram Clearwater,used,Jeep Ram,Gladiator,2024,116,16831,14772,94.3,351,0
S30069,Summit Auto Group,Summit Toyota of Fairview,used,Toyota,Corolla,2020,116,21235,20208,95.4,298,2
S33306,Harbor Motor Group,Harbor BMW,used,BMW,X1,2019,115,32247,27970,101.2,118,5
S32484,Harbor Motor Group,Harbor Ford Portside,used,Toyota,Highlander,2022,115,17815,15399,100.8,191,3
S30777,Summit Auto Group,Summit Chevrolet Glenpark,used,Chevrolet,Silverado,2025,115,30101,27200,105.5,26,0
S30818,Summit Auto Group,Summit Chevrolet Glenpark,new,Chevrolet,Trax,2026,115,31965,29579,98.9,369,0
S31628,Summit Auto Group,Summit Jeep Ram Clearwater,used,Jeep Ram,Ram 2500,2025,115,26052,22638,102.6,349,3
S30961,Summit Auto Group,Summit Nissan Ridgemont,new,Nissan,Frontier,2026,115,30690,28910,96.0,29,2
S31431,Summit Auto Group,Summit Subaru Northgate,used,Ford,Mustang,2022,115,25874,24234,102.0,18,3
S31731,Summit Auto Group,Summit Volkswagen Eastdale,new,Volkswagen,Golf GTI,2026,115,43333,38004,103.7,18,2
S32538,Harbor Motor Group,Harbor Ford Portside,new,Ford,F-150,2026,114,27648,24094,103.6,85,0
S32303,Harbor Motor Group,Harbor Honda Seaside,new,Honda,HR-V,2026,114,40579,37592,94.3,203,1
S32376,Harbor Motor Group,Harbor Honda Seaside,used,Nissan,Sentra,2025,114,30196,26046,94.2,88,1
S31900,Summit Auto Group,Summit BMW,used,Chevrolet,Malibu,2024,114,51616,46594,94.5,111,5
S30288,Summit Auto Group,Summit Honda Westland,used,Toyota,Tundra,2024,114,26893,25289,101.6,108,0
S31294,Summit Auto Group,Summit Mazda Lakeside,used,Mazda,Mazda3,2023,114,23128,20144,104.9,516,1
S30164,Summit Auto Group,Summit Toyota of Fairview,used,Toyota,Tundra,2020,114,25280,24241,96.5,209,5
S32544,Harbor Motor Group,Harbor Ford Portside,new,Ford,Maverick,2026,113,51281,45390,100.0,49,1
S32144,Harbor Motor Group,Harbor Toyota Bayview,new,Toyota,RAV4,2026,113,32451,28930,101.8,52,1
S31181,Summit Auto Group,Summit Kia Brookfield,used,Kia,Sorento,2025,113,23199,20535,98.3,12,2
S31262,Summit Auto Group,Summit Kia Brookfield,used,Kia,Sorento,2018,113,23097,21199,95.9,40,0
S30902,Summit Auto Group,Summit Nissan Ridgemont,used,Toyota,Tundra,2020,113,30371,28435,104.2,380,1
S30911,Summit Auto Group,Summit Nissan Ridgemont,used,Chevrolet,Traverse,2021,113,28731,26173,95.5,60,0
S33233,Harbor Motor Group,Harbor BMW,new,BMW,X1,2026,112,59313,52377,103.5,212,1
S32624,Harbor Motor Group,Harbor Chevrolet Marina,used,Ford,Explorer,2022,112,28024,25110,100.1,60,2
S32399,Harbor Motor Group,Harbor Ford Portside,new,Ford,Explorer,2026,112,41795,40218,101.0,245,0
S32592,Harbor Motor Group,Harbor Ford Portside,new,Ford,Bronco,2026,112,41850,37828,101.3,155,1
S32207,Harbor Motor Group,Harbor Honda Seaside,new,Honda,CR-V,2026,112,28716,25375,93.3,265,1
S33108,Harbor Motor Group,Harbor Jeep Ram Anchor,new,Jeep Ram,Ram 2500,2026,112,28862,25349,101.2,71,1
S32843,Harbor Motor Group,Harbor Kia Lighthouse,used,Kia,Seltos,2021,112,31293,27003,97.0,99,0
S32172,Harbor Motor Group,Harbor Toyota Bayview,new,Toyota,Corolla,2026,112,39397,36675,106.0,50,0
S31939,Summit Auto Group,Summit BMW,used,Jeep Ram,Ram 1500,2022,112,31342,29894,104.3,201,1
S30805,Summit Auto Group,Summit Chevrolet Glenpark,new,Chevrolet,Traverse,2026,112,31983,30601,105.0,163,0
S30221,Summit Auto Group,Summit Toyota of Fairview,new,Toyota,Highlander,2026,112,49134,46237,94.2,332,0
S33326,Harbor Motor Group,Harbor BMW,used,BMW,3 Series,2025,111,39798,35455,96.5,204,2
S32443,Harbor Motor Group,Harbor Ford Portside,used,Nissan,Pathfinder,2025,111,21715,20525,103.0,111,5
S31769,Summit Auto Group,Summit BMW,new,BMW,5 Series,2026,111,58776,54559,104.3,45,0
S30177,Summit Auto Group,Summit Toyota of Fairview,new,Toyota,Tundra,2026,111,37052,35240,95.1,271,5
S32699,Harbor Motor Group,Harbor Chevrolet Marina,used,Chevrolet,Traverse,2021,110,18577,17033,96.1,133,5
S33025,Harbor Motor Group,Harbor Jeep Ram Anchor,new,Jeep Ram,Wrangler,2026,110,49218,46034,102.3,70,2
S33052,Harbor Motor Group,Harbor Jeep Ram Anchor,used,Jeep Ram,Grand Cherokee,2019,110,25525,22143,101.6,290,0
S32804,Harbor Motor Group,Harbor Kia Lighthouse,new,Kia,Telluride,2026,110,44272,39759,93.2,1150,0
S32832,Harbor Motor Group,Harbor Kia Lighthouse,new,Kia,Sportage,2026,110,42569,36624,99.9,155,0
S32089,Harbor Motor Group,Harbor Toyota Bayview,new,Toyota,Tundra,2026,110,35646,34331,93.2,433,3
S31786,Summit Auto Group,Summit BMW,used,Chevrolet,Tahoe,2025,110,48540,47001,104.7,306,1
S30776,Summit Auto Group,Summit Chevrolet Glenpark,used,Ford,Escape,2022,110,21042,19527,105.6,705,1
S30481,Summit Auto Group,Summit Ford Rivera,used,BMW,5 Series,2018,110,23331,21491,99.5,14,0
S31299,Summit Auto Group,Summit Mazda Lakeside,new,Mazda,CX-50,2026,110,43194,40427,104.2,529,5
S30938,Summit Auto Group,Summit Nissan Ridgemont,new,Nissan,Kicks,2026,110,48555,45157,101.2,189,3
S31424,Summit Auto Group,Summit Subaru Northgate,new,Subaru,Outback,2026,110,46865,41263,94.2,5,0
S31463,Summit Auto Group,Summit Subaru Northgate,new,Subaru,WRX,2026,110,41011,38335,100.1,24,1
S32274,Harbor Motor Group,Harbor Honda Seaside,used,Hyundai,Palisade,2024,109,29415,27013,104.0,88,1
S32286,Harbor Motor Group,Harbor Honda Seaside,used,Honda,Accord,2025,109,30522,26499,103.4,33,1
S32019,Harbor Motor Group,Harbor Toyota Bayview,new,Toyota,RAV4,2026,109,46705,41483,93.0,267,3
S31787,Summit Auto Group,Summit BMW,used,Honda,HR-V,2019,109,42992,38371,93.6,381,0
S31887,Summit Auto Group,Summit BMW,used,BMW,X3,2021,109,47802,41288,101.5,12,1
S30624,Summit Auto Group,Summit Ford Rivera,used,Ford,Explorer,2018,109,19664,17625,104.8,113,0
S30347,Summit Auto Group,Summit Honda Westland,new,Honda,HR-V,2026,109,45475,39176,102.0,20,2
S31247,Summit Auto Group,Summit Kia Brookfield,used,Ford,Maverick,2023,109,30670,26668,105.6,82,0
S31256,Summit Auto Group,Summit Kia Brookfield,new,Kia,Seltos,2026,109,42221,37284,97.7,109,0
S31379,Summit Auto Group,Summit Mazda Lakeside,used,Mazda,CX-5,2020,109,32385,29244,99.4,253,2
S32759,Harbor Motor Group,Harbor Chevrolet Marina,new,Chevrolet,Tahoe,2026,108,34605,30046,99.4,25,5
S31870,Summit Auto Group,Summit BMW,used,Toyota,Tundra,2021,108,48019,46331,95.1,115,1
S31947,Summit Auto Group,Summit BMW,new,BMW,5 Series,2026,108,57704,52494,97.3,49,1
S30814,Summit Auto Group,Summit Chevrolet Glenpark,new,Chevrolet,Equinox,2026,108,29038,27149,97.1,64,1
S30849,Summit Auto Group,Summit Chevrolet Glenpark,new,Chevrolet,Malibu,2026,108,33632,31547,97.9,211,1
S30475,Summit Auto Group,Summit Ford Rivera,new,Ford,Bronco,2026,108,36313,34290,96.9,162,1
S30521,Summit Auto Group,Summit Ford Rivera,new,Ford,Mustang,2026,108,30429,28369,94.3,36,0
S31242,Summit Auto Group,Summit Kia Brookfield,new,Kia,Sorento,2026,108,37939,33062,99.5,2,5
S32142,Harbor Motor Group,Harbor Toyota Bayview,new,Toyota,Tacoma,2026,107,37889,33044,100.8,102,0
S30769,Summit Auto Group,Summit Chevrolet Glenpark,used,Chevrolet,Malibu,2018,107,23977,22555,94.2,355,2
S30782,Summit Auto Group,Summit Chevrolet Glenpark,new,Chevrolet,Equinox,2026,107,46476,41861,101.8,444,1
S30268,Summit Auto Group,Summit Honda Westland,new,Honda,HR-V,2026,107,48836,47250,93.2,83,1
S31213,Summit Auto Group,Summit Kia Brookfield,new,Kia,Sportage,2026,107,34801,30409,103.1,111,3
S32852,Harbor Motor Group,Harbor Kia Lighthouse,used,Kia,Forte,2023,106,22686,21558,93.8,153,0
S31988,Harbor Motor Group,Harbor Toyota Bayview,new,Toyota,Highlander,2026,106,49198,44500,99.1,442,0
S32088,Harbor Motor Group,Harbor Toyota Bayview,used,Toyota,Corolla,2019,106,19718,18776,103.9,84,0
S30244,Summit Auto Group,Summit Honda Westland,used,Honda,Odyssey,2022,106,18973,17559,98.7,665,0
S30379,Summit Auto Group,Summit Honda Westland,used,Toyota,Tundra,2022,106,32198,28962,102.9,528,1
S30416,Summit Auto Group,Summit Honda Westland,new,Honda,Odyssey,2026,106,41155,35719,102.8,40,1
S30898,Summit Auto Group,Summit Nissan Ridgemont,used,Nissan,Altima,2018,106,29401,27069,98.6,49,1
S32548,Harbor Motor Group,Harbor Ford Portside,used,BMW,i4,2019,105,18307,17174,94.1,98,3
S32585,Harbor Motor Group,Harbor Ford Portside,new,Ford,Maverick,2026,105,46434,44127,103.9,176,5
S32299,Harbor Motor Group,Harbor Honda Seaside,used,Hyundai,Santa Fe,2019,105,29319,25565,94.7,569,2
S32853,Harbor Motor Group,Harbor Kia Lighthouse,new,Kia,Seltos,2026,105,51248,48306,99.4,100,3
S32869,Harbor Motor Group,Harbor Kia Lighthouse,used,Nissan,Rogue,2025,105,22877,20885,98.5,9,5
S32072,Harbor Motor Group,Harbor Toyota Bayview,new,Toyota,Tacoma,2026,105,28938,25545,105.4,214,0
S31881,Summit Auto Group,Summit BMW,new,BMW,X1,2026,105,50099,43847,104.3,101,3
S30802,Summit Auto Group,Summit Chevrolet Glenpark,new,Chevrolet,Traverse,2026,105,44293,39782,93.7,134,0
S30630,Summit Auto Group,Summit Ford Rivera,new,Ford,Explorer,2026,105,39240,34226,102.1,255,5
S31327,Summit Auto Group,Summit Mazda Lakeside,new,Mazda,CX-90,2026,105,45082,40291,98.2,99,5
S30947,Summit Auto Group,Summit Nissan Ridgemont,used,Jeep Ram,Grand Cherokee,2025,105,30798,29780,99.8,206,3
S30031,Summit Auto Group,Summit Toyota of Fairview,new,Toyota,RAV4,2026,105,28944,26077,97.5,77,1
S32117,Harbor Motor Group,Harbor Toyota Bayview,used,Chevrolet,Silverado,2019,104,29477,28374,102.4,47,1
S31797,Summit Auto Group,Summit BMW,used,BMW,3 Series,2022,104,38936,36460,105.1,35,3
S30302,Summit Auto Group,Summit Honda Westland,new,Honda,Accord,2026,104,34099,31990,93.7,514,5
S30394,Summit Auto Group,Summit Honda Westland,used,Honda,HR-V,2021,104,18031,16203,94.6,215,1
S30403,Summit Auto Group,Summit Honda Westland,new,Honda,Odyssey,2026,104,45938,44126,103.1,18,0
S30943,Summit Auto Group,Summit Nissan Ridgemont,used,Subaru,Outback,2019,104,23032,21454,98.8,87,0
S32369,Harbor Motor Group,Harbor Honda Seaside,new,Honda,Civic,2026,103,49672,46825,105.9,89,2
S33076,Harbor Motor Group,Harbor Jeep Ram Anchor,used,BMW,X1,2024,103,28282,25252,94.0,346,3
S31979,Harbor Motor Group,Harbor Toyota Bayview,new,Toyota,Camry,2026,103,40470,39009,95.4,102,1
S32007,Harbor Motor Group,Harbor Toyota Bayview,used,Toyota,Camry,2023,103,31656,29079,101.4,325,0
S32040,Harbor Motor Group,Harbor Toyota Bayview,new,Toyota,Tacoma,2026,103,46355,42606,99.9,176,0
S30843,Summit Auto Group,Summit Chevrolet Glenpark,new,Chevrolet,Trax,2026,103,43945,37884,102.9,272,1
S30306,Summit Auto Group,Summit Honda Westland,used,Honda,Accord,2025,103,27425,24936,105.6,490,0
S32714,Harbor Motor Group,Harbor Chevrolet Marina,used,Subaru,Impreza,2020,102,22421,20304,103.7,414,2
S32532,Harbor Motor Group,Harbor Ford Portside,new,Ford,Escape,2026,102,41660,37811,96.1,65,2
S32566,Harbor Motor Group,Harbor Ford Portside,used,Nissan,Kicks,2021,102,29841,26619,101.9,314,0
S33117,Harbor Motor Group,Harbor Jeep Ram Anchor,used,Chevrolet,Traverse,2021,102,24356,21330,93.1,142,0
S32090,Harbor Motor Group,Harbor Toyota Bayview,new,Toyota,Tacoma,2026,102,44757,39543,99.4,254,2
S31098,Summit Auto Group,Summit Hyundai Oakhurst,used,Kia,Forte,2018,102,26822,25885,97.0,101,0
S30900,Summit Auto Group,Summit Nissan Ridgemont,used,Nissan,Rogue,2021,102,21947,20640,99.0,22,1
S31425,Summit Auto Group,Summit Subaru Northgate,new,Subaru,WRX,2026,102,37267,32543,96.4,292,3
S30125,Summit Auto Group,Summit Toyota of Fairview,new,Toyota,Corolla,2026,102,28109,25774,97.1,299,1
S30215,Summit Auto Group,Summit Toyota of Fairview,used,Nissan,Rogue,2023,102,18748,16367,99.8,216,0
S33180,Harbor Motor Group,Harbor BMW,used,BMW,X3,2021,101,43980,37876,100.7,57,0
S32711,Harbor Motor Group,Harbor Chevrolet Marina,new,Chevrolet,Malibu,2026,101,48325,45800,93.7,25,3
S31924,Summit Auto Group,Summit BMW,new,BMW,X5,2026,101,75529,67041,102.7,15,0
S31940,Summit Auto Group,Summit BMW,used,BMW,3 Series,2023,101,29107,28153,104.2,186,0
S30725,Summit Auto Group,Summit Chevrolet Glenpark,new,Chevrolet,Malibu,2026,101,44522,42994,96.7,64,5
S30375,Summit Auto Group,Summit Honda Westland,used,Toyota,Tundra,2024,101,17677,15818,104.1,19,0
S31446,Summit Auto Group,Summit Subaru Northgate,new,Subaru,Forester,2026,101,26778,25040,98.8,987,2
S32229,Harbor Motor Group,Harbor Honda Seaside,used,Kia,Seltos,2020,100,21934,20210,104.7,2,0
S30704,Summit Auto Group,Summit Chevrolet Glenpark,new,Chevrolet,Trax,2026,100,33912,31330,100.6,112,0
S30811,Summit Auto Group,Summit Chevrolet Glenpark,used,Chevrolet,Silverado,2020,100,29121,25179,100.9,146,0
S30568,Summit Auto Group,Summit Ford Rivera,new,Ford,Escape,2026,100,30745,28303,101.5,52,2
S30409,Summit Auto Group,Summit Honda Westland,new,Honda,Odyssey,2026,100,50503,45793,95.1,372,5
S31157,Summit Auto Group,Summit Kia Brookfield,new,Kia,Forte,2026,100,50841,47719,93.8,240,1
S31188,Summit Auto Group,Summit Kia Brookfield,used,Kia,K5,2025,100,28284,27342,94.4,151,0
S30992,Summit Auto Group,Summit Nissan Ridgemont,new,Nissan,Altima,2026,100,30250,27986,95.9,152,2
S31419,Summit Auto Group,Summit Subaru Northgate,used,Subaru,Impreza,2025,100,22563,21385,101.8,101,2
S30100,Summit Auto Group,Summit Toyota of Fairview,new,Toyota,Camry,2026,100,28606,25727,95.0,277,1
S32534,Harbor Motor Group,Harbor Ford Portside,new,Ford,Escape,2026,99,30918,28554,95.6,68,2
S32039,Harbor Motor Group,Harbor Toyota Bayview,new,Toyota,Tundra,2026,99,41086,36071,94.2,65,0
S32183,Harbor Motor Group,Harbor Toyota Bayview,used,Kia,K5,2020,99,23422,20874,100.4,208,3
S31807,Summit Auto Group,Summit BMW,used,Toyota,Highlander,2022,99,43071,37735,98.2,40,3
S31828,Summit Auto Group,Summit BMW,new,BMW,5 Series,2026,99,81499,72850,102.6,95,2
S30676,Summit Auto Group,Summit Chevrolet Glenpark,used,Chevrolet,Trax,2025,99,21891,19951,93.7,83,1
S30664,Summit Auto Group,Summit Ford Rivera,new,Ford,Bronco,2026,99,33576,32158,96.1,373,0
S30263,Summit Auto Group,Summit Honda Westland,new,Honda,Civic,2026,99,49391,44968,96.5,231,5
S30424,Summit Auto Group,Summit Honda Westland,used,Toyota,Corolla,2018,99,19538,18578,99.9,304,1
S30055,Summit Auto Group,Summit Toyota of Fairview,used,Toyota,Tacoma,2024,99,20717,18641,96.5,86,0
S31738,Summit Auto Group,Summit Volkswagen Eastdale,new,Volkswagen,Taos,2026,99,36611,33207,98.7,51,0
S31744,Summit Auto Group,Summit Volkswagen Eastdale,new,Volkswagen,Taos,2026,99,34396,32714,94.0,353,3
S33267,Harbor Motor Group,Harbor BMW,used,BMW,i4,2023,98,47208,45360,102.3,175,1
S32595,Harbor Motor Group,Harbor Ford Portside,new,Ford,Bronco,2026,98,41140,37316,104.2,238,3
S33094,Harbor Motor Group,Harbor Jeep Ram Anchor,new,Jeep Ram,Ram 2500,2026,98,33722,29025,94.5,3,2
S32028,Harbor Motor Group,Harbor Toyota Bayview,used,BMW,5 Series,2025,98,30893,28058,102.2,528,3
S30547,Summit Auto Group,Summit Ford Rivera,new,Ford,Escape,2026,98,40211,34641,94.9,417,0
S30415,Summit Auto Group,Summit Honda Westland,used,Toyota,Highlander,2025,98,28134,26112,103.7,201,0
S30936,Summit Auto Group,Summit Nissan Ridgemont,used,Jeep Ram,Gladiator,2025,98,17704,17122,101.4,256,0
S30987,Summit Auto Group,Summit Nissan Ridgemont,new,Nissan,Kicks,2026,98,32830,29558,96.6,18,2
S33169,Harbor Motor Group,Harbor BMW,used,BMW,5 Series,2019,97,42468,38272,97.3,541,0
S32723,Harbor Motor Group,Harbor Chevrolet Marina,new,Chevrolet,Traverse,2026,97,48021,44849,102.9,243,2
S33012,Harbor Motor Group,Harbor Jeep Ram Anchor,used,Jeep Ram,Grand Cherokee,2020,97,31977,28723,105.8,111,2
S32828,Harbor Motor Group,Harbor Kia Lighthouse,used,Chevrolet,Trax,2025,97,18584,16772,101.3,32,1
S32085,Harbor Motor Group,Harbor Toyota Bayview,used,Toyota,Corolla,2024,97,24520,22596,95.2,176,0
S32127,Harbor Motor Group,Harbor Toyota Bayview,new,Toyota,Tundra,2026,97,41541,36770,104.7,98,5
S30742,Summit Auto Group,Summit Chevrolet Glenpark,new,Chevrolet,Malibu,2026,97,39377,37736,105.0,73,2
S33203,Harbor Motor Group,Harbor BMW,used,BMW,X5,2024,96,44681,41712,95.5,331,3
S33279,Harbor Motor Group,Harbor BMW,new,BMW,5 Series,2026,96,75169,66831,101.5,151,0
S32250,Harbor Motor Group,Harbor Honda Seaside,new,Honda,HR-V,2026,96,50972,47804,94.2,15,2
S32356,Harbor Motor Group,Harbor Honda Seaside,new,Honda,Accord,2026,96,30388,29024,95.4,63,3
S30807,Summit Auto Group,Summit Chevrolet Glenpark,new,Chevrolet,Tahoe,2026,96,39621,37294,102.5,57,5
S30660,Summit Auto Group,Summit Ford Rivera,used,BMW,X1,2023,96,20991,18108,97.9,416,5
S30343,Summit Auto Group,Summit Honda Westland,new,Honda,Accord,2026,96,30344,27909,99.0,322,0
S30439,Summit Auto Group,Summit Honda Westland,new,Honda,HR-V,2026,96,28182,25918,103.6,22,1
S30929,Summit Auto Group,Summit Nissan Ridgemont,used,Kia,Seltos,2021,96,17100,15638,94.3,93,0
S33218,Harbor Motor Group,Harbor BMW,new,BMW,i4,2026,95,62057,55719,93.3,266,0
S33256,Harbor Motor Group,Harbor BMW,used,BMW,3 Series,2024,95,45889,41419,96.9,18,0
S33321,Harbor Motor Group,Harbor BMW,new,BMW,i4,2026,95,50843,45080,94.3,146,3
S33088,Harbor Motor Group,Harbor Jeep Ram Anchor,used,Jeep Ram,Ram 1500,2021,95,18347,16841,95.2,98,1
S32897,Harbor Motor Group,Harbor Subaru Tidewater,new,Subaru,Ascent,2026,95,37604,34722,100.0,34,0
S31820,Summit Auto Group,Summit BMW,new,BMW,X3,2026,95,80115,72665,102.1,177,0
S31477,Summit Auto Group,Summit Subaru Northgate,used,Chevrolet,Traverse,2018,95,23161,20849,96.3,25,0
S31489,Summit Auto Group,Summit Subaru Northgate,used,Subaru,Impreza,2022,95,17769,16738,94.6,277,1
S30094,Summit Auto Group,Summit Toyota of Fairview,used,Toyota,RAV4,2020,95,25006,22167,101.0,96,1
S33241,Harbor Motor Group,Harbor BMW,used,BMW,X5,2018,94,31731,27571,104.2,290,0
S32657,Harbor Motor Group,Harbor Chevrolet Marina,new,Chevrolet,Malibu,2026,94,34891,33257,103.7,139,1
S32688,Harbor Motor Group,Harbor Chevrolet Marina,used,Jeep Ram,Ram 2500,2025,94,23681,21232,95.9,194,0
S32405,Harbor Motor Group,Harbor Ford Portside,used,Ford,Maverick,2021,94,19647,18415,102.1,29,0
S32509,Harbor Motor Group,Harbor Ford Portside,new,Ford,F-150,2026,94,47567,42808,99.1,186,0
S32554,Harbor Motor Group,Harbor Ford Portside,used,Hyundai,Kona,2023,94,24981,21557,102.7,40,5
S32248,Harbor Motor Group,Harbor Honda Seaside,used,Jeep Ram,Ram 2500,2022,94,17872,16892,105.3,182,5
S32921,Harbor Motor Group,Harbor Subaru Tidewater,used,Subaru,Ascent,2024,94,26783,24883,95.3,142,1
S31135,Summit Auto Group,Summit Hyundai Oakhurst,new,Hyundai,Santa Fe,2026,94,44965,41683,104.3,94,3
S31317,Summit Auto Group,Summit Mazda Lakeside,used,Mazda,CX-50,2020,94,20722,19665,102.1,168,1
S30122,Summit Auto Group,Summit Toyota of Fairview,used,Hyundai,Sonata,2023,94,30104,28987,102.9,114,0
S33265,Harbor Motor Group,Harbor BMW,new,BMW,X1,2026,93,57892,52168,104.4,153,0
S32698,Harbor Motor Group,Harbor Chevrolet Marina,new,Chevrolet,Malibu,2026,93,39244,35069,101.8,56,0
S32581,Harbor Motor Group,Harbor Ford Portside,used,Ford,Explorer,2025,93,25737,23328,100.7,50,3
S33063,Harbor Motor Group,Harbor Jeep Ram Anchor,used,Jeep Ram,Compass,2022,93,31114,26833,104.3,5,0
S30714,Summit Auto Group,Summit Chevrolet Glenpark,used,Chevrolet,Malibu,2019,93,23698,21411,95.1,25,1
S30736,Summit Auto Group,Summit Chevrolet Glenpark,new,Chevrolet,Equinox,2026,93,35924,31142,101.7,634,1
S30493,Summit Auto Group,Summit Ford Rivera,new,Ford,Bronco,2026,93,31873,28963,104.2,47,0
S30304,Summit Auto Group,Summit Honda Westland,used,Honda,Civic,2020,93,25496,23353,101.7,111,1
S31103,Summit Auto Group,Summit Hyundai Oakhurst,new,Hyundai,Kona,2026,93,45162,38898,93.5,181,3
S31144,Summit Auto Group,Summit Hyundai Oakhurst,new,Hyundai,Elantra,2026,93,43874,38254,99.5,4,3
S30857,Summit Auto Group,Summit Nissan Ridgemont,used,Hyundai,Sonata,2023,93,20515,19799,98.6,246,3
S30138,Summit Auto Group,Summit Toyota of Fairview,used,Jeep Ram,Compass,2023,93,19681,16955,100.9,48,0
S31708,Summit Auto Group,Summit Volkswagen Eastdale,used,Volkswagen,Tiguan,2019,93,27082,24031,102.6,182,0
S32608,Harbor Motor Group,Harbor Chevrolet Marina,new,Chevrolet,Tahoe,2026,92,48455,44221,98.8,210,3
S32610,Harbor Motor Group,Harbor Chevrolet Marina,used,Chevrolet,Malibu,2020,92,27151,23836,98.4,647,0
S32636,Harbor Motor Group,Harbor Chevrolet Marina,new,Chevrolet,Trax,2026,92,42096,38396,101.7,51,1
S32658,Harbor Motor Group,Harbor Chevrolet Marina,used,Chevrolet,Equinox,2024,92,29827,26933,99.9,483,5
S33140,Harbor Motor Group,Harbor Jeep Ram Anchor,new,Jeep Ram,Ram 2500,2026,92,39778,34973,98.4,72,3
S32167,Harbor Motor Group,Harbor Toyota Bayview,new,Toyota,RAV4,2026,92,47897,44359,98.5,201,0
S30507,Summit Auto Group,Summit Ford Rivera,new,Ford,Escape,2026,92,37634,34184,100.8,27,0
S30318,Summit Auto Group,Summit Honda Westland,used,Jeep Ram,Compass,2019,92,30615,27686,105.6,307,2
S31636,Summit Auto Group,Summit Jeep Ram Clearwater,new,Jeep Ram,Gladiator,2026,92,37806,35876,102.0,35,5
S31295,Summit Auto Group,Summit Mazda Lakeside,new,Mazda,CX-5,2026,92,48192,41746,105.2,342,0
S31004,Summit Auto Group,Summit Nissan Ridgemont,new,Nissan,Altima,2026,92,43221,39111,104.3,32,5
S32626,Harbor Motor Group,Harbor Chevrolet Marina,used,Chevrolet,Tahoe,2022,91,25802,23075,96.1,249,1
S32523,Harbor Motor Group,Harbor Ford Portside,new,Ford,Escape,2026,91,29058,26603,101.5,32,3
S32053,Harbor Motor Group,Harbor Toyota Bayview,new,Toyota,Tacoma,2026,91,40521,38467,105.7,385,3
S30614,Summit Auto Group,Summit Ford Rivera,new,Ford,Mustang,2026,91,26718,24042,98.1,216,1
S31538,Summit Auto Group,Summit Jeep Ram Clearwater,used,BMW,X3,2019,91,21161,20018,100.3,71,5
S31243,Summit Auto Group,Summit Kia Brookfield,new,Kia,Sorento,2026,91,37625,33154,93.3,137,1
S31279,Summit Auto Group,Summit Mazda Lakeside,new,Mazda,CX-90,2026,91,33103,30764,102.1,6,1
S30082,Summit Auto Group,Summit Toyota of Fairview,new,Toyota,RAV4,2026,91,44691,43331,105.3,321,1
S32683,Harbor Motor Group,Harbor Chevrolet Marina,used,Chevrolet,Tahoe,2019,90,18871,17302,95.9,22,2
S32222,Harbor Motor Group,Harbor Honda Seaside,used,BMW,3 Series,2023,90,20185,17405,94.2,46,0
S32877,Harbor Motor Group,Harbor Kia Lighthouse,new,Kia,Forte,2026,90,34450,30318,95.4,97,1
S32008,Harbor Motor Group,Harbor Toyota Bayview,used,Nissan,Altima,2018,90,30910,27851,94.9,263,0
S30815,Summit Auto Group,Summit Chevrolet Glenpark,new,Chevrolet,Trax,2026,90,39922,37080,95.4,208,0
S31268,Summit Auto Group,Summit Kia Brookfield,used,Ford,Mustang,2025,90,31782,29153,105.9,152,0
S30877,Summit Auto Group,Summit Nissan Ridgemont,used,Kia,K5,2022,90,25458,23519,98.4,209,3
S30053,Summit Auto Group,Summit Toyota of Fairview,new,Toyota,Tundra,2026,90,30234,28372,103.8,5,0
S30096,Summit Auto Group,Summit Toyota of Fairview,new,Toyota,Highlander,2026,90,42028,39919,97.2,261,0
S33227,Harbor Motor Group,Harbor BMW,used,BMW,3 Series,2023,89,34948,31504,106.0,231,0
S32406,Harbor Motor Group,Harbor Ford Portside,new,Ford,Mustang,2026,89,36228,33330,98.8,76,5
S32805,Harbor Motor Group,Harbor Kia Lighthouse,new,Kia,Telluride,2026,89,48186,41620,99.6,105,5
S32050,Harbor Motor Group,Harbor Toyota Bayview,used,Toyota,Highlander,2025,89,17456,16086,97.0,49,1
S30589,Summit Auto Group,Summit Ford Rivera,used,Ford,Explorer,2024,89,27327,25961,101.8,123,1
S30265,Summit Auto Group,Summit Honda Westland,new,Honda,HR-V,2026,89,47269,45210,102.7,141,2
S31112,Summit Auto Group,Summit Hyundai Oakhurst,used,Hyundai,Kona,2020,89,24908,23123,98.5,242,2
S31668,Summit Auto Group,Summit Jeep Ram Clearwater,new,Jeep Ram,Gladiator,2026,89,36333,32609,95.5,50,5
S31259,Summit Auto Group,Summit Kia Brookfield,new,Kia,K5,2026,89,41351,36510,94.6,243,0
S30989,Summit Auto Group,Summit Nissan Ridgemont,new,Nissan,Rogue,2026,89,41102,38288,99.0,98,0
S33250,Harbor Motor Group,Harbor BMW,new,BMW,i4,2026,88,72972,66412,101.0,91,0
S32200,Harbor Motor Group,Harbor Honda Seaside,new,Honda,Civic,2026,88,47154,42645,97.5,6,0
S32157,Harbor Motor Group,Harbor Toyota Bayview,used,Jeep Ram,Gladiator,2018,88,19959,17842,96.0,321,0
S31869,Summit Auto Group,Summit BMW,used,Subaru,Ascent,2023,88,27992,26666,102.4,19,2
S31927,Summit Auto Group,Summit BMW,used,BMW,5 Series,2021,88,34761,32762,95.8,104,5
S31177,Summit Auto Group,Summit Kia Brookfield,used,Kia,Telluride,2020,88,26729,23527,101.2,338,0
S30855,Summit Auto Group,Summit Nissan Ridgemont,new,Nissan,Frontier,2026,88,48868,42481,94.2,72,2
S31437,Summit Auto Group,Summit Subaru Northgate,used,Subaru,Crosstrek,2022,88,20409,19607,102.6,266,0
S30077,Summit Auto Group,Summit Toyota of Fairview,new,Toyota,Corolla,2026,88,40576,35333,99.5,206,1
S31760,Summit Auto Group,Summit Volkswagen Eastdale,new,Volkswagen,Atlas,2026,88,41496,36692,100.3,604,0
S32632,Harbor Motor Group,Harbor Chevrolet Marina,new,Chevrolet,Trax,2026,87,35738,31377,97.6,366,1
S32569,Harbor Motor Group,Harbor Ford Portside,used,Ford,Bronco,2024,87,28491,25519,103.7,493,2
S31831,Summit Auto Group,Summit BMW,used,Toyota,Tundra,2019,87,34006,29299,97.7,279,0
S31902,Summit Auto Group,Summit BMW,new,BMW,i4,2026,87,61259,53567,97.4,393,3
S30767,Summit Auto Group,Summit Chevrolet Glenpark,used,Chevrolet,Trax,2023,87,31449,29145,101.6,14,0
S30771,Summit Auto Group,Summit Chevrolet Glenpark,used,Chevrolet,Silverado,2023,87,31947,28186,103.8,221,0
S30469,Summit Auto Group,Summit Ford Rivera,used,Jeep Ram,Grand Cherokee,2019,87,25829,23634,97.7,233,5
S30242,Summit Auto Group,Summit Honda Westland,used,Hyundai,Kona,2025,87,26041,24170,101.7,197,1
S30436,Summit Auto Group,Summit Honda Westland,used,Kia,Telluride,2023,87,27207,26216,96.0,224,3
S30009,Summit Auto Group,Summit Toyota of Fairview,used,Subaru,Crosstrek,2020,87,20182,18697,96.9,236,0
S33234,Harbor Motor Group,Harbor BMW,new,BMW,X1,2026,86,78827,75790,96.7,195,0
S32490,Harbor Motor Group,Harbor Ford Portside,used,Toyota,Tacoma,2022,86,28873,25845,96.9,194,0
S32555,Harbor Motor Group,Harbor Ford Portside,new,Ford,Bronco,2026,86,37594,33006,93.8,144,1
S32559,Harbor Motor Group,Harbor Ford Portside,new,Ford,Mustang,2026,86,48954,42269,104.5,249,3
S32816,Harbor Motor Group,Harbor Kia Lighthouse,used,Honda,Odyssey,2021,86,21956,19043,97.7,68,0
S30641,Summit Auto Group,Summit Ford Rivera,new,Ford,Explorer,2026,86,34964,33229,95.1,254,1
S31362,Summit Auto Group,Summit Mazda Lakeside,new,Mazda,CX-30,2026,86,32569,29483,96.4,137,0
S30895,Summit Auto Group,Summit Nissan Ridgemont,new,Nissan,Altima,2026,86,38397,33889,93.6,75,1
S30977,Summit Auto Group,Summit Nissan Ridgemont,new,Nissan,Kicks,2026,86,49183,45526,98.4,65,0
S31002,Summit Auto Group,Summit Nissan Ridgemont,new,Nissan,Kicks,2026,86,29863,26995,95.3,485,1
S31386,Summit Auto Group,Summit Subaru Northgate,new,Subaru,Outback,2026,86,35700,30990,102.2,48,0
S30034,Summit Auto Group,Summit Toyota of Fairview,used,Kia,Telluride,2018,86,19873,18290,101.5,349,3
S32301,Harbor Motor Group,Harbor Honda Seaside,new,Honda,Accord,2026,85,47909,42401,100.1,99,0
S33077,Harbor Motor Group,Harbor Jeep Ram Anchor,used,Jeep Ram,Gladiator,2018,85,29964,26703,97.0,36,1
S31935,Summit Auto Group,Summit BMW,used,BMW,i4,2025,85,40487,37772,101.3,191,1
S30656,Summit Auto Group,Summit Ford Rivera,used,Ford,Explorer,2021,85,24074,22276,94.4,188,3
S30266,Summit Auto Group,Summit Honda Westland,new,Honda,Odyssey,2026,85,39342,34243,105.2,109,0
S32672,Harbor Motor Group,Harbor Chevrolet Marina,new,Chevrolet,Traverse,2026,84,34940,32587,96.8,50,2
S32322,Harbor Motor Group,Harbor Honda Seaside,used,Honda,Civic,2024,84,30039,26213,97.5,234,3
S32768,Harbor Motor Group,Harbor Kia Lighthouse,used,Toyota,Tacoma,2025,84,30956,28077,98.3,784,2
S32174,Harbor Motor Group,Harbor Toyota Bayview,used,Toyota,Highlander,2021,84,20316,18749,97.2,88,1
S30456,Summit Auto Group,Summit Ford Rivera,used,Chevrolet,Silverado,2020,84,29652,26158,103.2,291,5
S31647,Summit Auto Group,Summit Jeep Ram Clearwater,new,Jeep Ram,Ram 1500,2026,84,40002,38484,94.7,26,2
S31147,Summit Auto Group,Summit Kia Brookfield,used,Kia,Sorento,2023,84,30881,27737,101.8,158,1
S32214,Harbor Motor Group,Harbor Honda Seaside,used,Ford,Explorer,2020,83,25793,24795,105.9,39,0
S33089,Harbor Motor Group,Harbor Jeep Ram Anchor,new,Jeep Ram,Gladiator,2026,83,38464,33126,101.5,558,1
S31782,Summit Auto Group,Summit BMW,used,BMW,3 Series,2025,83,50915,49088,93.7,238,2
S30722,Summit Auto Group,Summit Chevrolet Glenpark,new,Chevrolet,Trax,2026,83,34082,31150,101.1,222,0
S30399,Summit Auto Group,Summit Honda Westland,new,Honda,HR-V,2026,83,47094,42258,104.2,474,3
S31154,Summit Auto Group,Summit Kia Brookfield,new,Kia,Sorento,2026,83,43745,40275,99.4,112,5
S31249,Summit Auto Group,Summit Kia Brookfield,new,Kia,Seltos,2026,83,35170,32514,100.1,105,0
S30974,Summit Auto Group,Summit Nissan Ridgemont,new,Nissan,Kicks,2026,83,45935,42361,104.3,152,3
S31394,Summit Auto Group,Summit Subaru Northgate,used,Subaru,Forester,2021,83,17352,15783,96.1,163,5
S30214,Summit Auto Group,Summit Toyota of Fairview,new,Toyota,Camry,2026,83,31849,28021,94.6,54,1
S33320,Harbor Motor Group,Harbor BMW,used,BMW,X1,2023,82,47119,45289,99.6,466,1
S32330,Harbor Motor Group,Harbor Honda Seaside,new,Honda,Civic,2026,82,28540,25988,98.2,48,0
S32047,Harbor Motor Group,Harbor Toyota Bayview,new,Toyota,Camry,2026,82,47047,41708,94.6,33,2
S31780,Summit Auto Group,Summit BMW,new,BMW,X5,2026,82,71219,64332,104.6,233,1
S31852,Summit Auto Group,Summit BMW,new,BMW,X3,2026,82,73498,64075,102.7,86,2
S31872,Summit Auto Group,Summit BMW,used,BMW,X5,2023,82,40525,38769,96.3,61,1
S30540,Summit Auto Group,Summit Ford Rivera,used,Ford,Bronco,2019,82,22355,20301,106.0,85,3
S30612,Summit Auto Group,Summit Ford Rivera,new,Ford,Explorer,2026,82,35510,32783,99.3,128,0
S30345,Summit Auto Group,Summit Honda Westland,new,Honda,Pilot,2026,82,46955,43888,105.0,111,2
S30417,Summit Auto Group,Summit Honda Westland,new,Honda,Odyssey,2026,82,44174,40673,93.0,111,3
S31500,Summit Auto Group,Summit Jeep Ram Clearwater,used,Toyota,Camry,2019,82,22460,20299,98.9,144,0
S31285,Summit Auto Group,Summit Mazda Lakeside,used,Honda,Pilot,2021,82,23311,20318,98.0,484,1
S31494,Summit Auto Group,Summit Subaru Northgate,used,BMW,3 Series,2023,82,17931,16454,105.0,21,0
S30035,Summit Auto Group,Summit Toyota of Fairview,used,Toyota,RAV4,2019,82,25751,23755,93.9,390,2
S30225,Summit Auto Group,Summit Toyota of Fairview,used,Toyota,Camry,2018,82,25319,23580,97.8,79,0
S33202,Harbor Motor Group,Harbor BMW,new,BMW,5 Series,2026,81,66914,59329,103.3,129,5
S33238,Harbor Motor Group,Harbor BMW,used,BMW,i4,2018,81,45266,39594,102.9,434,1
S33325,Harbor Motor Group,Harbor BMW,new,BMW,3 Series,2026,81,61308,53941,105.7,70,1
S32680,Harbor Motor Group,Harbor Chevrolet Marina,used,BMW,X1,2025,81,28336,26362,97.6,88,5
S32467,Harbor Motor Group,Harbor Ford Portside,new,Ford,Escape,2026,81,40835,37179,103.6,406,5
S32527,Harbor Motor Group,Harbor Ford Portside,used,Ford,Maverick,2023,81,19089,18212,104.8,745,0
S32252,Harbor Motor Group,Harbor Honda Seaside,used,Hyundai,Kona,2023,81,26343,23075,100.2,302,1
S33067,Harbor Motor Group,Harbor Jeep Ram Anchor,used,Toyota,Camry,2019,81,24227,23405,93.4,31,0
S33104,Harbor Motor Group,Harbor Jeep Ram Anchor,used,Jeep Ram,Ram 1500,2019,81,21374,20427,94.8,24,0
S33146,Harbor Motor Group,Harbor Jeep Ram Anchor,new,Jeep Ram,Gladiator,2026,81,44960,43071,94.2,3,0
S30795,Summit Auto Group,Summit Chevrolet Glenpark,new,Chevrolet,Silverado,2026,81,30684,29278,100.5,277,3
S31523,Summit Auto Group,Summit Jeep Ram Clearwater,used,Nissan,Frontier,2021,81,23498,22015,96.5,191,1
S31526,Summit Auto Group,Summit Jeep Ram Clearwater,used,Honda,Accord,2024,81,30389,26844,93.8,323,0
S31357,Summit Auto Group,Summit Mazda Lakeside,new,Mazda,CX-5,2026,81,48683,44629,99.5,74,1
S30070,Summit Auto Group,Summit Toyota of Fairview,new,Toyota,Highlander,2026,81,42814,38997,93.1,290,0
S30115,Summit Auto Group,Summit Toyota of Fairview,new,Toyota,Corolla,2026,81,47873,42648,97.8,112,5
S30238,Summit Auto Group,Summit Toyota of Fairview,new,Toyota,Tundra,2026,81,42425,36676,101.7,32,5
S33319,Harbor Motor Group,Harbor BMW,used,Chevrolet,Traverse,2024,80,46865,44830,94.1,129,0
S32625,Harbor Motor Group,Harbor Chevrolet Marina,new,Chevrolet,Trax,2026,80,38677,36470,93.0,81,3
S32120,Harbor Motor Group,Harbor Toyota Bayview,used,Toyota,Corolla,2021,80,22012,19845,104.9,540,2
S31793,Summit Auto Group,Summit BMW,new,BMW,3 Series,2026,80,65891,57531,96.1,117,2
S31883,Summit Auto Group,Summit BMW,used,BMW,X3,2018,80,44077,40090,94.0,67,0
S30674,Summit Auto Group,Summit Chevrolet Glenpark,used,Nissan,Pathfinder,2025,80,17190,15940,101.0,487,2
S30605,Summit Auto Group,Summit Ford Rivera,new,Ford,Escape,2026,80,33895,29463,93.2,2,5
S31030,Summit Auto Group,Summit Hyundai Oakhurst,new,Hyundai,Sonata,2026,80,34170,30757,94.1,26,1
S31342,Summit Auto Group,Summit Mazda Lakeside,new,Mazda,CX-30,2026,80,37461,35413,96.8,1,2
S31371,Summit Auto Group,Summit Mazda Lakeside,used,Mazda,CX-50,2018,80,23880,21138,97.3,486,2
S31673,Summit Auto Group,Summit Volkswagen Eastdale,used,Hyundai,Kona,2025,80,27122,25375,97.7,539,5
S32393,Harbor Motor Group,Harbor Ford Portside,new,Ford,Mustang,2026,79,26992,23928,101.7,104,0
S32546,Harbor Motor Group,Harbor Ford Portside,new,Ford,Mustang,2026,79,45966,40596,101.0,33,3
S32549,Harbor Motor Group,Harbor Ford Portside,used,Ford,Explorer,2023,79,28238,25293,102.3,177,1
S33143,Harbor Motor Group,Harbor Jeep Ram Anchor,new,Jeep Ram,Compass,2026,79,43597,42172,105.3,946,5
S32961,Harbor Motor Group,Harbor Subaru Tidewater,new,Subaru,Impreza,2026,79,28700,26746,101.0,103,3
S32124,Harbor Motor Group,Harbor Toyota Bayview,new,Toyota,Corolla,2026,79,31071,28433,95.3,100,5
S30702,Summit Auto Group,Summit Chevrolet Glenpark,new,Chevrolet,Malibu,2026,79,42227,37118,96.4,48,3
S30527,Summit Auto Group,Summit Ford Rivera,new,Ford,F-150,2026,79,32547,30403,96.7,263,0
S31171,Summit Auto Group,Summit Kia Brookfield,new,Kia,Sportage,2026,79,41186,36605,97.3,191,0
S30044,Summit Auto Group,Summit Toyota of Fairview,used,Subaru,Forester,2022,79,22685,19751,93.5,94,2
S33200,Harbor Motor Group,Harbor BMW,new,BMW,X5,2026,78,80525,69621,100.0,0,3
S32196,Harbor Motor Group,Harbor Honda Seaside,used,Honda,Accord,2022,78,32107,29053,101.3,157,5
S32221,Harbor Motor Group,Harbor Honda Seaside,used,Honda,Accord,2018,78,31663,29396,97.1,2,0
S33014,Harbor Motor Group,Harbor Jeep Ram Anchor,new,Jeep Ram,Ram 2500,2026,78,41496,38403,94.3,188,2
S32011,Harbor Motor Group,Harbor Toyota Bayview,used,Toyota,RAV4,2021,78,24557,22277,105.6,54,0
S31903,Summit Auto Group,Summit BMW,used,BMW,i4,2022,78,46615,44114,101.9,203,0
S30677,Summit Auto Group,Summit Chevrolet Glenpark,used,Chevrolet,Silverado,2025,78,19346,18477,98.2,157,2
S30299,Summit Auto Group,Summit Honda Westland,new,Honda,HR-V,2026,78,31886,28281,94.5,400,3
S31140,Summit Auto Group,Summit Hyundai Oakhurst,used,Honda,Odyssey,2024,78,18150,17259,97.2,140,0
S31506,Summit Auto Group,Summit Jeep Ram Clearwater,used,Honda,Civic,2021,78,30706,27634,104.4,92,0
S31557,Summit Auto Group,Summit Jeep Ram Clearwater,used,Jeep Ram,Grand Cherokee,2024,78,28027,26307,99.0,285,1
S31271,Summit Auto Group,Summit Kia Brookfield,new,Kia,Telluride,2026,78,32877,31673,101.9,195,0
S31329,Summit Auto Group,Summit Mazda Lakeside,new,Mazda,CX-90,2026,78,42400,37045,95.5,68,1
S30014,Summit Auto Group,Summit Toyota of Fairview,new,Toyota,Tacoma,2026,78,43080,38516,103.2,141,0
S33258,Harbor Motor Group,Harbor BMW,used,BMW,X3,2022,77,51829,46700,99.1,9,0
S32231,Harbor Motor Group,Harbor Honda Seaside,used,Honda,Civic,2021,77,17149,15691,98.9,48,3
S30267,Summit Auto Group,Summit Honda Westland,new,Honda,Pilot,2026,77,31684,29811,99.5,8,1
S30292,Summit Auto Group,Summit Honda Westland,new,Honda,HR-V,2026,77,36147,31709,105.8,44,0
S30310,Summit Auto Group,Summit Honda Westland,new,Honda,HR-V,2026,77,35165,30266,93.1,30,3
S31237,Summit Auto Group,Summit Kia Brookfield,new,Kia,Telluride,2026,77,28147,26218,95.4,102,1
S31325,Summit Auto Group,Summit Mazda Lakeside,used,Nissan,Altima,2020,77,28899,26468,99.2,65,2
S30863,Summit Auto Group,Summit Nissan Ridgemont,used,Hyundai,Santa Fe,2019,77,28090,24923,104.3,255,5
S30017,Summit Auto Group,Summit Toyota of Fairview,used,Kia,Telluride,2021,77,17110,15671,104.5,121,0
S30038,Summit Auto Group,Summit Toyota of Fairview,used,Subaru,Ascent,2020,77,27343,25173,104.2,71,2
S31729,Summit Auto Group,Summit Volkswagen Eastdale,new,Volkswagen,Taos,2026,77,41186,37838,93.7,921,0
S33216,Harbor Motor Group,Harbor BMW,used,Chevrolet,Tahoe,2019,76,44668,40151,101.6,363,1
S32515,Harbor Motor Group,Harbor Ford Portside,new,Ford,Maverick,2026,76,50442,45476,105.5,180,5
S33045,Harbor Motor Group,Harbor Jeep Ram Anchor,new,Jeep Ram,Gladiator,2026,76,27183,23782,95.4,202,1
S30462,Summit Auto Group,Summit Ford Rivera,new,Ford,Mustang,2026,76,42592,36955,100.8,96,3
S30385,Summit Auto Group,Summit Honda Westland,new,Honda,Pilot,2026,76,35730,32105,94.1,50,3
S30875,Summit Auto Group,Summit Nissan Ridgemont,used,Nissan,Rogue,2019,76,20846,18230,99.7,434,3
S30104,Summit Auto Group,Summit Toyota of Fairview,new,Toyota,Corolla,2026,76,33429,30669,97.1,473,2
S31687,Summit Auto Group,Summit Volkswagen Eastdale,new,Volkswagen,Tiguan,2026,76,43266,40415,105.6,538,1
S31758,Summit Auto Group,Summit Volkswagen Eastdale,new,Volkswagen,Jetta,2026,76,38041,35136,102.0,47,0
S32265,Harbor Motor Group,Harbor Honda Seaside,new,Honda,Accord,2026,75,35884,33355,93.7,412,2
S33080,Harbor Motor Group,Harbor Jeep Ram Anchor,new,Jeep Ram,Wrangler,2026,75,37603,35308,93.6,584,0
S32896,Harbor Motor Group,Harbor Subaru Tidewater,new,Subaru,Outback,2026,75,50940,45852,100.4,111,3
S30846,Summit Auto Group,Summit Chevrolet Glenpark,new,Chevrolet,Traverse,2026,75,46319,40504,93.7,13,0
S30634,Summit Auto Group,Summit Ford Rivera,new,Ford,Bronco,2026,75,27839,26554,93.1,103,5
S31328,Summit Auto Group,Summit Mazda Lakeside,new,Mazda,MX-5,2026,75,33093,28968,105.6,92,1
S30072,Summit Auto Group,Summit Toyota of Fairview,used,Subaru,Crosstrek,2020,75,31100,28839,100.6,59,0
S30102,Summit Auto Group,Summit Toyota of Fairview,used,Toyota,Highlander,2020,75,18594,17586,98.6,529,1
S30103,Summit Auto Group,Summit Toyota of Fairview,new,Toyota,Tundra,2026,75,39048,33898,99.4,796,1
S30217,Summit Auto Group,Summit Toyota of Fairview,used,Ford,Escape,2025,75,20948,18123,103.9,287,0
S30230,Summit Auto Group,Summit Toyota of Fairview,new,Toyota,RAV4,2026,75,42048,36732,94.7,48,0
S31755,Summit Auto Group,Summit Volkswagen Eastdale,used,Volkswagen,Tiguan,2022,75,19072,18260,96.4,211,0
S32761,Harbor Motor Group,Harbor Chevrolet Marina,used,Chevrolet,Silverado,2020,74,29373,27107,104.2,9,0
S32201,Harbor Motor Group,Harbor Honda Seaside,new,Honda,Civic,2026,74,32244,29749,103.9,287,1
S32239,Harbor Motor Group,Harbor Honda Seaside,used,Jeep Ram,Ram 1500,2020,74,23124,21262,105.1,46,0
S32857,Harbor Motor Group,Harbor Kia Lighthouse,new,Kia,Telluride,2026,74,29236,26379,99.9,33,1
S32122,Harbor Motor Group,Harbor Toyota Bayview,used,Toyota,Camry,2021,74,31228,28470,93.3,211,1
S31842,Summit Auto Group,Summit BMW,used,Nissan,Rogue,2023,74,41648,36638,94.3,198,5
S31896,Summit Auto Group,Summit BMW,used,Hyundai,Sonata,2019,74,39053,36205,103.3,59,0
S30397,Summit Auto Group,Summit Honda Westland,used,Honda,Odyssey,2020,74,23091,21239,100.0,40,3
S31063,Summit Auto Group,Summit Hyundai Oakhurst,used,Hyundai,Elantra,2024,74,18986,16900,96.8,23,0
S31124,Summit Auto Group,Summit Hyundai Oakhurst,new,Hyundai,Palisade,2026,74,50026,43928,95.1,29,1
S31487,Summit Auto Group,Summit Subaru Northgate,used,Subaru,Impreza,2023,74,29966,26798,101.0,138,5
S33231,Harbor Motor Group,Harbor BMW,new,BMW,3 Series,2026,73,70761,67688,95.1,285,0
S32677,Harbor Motor Group,Harbor Chevrolet Marina,new,Chevrolet,Malibu,2026,73,41503,36536,101.6,202,5
S32525,Harbor Motor Group,Harbor Ford Portside,used,Ford,Maverick,2022,73,20126,19440,105.6,61,3
S32352,Harbor Motor Group,Harbor Honda Seaside,new,Honda,HR-V,2026,73,28511,27257,93.4,71,0
S32960,Harbor Motor Group,Harbor Subaru Tidewater,new,Subaru,WRX,2026,73,45266,40299,94.2,291,3
S31972,Harbor Motor Group,Harbor Toyota Bayview,used,Toyota,Tundra,2023,73,20291,18367,99.6,140,1
S32106,Harbor Motor Group,Harbor Toyota Bayview,new,Toyota,Tacoma,2026,73,38918,36945,99.5,937,1
S31850,Summit Auto Group,Summit BMW,new,BMW,3 Series,2026,73,69324,62861,97.9,58,0
S31875,Summit Auto Group,Summit BMW,new,BMW,5 Series,2026,73,73585,64667,103.8,143,0
S30743,Summit Auto Group,Summit Chevrolet Glenpark,used,Chevrolet,Tahoe,2020,73,24303,22854,103.4,451,0
S30816,Summit Auto Group,Summit Chevrolet Glenpark,used,Subaru,Outback,2019,73,23845,22234,105.5,41,0
S30847,Summit Auto Group,Summit Chevrolet Glenpark,new,Chevrolet,Trax,2026,73,51009,48317,100.7,216,1
S31528,Summit Auto Group,Summit Jeep Ram Clearwater,used,Jeep Ram,Ram 1500,2024,73,24941,22853,93.6,16,0
S31591,Summit Auto Group,Summit Jeep Ram Clearwater,used,Honda,Civic,2018,73,22550,19658,100.5,97,0
S30967,Summit Auto Group,Summit Nissan Ridgemont,new,Nissan,Frontier,2026,73,29002,24987,100.2,63,0
S30099,Summit Auto Group,Summit Toyota of Fairview,new,Toyota,Highlander,2026,73,38506,34561,97.1,70,3
S30148,Summit Auto Group,Summit Toyota of Fairview,used,Toyota,Corolla,2022,73,27115,24191,94.4,453,1
S32489,Harbor Motor Group,Harbor Ford Portside,used,Chevrolet,Traverse,2021,72,24411,21182,93.1,75,3
S32195,Harbor Motor Group,Harbor Honda Seaside,new,Honda,Pilot,2026,72,41928,40036,105.8,151,2
S32223,Harbor Motor Group,Harbor Honda Seaside,new,Honda,Civic,2026,72,43571,39727,101.2,197,0
S32834,Harbor Motor Group,Harbor Kia Lighthouse,used,Kia,Seltos,2018,72,25926,23867,99.0,217,3
S31898,Summit Auto Group,Summit BMW,used,Honda,CR-V,2018,72,39526,34266,93.8,21,5
S31918,Summit Auto Group,Summit BMW,new,BMW,3 Series,2026,72,75715,66999,97.0,416,1
S30290,Summit Auto Group,Summit Honda Westland,new,Honda,HR-V,2026,72,30790,28978,101.8,112,3
S30360,Summit Auto Group,Summit Honda Westland,new,Honda,Pilot,2026,72,44287,41094,97.8,114,0
S31115,Summit Auto Group,Summit Hyundai Oakhurst,new,Hyundai,Sonata,2026,72,48249,41553,98.6,5,5
S30996,Summit Auto Group,Summit Nissan Ridgemont,used,Nissan,Frontier,2023,72,24277,22026,100.6,105,0
S30212,Summit Auto Group,Summit Toyota of Fairview,new,Toyota,RAV4,2026,72,41051,39789,102.2,111,0
S30226,Summit Auto Group,Summit Toyota of Fairview,used,Ford,F-150,2019,72,31152,28593,101.0,515,0
S33211,Harbor Motor Group,Harbor BMW,used,Toyota,Tundra,2020,71,44736,41152,98.0,52,2
S33261,Harbor Motor Group,Harbor BMW,used,BMW,3 Series,2023,71,40870,36976,95.5,113,3
S32426,Harbor Motor Group,Harbor Ford Portside,used,Ford,Maverick,2019,71,17561,15781,101.9,357,5
S32524,Harbor Motor Group,Harbor Ford Portside,used,Ford,Maverick,2022,71,28732,27509,105.5,54,1
S32550,Harbor Motor Group,Harbor Ford Portside,new,Ford,Maverick,2026,71,41611,39105,95.5,59,1
S33075,Harbor Motor Group,Harbor Jeep Ram Anchor,used,Jeep Ram,Grand Cherokee,2018,71,20238,19608,94.2,145,3
S32939,Harbor Motor Group,Harbor Subaru Tidewater,used,Chevrolet,Equinox,2024,71,24971,21638,93.3,90,2
S31966,Harbor Motor Group,Harbor Toyota Bayview,new,Toyota,Tundra,2026,71,32367,29623,95.3,53,5
S30835,Summit Auto Group,Summit Chevrolet Glenpark,new,Chevrolet,Tahoe,2026,71,28129,26582,96.4,13,0
S30355,Summit Auto Group,Summit Honda Westland,used,Honda,Odyssey,2023,71,29000,26609,96.9,170,0
S30414,Summit Auto Group,Summit Honda Westland,used,Honda,Civic,2018,71,25254,24160,102.5,361,5
S31546,Summit Auto Group,Summit Jeep Ram Clearwater,used,Jeep Ram,Ram 1500,2019,71,27935,24800,96.0,298,2
S30050,Summit Auto Group,Summit Toyota of Fairview,used,Nissan,Pathfinder,2019,71,17640,16770,95.6,18,2
S30153,Summit Auto Group,Summit Toyota of Fairview,used,Toyota,Tacoma,2018,71,31585,30175,97.4,2,0
S32219,Harbor Motor Group,Harbor Honda Seaside,used,Honda,Pilot,2020,70,18145,16897,99.6,105,1
S32241,Harbor Motor Group,Harbor Honda Seaside,new,Honda,Civic,2026,70,45196,42297,98.5,105,0
S32298,Harbor Motor Group,Harbor Honda Seaside,used,Honda,Accord,2018,70,31717,29197,93.9,416,0
S33066,Harbor Motor Group,Harbor Jeep Ram Anchor,new,Jeep Ram,Ram 1500,2026,70,40802,38696,95.8,293,2
S32959,Harbor Motor Group,Harbor Subaru Tidewater,used,Kia,Seltos,2022,70,20506,17655,103.3,40,2
S32999,Harbor Motor Group,Harbor Subaru Tidewater,new,Subaru,Outback,2026,70,48635,46757,93.1,2,3
S31930,Summit Auto Group,Summit BMW,new,BMW,X5,2026,70,47092,42752,101.1,7,0
S30579,Summit Auto Group,Summit Ford Rivera,used,Ford,Explorer,2025,70,21901,19157,101.5,12,1
S30645,Summit Auto Group,Summit Ford Rivera,new,Ford,Mustang,2026,70,44298,40695,95.2,228,1
S31012,Summit Auto Group,Summit Hyundai Oakhurst,new,Hyundai,Elantra,2026,70,43015,40008,99.0,152,1
S31110,Summit Auto Group,Summit Hyundai Oakhurst,new,Hyundai,Sonata,2026,70,35106,31462,105.6,305,2
S31609,Summit Auto Group,Summit Jeep Ram Clearwater,new,Jeep Ram,Ram 2500,2026,70,36436,32435,99.3,221,3
S31185,Summit Auto Group,Summit Kia Brookfield,new,Kia,Telluride,2026,70,43545,41838,96.9,93,2
S31333,Summit Auto Group,Summit Mazda Lakeside,new,Mazda,CX-30,2026,70,47602,43264,94.1,102,0
S30913,Summit Auto Group,Summit Nissan Ridgemont,used,Nissan,Pathfinder,2023,70,26999,25241,96.3,28,5
S31391,Summit Auto Group,Summit Subaru Northgate,new,Subaru,Outback,2026,70,36967,32435,105.8,347,1
S31393,Summit Auto Group,Summit Subaru Northgate,new,Subaru,Ascent,2026,70,33849,31058,103.3,73,5
S31485,Summit Auto Group,Summit Subaru Northgate,new,Subaru,Outback,2026,70,30085,29130,100.0,186,3
S31496,Summit Auto Group,Summit Subaru Northgate,new,Subaru,Impreza,2026,70,38086,36545,96.7,345,2
S30181,Summit Auto Group,Summit Toyota of Fairview,used,Toyota,Tacoma,2020,70,18622,17600,96.3,333,1
S31722,Summit Auto Group,Summit Volkswagen Eastdale,new,Volkswagen,Atlas,2026,70,40799,38971,96.2,100,1
S31763,Summit Auto Group,Summit Volkswagen Eastdale,used,Volkswagen,Tiguan,2019,70,30862,26961,101.9,36,0
S33163,Harbor Motor Group,Harbor BMW,new,BMW,3 Series,2026,69,80257,70542,101.5,65,0
S32742,Harbor Motor Group,Harbor Chevrolet Marina,used,Chevrolet,Malibu,2025,69,23462,21160,93.7,292,1
S32220,Harbor Motor Group,Harbor Honda Seaside,new,Honda,Civic,2026,69,39504,37481,93.3,7,0
S32813,Harbor Motor Group,Harbor Kia Lighthouse,new,Kia,K5,2026,69,37327,32288,97.3,88,1
S32079,Harbor Motor Group,Harbor Toyota Bayview,new,Toyota,Highlander,2026,69,46777,44493,104.0,40,0
S32091,Harbor Motor Group,Harbor Toyota Bayview,used,Kia,K5,2021,69,19021,17175,102.8,119,3
S30572,Summit Auto Group,Summit Ford Rivera,new,Ford,F-150,2026,69,31450,30274,97.9,155,1
S30358,Summit Auto Group,Summit Honda Westland,used,Honda,Accord,2025,69,30507,29214,93.1,24,0
S30381,Summit Auto Group,Summit Honda Westland,used,Honda,CR-V,2019,69,27079,25587,102.4,348,0
S30383,Summit Auto Group,Summit Honda Westland,new,Honda,Civic,2026,69,40210,35574,98.5,18,0
S31326,Summit Auto Group,Summit Mazda Lakeside,used,Mazda,Mazda3,2019,69,17309,15797,94.2,269,2
S32431,Harbor Motor Group,Harbor Ford Portside,used,Ford,Mustang,2019,68,25167,23965,102.4,20,0
S32432,Harbor Motor Group,Harbor Ford Portside,used,Honda,Civic,2023,68,27217,24019,105.1,65,0
S32455,Harbor Motor Group,Harbor Ford Portside,new,Ford,F-150,2026,68,39161,35231,102.7,208,5
S32287,Harbor Motor Group,Harbor Honda Seaside,new,Honda,HR-V,2026,68,50973,47324,100.3,127,0
S32332,Harbor Motor Group,Harbor Honda Seaside,new,Honda,CR-V,2026,68,46472,42699,105.0,50,0
S33004,Harbor Motor Group,Harbor Jeep Ram Anchor,used,Jeep Ram,Ram 1500,2025,68,21846,19603,94.0,85,0
S32838,Harbor Motor Group,Harbor Kia Lighthouse,used,Kia,Sportage,2022,68,19474,18589,100.7,71,2
S31990,Harbor Motor Group,Harbor Toyota Bayview,used,Toyota,Camry,2025,68,22334,21602,97.1,73,3
S31879,Summit Auto Group,Summit BMW,used,Jeep Ram,Ram 2500,2019,68,47127,44443,94.2,86,2
S31893,Summit Auto Group,Summit BMW,new,BMW,X1,2026,68,77469,66794,93.3,162,0
S30792,Summit Auto Group,Summit Chevrolet Glenpark,new,Chevrolet,Traverse,2026,68,48913,47012,99.5,142,1
S30344,Summit Auto Group,Summit Honda Westland,new,Honda,Odyssey,2026,68,41629,36133,104.4,46,0
S31133,Summit Auto Group,Summit Hyundai Oakhurst,used,Hyundai,Elantra,2024,68,29630,26846,99.7,24,1
S30888,Summit Auto Group,Summit Nissan Ridgemont,used,Nissan,Pathfinder,2025,68,23125,20555,95.4,16,1
S31460,Summit Auto Group,Summit Subaru Northgate,new,Subaru,Forester,2026,68,32860,29528,97.8,199,2
S30058,Summit Auto Group,Summit Toyota of Fairview,new,Toyota,Tacoma,2026,68,37070,34131,93.4,112,2
S30078,Summit Auto Group,Summit Toyota of Fairview,new,Toyota,Tacoma,2026,68,39116,37413,96.0,503,5
S30097,Summit Auto Group,Summit Toyota of Fairview,new,Toyota,Camry,2026,68,33111,30264,99.1,146,3
S30135,Summit Auto Group,Summit Toyota of Fairview,used,Subaru,Outback,2021,68,29598,26011,99.3,56,2
S31732,Summit Auto Group,Summit Volkswagen Eastdale,new,Volkswagen,ID.4,2026,68,46713,44162,99.4,470,1
S33302,Harbor Motor Group,Harbor BMW,new,BMW,i4,2026,67,55878,49855,104.4,24,1
S32420,Harbor Motor Group,Harbor Ford Portside,used,Ford,Escape,2022,67,17553,16991,95.1,215,1
S32208,Harbor Motor Group,Harbor Honda Seaside,used,Nissan,Pathfinder,2020,67,26274,23184,102.3,97,3
S32358,Harbor Motor Group,Harbor Honda Seaside,new,Honda,Pilot,2026,67,38101,34024,99.5,40,2
S33074,Harbor Motor Group,Harbor Jeep Ram Anchor,used,Jeep Ram,Gladiator,2023,67,23027,20320,95.2,235,0
S33119,Harbor Motor Group,Harbor Jeep Ram Anchor,new,Jeep Ram,Ram 2500,2026,67,40378,36501,94.9,67,0
S32957,Harbor Motor Group,Harbor Subaru Tidewater,used,Jeep Ram,Compass,2019,67,19084,17145,102.1,3,5
S32970,Harbor Motor Group,Harbor Subaru Tidewater,new,Subaru,Impreza,2026,67,49460,43127,94.3,192,1
S31861,Summit Auto Group,Summit BMW,new,BMW,5 Series,2026,67,55181,50582,102.5,65,5
S31957,Summit Auto Group,Summit BMW,used,BMW,X5,2020,67,41735,38630,98.4,233,5
S30470,Summit Auto Group,Summit Ford Rivera,new,Ford,Mustang,2026,67,28571,25494,104.8,66,0
S30482,Summit Auto Group,Summit Ford Rivera,new,Ford,Mustang,2026,67,47049,43536,98.8,359,2
S30616,Summit Auto Group,Summit Ford Rivera,used,Honda,Accord,2018,67,20721,18972,94.1,320,3
S31595,Summit Auto Group,Summit Jeep Ram Clearwater,used,Jeep Ram,Wrangler,2019,67,17953,16446,102.2,51,2
S31224,Summit Auto Group,Summit Kia Brookfield,new,Kia,Seltos,2026,67,40231,36296,94.9,82,0
S31334,Summit Auto Group,Summit Mazda Lakeside,new,Mazda,CX-30,2026,67,32772,31342,98.2,103,0
S31337,Summit Auto Group,Summit Mazda Lakeside,new,Mazda,MX-5,2026,67,50922,44441,105.0,187,1
S31347,Summit Auto Group,Summit Mazda Lakeside,used,Kia,Sorento,2021,67,25767,24742,98.0,116,3
S30894,Summit Auto Group,Summit Nissan Ridgemont,new,Nissan,Pathfinder,2026,67,35192,32907,104.2,55,3
S30958,Summit Auto Group,Summit Nissan Ridgemont,new,Nissan,Altima,2026,67,28679,26510,99.7,86,1
S30959,Summit Auto Group,Summit Nissan Ridgemont,new,Nissan,Pathfinder,2026,67,28178,26054,94.2,230,0
S31690,Summit Auto Group,Summit Volkswagen Eastdale,new,Volkswagen,ID.4,2026,67,37991,32826,99.4,378,2
S31695,Summit Auto Group,Summit Volkswagen Eastdale,used,Volkswagen,ID.4,2025,67,21654,20712,93.4,296,0
S31754,Summit Auto Group,Summit Volkswagen Eastdale,new,Volkswagen,Jetta,2026,67,39822,34842,100.2,194,2
S32596,Harbor Motor Group,Harbor Chevrolet Marina,used,Ford,Maverick,2020,66,17445,15071,102.1,32,2
S32682,Harbor Motor Group,Harbor Chevrolet Marina,new,Chevrolet,Traverse,2026,66,49884,48332,94.7,339,0
S32474,Harbor Motor Group,Harbor Ford Portside,new,Ford,Explorer,2026,66,41793,38733,99.2,35,0
S32297,Harbor Motor Group,Harbor Honda Seaside,new,Honda,Civic,2026,66,33149,28915,97.9,39,1
S32325,Harbor Motor Group,Harbor Honda Seaside,new,Honda,Accord,2026,66,29058,25383,95.0,73,0
S32947,Harbor Motor Group,Harbor Subaru Tidewater,used,Subaru,Outback,2018,66,26188,24893,105.3,37,0
S32965,Harbor Motor Group,Harbor Subaru Tidewater,new,Subaru,Impreza,2026,66,45523,40467,103.1,99,0
S32972,Harbor Motor Group,Harbor Subaru Tidewater,used,Subaru,Forester,2023,66,22918,22125,105.8,189,1
S31973,Harbor Motor Group,Harbor Toyota Bayview,used,Jeep Ram,Wrangler,2020,66,27525,26504,102.1,31,3
S32125,Harbor Motor Group,Harbor Toyota Bayview,used,Chevrolet,Silverado,2018,66,27769,26378,96.7,236,0
S32132,Harbor Motor Group,Harbor Toyota Bayview,new,Toyota,Tundra,2026,66,46747,41734,93.9,8,0
S32138,Harbor Motor Group,Harbor Toyota Bayview,new,Toyota,Camry,2026,66,30357,26876,98.3,751,5
S32163,Harbor Motor Group,Harbor Toyota Bayview,used,Toyota,Corolla,2018,66,21129,19309,105.0,92,1
S31801,Summit Auto Group,Summit BMW,new,BMW,3 Series,2026,66,67666,64568,97.5,363,0
S31854,Summit Auto Group,Summit BMW,used,BMW,X3,2024,66,31732,29919,99.1,355,1
S30695,Summit Auto Group,Summit Chevrolet Glenpark,used,Chevrolet,Malibu,2025,66,22269,21035,102.0,105,5
S30803,Summit Auto Group,Summit Chevrolet Glenpark,new,Chevrolet,Silverado,2026,66,50989,46634,94.7,38,0
S30529,Summit Auto Group,Summit Ford Rivera,new,Ford,Maverick,2026,66,30675,28815,97.8,362,2
S30537,Summit Auto Group,Summit Ford Rivera,used,Hyundai,Santa Fe,2021,66,23844,22438,100.8,49,2
S30582,Summit Auto Group,Summit Ford Rivera,new,Ford,Mustang,2026,66,29916,26142,103.4,30,5
S30243,Summit Auto Group,Summit Honda Westland,used,Toyota,Highlander,2024,66,17904,15905,104.8,17,0
S30340,Summit Auto Group,Summit Honda Westland,new,Honda,Odyssey,2026,66,37524,32344,96.5,13,2
S31060,Summit Auto Group,Summit Hyundai Oakhurst,new,Hyundai,Tucson,2026,66,50941,47832,93.8,39,1
S31075,Summit Auto Group,Summit Hyundai Oakhurst,used,Hyundai,Sonata,2020,66,23030,21700,94.7,83,0
S31145,Summit Auto Group,Summit Hyundai Oakhurst,used,Hyundai,Sonata,2020,66,20839,18900,97.5,128,0
S31614,Summit Auto Group,Summit Jeep Ram Clearwater,new,Jeep Ram,Ram 1500,2026,66,28388,25675,103.9,143,0
S31323,Summit Auto Group,Summit Mazda Lakeside,used,Kia,Telluride,2019,66,24309,21413,97.6,46,0
S31456,Summit Auto Group,Summit Subaru Northgate,used,Ford,F-150,2021,66,30374,29027,105.1,60,1
S31482,Summit Auto Group,Summit Subaru Northgate,used,BMW,i4,2020,66,26400,23324,94.0,148,1
S33208,Harbor Motor Group,Harbor BMW,new,BMW,X3,2026,65,71367,65002,97.9,311,5
S31084,Summit Auto Group,Summit Hyundai Oakhurst,new,Hyundai,Kona,2026,65,28562,25534,96.1,109,0
S31621,Summit Auto Group,Summit Jeep Ram Clearwater,new,Jeep Ram,Wrangler,2026,65,47058,42776,94.8,104,1
S31644,Summit Auto Group,Summit Jeep Ram Clearwater,used,Jeep Ram,Grand Cherokee,2022,65,32127,29332,97.8,252,0
S31162,Summit Auto Group,Summit Kia Brookfield,new,Kia,Forte,2026,65,28517,26382,105.2,15,5
S31200,Summit Auto Group,Summit Kia Brookfield,used,Kia,Seltos,2023,65,17764,15806,102.2,197,0
S30057,Summit Auto Group,Summit Toyota of Fairview,used,Subaru,WRX,2019,65,23189,21216,97.1,402,1
S31699,Summit Auto Group,Summit Volkswagen Eastdale,new,Volkswagen,Golf GTI,2026,65,40401,35452,98.1,64,0
S33168,Harbor Motor Group,Harbor BMW,used,BMW,X1,2024,64,28551,25892,105.2,555,1
S32606,Harbor Motor Group,Harbor Chevrolet Marina,used,Chevrolet,Equinox,2023,64,20843,18533,104.4,31,0
S32763,Harbor Motor Group,Harbor Chevrolet Marina,new,Chevrolet,Malibu,2026,64,33402,29204,103.9,319,2
S32505,Harbor Motor Group,Harbor Ford Portside,new,Ford,Bronco,2026,64,35172,34111,101.5,63,3
S32564,Harbor Motor Group,Harbor Ford Portside,used,Ford,Escape,2020,64,22779,20425,96.0,104,5
S32337,Harbor Motor Group,Harbor Honda Seaside,used,Honda,Accord,2020,64,30087,27021,99.7,356,0
S32009,Harbor Motor Group,Harbor Toyota Bayview,used,Toyota,Tacoma,2022,64,32136,29509,104.4,63,0
S32043,Harbor Motor Group,Harbor Toyota Bayview,used,BMW,X3,2023,64,17214,15964,99.1,101,3
S30671,Summit Auto Group,Summit Chevrolet Glenpark,used,Hyundai,Santa Fe,2019,64,25782,23131,98.2,860,0
S30717,Summit Auto Group,Summit Chevrolet Glenpark,new,Chevrolet,Equinox,2026,64,27210,24243,100.3,278,3
S30447,Summit Auto Group,Summit Ford Rivera,used,Jeep Ram,Gladiator,2022,64,28840,27651,95.2,74,0
S30554,Summit Auto Group,Summit Ford Rivera,new,Ford,Maverick,2026,64,39793,36975,104.6,918,3
S31096,Summit Auto Group,Summit Hyundai Oakhurst,new,Hyundai,Sonata,2026,64,44261,42351,97.4,58,3
S31116,Summit Auto Group,Summit Hyundai Oakhurst,new,Hyundai,Tucson,2026,64,29643,25715,99.3,134,1
S31150,Summit Auto Group,Summit Kia Brookfield,used,Kia,Sportage,2020,64,27074,25831,98.3,793,0
S31291,Summit Auto Group,Summit Mazda Lakeside,used,Mazda,MX-5,2024,64,21309,20032,99.8,109,1
S31366,Summit Auto Group,Summit Mazda Lakeside,new,Mazda,CX-50,2026,64,41729,38259,97.8,358,1
S30866,Summit Auto Group,Summit Nissan Ridgemont,used,Jeep Ram,Compass,2023,64,27337,25605,100.9,22,1
S30901,Summit Auto Group,Summit Nissan Ridgemont,used,Nissan,Altima,2021,64,26532,24247,104.0,239,0
S33291,Harbor Motor Group,Harbor BMW,used,BMW,X3,2023,63,32838,31108,95.8,105,0
S32710,Harbor Motor Group,Harbor Chevrolet Marina,used,Jeep Ram,Gladiator,2019,63,27687,23860,98.0,107,1
S32446,Harbor Motor Group,Harbor Ford Portside,used,Ford,F-150,2022,63,17138,16073,96.5,491,1
S32466,Harbor Motor Group,Harbor Ford Portside,new,Ford,Maverick,2026,63,36584,34360,101.4,2,5
S32481,Harbor Motor Group,Harbor Ford Portside,used,Ford,Maverick,2019,63,21469,20773,94.2,272,5
S32314,Harbor Motor Group,Harbor Honda Seaside,new,Honda,Civic,2026,63,30450,27381,95.3,26,3
S32331,Harbor Motor Group,Harbor Honda Seaside,used,Honda,Pilot,2021,63,31134,27013,103.9,8,1
S32065,Harbor Motor Group,Harbor Toyota Bayview,new,Toyota,RAV4,2026,63,49499,47406,97.4,206,0
S32136,Harbor Motor Group,Harbor Toyota Bayview,used,Chevrolet,Tahoe,2022,63,25083,22615,99.5,453,1
S31823,Summit Auto Group,Summit BMW,new,BMW,X1,2026,63,63837,60162,103.2,103,5
S31824,Summit Auto Group,Summit BMW,used,BMW,X3,2021,63,49883,43043,98.3,366,0
S31827,Summit Auto Group,Summit BMW,new,BMW,X3,2026,63,46252,43261,95.3,19,0
S30764,Summit Auto Group,Summit Chevrolet Glenpark,new,Chevrolet,Trax,2026,63,32817,30813,95.6,160,3
S30768,Summit Auto Group,Summit Chevrolet Glenpark,new,Chevrolet,Traverse,2026,63,34069,32137,100.7,156,3
S30466,Summit Auto Group,Summit Ford Rivera,new,Ford,Explorer,2026,63,39771,37453,95.6,316,0
S30519,Summit Auto Group,Summit Ford Rivera,used,Ford,Maverick,2019,63,30029,28337,96.5,21,2
S30619,Summit Auto Group,Summit Ford Rivera,new,Ford,Bronco,2026,63,45988,42503,103.3,69,2
S30293,Summit Auto Group,Summit Honda Westland,new,Honda,HR-V,2026,63,49437,47949,105.9,61,0
S30294,Summit Auto Group,Summit Honda Westland,new,Honda,Odyssey,2026,63,41520,36500,98.5,27,0
S31067,Summit Auto Group,Summit Hyundai Oakhurst,new,Hyundai,Sonata,2026,63,41992,38253,95.9,10,3
S31068,Summit Auto Group,Summit Hyundai Oakhurst,new,Hyundai,Tucson,2026,63,40068,38761,101.2,342,0
S31118,Summit Auto Group,Summit Hyundai Oakhurst,new,Hyundai,Palisade,2026,63,48515,46453,98.4,84,1
S31622,Summit Auto Group,Summit Jeep Ram Clearwater,used,Jeep Ram,Ram 1500,2023,63,29734,26973,102.4,128,5
S31651,Summit Auto Group,Summit Jeep Ram Clearwater,new,Jeep Ram,Gladiator,2026,63,46315,44631,104.2,162,2
S31230,Summit Auto Group,Summit Kia Brookfield,used,Kia,Seltos,2024,63,23403,20394,98.3,54,2
S31306,Summit Auto Group,Summit Mazda Lakeside,used,Jeep Ram,Compass,2019,63,18852,17707,105.4,203,1
S31351,Summit Auto Group,Summit Mazda Lakeside,new,Mazda,CX-50,2026,63,26731,23494,102.3,380,5
S30955,Summit Auto Group,Summit Nissan Ridgemont,new,Nissan,Altima,2026,63,31775,30779,98.0,138,0
S30186,Summit Auto Group,Summit Toyota of Fairview,used,Hyundai,Kona,2021,63,17163,15619,97.3,108,1
S33170,Harbor Motor Group,Harbor BMW,new,BMW,3 Series,2026,62,77498,72533,95.7,19,1
S32741,Harbor Motor Group,Harbor Chevrolet Marina,new,Chevrolet,Traverse,2026,62,50376,48757,95.0,617,0
S33051,Harbor Motor Group,Harbor Jeep Ram Anchor,used,Jeep Ram,Grand Cherokee,2024,62,20111,18727,93.4,168,2
S32887,Harbor Motor Group,Harbor Kia Lighthouse,used,Kia,Forte,2025,62,26356,22931,96.8,192,0
S32949,Harbor Motor Group,Harbor Subaru Tidewater,used,Subaru,Outback,2024,62,17734,17104,105.2,88,1
S31993,Harbor Motor Group,Harbor Toyota Bayview,new,Toyota,RAV4,2026,62,28246,24291,96.5,59,0
S31909,Summit Auto Group,Summit BMW,new,BMW,X5,2026,62,57528,51877,100.1,22,5
S30746,Summit Auto Group,Summit Chevrolet Glenpark,new,Chevrolet,Malibu,2026,62,47109,45300,105.3,274,1
S30476,Summit Auto Group,Summit Ford Rivera,used,Chevrolet,Silverado,2020,62,22322,20978,101.0,409,0
S30530,Summit Auto Group,Summit Ford Rivera,new,Ford,Explorer,2026,62,47051,44372,93.6,323,0
S30359,Summit Auto Group,Summit Honda Westland,new,Honda,Accord,2026,62,48684,43336,97.2,12,0
S31082,Summit Auto Group,Summit Hyundai Oakhurst,new,Hyundai,Palisade,2026,62,28142,26731,103.8,3,1
S31573,Summit Auto Group,Summit Jeep Ram Clearwater,used,Jeep Ram,Compass,2024,62,23304,20096,104.3,126,0
S31615,Summit Auto Group,Summit Jeep Ram Clearwater,used,Jeep Ram,Compass,2022,62,21513,20344,94.6,39,3
S31663,Summit Auto Group,Summit Jeep Ram Clearwater,new,Jeep Ram,Gladiator,2026,62,37263,35391,104.1,138,0
S31155,Summit Auto Group,Summit Kia Brookfield,used,Toyota,RAV4,2023,62,21339,20429,97.6,480,2
S31318,Summit Auto Group,Summit Mazda Lakeside,used,Nissan,Pathfinder,2024,62,18641,17214,96.4,41,0
S31376,Summit Auto Group,Summit Mazda Lakeside,new,Mazda,CX-50,2026,62,40629,36779,105.3,105,0
S30990,Summit Auto Group,Summit Nissan Ridgemont,new,Nissan,Altima,2026,62,34224,29604,99.3,3,3
S31454,Summit Auto Group,Summit Subaru Northgate,new,Subaru,Ascent,2026,62,39313,36321,95.2,53,1
S30002,Summit Auto Group,Summit Toyota of Fairview,new,Toyota,Highlander,2026,62,29953,25952,95.7,251,0
S30201,Summit Auto Group,Summit Toyota of Fairview,used,Jeep Ram,Ram 2500,2023,62,16976,15395,102.6,128,0
S32390,Harbor Motor Group,Harbor Ford Portside,used,Kia,Sportage,2023,61,17480,16413,98.3,106,5
S33030,Harbor Motor Group,Harbor Jeep Ram Anchor,used,Jeep Ram,Ram 2500,2023,61,24339,22247,99.0,44,1
S31783,Summit Auto Group,Summit BMW,new,BMW,X3,2026,61,77270,74629,93.4,80,5
S30255,Summit Auto Group,Summit Honda Westland,used,Honda,CR-V,2018,61,27672,25596,102.9,92,1
S30339,Summit Auto Group,Summit Honda Westland,used,Subaru,Forester,2018,61,22123,19278,97.8,67,0
S31078,Summit Auto Group,Summit Hyundai Oakhurst,used,Hyundai,Elantra,2025,61,24359,21953,105.2,2,3
S31580,Summit Auto Group,Summit Jeep Ram Clearwater,used,Jeep Ram,Gladiator,2024,61,23114,21953,96.2,279,5
S30909,Summit Auto Group,Summit Nissan Ridgemont,new,Nissan,Kicks,2026,61,38998,36387,96.6,257,0
S31671,Summit Auto Group,Summit Volkswagen Eastdale,new,Volkswagen,Jetta,2026,61,34790,31919,93.4,21,0
S31724,Summit Auto Group,Summit Volkswagen Eastdale,new,Volkswagen,ID.4,2026,61,36030,32372,99.2,127,1
S32504,Harbor Motor Group,Harbor Ford Portside,new,Ford,Explorer,2026,60,46985,42021,102.1,14,1
S32507,Harbor Motor Group,Harbor Ford Portside,used,Hyundai,Elantra,2021,60,17431,15972,94.3,90,0
S32243,Harbor Motor Group,Harbor Honda Seaside,new,Honda,HR-V,2026,60,43070,39622,97.4,15,1
S32380,Harbor Motor Group,Harbor Honda Seaside,new,Honda,Accord,2026,60,29943,26108,96.6,55,5
S33141,Harbor Motor Group,Harbor Jeep Ram Anchor,used,BMW,X5,2022,60,17279,15326,95.3,5,1
S32894,Harbor Motor Group,Harbor Subaru Tidewater,new,Subaru,WRX,2026,60,39188,37556,96.5,260,5
S31971,Harbor Motor Group,Harbor Toyota Bayview,new,Toyota,Highlander,2026,60,27742,26544,94.9,76,1
S32187,Harbor Motor Group,Harbor Toyota Bayview,new,Toyota,RAV4,2026,60,30617,27154,105.4,86,2
S31041,Summit Auto Group,Summit Hyundai Oakhurst,used,Jeep Ram,Grand Cherokee,2021,60,18321,16514,102.9,173,2
S31055,Summit Auto Group,Summit Hyundai Oakhurst,new,Hyundai,Tucson,2026,60,40456,36152,101.6,224,0
S31080,Summit Auto Group,Summit Hyundai Oakhurst,new,Hyundai,Sonata,2026,60,31428,28756,103.7,92,1
S31502,Summit Auto Group,Summit Jeep Ram Clearwater,new,Jeep Ram,Gladiator,2026,60,45772,41484,104.3,125,3
S30007,Summit Auto Group,Summit Toyota of Fairview,used,Toyota,Tundra,2021,60,19453,17065,99.8,113,1
S30116,Summit Auto Group,Summit Toyota of Fairview,new,Toyota,Tundra,2026,60,46108,44612,93.5,168,0
S30133,Summit Auto Group,Summit Toyota of Fairview,new,Toyota,RAV4,2026,60,44165,41222,99.6,40,2
S32530,Harbor Motor Group,Harbor Ford Portside,new,Ford,F-150,2026,59,36301,34712,94.6,247,0
S32317,Harbor Motor Group,Harbor Honda Seaside,new,Honda,HR-V,2026,59,31934,30824,95.0,38,5
S33073,Harbor Motor Group,Harbor Jeep Ram Anchor,used,Jeep Ram,Ram 2500,2023,59,31990,28205,101.2,88,0
S32774,Harbor Motor Group,Harbor Kia Lighthouse,new,Kia,Sorento,2026,59,46986,45345,103.4,650,1
S32780,Harbor Motor Group,Harbor Kia Lighthouse,used,Honda,CR-V,2023,59,28658,26765,100.1,519,1
S32817,Harbor Motor Group,Harbor Kia Lighthouse,used,Jeep Ram,Gladiator,2021,59,26078,23104,98.6,4,1
S32021,Harbor Motor Group,Harbor Toyota Bayview,used,Subaru,Crosstrek,2024,59,21848,19206,99.9,377,1
S30727,Summit Auto Group,Summit Chevrolet Glenpark,new,Chevrolet,Tahoe,2026,59,48842,42330,102.2,473,0
S30831,Summit Auto Group,Summit Chevrolet Glenpark,new,Chevrolet,Tahoe,2026,59,47624,46166,101.4,46,2
S30454,Summit Auto Group,Summit Ford Rivera,used,Kia,Forte,2023,59,27895,26833,104.5,383,1
S30535,Summit Auto Group,Summit Ford Rivera,used,Ford,Explorer,2024,59,20177,17631,93.4,5,3
S30558,Summit Auto Group,Summit Ford Rivera,new,Ford,Bronco,2026,59,42733,39964,94.2,30,2
S30598,Summit Auto Group,Summit Ford Rivera,new,Ford,F-150,2026,59,27078,23605,93.7,3,0
S31517,Summit Auto Group,Summit Jeep Ram Clearwater,used,Jeep Ram,Grand Cherokee,2021,59,24117,21303,105.9,354,2
S31266,Summit Auto Group,Summit Kia Brookfield,new,Kia,K5,2026,59,31168,27848,104.3,239,1
S31282,Summit Auto Group,Summit Mazda Lakeside,used,Mazda,CX-50,2025,59,31183,30014,101.6,175,0
S31373,Summit Auto Group,Summit Mazda Lakeside,new,Mazda,MX-5,2026,59,50071,47049,105.8,137,2
S33176,Harbor Motor Group,Harbor BMW,used,Jeep Ram,Ram 2500,2025,58,48648,44444,98.0,207,1
S33244,Harbor Motor Group,Harbor BMW,used,Hyundai,Tucson,2019,58,48278,46675,102.3,39,1
S33297,Harbor Motor Group,Harbor BMW,used,Kia,K5,2025,58,50540,47022,104.6,13,2
S33316,Harbor Motor Group,Harbor BMW,used,Hyundai,Santa Fe,2022,58,40120,36065,96.1,27,5
S33336,Harbor Motor Group,Harbor BMW,new,BMW,X3,2026,58,68713,61195,99.1,275,1
S32751,Harbor Motor Group,Harbor Chevrolet Marina,used,BMW,5 Series,2019,58,16951,15129,104.3,64,0
S32475,Harbor Motor Group,Harbor Ford Portside,new,Ford,Escape,2026,58,41271,36019,103.7,314,1
S32770,Harbor Motor Group,Harbor Kia Lighthouse,new,Kia,Telluride,2026,58,38901,36377,97.7,152,3
S32785,Harbor Motor Group,Harbor Kia Lighthouse,new,Kia,Seltos,2026,58,38812,35276,98.3,180,1
S32840,Harbor Motor Group,Harbor Kia Lighthouse,used,Subaru,Crosstrek,2020,58,21195,18810,104.9,103,0
S32879,Harbor Motor Group,Harbor Kia Lighthouse,used,Kia,Seltos,2025,58,31049,27359,98.8,286,0
S32911,Harbor Motor Group,Harbor Subaru Tidewater,used,Ford,Maverick,2024,58,18704,17478,100.9,339,0
S32942,Harbor Motor Group,Harbor Subaru Tidewater,used,Subaru,Forester,2021,58,28572,24829,93.1,456,1
S31981,Harbor Motor Group,Harbor Toyota Bayview,new,Toyota,Highlander,2026,58,41648,37758,102.0,2,0
S32101,Harbor Motor Group,Harbor Toyota Bayview,used,Toyota,Camry,2023,58,29235,25749,96.6,240,1
S31906,Summit Auto Group,Summit BMW,used,BMW,3 Series,2018,58,28362,27500,95.2,415,5
S30747,Summit Auto Group,Summit Chevrolet Glenpark,used,Chevrolet,Silverado,2024,58,31046,27914,104.2,0,2
S30838,Summit Auto Group,Summit Chevrolet Glenpark,new,Chevrolet,Trax,2026,58,27272,25864,97.9,46,0
S30386,Summit Auto Group,Summit Honda Westland,new,Honda,Civic,2026,58,36413,32602,105.6,397,0
S30410,Summit Auto Group,Summit Honda Westland,new,Honda,Pilot,2026,58,35150,31532,93.5,197,3
S30427,Summit Auto Group,Summit Honda Westland,new,Honda,CR-V,2026,58,45624,41055,95.5,167,0
S31048,Summit Auto Group,Summit Hyundai Oakhurst,new,Hyundai,Kona,2026,58,29149,26852,103.5,294,3
S31111,Summit Auto Group,Summit Hyundai Oakhurst,used,Hyundai,Elantra,2018,58,27012,24925,104.9,211,1
S31624,Summit Auto Group,Summit Jeep Ram Clearwater,used,Jeep Ram,Ram 1500,2022,58,27485,25865,103.0,355,0
S31193,Summit Auto Group,Summit Kia Brookfield,new,Kia,Sportage,2026,58,33102,29399,94.9,581,0
S31212,Summit Auto Group,Summit Kia Brookfield,used,Kia,Sorento,2020,58,18379,15850,102.3,211,2
S30874,Summit Auto Group,Summit Nissan Ridgemont,new,Nissan,Sentra,2026,58,50857,46447,99.2,283,3
S30927,Summit Auto Group,Summit Nissan Ridgemont,new,Nissan,Rogue,2026,58,37602,34208,94.0,63,1
S30930,Summit Auto Group,Summit Nissan Ridgemont,new,Nissan,Altima,2026,58,26773,25012,96.5,26,0
S30003,Summit Auto Group,Summit Toyota of Fairview,new,Toyota,Camry,2026,58,50171,46804,96.2,190,1
S30067,Summit Auto Group,Summit Toyota of Fairview,used,Toyota,Tacoma,2019,58,29708,28212,100.1,406,5
S31720,Summit Auto Group,Summit Volkswagen Eastdale,used,Kia,Sorento,2023,58,23025,20352,97.1,7,1
S32633,Harbor Motor Group,Harbor Chevrolet Marina,used,Subaru,Forester,2023,57,29038,27152,97.5,263,0
S32765,Harbor Motor Group,Harbor Kia Lighthouse,new,Kia,Sorento,2026,57,48199,41775,101.1,380,2
S31996,Harbor Motor Group,Harbor Toyota Bayview,used,Toyota,Camry,2020,57,19503,18291,103.0,80,3
S32171,Harbor Motor Group,Harbor Toyota Bayview,used,Nissan,Kicks,2021,57,18032,15776,105.9,18,3
S32186,Harbor Motor Group,Harbor Toyota Bayview,used,Toyota,RAV4,2024,57,25834,23368,101.7,295,3
S31772,Summit Auto Group,Summit BMW,used,Ford,Explorer,2020,57,49526,44556,102.6,447,0
S31845,Summit Auto Group,Summit BMW,used,BMW,X1,2022,57,43728,42098,100.3,594,3
S31919,Summit Auto Group,Summit BMW,used,Nissan,Pathfinder,2020,57,35805,33129,95.3,475,2
S30753,Summit Auto Group,Summit Chevrolet Glenpark,used,Chevrolet,Trax,2021,57,28090,25241,104.0,163,0
S30783,Summit Auto Group,Summit Chevrolet Glenpark,new,Chevrolet,Silverado,2026,57,28976,25693,100.7,92,2
S30821,Summit Auto Group,Summit Chevrolet Glenpark,new,Chevrolet,Malibu,2026,57,44556,41081,104.4,145,2
S30852,Summit Auto Group,Summit Chevrolet Glenpark,used,Hyundai,Santa Fe,2019,57,20321,17952,98.0,32,3
S30635,Summit Auto Group,Summit Ford Rivera,new,Ford,F-150,2026,57,28769,26633,97.9,60,3
S30389,Summit Auto Group,Summit Honda Westland,new,Honda,Pilot,2026,57,37210,35552,105.4,65,5
S30396,Summit Auto Group,Summit Honda Westland,new,Honda,Civic,2026,57,49531,43021,99.0,253,5
S31016,Summit Auto Group,Summit Hyundai Oakhurst,new,Hyundai,Palisade,2026,57,37718,35692,105.0,669,5
S31626,Summit Auto Group,Summit Jeep Ram Clearwater,new,Jeep Ram,Ram 1500,2026,57,43328,41111,102.4,260,0
S31275,Summit Auto Group,Summit Kia Brookfield,used,Kia,Seltos,2023,57,19458,17629,99.6,24,0
S31378,Summit Auto Group,Summit Mazda Lakeside,new,Mazda,CX-30,2026,57,41575,37182,94.6,181,1
S31380,Summit Auto Group,Summit Mazda Lakeside,used,Jeep Ram,Ram 2500,2024,57,29167,27412,97.4,458,0
S30899,Summit Auto Group,Summit Nissan Ridgemont,new,Nissan,Frontier,2026,57,36833,35519,96.7,474,1
S31481,Summit Auto Group,Summit Subaru Northgate,new,Subaru,WRX,2026,57,29859,26849,97.0,258,3
S33186,Harbor Motor Group,Harbor BMW,new,BMW,X5,2026,56,64984,62673,97.7,267,5
S33195,Harbor Motor Group,Harbor BMW,used,Ford,Explorer,2019,56,35576,30852,105.4,2,0
S33281,Harbor Motor Group,Harbor BMW,used,Toyota,Camry,2022,56,46632,43643,102.9,81,0
S32674,Harbor Motor Group,Harbor Chevrolet Marina,used,Chevrolet,Traverse,2021,56,18217,15973,103.0,12,1
S32502,Harbor Motor Group,Harbor Ford Portside,used,Ford,Explorer,2024,56,19153,17387,93.6,443,2
S32212,Harbor Motor Group,Harbor Honda Seaside,new,Honda,Accord,2026,56,34252,31401,96.7,9,1
S33034,Harbor Motor Group,Harbor Jeep Ram Anchor,new,Jeep Ram,Ram 1500,2026,56,30321,26366,94.8,139,0
S33095,Harbor Motor Group,Harbor Jeep Ram Anchor,new,Jeep Ram,Grand Cherokee,2026,56,48830,42718,95.4,290,2
S32979,Harbor Motor Group,Harbor Subaru Tidewater,new,Subaru,Forester,2026,56,40658,36133,93.5,62,0
S32099,Harbor Motor Group,Harbor Toyota Bayview,used,Honda,HR-V,2023,56,32350,31062,100.7,19,0
S31843,Summit Auto Group,Summit BMW,new,BMW,5 Series,2026,56,81285,76946,95.1,175,5
S30850,Summit Auto Group,Summit Chevrolet Glenpark,used,Chevrolet,Malibu,2022,56,29916,28452,98.4,89,0
S30570,Summit Auto Group,Summit Ford Rivera,new,Ford,Escape,2026,56,40225,37838,103.0,358,5
S30600,Summit Auto Group,Summit Ford Rivera,used,Honda,Odyssey,2025,56,22500,19700,93.3,98,0
S31652,Summit Auto Group,Summit Jeep Ram Clearwater,new,Jeep Ram,Wrangler,2026,56,36908,33693,93.5,111,1
S31156,Summit Auto Group,Summit Kia Brookfield,new,Kia,Telluride,2026,56,26932,25500,94.6,238,3
S31257,Summit Auto Group,Summit Kia Brookfield,used,Kia,Seltos,2023,56,21627,20753,96.1,124,1
S31280,Summit Auto Group,Summit Mazda Lakeside,used,Chevrolet,Trax,2019,56,23992,22135,101.8,439,1
S30966,Summit Auto Group,Summit Nissan Ridgemont,new,Nissan,Rogue,2026,56,39090,37410,100.8,28,1
S30042,Summit Auto Group,Summit Toyota of Fairview,used,Chevrolet,Tahoe,2025,56,32318,28538,97.2,210,0
S30047,Summit Auto Group,Summit Toyota of Fairview,new,Toyota,Highlander,2026,56,36230,34524,100.1,53,0
S30126,Summit Auto Group,Summit Toyota of Fairview,new,Toyota,Camry,2026,56,31649,30694,100.4,10,5
S30172,Summit Auto Group,Summit Toyota of Fairview,new,Toyota,Highlander,2026,56,38287,33477,97.0,346,1
S30229,Summit Auto Group,Summit Toyota of Fairview,used,Toyota,Highlander,2019,56,23065,22192,96.9,20,5
S31681,Summit Auto Group,Summit Volkswagen Eastdale,new,Volkswagen,Taos,2026,56,36461,31615,99.6,78,0
S32415,Harbor Motor Group,Harbor Ford Portside,new,Ford,F-150,2026,55,50442,45136,94.1,52,2
S32482,Harbor Motor Group,Harbor Ford Portside,used,Jeep Ram,Ram 1500,2023,55,19525,17917,102.9,264,1
S32345,Harbor Motor Group,Harbor Honda Seaside,used,Toyota,Tacoma,2023,55,19604,17903,105.4,761,0
S33120,Harbor Motor Group,Harbor Jeep Ram Anchor,new,Jeep Ram,Ram 2500,2026,55,47548,44968,104.4,443,0
S32806,Harbor Motor Group,Harbor Kia Lighthouse,used,BMW,X3,2023,55,29096,26984,99.6,673,1
S32881,Harbor Motor Group,Harbor Kia Lighthouse,new,Kia,Seltos,2026,55,45068,42397,97.9,206,3
S32943,Harbor Motor Group,Harbor Subaru Tidewater,used,BMW,X1,2020,55,17061,16056,100.6,164,1
S32024,Harbor Motor Group,Harbor Toyota Bayview,used,Toyota,RAV4,2023,55,19490,18362,94.3,82,0
S31773,Summit Auto Group,Summit BMW,new,BMW,i4,2026,55,48035,45625,104.1,37,0
S31810,Summit Auto Group,Summit BMW,new,BMW,5 Series,2026,55,43683,41469,93.8,268,0
S30311,Summit Auto Group,Summit Honda Westland,new,Honda,Accord,2026,55,35076,32155,96.8,555,3
S31106,Summit Auto Group,Summit Hyundai Oakhurst,used,Hyundai,Santa Fe,2018,55,23452,22484,100.5,241,1
S31577,Summit Auto Group,Summit Jeep Ram Clearwater,used,Jeep Ram,Ram 1500,2018,55,30035,25840,101.2,99,2
S31604,Summit Auto Group,Summit Jeep Ram Clearwater,used,Ford,Bronco,2022,55,31763,30799,105.6,254,5
S31228,Summit Auto Group,Summit Kia Brookfield,used,Kia,K5,2023,55,25060,23503,96.0,512,0
S30932,Summit Auto Group,Summit Nissan Ridgemont,new,Nissan,Altima,2026,55,28987,25842,93.7,26,2
S30129,Summit Auto Group,Summit Toyota of Fairview,new,Toyota,Corolla,2026,55,35032,33560,103.8,538,3
S31688,Summit Auto Group,Summit Volkswagen Eastdale,new,Volkswagen,Jetta,2026,55,48745,45259,95.3,185,1
S31696,Summit Auto Group,Summit Volkswagen Eastdale,new,Volkswagen,ID.4,2026,55,33284,30051,101.2,53,0
S33221,Harbor Motor Group,Harbor BMW,used,Nissan,Rogue,2020,54,42523,40293,93.7,46,0
S33323,Harbor Motor Group,Harbor BMW,new,BMW,3 Series,2026,54,46873,45092,94.4,29,1
S32453,Harbor Motor Group,Harbor Ford Portside,new,Ford,Explorer,2026,54,49766,44641,105.6,116,5
S32517,Harbor Motor Group,Harbor Ford Portside,new,Ford,Mustang,2026,54,42715,41043,96.9,9,1
S33092,Harbor Motor Group,Harbor Jeep Ram Anchor,used,Chevrolet,Trax,2022,54,32072,30707,96.6,87,2
S32938,Harbor Motor Group,Harbor Subaru Tidewater,new,Subaru,Impreza,2026,54,39206,34477,97.9,267,0
S32160,Harbor Motor Group,Harbor Toyota Bayview,new,Toyota,Highlander,2026,54,42557,37779,96.0,42,3
S31913,Summit Auto Group,Summit BMW,new,BMW,X5,2026,54,71576,63313,100.0,15,1
S30667,Summit Auto Group,Summit Chevrolet Glenpark,new,Chevrolet,Equinox,2026,54,41893,36830,105.7,85,2
S30770,Summit Auto Group,Summit Chevrolet Glenpark,new,Chevrolet,Trax,2026,54,29905,26452,103.9,26,0
S30785,Summit Auto Group,Summit Chevrolet Glenpark,used,Chevrolet,Malibu,2018,54,20834,19758,104.4,131,0
S30560,Summit Auto Group,Summit Ford Rivera,new,Ford,Mustang,2026,54,40307,34892,105.9,129,3
S30342,Summit Auto Group,Summit Honda Westland,new,Honda,HR-V,2026,54,31059,27813,104.5,183,1
S30422,Summit Auto Group,Summit Honda Westland,new,Honda,CR-V,2026,54,42665,38673,104.7,123,3
S30428,Summit Auto Group,Summit Honda Westland,used,Honda,Accord,2020,54,25621,23037,93.4,92,2
S31226,Summit Auto Group,Summit Kia Brookfield,new,Kia,Sorento,2026,54,50987,47462,105.1,143,5
S31235,Summit Auto Group,Summit Kia Brookfield,used,Kia,Telluride,2023,54,26845,25936,103.8,269,2
S31283,Summit Auto Group,Summit Mazda Lakeside,used,Ford,Explorer,2019,54,28171,25809,102.2,133,5
S31459,Summit Auto Group,Summit Subaru Northgate,used,Subaru,Outback,2022,54,27872,25475,94.9,22,0
S30059,Summit Auto Group,Summit Toyota of Fairview,used,Toyota,Camry,2024,54,23137,21686,93.1,48,0
S33295,Harbor Motor Group,Harbor BMW,used,BMW,3 Series,2025,53,47181,45471,104.5,457,3
S32653,Harbor Motor Group,Harbor Chevrolet Marina,new,Chevrolet,Equinox,2026,53,36152,34262,103.5,117,5
S32387,Harbor Motor Group,Harbor Ford Portside,new,Ford,Explorer,2026,53,33135,30942,94.5,215,1
S32540,Harbor Motor Group,Harbor Ford Portside,used,Ford,F-150,2020,53,21464,19309,101.9,55,0
S32216,Harbor Motor Group,Harbor Honda Seaside,new,Honda,Civic,2026,53,27355,26260,95.7,280,5
S32795,Harbor Motor Group,Harbor Kia Lighthouse,new,Kia,Telluride,2026,53,45159,41728,98.4,241,5
S32950,Harbor Motor Group,Harbor Subaru Tidewater,used,Subaru,Outback,2021,53,30248,29054,93.7,168,0
S32111,Harbor Motor Group,Harbor Toyota Bayview,used,Toyota,Tacoma,2021,53,29251,27434,99.8,207,5
S32113,Harbor Motor Group,Harbor Toyota Bayview,used,Toyota,Tacoma,2023,53,30341,26677,100.3,424,2
S32180,Harbor Motor Group,Harbor Toyota Bayview,new,Toyota,Camry,2026,53,44249,42382,97.3,334,1
S31853,Summit Auto Group,Summit BMW,used,BMW,X5,2020,53,48722,43382,101.5,211,1
S30697,Summit Auto Group,Summit Chevrolet Glenpark,new,Chevrolet,Tahoe,2026,53,27293,25154,94.2,222,5
S30584,Summit Auto Group,Summit Ford Rivera,used,Ford,Escape,2018,53,31670,29723,94.7,115,1
S30327,Summit Auto Group,Summit Honda Westland,new,Honda,Pilot,2026,53,40157,35155,99.1,176,0
S31632,Summit Auto Group,Summit Jeep Ram Clearwater,new,Jeep Ram,Grand Cherokee,2026,53,47595,42149,98.0,39,3
S31174,Summit Auto Group,Summit Kia Brookfield,new,Kia,K5,2026,53,48689,46053,98.1,11,1
S31288,Summit Auto Group,Summit Mazda Lakeside,new,Mazda,CX-50,2026,53,31211,28161,104.9,77,0
S31495,Summit Auto Group,Summit Subaru Northgate,new,Subaru,Ascent,2026,53,31540,29968,101.8,11,0
S31670,Summit Auto Group,Summit Volkswagen Eastdale,used,Volkswagen,Jetta,2022,53,27752,26612,96.5,9,2
S31697,Summit Auto Group,Summit Volkswagen Eastdale,new,Volkswagen,Golf GTI,2026,53,42483,41071,96.4,303,1
S31715,Summit Auto Group,Summit Volkswagen Eastdale,used,Jeep Ram,Compass,2020,53,29526,26439,104.2,21,0
S33184,Harbor Motor Group,Harbor BMW,used,BMW,X3,2021,52,45950,43053,94.9,22,0
S33235,Harbor Motor Group,Harbor BMW,used,Subaru,Forester,2021,52,37218,34935,104.6,445,0
S33293,Harbor Motor Group,Harbor BMW,used,Ford,Maverick,2024,52,44453,40711,97.7,678,5
S33344,Harbor Motor Group,Harbor BMW,used,Hyundai,Kona,2019,52,38614,37039,103.0,0,0
S32602,Harbor Motor Group,Harbor Chevrolet Marina,used,Chevrolet,Malibu,2023,52,21084,20251,103.4,78,2
S32634,Harbor Motor Group,Harbor Chevrolet Marina,used,Jeep Ram,Ram 1500,2018,52,24031,20872,95.8,287,3
S32736,Harbor Motor Group,Harbor Chevrolet Marina,used,Chevrolet,Traverse,2023,52,28750,25689,93.9,450,3
S32756,Harbor Motor Group,Harbor Chevrolet Marina,new,Chevrolet,Equinox,2026,52,39984,38376,99.3,46,2
S32454,Harbor Motor Group,Harbor Ford Portside,new,Ford,Explorer,2026,52,35929,34716,105.0,1,0
S32472,Harbor Motor Group,Harbor Ford Portside,new,Ford,Bronco,2026,52,32274,29424,95.6,445,0
S32526,Harbor Motor Group,Harbor Ford Portside,new,Ford,Explorer,2026,52,37636,36204,104.3,57,0
S32211,Harbor Motor Group,Harbor Honda Seaside,used,Chevrolet,Equinox,2020,52,21661,19613,94.4,381,0
S33008,Harbor Motor Group,Harbor Jeep Ram Anchor,new,Jeep Ram,Gladiator,2026,52,31418,29088,104.9,74,0
S33149,Harbor Motor Group,Harbor Jeep Ram Anchor,new,Jeep Ram,Gladiator,2026,52,40290,35669,95.3,67,3
S32779,Harbor Motor Group,Harbor Kia Lighthouse,new,Kia,Sorento,2026,52,45933,40118,102.2,207,1
S32846,Harbor Motor Group,Harbor Kia Lighthouse,used,Hyundai,Palisade,2019,52,22077,20610,95.7,213,1
S32076,Harbor Motor Group,Harbor Toyota Bayview,used,Toyota,Highlander,2024,52,17249,15956,94.8,140,0
S32189,Harbor Motor Group,Harbor Toyota Bayview,new,Toyota,Tacoma,2026,52,27980,24668,97.9,40,1
S31796,Summit Auto Group,Summit BMW,new,BMW,i4,2026,52,60851,58992,100.7,183,0
S31799,Summit Auto Group,Summit BMW,new,BMW,5 Series,2026,52,68175,61873,94.8,69,1
S31825,Summit Auto Group,Summit BMW,new,BMW,X5,2026,52,59846,54157,103.1,194,1
S30694,Summit Auto Group,Summit Chevrolet Glenpark,used,Chevrolet,Trax,2019,52,21777,21097,97.2,392,2
S30813,Summit Auto Group,Summit Chevrolet Glenpark,new,Chevrolet,Trax,2026,52,44954,40565,101.1,157,0
S30488,Summit Auto Group,Summit Ford Rivera,new,Ford,Maverick,2026,52,43340,42005,105.5,160,5
S30652,Summit Auto Group,Summit Ford Rivera,used,Ford,Maverick,2023,52,24592,22770,104.1,279,0
S30247,Summit Auto Group,Summit Honda Westland,new,Honda,Accord,2026,52,32057,28128,98.9,74,3
S30251,Summit Auto Group,Summit Honda Westland,new,Honda,CR-V,2026,52,39484,34071,99.5,54,1
S31054,Summit Auto Group,Summit Hyundai Oakhurst,used,Hyundai,Kona,2022,52,19742,17969,95.2,74,0
S31530,Summit Auto Group,Summit Jeep Ram Clearwater,new,Jeep Ram,Wrangler,2026,52,48138,43478,104.9,390,1
S31602,Summit Auto Group,Summit Jeep Ram Clearwater,used,Hyundai,Santa Fe,2020,52,28724,25978,103.9,101,0
S31654,Summit Auto Group,Summit Jeep Ram Clearwater,used,Toyota,Camry,2018,52,18734,16686,97.9,183,2
S30061,Summit Auto Group,Summit Toyota of Fairview,used,Toyota,RAV4,2021,52,18553,16071,101.8,408,2
S30111,Summit Auto Group,Summit Toyota of Fairview,used,Toyota,RAV4,2020,52,25473,23534,100.2,100,3
S30141,Summit Auto Group,Summit Toyota of Fairview,new,Toyota,Highlander,2026,52,38318,35089,93.1,99,5
S30155,Summit Auto Group,Summit Toyota of Fairview,new,Toyota,RAV4,2026,52,27717,26040,97.8,72,1
S33335,Harbor Motor Group,Harbor BMW,used,BMW,X1,2019,51,51797,49641,99.5,540,3
S32583,Harbor Motor Group,Harbor Ford Portside,used,Ford,Mustang,2024,51,20261,19532,97.8,67,0
S32777,Harbor Motor Group,Harbor Kia Lighthouse,new,Kia,Sportage,2026,51,29398,26462,94.7,197,2
S32818,Harbor Motor Group,Harbor Kia Lighthouse,used,Kia,Sorento,2020,51,19364,16922,100.6,8,3
S32825,Harbor Motor Group,Harbor Kia Lighthouse,new,Kia,Telluride,2026,51,49983,48375,95.5,168,2
S32867,Harbor Motor Group,Harbor Kia Lighthouse,new,Kia,Telluride,2026,51,28998,26349,94.7,118,3
S32103,Harbor Motor Group,Harbor Toyota Bayview,used,Toyota,Tundra,2018,51,30906,29834,100.9,26,1
S32156,Harbor Motor Group,Harbor Toyota Bayview,used,Subaru,Outback,2018,51,23117,20739,101.0,99,5
S32159,Harbor Motor Group,Harbor Toyota Bayview,new,Toyota,Highlander,2026,51,49615,47678,95.4,60,2
S31961,Summit Auto Group,Summit BMW,new,BMW,3 Series,2026,51,60826,53986,104.8,61,2
S30750,Summit Auto Group,Summit Chevrolet Glenpark,used,Hyundai,Tucson,2021,51,31840,27759,97.8,364,3
S30820,Summit Auto Group,Summit Chevrolet Glenpark,used,Hyundai,Palisade,2024,51,29346,27612,97.5,80,0
S30510,Summit Auto Group,Summit Ford Rivera,used,Ford,F-150,2022,51,28771,26281,101.9,174,5
S30520,Summit Auto Group,Summit Ford Rivera,new,Ford,F-150,2026,51,45192,41842,105.2,532,0
S30563,Summit Auto Group,Summit Ford Rivera,new,Ford,Escape,2026,51,27060,23833,99.4,68,2
S30257,Summit Auto Group,Summit Honda Westland,new,Honda,CR-V,2026,51,40763,38953,103.1,148,0
S30351,Summit Auto Group,Summit Honda Westland,used,Kia,K5,2025,51,26070,23914,101.8,47,1
S30353,Summit Auto Group,Summit Honda Westland,new,Honda,Accord,2026,51,37068,33963,99.6,178,0
S31643,Summit Auto Group,Summit Jeep Ram Clearwater,used,BMW,3 Series,2024,51,30363,29323,95.1,6,0
S31170,Summit Auto Group,Summit Kia Brookfield,new,Kia,Sorento,2026,51,31238,29265,99.1,158,0
S31194,Summit Auto Group,Summit Kia Brookfield,used,Kia,Forte,2021,51,23093,21355,99.5,261,5
S31375,Summit Auto Group,Summit Mazda Lakeside,new,Mazda,CX-30,2026,51,28496,26069,98.8,379,3
S30949,Summit Auto Group,Summit Nissan Ridgemont,new,Nissan,Altima,2026,51,34042,30890,102.8,256,0
S30985,Summit Auto Group,Summit Nissan Ridgemont,used,Nissan,Sentra,2023,51,25669,24318,100.8,1,0
S31430,Summit Auto Group,Summit Subaru Northgate,new,Subaru,Impreza,2026,51,44370,40906,99.0,144,0
S30110,Summit Auto Group,Summit Toyota of Fairview,new,Toyota,Corolla,2026,51,47700,46183,96.7,176,1
S30121,Summit Auto Group,Summit Toyota of Fairview,used,Toyota,Corolla,2020,51,32160,29943,102.4,818,1
S30150,Summit Auto Group,Summit Toyota of Fairview,new,Toyota,Camry,2026,51,28821,27078,93.5,5,2
S30185,Summit Auto Group,Summit Toyota of Fairview,new,Toyota,Tacoma,2026,51,43460,41460,95.6,75,2
S31726,Summit Auto Group,Summit Volkswagen Eastdale,new,Volkswagen,ID.4,2026,51,33129,30221,93.5,132,0
S33204,Harbor Motor Group,Harbor BMW,new,BMW,3 Series,2026,50,58780,51923,102.4,355,0
S33257,Harbor Motor Group,Harbor BMW,used,BMW,X1,2020,50,31531,29613,101.6,16,5
S33308,Harbor Motor Group,Harbor BMW,new,BMW,5 Series,2026,50,48367,41786,102.5,84,2
S32599,Harbor Motor Group,Harbor Chevrolet Marina,used,Chevrolet,Traverse,2020,50,28535,25973,104.9,32,2
S32675,Harbor Motor Group,Harbor Chevrolet Marina,new,Chevrolet,Tahoe,2026,50,38631,34095,97.6,14,0
S32419,Harbor Motor Group,Harbor Ford Portside,new,Ford,Bronco,2026,50,50838,47484,99.0,571,2
S32488,Harbor Motor Group,Harbor Ford Portside,used,Chevrolet,Silverado,2020,50,28129,26039,98.7,104,0
S32591,Harbor Motor Group,Harbor Ford Portside,used,Ford,Mustang,2022,50,27447,23683,99.4,327,0
S32228,Harbor Motor Group,Harbor Honda Seaside,new,Honda,Civic,2026,50,33123,29063,93.9,92,1
S32379,Harbor Motor Group,Harbor Honda Seaside,new,Honda,Odyssey,2026,50,38205,33981,106.0,37,1
S32882,Harbor Motor Group,Harbor Kia Lighthouse,used,Ford,Escape,2023,50,27799,25744,93.5,227,3
S32919,Harbor Motor Group,Harbor Subaru Tidewater,used,Nissan,Altima,2021,50,25217,22227,105.9,188,5
S32131,Harbor Motor Group,Harbor Toyota Bayview,used,Toyota,Camry,2022,50,25288,22608,104.3,32,0
S31889,Summit Auto Group,Summit BMW,new,BMW,X3,2026,50,48045,41539,105.7,171,0
S30832,Summit Auto Group,Summit Chevrolet Glenpark,used,Chevrolet,Silverado,2021,50,24462,22043,94.2,244,3
S30597,Summit Auto Group,Summit Ford Rivera,new,Ford,Mustang,2026,50,45360,41282,98.2,96,1
S30254,Summit Auto Group,Summit Honda Westland,new,Honda,CR-V,2026,50,47498,41835,96.4,56,0
S30309,Summit Auto Group,Summit Honda Westland,new,Honda,CR-V,2026,50,33658,29282,100.1,265,1
S30313,Summit Auto Group,Summit Honda Westland,used,Hyundai,Santa Fe,2024,50,21715,20026,102.8,44,0
S31021,Summit Auto Group,Summit Hyundai Oakhurst,used,Hyundai,Kona,2021,50,25516,23614,95.2,47,3
S31576,Summit Auto Group,Summit Jeep Ram Clearwater,new,Jeep Ram,Gladiator,2026,50,30316,28863,101.0,12,0
S30891,Summit Auto Group,Summit Nissan Ridgemont,new,Nissan,Frontier,2026,50,40968,39677,103.8,1,3
S30089,Summit Auto Group,Summit Toyota of Fairview,used,Toyota,Tacoma,2021,50,17682,15542,102.8,156,3
S30209,Summit Auto Group,Summit Toyota of Fairview,used,Subaru,Crosstrek,2020,50,19288,16795,96.7,41,5
S32663,Harbor Motor Group,Harbor Chevrolet Marina,new,Chevrolet,Equinox,2026,49,26699,24846,95.0,25,0
S32398,Harbor Motor Group,Harbor Ford Portside,used,Ford,Explorer,2023,49,24892,23496,102.9,44,1
S32427,Harbor Motor Group,Harbor Ford Portside,new,Ford,F-150,2026,49,32428,31015,96.5,77,5
S32485,Harbor Motor Group,Harbor Ford Portside,used,Subaru,WRX,2025,49,17385,15052,93.0,156,0
S32191,Harbor Motor Group,Harbor Toyota Bayview,new,Toyota,Tundra,2026,49,46249,44191,101.0,330,0
S31778,Summit Auto Group,Summit BMW,new,BMW,i4,2026,49,47846,45421,95.1,155,0
S31921,Summit Auto Group,Summit BMW,new,BMW,3 Series,2026,49,68303,61423,100.1,695,5
S30800,Summit Auto Group,Summit Chevrolet Glenpark,used,Chevrolet,Trax,2019,49,29912,25947,102.5,219,1
S30491,Summit Auto Group,Summit Ford Rivera,used,BMW,i4,2018,49,25582,24333,97.3,163,1
S30506,Summit Auto Group,Summit Ford Rivera,new,Ford,Explorer,2026,49,36300,32504,103.2,393,0
S30533,Summit Auto Group,Summit Ford Rivera,used,Nissan,Pathfinder,2025,49,21250,19535,104.3,312,3
S30538,Summit Auto Group,Summit Ford Rivera,new,Ford,Escape,2026,49,28134,24977,101.0,215,1
S30655,Summit Auto Group,Summit Ford Rivera,used,Ford,Bronco,2019,49,18420,17147,102.3,83,0
S31027,Summit Auto Group,Summit Hyundai Oakhurst,new,Hyundai,Sonata,2026,49,43835,38412,93.8,170,1
S31136,Summit Auto Group,Summit Hyundai Oakhurst,used,Subaru,Crosstrek,2025,49,27114,23998,102.9,225,0
S31369,Summit Auto Group,Summit Mazda Lakeside,new,Mazda,CX-50,2026,49,34261,32401,103.2,825,0
S30005,Summit Auto Group,Summit Toyota of Fairview,used,Hyundai,Elantra,2025,49,20810,18834,102.2,112,1
S30085,Summit Auto Group,Summit Toyota of Fairview,new,Toyota,Highlander,2026,49,42527,40796,101.1,88,0
S30095,Summit Auto Group,Summit Toyota of Fairview,used,Jeep Ram,Ram 1500,2024,49,18965,17082,105.1,54,5
S33201,Harbor Motor Group,Harbor BMW,new,BMW,3 Series,2026,48,69618,64811,102.9,82,2
S33315,Harbor Motor Group,Harbor BMW,used,BMW,X5,2018,48,44741,41270,98.2,62,1
S32670,Harbor Motor Group,Harbor Chevrolet Marina,used,Chevrolet,Traverse,2018,48,30935,28708,95.1,82,1
S32513,Harbor Motor Group,Harbor Ford Portside,new,Ford,F-150,2026,48,43891,39499,105.1,378,1
S32268,Harbor Motor Group,Harbor Honda Seaside,new,Honda,HR-V,2026,48,43196,41673,101.1,143,2
S33064,Harbor Motor Group,Harbor Jeep Ram Anchor,used,Jeep Ram,Gladiator,2024,48,25487,24586,104.6,37,0
S32844,Harbor Motor Group,Harbor Kia Lighthouse,used,Kia,Forte,2021,48,23955,21901,99.4,25,0
S32885,Harbor Motor Group,Harbor Kia Lighthouse,new,Kia,Forte,2026,48,39196,36287,101.9,61,2
S32909,Harbor Motor Group,Harbor Subaru Tidewater,new,Subaru,Outback,2026,48,26844,24464,94.5,63,0
S32931,Harbor Motor Group,Harbor Subaru Tidewater,used,Kia,Sportage,2022,48,24746,23008,106.0,49,2
S32944,Harbor Motor Group,Harbor Subaru Tidewater,new,Subaru,Impreza,2026,48,32797,30631,103.3,81,0
S32137,Harbor Motor Group,Harbor Toyota Bayview,new,Toyota,Camry,2026,48,35220,33467,102.3,213,0
S31865,Summit Auto Group,Summit BMW,used,Toyota,Camry,2024,48,30091,28121,94.1,573,0
S31920,Summit Auto Group,Summit BMW,new,BMW,5 Series,2026,48,61839,58250,100.8,127,0
S30685,Summit Auto Group,Summit Chevrolet Glenpark,used,Toyota,Tacoma,2021,48,26576,23067,105.0,36,0
S30829,Summit Auto Group,Summit Chevrolet Glenpark,new,Chevrolet,Trax,2026,48,44917,41977,101.2,51,3
S30463,Summit Auto Group,Summit Ford Rivera,new,Ford,Mustang,2026,48,43146,39064,105.8,566,1
S30500,Summit Auto Group,Summit Ford Rivera,used,Ford,Mustang,2018,48,28919,25993,103.0,23,0
S30269,Summit Auto Group,Summit Honda Westland,used,Honda,HR-V,2020,48,31934,27792,95.4,128,5
S30412,Summit Auto Group,Summit Honda Westland,new,Honda,CR-V,2026,48,41371,39824,96.0,15,3
S31231,Summit Auto Group,Summit Kia Brookfield,used,Kia,K5,2023,48,29940,28360,97.0,1,1
S30919,Summit Auto Group,Summit Nissan Ridgemont,used,Chevrolet,Silverado,2023,48,29617,27022,104.1,46,0
S30980,Summit Auto Group,Summit Nissan Ridgemont,used,Nissan,Sentra,2022,48,27011,23571,102.0,181,1
S31483,Summit Auto Group,Summit Subaru Northgate,new,Subaru,Crosstrek,2026,48,44181,39110,101.9,118,0
S31498,Summit Auto Group,Summit Subaru Northgate,used,Ford,Explorer,2019,48,26552,23775,94.6,148,0
S30051,Summit Auto Group,Summit Toyota of Fairview,used,BMW,5 Series,2021,48,16850,14952,99.1,65,0
S30136,Summit Auto Group,Summit Toyota of Fairview,used,Toyota,RAV4,2024,48,30614,27875,100.2,266,0
S31716,Summit Auto Group,Summit Volkswagen Eastdale,new,Volkswagen,Atlas,2026,48,50619,44846,95.4,24,5
S33294,Harbor Motor Group,Harbor BMW,used,BMW,5 Series,2019,47,36133,31874,99.2,258,0
S33318,Harbor Motor Group,Harbor BMW,used,Ford,Mustang,2025,47,34886,31020,98.3,427,0
S32738,Harbor Motor Group,Harbor Chevrolet Marina,new,Chevrolet,Trax,2026,47,29803,27901,93.2,132,3
S32414,Harbor Motor Group,Harbor Ford Portside,new,Ford,Bronco,2026,47,41083,39424,96.8,388,0
S32476,Harbor Motor Group,Harbor Ford Portside,used,Ford,Maverick,2021,47,25278,22566,94.9,58,0
S32480,Harbor Motor Group,Harbor Ford Portside,used,Kia,Seltos,2022,47,28526,26463,105.2,177,0
S32197,Harbor Motor Group,Harbor Honda Seaside,new,Honda,Pilot,2026,47,36090,33599,97.0,358,1
S32203,Harbor Motor Group,Harbor Honda Seaside,used,Hyundai,Palisade,2025,47,19678,18279,102.4,102,1
S33060,Harbor Motor Group,Harbor Jeep Ram Anchor,new,Jeep Ram,Ram 1500,2026,47,32346,29612,103.5,14,2
S32935,Harbor Motor Group,Harbor Subaru Tidewater,used,BMW,X1,2018,47,24702,21350,99.3,317,5
S32984,Harbor Motor Group,Harbor Subaru Tidewater,new,Subaru,WRX,2026,47,40166,38709,100.6,279,5
S32069,Harbor Motor Group,Harbor Toyota Bayview,new,Toyota,RAV4,2026,47,44963,39787,103.4,53,1
S32078,Harbor Motor Group,Harbor Toyota Bayview,used,Toyota,RAV4,2024,47,25202,21676,104.3,120,5
S32165,Harbor Motor Group,Harbor Toyota Bayview,new,Toyota,Corolla,2026,47,44086,40357,101.4,163,0
S30687,Summit Auto Group,Summit Chevrolet Glenpark,new,Chevrolet,Silverado,2026,47,32991,31914,99.2,254,5
S30723,Summit Auto Group,Summit Chevrolet Glenpark,new,Chevrolet,Silverado,2026,47,47750,41817,105.9,55,0
S30726,Summit Auto Group,Summit Chevrolet Glenpark,used,Chevrolet,Trax,2020,47,23217,21674,105.2,185,5
S30728,Summit Auto Group,Summit Chevrolet Glenpark,used,Jeep Ram,Ram 1500,2022,47,29628,25779,97.0,343,2
S30509,Summit Auto Group,Summit Ford Rivera,new,Ford,F-150,2026,47,47549,43392,102.1,20,0
S30393,Summit Auto Group,Summit Honda Westland,new,Honda,Accord,2026,47,33379,29533,102.4,215,2
S31516,Summit Auto Group,Summit Jeep Ram Clearwater,used,Jeep Ram,Compass,2022,47,25973,24079,104.3,122,0
S30885,Summit Auto Group,Summit Nissan Ridgemont,used,Nissan,Pathfinder,2025,47,27105,26023,101.4,157,3
S30020,Summit Auto Group,Summit Toyota of Fairview,new,Toyota,RAV4,2026,47,40146,37876,95.9,61,3
S33270,Harbor Motor Group,Harbor BMW,used,Hyundai,Palisade,2021,46,31565,29289,98.9,41,2
S33332,Harbor Motor Group,Harbor BMW,new,BMW,X1,2026,46,66295,59069,105.3,301,5
S32536,Harbor Motor Group,Harbor Ford Portside,new,Ford,Explorer,2026,46,34970,30497,100.5,177,3
S32193,Harbor Motor Group,Harbor Honda Seaside,used,Subaru,Forester,2025,46,21426,20743,105.2,91,1
S32210,Harbor Motor Group,Harbor Honda Seaside,new,Honda,Accord,2026,46,43883,40369,98.2,107,0
S32234,Harbor Motor Group,Harbor Honda Seaside,used,Honda,Pilot,2021,46,23308,21648,94.9,308,5
S32115,Harbor Motor Group,Harbor Toyota Bayview,used,Toyota,Tacoma,2021,46,18571,16127,103.2,48,2
S31925,Summit Auto Group,Summit BMW,new,BMW,3 Series,2026,46,49711,43735,97.0,60,0
S30680,Summit Auto Group,Summit Chevrolet Glenpark,new,Chevrolet,Silverado,2026,46,32045,30681,99.5,506,0
S30693,Summit Auto Group,Summit Chevrolet Glenpark,used,Subaru,Ascent,2025,46,29879,25743,95.7,15,0
S30755,Summit Auto Group,Summit Chevrolet Glenpark,used,Chevrolet,Equinox,2025,46,31743,28029,103.2,203,0
S30798,Summit Auto Group,Summit Chevrolet Glenpark,new,Chevrolet,Malibu,2026,46,38154,33700,102.5,421,3
S30617,Summit Auto Group,Summit Ford Rivera,used,Ford,Escape,2022,46,24642,23498,105.8,2,1
S31514,Summit Auto Group,Summit Jeep Ram Clearwater,new,Jeep Ram,Ram 1500,2026,46,51050,49094,98.3,207,0
S31519,Summit Auto Group,Summit Jeep Ram Clearwater,used,Nissan,Rogue,2018,46,21060,18946,99.4,286,3
S31561,Summit Auto Group,Summit Jeep Ram Clearwater,new,Jeep Ram,Grand Cherokee,2026,46,29608,27887,102.7,89,0
S31610,Summit Auto Group,Summit Jeep Ram Clearwater,used,Chevrolet,Tahoe,2018,46,22557,20559,104.2,41,1
S31659,Summit Auto Group,Summit Jeep Ram Clearwater,new,Jeep Ram,Compass,2026,46,30157,28345,99.5,361,0
S31190,Summit Auto Group,Summit Kia Brookfield,used,Kia,Sorento,2024,46,21239,19062,106.0,108,0
S31210,Summit Auto Group,Summit Kia Brookfield,new,Kia,Telluride,2026,46,39814,38515,98.7,87,0
S31255,Summit Auto Group,Summit Kia Brookfield,used,Kia,Seltos,2024,46,22413,19473,95.4,190,1
S30940,Summit Auto Group,Summit Nissan Ridgemont,new,Nissan,Altima,2026,46,47961,44372,93.6,74,0
S30976,Summit Auto Group,Summit Nissan Ridgemont,new,Nissan,Kicks,2026,46,46190,40136,100.3,342,0
S31466,Summit Auto Group,Summit Subaru Northgate,new,Subaru,Outback,2026,46,32046,27830,93.7,193,0
S30008,Summit Auto Group,Summit Toyota of Fairview,used,Toyota,Tundra,2018,46,23650,22232,104.8,87,5
S30168,Summit Auto Group,Summit Toyota of Fairview,used,Toyota,Camry,2020,46,18899,18204,104.0,75,2
S30232,Summit Auto Group,Summit Toyota of Fairview,new,Toyota,RAV4,2026,46,47428,43955,100.5,365,5
S33230,Harbor Motor Group,Harbor BMW,new,BMW,X5,2026,45,58020,51937,100.0,173,2
S33243,Harbor Motor Group,Harbor BMW,used,Chevrolet,Trax,2025,45,34681,32942,93.9,205,3
S33324,Harbor Motor Group,Harbor BMW,used,BMW,X5,2021,45,28055,25784,93.1,94,0
S32400,Harbor Motor Group,Harbor Ford Portside,new,Ford,Explorer,2026,45,41678,38012,100.5,457,2
S32444,Harbor Motor Group,Harbor Ford Portside,new,Ford,Explorer,2026,45,45747,43409,93.6,88,1
S32483,Harbor Motor Group,Harbor Ford Portside,new,Ford,Maverick,2026,45,48162,42803,100.9,188,2
S33152,Harbor Motor Group,Harbor Jeep Ram Anchor,new,Jeep Ram,Ram 1500,2026,45,46236,40732,100.5,6,5
S32898,Harbor Motor Group,Harbor Subaru Tidewater,new,Subaru,Ascent,2026,45,35439,32327,96.1,117,0
S32964,Harbor Motor Group,Harbor Subaru Tidewater,used,Subaru,Forester,2021,45,29532,26456,100.5,80,0
S32986,Harbor Motor Group,Harbor Subaru Tidewater,used,Ford,Maverick,2025,45,27379,24665,105.6,140,2
S32988,Harbor Motor Group,Harbor Subaru Tidewater,new,Subaru,WRX,2026,45,51267,45774,95.4,394,3
S32118,Harbor Motor Group,Harbor Toyota Bayview,used,Toyota,RAV4,2021,45,18683,16547,102.2,205,0
S31959,Summit Auto Group,Summit BMW,new,BMW,3 Series,2026,45,71562,63633,95.0,1,1
S30622,Summit Auto Group,Summit Ford Rivera,new,Ford,Explorer,2026,45,47959,45453,96.3,134,0
S30241,Summit Auto Group,Summit Honda Westland,used,BMW,3 Series,2025,45,21452,18904,94.0,37,0
S30298,Summit Auto Group,Summit Honda Westland,new,Honda,Accord,2026,45,33693,32081,100.4,26,0
S30336,Summit Auto Group,Summit Honda Westland,used,Ford,Explorer,2024,45,20613,18012,103.9,149,0
S31091,Summit Auto Group,Summit Hyundai Oakhurst,used,Hyundai,Palisade,2020,45,29934,28244,100.9,46,5
S31593,Summit Auto Group,Summit Jeep Ram Clearwater,new,Jeep Ram,Gladiator,2026,45,31492,28487,101.5,73,0
S31158,Summit Auto Group,Summit Kia Brookfield,used,Ford,F-150,2018,45,26872,23538,98.9,23,5
S31216,Summit Auto Group,Summit Kia Brookfield,new,Kia,Sportage,2026,45,50203,48166,99.4,0,0
S30917,Summit Auto Group,Summit Nissan Ridgemont,used,Nissan,Rogue,2021,45,22247,19202,101.0,203,0
S31473,Summit Auto Group,Summit Subaru Northgate,used,Subaru,WRX,2023,45,24831,23424,98.0,15,3
S31765,Summit Auto Group,Summit Volkswagen Eastdale,new,Volkswagen,Atlas,2026,45,50717,44994,95.0,151,0
S33283,Harbor Motor Group,Harbor BMW,new,BMW,3 Series,2026,44,45468,43125,101.8,857,1
S33330,Harbor Motor Group,Harbor BMW,new,BMW,X3,2026,44,45528,43030,104.6,112,0
S33333,Harbor Motor Group,Harbor BMW,new,BMW,X3,2026,44,58581,53975,105.9,39,3
S33341,Harbor Motor Group,Harbor BMW,new,BMW,5 Series,2026,44,56311,49713,95.5,141,1
S32745,Harbor Motor Group,Harbor Chevrolet Marina,used,Ford,Escape,2024,44,26683,24424,96.0,96,1
S32586,Harbor Motor Group,Harbor Ford Portside,used,BMW,X1,2018,44,27675,25529,99.4,307,2
S32312,Harbor Motor Group,Harbor Honda Seaside,new,Honda,CR-V,2026,44,35522,33875,93.0,174,0
S32870,Harbor Motor Group,Harbor Kia Lighthouse,new,Kia,Seltos,2026,44,27317,26008,95.0,61,1
S32948,Harbor Motor Group,Harbor Subaru Tidewater,new,Subaru,Outback,2026,44,27309,24315,99.9,25,0
S31991,Harbor Motor Group,Harbor Toyota Bayview,new,Toyota,Tundra,2026,44,30006,28646,93.3,263,0
S31814,Summit Auto Group,Summit BMW,new,BMW,i4,2026,44,71170,66361,99.3,15,0
S30692,Summit Auto Group,Summit Chevrolet Glenpark,used,Chevrolet,Traverse,2025,44,25692,24754,104.0,175,1
S30708,Summit Auto Group,Summit Chevrolet Glenpark,used,Honda,Accord,2020,44,20740,18958,103.0,54,2
S30823,Summit Auto Group,Summit Chevrolet Glenpark,new,Chevrolet,Trax,2026,44,44164,41523,105.4,93,1
S30571,Summit Auto Group,Summit Ford Rivera,new,Ford,F-150,2026,44,27363,24976,99.3,62,2
S30284,Summit Auto Group,Summit Honda Westland,used,Honda,HR-V,2022,44,23961,21676,95.7,59,1
S30289,Summit Auto Group,Summit Honda Westland,used,Kia,Seltos,2025,44,25175,23947,103.6,663,3
S30321,Summit Auto Group,Summit Honda Westland,used,Hyundai,Tucson,2023,44,30291,28793,95.3,87,2
S30357,Summit Auto Group,Summit Honda Westland,new,Honda,Civic,2026,44,50226,46170,96.8,234,5
S31062,Summit Auto Group,Summit Hyundai Oakhurst,used,Hyundai,Tucson,2025,44,25771,23812,103.3,15,0
S31535,Summit Auto Group,Summit Jeep Ram Clearwater,used,Jeep Ram,Wrangler,2025,44,25508,23329,100.5,105,0
S31195,Summit Auto Group,Summit Kia Brookfield,new,Kia,Sportage,2026,44,43520,38549,100.8,50,3
S31261,Summit Auto Group,Summit Kia Brookfield,new,Kia,Sportage,2026,44,31382,30320,93.9,455,5
S31297,Summit Auto Group,Summit Mazda Lakeside,new,Mazda,CX-30,2026,44,35235,32244,96.1,4,0
S31363,Summit Auto Group,Summit Mazda Lakeside,used,Mazda,CX-50,2019,44,18276,15833,96.4,67,2
S31382,Summit Auto Group,Summit Mazda Lakeside,used,Jeep Ram,Grand Cherokee,2018,44,31208,29590,104.6,84,3
S30022,Summit Auto Group,Summit Toyota of Fairview,used,Toyota,RAV4,2025,44,17324,15525,98.6,296,2
S30027,Summit Auto Group,Summit Toyota of Fairview,used,Toyota,Tundra,2019,44,30631,27886,95.1,235,0
S30063,Summit Auto Group,Summit Toyota of Fairview,used,BMW,X3,2021,44,27995,26995,99.0,69,3
S30180,Summit Auto Group,Summit Toyota of Fairview,new,Toyota,Tacoma,2026,44,43567,39808,101.1,49,3
S33337,Harbor Motor Group,Harbor BMW,new,BMW,i4,2026,43,69969,67709,104.6,26,5
S32631,Harbor Motor Group,Harbor Chevrolet Marina,used,Chevrolet,Silverado,2018,43,18145,16612,99.4,150,3
S32691,Harbor Motor Group,Harbor Chevrolet Marina,new,Chevrolet,Tahoe,2026,43,50045,48402,102.6,33,5
S32492,Harbor Motor Group,Harbor Ford Portside,used,Ford,Maverick,2025,43,26953,24851,95.0,101,0
S32577,Harbor Motor Group,Harbor Ford Portside,new,Ford,Explorer,2026,43,50127,46340,95.8,137,5
S32262,Harbor Motor Group,Harbor Honda Seaside,used,Jeep Ram,Gladiator,2019,43,31145,26924,101.6,539,1
S32278,Harbor Motor Group,Harbor Honda Seaside,used,Honda,HR-V,2025,43,20920,18800,94.4,8,0
S32321,Harbor Motor Group,Harbor Honda Seaside,used,Hyundai,Kona,2023,43,20623,19090,102.5,27,5
S32800,Harbor Motor Group,Harbor Kia Lighthouse,new,Kia,Forte,2026,43,33749,29890,104.2,914,5
S32835,Harbor Motor Group,Harbor Kia Lighthouse,new,Kia,Telluride,2026,43,39006,35696,100.3,27,0
S32842,Harbor Motor Group,Harbor Kia Lighthouse,new,Kia,K5,2026,43,34837,30926,105.2,166,3
S32914,Harbor Motor Group,Harbor Subaru Tidewater,used,Subaru,WRX,2025,43,28920,25741,101.9,39,0
S30670,Summit Auto Group,Summit Chevrolet Glenpark,new,Chevrolet,Trax,2026,43,34244,32122,94.1,257,0
S30448,Summit Auto Group,Summit Ford Rivera,used,Ford,Mustang,2022,43,25397,22884,98.3,51,0
S30496,Summit Auto Group,Summit Ford Rivera,new,Ford,Explorer,2026,43,36775,33590,101.8,74,5
S30542,Summit Auto Group,Summit Ford Rivera,used,Ford,Maverick,2019,43,30430,28811,95.5,3,0
S30590,Summit Auto Group,Summit Ford Rivera,used,Ford,Maverick,2018,43,28036,24637,95.3,130,3
S30603,Summit Auto Group,Summit Ford Rivera,used,Ford,F-150,2018,43,20419,19511,104.8,175,1
S30285,Summit Auto Group,Summit Honda Westland,used,Honda,Pilot,2024,43,19971,17328,95.5,509,0
S31092,Summit Auto Group,Summit Hyundai Oakhurst,used,Hyundai,Elantra,2023,43,22388,21470,99.8,33,5
S31120,Summit Auto Group,Summit Hyundai Oakhurst,used,Chevrolet,Silverado,2024,43,24725,23254,94.4,55,0
S31521,Summit Auto Group,Summit Jeep Ram Clearwater,used,BMW,X3,2019,43,26055,22507,102.0,165,0
S31568,Summit Auto Group,Summit Jeep Ram Clearwater,new,Jeep Ram,Ram 1500,2026,43,32192,30798,104.3,257,3
S31208,Summit Auto Group,Summit Kia Brookfield,new,Kia,Forte,2026,43,41647,36557,105.2,322,0
S31245,Summit Auto Group,Summit Kia Brookfield,new,Kia,Forte,2026,43,50286,43961,104.3,38,2
S31324,Summit Auto Group,Summit Mazda Lakeside,new,Mazda,Mazda3,2026,43,40440,36387,98.0,133,1
S30973,Summit Auto Group,Summit Nissan Ridgemont,new,Nissan,Frontier,2026,43,37814,36149,97.8,198,0
S31413,Summit Auto Group,Summit Subaru Northgate,new,Subaru,Impreza,2026,43,40003,35955,105.9,182,5
S31434,Summit Auto Group,Summit Subaru Northgate,new,Subaru,Impreza,2026,43,47974,41382,97.1,40,0
S31491,Summit Auto Group,Summit Subaru Northgate,new,Subaru,Ascent,2026,43,39841,37658,93.9,103,0
S31492,Summit Auto Group,Summit Subaru Northgate,used,Subaru,WRX,2019,43,29445,28531,98.3,170,3
S31740,Summit Auto Group,Summit Volkswagen Eastdale,used,Nissan,Rogue,2021,43,27367,23767,100.8,22,1
S32623,Harbor Motor Group,Harbor Chevrolet Marina,used,Chevrolet,Malibu,2025,42,30849,27753,101.3,206,0
S32537,Harbor Motor Group,Harbor Ford Portside,used,Ford,Mustang,2025,42,22651,20021,103.3,304,1
S32557,Harbor Motor Group,Harbor Ford Portside,new,Ford,F-150,2026,42,46881,43074,95.0,26,5
S32582,Harbor Motor Group,Harbor Ford Portside,used,Ford,F-150,2021,42,31273,28195,105.3,382,5
S32329,Harbor Motor Group,Harbor Honda Seaside,new,Honda,Odyssey,2026,42,40008,38149,105.8,54,0
S32336,Harbor Motor Group,Harbor Honda Seaside,used,Honda,Accord,2025,42,20285,17928,93.6,4,1
S33002,Harbor Motor Group,Harbor Jeep Ram Anchor,new,Jeep Ram,Gladiator,2026,42,47215,43111,103.0,133,0
S33110,Harbor Motor Group,Harbor Jeep Ram Anchor,new,Jeep Ram,Ram 2500,2026,42,44217,41601,99.6,417,1
S32933,Harbor Motor Group,Harbor Subaru Tidewater,used,Hyundai,Sonata,2023,42,24667,22189,100.0,380,1
S32015,Harbor Motor Group,Harbor Toyota Bayview,used,Jeep Ram,Ram 1500,2020,42,26849,23429,95.5,9,3
S32087,Harbor Motor Group,Harbor Toyota Bayview,new,Toyota,Tacoma,2026,42,31448,29125,95.8,269,0
S31844,Summit Auto Group,Summit BMW,used,Hyundai,Tucson,2025,42,29219,25567,96.9,42,0
S30450,Summit Auto Group,Summit Ford Rivera,new,Ford,Bronco,2026,42,43171,40532,93.3,299,0
S30544,Summit Auto Group,Summit Ford Rivera,used,Ford,Explorer,2022,42,31900,30514,106.0,177,3
S30564,Summit Auto Group,Summit Ford Rivera,new,Ford,Explorer,2026,42,36949,34227,97.9,33,0
S30303,Summit Auto Group,Summit Honda Westland,used,Honda,Civic,2019,42,26047,22621,96.5,150,1
S30370,Summit Auto Group,Summit Honda Westland,new,Honda,Pilot,2026,42,43920,41394,97.3,108,5
S30431,Summit Auto Group,Summit Honda Westland,new,Honda,Civic,2026,42,29246,27066,98.9,24,1
S31583,Summit Auto Group,Summit Jeep Ram Clearwater,new,Jeep Ram,Wrangler,2026,42,40381,38205,102.0,11,3
S31617,Summit Auto Group,Summit Jeep Ram Clearwater,new,Jeep Ram,Ram 1500,2026,42,45700,42658,96.1,95,2
S31635,Summit Auto Group,Summit Jeep Ram Clearwater,used,Jeep Ram,Gladiator,2021,42,26659,23347,104.6,23,5
S31184,Summit Auto Group,Summit Kia Brookfield,used,Kia,Sorento,2025,42,26748,24334,104.5,3,1
S31281,Summit Auto Group,Summit Mazda Lakeside,new,Mazda,CX-5,2026,42,28238,26993,105.2,29,0
S31287,Summit Auto Group,Summit Mazda Lakeside,new,Mazda,CX-30,2026,42,31947,28618,105.8,364,1
S31374,Summit Auto Group,Summit Mazda Lakeside,new,Mazda,Mazda3,2026,42,40105,38319,103.1,48,2
S30867,Summit Auto Group,Summit Nissan Ridgemont,new,Nissan,Altima,2026,42,48885,46177,98.2,72,3
S30091,Summit Auto Group,Summit Toyota of Fairview,new,Toyota,RAV4,2026,42,35035,31314,99.9,165,0
S30108,Summit Auto Group,Summit Toyota of Fairview,new,Toyota,Camry,2026,42,34345,30081,104.3,99,1
S32622,Harbor Motor Group,Harbor Chevrolet Marina,used,Chevrolet,Silverado,2023,41,24577,21686,99.6,132,1
S32727,Harbor Motor Group,Harbor Chevrolet Marina,used,Chevrolet,Equinox,2025,41,26546,23922,100.8,342,0
S32450,Harbor Motor Group,Harbor Ford Portside,used,Ford,F-150,2022,41,28565,25219,105.4,7,1
S32494,Harbor Motor Group,Harbor Ford Portside,used,Ford,Maverick,2024,41,30368,29235,104.9,184,0
S32044,Harbor Motor Group,Harbor Toyota Bayview,used,Toyota,Tacoma,2018,41,27272,23693,101.6,12,5
S32148,Harbor Motor Group,Harbor Toyota Bayview,new,Toyota,Tundra,2026,41,33996,32714,99.9,409,3
S31815,Summit Auto Group,Summit BMW,used,BMW,5 Series,2020,41,50281,47468,102.1,182,3
S30781,Summit Auto Group,Summit Chevrolet Glenpark,used,Chevrolet,Silverado,2025,41,24351,23580,93.2,365,0
S30578,Summit Auto Group,Summit Ford Rivera,used,Honda,Accord,2023,41,31558,27621,98.2,32,1
S30665,Summit Auto Group,Summit Ford Rivera,new,Ford,Bronco,2026,41,50309,43946,99.9,72,0
S30279,Summit Auto Group,Summit Honda Westland,new,Honda,CR-V,2026,41,26987,25056,96.3,378,0
S31022,Summit Auto Group,Summit Hyundai Oakhurst,used,Jeep Ram,Ram 1500,2019,41,30592,28938,101.4,172,5
S31648,Summit Auto Group,Summit Jeep Ram Clearwater,used,Jeep Ram,Grand Cherokee,2024,41,21542,19914,102.4,76,0
S31168,Summit Auto Group,Summit Kia Brookfield,used,BMW,X3,2024,41,31507,30238,98.1,60,2
S31269,Summit Auto Group,Summit Kia Brookfield,new,Kia,Seltos,2026,41,39343,34208,100.2,179,0
S31270,Summit Auto Group,Summit Kia Brookfield,new,Kia,Telluride,2026,41,46632,45199,96.2,250,0
S31293,Summit Auto Group,Summit Mazda Lakeside,new,Mazda,MX-5,2026,41,41505,36828,93.3,366,3
S30923,Summit Auto Group,Summit Nissan Ridgemont,used,Nissan,Altima,2021,41,21525,19930,93.2,141,0
S30952,Summit Auto Group,Summit Nissan Ridgemont,used,Toyota,RAV4,2018,41,19953,18358,97.2,36,0
S30033,Summit Auto Group,Summit Toyota of Fairview,new,Toyota,Corolla,2026,41,50546,48530,100.4,346,3
S30198,Summit Auto Group,Summit Toyota of Fairview,new,Toyota,Camry,2026,41,38810,36897,96.0,433,2
S31757,Summit Auto Group,Summit Volkswagen Eastdale,used,Volkswagen,Tiguan,2021,41,26793,24135,97.5,105,1
S33299,Harbor Motor Group,Harbor BMW,used,Subaru,Forester,2024,40,50077,43850,97.3,174,1
S32615,Harbor Motor Group,Harbor Chevrolet Marina,used,Chevrolet,Malibu,2023,40,31879,28982,105.2,165,2
S32423,Harbor Motor Group,Harbor Ford Portside,new,Ford,Mustang,2026,40,48354,42381,96.9,259,0
S32497,Harbor Motor Group,Harbor Ford Portside,used,Ford,Bronco,2019,40,31452,28372,96.3,388,5
S32571,Harbor Motor Group,Harbor Ford Portside,used,Hyundai,Kona,2021,40,22524,20787,97.7,24,0
S32348,Harbor Motor Group,Harbor Honda Seaside,new,Honda,Accord,2026,40,47221,44720,96.4,47,5
S32354,Harbor Motor Group,Harbor Honda Seaside,new,Honda,Accord,2026,40,37709,36443,94.8,3,1
S32893,Harbor Motor Group,Harbor Subaru Tidewater,new,Subaru,Forester,2026,40,30563,29320,94.3,21,5
S32954,Harbor Motor Group,Harbor Subaru Tidewater,used,Honda,HR-V,2018,40,26692,24509,97.1,447,3
S30669,Summit Auto Group,Summit Chevrolet Glenpark,used,Chevrolet,Equinox,2019,40,27271,23965,95.2,222,5
S30713,Summit Auto Group,Summit Chevrolet Glenpark,used,Chevrolet,Equinox,2019,40,24696,23745,104.5,591,3
S30756,Summit Auto Group,Summit Chevrolet Glenpark,used,Chevrolet,Traverse,2021,40,26613,25432,101.5,69,1
S30511,Summit Auto Group,Summit Ford Rivera,new,Ford,F-150,2026,40,49552,44324,99.7,187,0
S30636,Summit Auto Group,Summit Ford Rivera,used,Ford,Maverick,2019,40,19986,17494,105.1,65,0
S30434,Summit Auto Group,Summit Honda Westland,used,Kia,Sorento,2018,40,25263,22403,102.2,345,5
S31179,Summit Auto Group,Summit Kia Brookfield,used,Chevrolet,Silverado,2023,40,31252,28597,101.3,89,0
S31198,Summit Auto Group,Summit Kia Brookfield,used,Subaru,Forester,2024,40,25279,22670,94.1,251,1
S31248,Summit Auto Group,Summit Kia Brookfield,used,Nissan,Frontier,2022,40,28050,26473,101.6,87,0
S31292,Summit Auto Group,Summit Mazda Lakeside,used,Toyota,Highlander,2019,40,29027,25174,102.9,16,3
S31355,Summit Auto Group,Summit Mazda Lakeside,new,Mazda,CX-5,2026,40,45631,42723,95.9,32,1
S30870,Summit Auto Group,Summit Nissan Ridgemont,used,Subaru,Impreza,2021,40,25528,23254,98.4,250,0
S30912,Summit Auto Group,Summit Nissan Ridgemont,used,Nissan,Rogue,2018,40,18273,16461,105.4,366,0
S30921,Summit Auto Group,Summit Nissan Ridgemont,new,Nissan,Altima,2026,40,38141,32854,101.1,430,0
S30957,Summit Auto Group,Summit Nissan Ridgemont,used,Nissan,Rogue,2022,40,32362,30566,94.9,99,0
S30040,Summit Auto Group,Summit Toyota of Fairview,used,Toyota,RAV4,2021,40,28590,25828,102.2,37,1
S30080,Summit Auto Group,Summit Toyota of Fairview,new,Toyota,Camry,2026,40,36595,31930,100.4,71,5
S30117,Summit Auto Group,Summit Toyota of Fairview,new,Toyota,Camry,2026,40,27720,26613,103.5,31,1
S30118,Summit Auto Group,Summit Toyota of Fairview,used,Toyota,Highlander,2025,40,21533,18856,101.2,278,5
S30120,Summit Auto Group,Summit Toyota of Fairview,used,Ford,F-150,2025,40,25706,23046,102.9,254,3
S30235,Summit Auto Group,Summit Toyota of Fairview,new,Toyota,Tacoma,2026,40,38565,34785,102.2,289,0
S31683,Summit Auto Group,Summit Volkswagen Eastdale,new,Volkswagen,Golf GTI,2026,40,27785,26030,97.4,68,2
S31750,Summit Auto Group,Summit Volkswagen Eastdale,new,Volkswagen,Atlas,2026,40,46248,43966,105.6,147,1
S33183,Harbor Motor Group,Harbor BMW,used,BMW,X3,2020,39,31653,29300,104.5,150,0
S32611,Harbor Motor Group,Harbor Chevrolet Marina,new,Chevrolet,Silverado,2026,39,33500,30682,99.9,2,0
S32660,Harbor Motor Group,Harbor Chevrolet Marina,new,Chevrolet,Silverado,2026,39,48236,46062,95.4,19,3
S32275,Harbor Motor Group,Harbor Honda Seaside,new,Honda,Accord,2026,39,44085,40866,94.4,93,0
S33027,Harbor Motor Group,Harbor Jeep Ram Anchor,used,Kia,K5,2019,39,28839,27592,99.1,11,1
S33097,Harbor Motor Group,Harbor Jeep Ram Anchor,used,Jeep Ram,Ram 2500,2023,39,25422,22016,105.7,102,0
S32773,Harbor Motor Group,Harbor Kia Lighthouse,new,Kia,K5,2026,39,34925,33237,103.6,2,0
S32905,Harbor Motor Group,Harbor Subaru Tidewater,new,Subaru,Ascent,2026,39,47896,42299,100.3,125,0
S32004,Harbor Motor Group,Harbor Toyota Bayview,used,Toyota,Highlander,2024,39,25993,22909,100.9,728,1
S32017,Harbor Motor Group,Harbor Toyota Bayview,used,Jeep Ram,Ram 1500,2021,39,28105,26946,94.3,64,2
S32022,Harbor Motor Group,Harbor Toyota Bayview,used,Toyota,Corolla,2022,39,25046,22587,101.5,188,1
S32041,Harbor Motor Group,Harbor Toyota Bayview,used,Toyota,Highlander,2019,39,24795,22168,97.7,21,0
S31790,Summit Auto Group,Summit BMW,new,BMW,i4,2026,39,48879,43392,101.0,72,5
S31954,Summit Auto Group,Summit BMW,new,BMW,3 Series,2026,39,50641,46187,105.6,135,1
S30796,Summit Auto Group,Summit Chevrolet Glenpark,used,Chevrolet,Equinox,2020,39,31202,28042,104.3,387,5
S30657,Summit Auto Group,Summit Ford Rivera,new,Ford,Mustang,2026,39,33162,32058,104.3,331,2
S30330,Summit Auto Group,Summit Honda Westland,used,Honda,Odyssey,2023,39,23674,21860,97.1,364,3
S30346,Summit Auto Group,Summit Honda Westland,used,Honda,Accord,2021,39,27458,25522,95.6,129,3
S31008,Summit Auto Group,Summit Hyundai Oakhurst,new,Hyundai,Palisade,2026,39,42046,40681,101.0,78,3
S31073,Summit Auto Group,Summit Hyundai Oakhurst,used,Hyundai,Tucson,2019,39,31206,30008,100.7,75,1
S31101,Summit Auto Group,Summit Hyundai Oakhurst,new,Hyundai,Palisade,2026,39,30370,26562,104.8,85,1
S31123,Summit Auto Group,Summit Hyundai Oakhurst,used,Jeep Ram,Wrangler,2024,39,19233,17261,95.9,32,0
S31142,Summit Auto Group,Summit Hyundai Oakhurst,new,Hyundai,Tucson,2026,39,37238,35739,101.2,27,0
S31348,Summit Auto Group,Summit Mazda Lakeside,used,Honda,Civic,2018,39,30698,27587,104.8,164,1
S31370,Summit Auto Group,Summit Mazda Lakeside,new,Mazda,MX-5,2026,39,48118,44523,98.0,229,0
S31388,Summit Auto Group,Summit Subaru Northgate,used,Hyundai,Kona,2018,39,23536,21142,105.0,215,0
S30016,Summit Auto Group,Summit Toyota of Fairview,used,Ford,Mustang,2023,39,28750,26888,98.8,96,0
S30054,Summit Auto Group,Summit Toyota of Fairview,new,Toyota,Tundra,2026,39,44812,42234,98.3,61,0
S30127,Summit Auto Group,Summit Toyota of Fairview,new,Toyota,Tacoma,2026,39,45684,42758,96.2,878,1
S33166,Harbor Motor Group,Harbor BMW,new,BMW,X5,2026,38,68860,64014,100.3,10,0
S32386,Harbor Motor Group,Harbor Ford Portside,new,Ford,Bronco,2026,38,32837,29944,94.2,123,1
S32226,Harbor Motor Group,Harbor Honda Seaside,new,Honda,Odyssey,2026,38,37661,32932,93.6,97,5
S32285,Harbor Motor Group,Harbor Honda Seaside,new,Honda,Civic,2026,38,49227,42843,104.2,33,1
S33035,Harbor Motor Group,Harbor Jeep Ram Anchor,used,BMW,X1,2024,38,24919,22549,102.4,446,2
S33083,Harbor Motor Group,Harbor Jeep Ram Anchor,used,Jeep Ram,Wrangler,2018,38,21008,19155,102.4,456,0
S33101,Harbor Motor Group,Harbor Jeep Ram Anchor,used,Toyota,Tacoma,2023,38,25240,23568,99.8,141,3
S33112,Harbor Motor Group,Harbor Jeep Ram Anchor,new,Jeep Ram,Gladiator,2026,38,48717,42391,105.9,150,3
S32772,Harbor Motor Group,Harbor Kia Lighthouse,new,Kia,K5,2026,38,30619,28181,99.0,107,3
S32820,Harbor Motor Group,Harbor Kia Lighthouse,new,Kia,Sportage,2026,38,48219,45124,101.9,272,1
S32860,Harbor Motor Group,Harbor Kia Lighthouse,used,Kia,Sportage,2022,38,28544,25113,104.3,98,2
S32863,Harbor Motor Group,Harbor Kia Lighthouse,used,Kia,Telluride,2024,38,17047,15367,93.3,34,2
S32884,Harbor Motor Group,Harbor Kia Lighthouse,used,Nissan,Kicks,2024,38,20716,18516,94.5,22,3
S32025,Harbor Motor Group,Harbor Toyota Bayview,used,Toyota,Highlander,2019,38,28278,24705,102.0,30,2
S32046,Harbor Motor Group,Harbor Toyota Bayview,used,Toyota,Corolla,2022,38,24434,21890,93.9,382,1
S32068,Harbor Motor Group,Harbor Toyota Bayview,used,Toyota,Tacoma,2023,38,19079,17002,96.5,675,1
S32083,Harbor Motor Group,Harbor Toyota Bayview,used,Ford,F-150,2021,38,18166,16779,100.6,21,1
S32143,Harbor Motor Group,Harbor Toyota Bayview,new,Toyota,Highlander,2026,38,47541,44002,97.5,180,2
S31781,Summit Auto Group,Summit BMW,new,BMW,X3,2026,38,56964,53722,96.6,56,1
S31800,Summit Auto Group,Summit BMW,used,Hyundai,Santa Fe,2018,38,37899,34272,95.0,798,1
S31894,Summit Auto Group,Summit BMW,used,BMW,X1,2022,38,34190,29776,94.2,43,1
S31899,Summit Auto Group,Summit BMW,used,BMW,3 Series,2021,38,32667,31023,104.2,292,3
S30586,Summit Auto Group,Summit Ford Rivera,new,Ford,F-150,2026,38,44663,43063,96.3,309,5
S30593,Summit Auto Group,Summit Ford Rivera,new,Ford,Mustang,2026,38,31139,27753,100.3,118,1
S30599,Summit Auto Group,Summit Ford Rivera,new,Ford,Mustang,2026,38,36926,31897,104.1,108,0
S30646,Summit Auto Group,Summit Ford Rivera,new,Ford,Mustang,2026,38,41842,37811,94.3,37,2
S30282,Summit Auto Group,Summit Honda Westland,new,Honda,Civic,2026,38,28520,25348,103.9,391,0
S30411,Summit Auto Group,Summit Honda Westland,used,Honda,HR-V,2023,38,31301,29173,104.7,208,0
S31028,Summit Auto Group,Summit Hyundai Oakhurst,new,Hyundai,Tucson,2026,38,33457,32347,99.4,57,2
S31059,Summit Auto Group,Summit Hyundai Oakhurst,new,Hyundai,Santa Fe,2026,38,31370,28255,99.8,147,2
S31588,Summit Auto Group,Summit Jeep Ram Clearwater,new,Jeep Ram,Gladiator,2026,38,28213,25747,101.0,151,3
S31589,Summit Auto Group,Summit Jeep Ram Clearwater,new,Jeep Ram,Gladiator,2026,38,40135,37050,96.4,379,1
S30951,Summit Auto Group,Summit Nissan Ridgemont,new,Nissan,Sentra,2026,38,31271,29432,102.4,38,0
S30994,Summit Auto Group,Summit Nissan Ridgemont,new,Nissan,Rogue,2026,38,50876,49143,99.4,85,3
S30222,Summit Auto Group,Summit Toyota of Fairview,used,Nissan,Rogue,2024,38,30735,29229,98.2,414,0
S33159,Harbor Motor Group,Harbor BMW,new,BMW,5 Series,2026,37,79127,72784,104.6,183,0
S32651,Harbor Motor Group,Harbor Chevrolet Marina,used,Nissan,Kicks,2019,37,26249,25092,98.6,55,3
S32402,Harbor Motor Group,Harbor Ford Portside,new,Ford,Maverick,2026,37,44238,42039,97.0,81,1
S32295,Harbor Motor Group,Harbor Honda Seaside,used,Honda,CR-V,2018,37,29990,28460,93.9,554,0
S33013,Harbor Motor Group,Harbor Jeep Ram Anchor,used,Jeep Ram,Wrangler,2025,37,21698,18957,98.0,90,1
S33070,Harbor Motor Group,Harbor Jeep Ram Anchor,new,Jeep Ram,Gladiator,2026,37,40595,38630,101.4,14,5
S32801,Harbor Motor Group,Harbor Kia Lighthouse,new,Kia,Sorento,2026,37,38454,34346,100.7,242,5
S32904,Harbor Motor Group,Harbor Subaru Tidewater,new,Subaru,Ascent,2026,37,39731,38148,96.1,71,2
S32913,Harbor Motor Group,Harbor Subaru Tidewater,new,Subaru,WRX,2026,37,47565,45420,104.0,160,0
S32952,Harbor Motor Group,Harbor Subaru Tidewater,used,Subaru,Crosstrek,2023,37,31127,26867,96.9,182,5
S31976,Harbor Motor Group,Harbor Toyota Bayview,used,Ford,Bronco,2021,37,23554,22099,103.4,102,0
S31984,Harbor Motor Group,Harbor Toyota Bayview,new,Toyota,Tacoma,2026,37,36951,33681,96.8,31,3
S32014,Harbor Motor Group,Harbor Toyota Bayview,new,Toyota,Corolla,2026,37,28153,24417,97.9,3,2
S32077,Harbor Motor Group,Harbor Toyota Bayview,new,Toyota,Camry,2026,37,40109,35411,102.5,577,1
S32133,Harbor Motor Group,Harbor Toyota Bayview,used,Nissan,Kicks,2020,37,27711,25834,101.6,142,2
S32135,Harbor Motor Group,Harbor Toyota Bayview,new,Toyota,Camry,2026,37,47530,44304,99.0,838,5
S31804,Summit Auto Group,Summit BMW,new,BMW,3 Series,2026,37,67404,59203,99.8,13,0
S31818,Summit Auto Group,Summit BMW,used,BMW,X5,2024,37,50707,47541,103.3,25,2
S31890,Summit Auto Group,Summit BMW,new,BMW,X1,2026,37,77444,71022,105.0,35,1
S30719,Summit Auto Group,Summit Chevrolet Glenpark,used,Ford,Escape,2018,37,24642,22702,100.3,161,0
S30817,Summit Auto Group,Summit Chevrolet Glenpark,new,Chevrolet,Silverado,2026,37,28549,25914,100.3,346,0
S30654,Summit Auto Group,Summit Ford Rivera,used,Ford,Explorer,2024,37,32264,30759,98.6,24,5
S30280,Summit Auto Group,Summit Honda Westland,new,Honda,Civic,2026,37,50191,44070,103.8,63,0
S30308,Summit Auto Group,Summit Honda Westland,new,Honda,HR-V,2026,37,32842,28555,98.0,31,1
S31020,Summit Auto Group,Summit Hyundai Oakhurst,used,Hyundai,Palisade,2020,37,17599,15581,101.4,267,3
S31579,Summit Auto Group,Summit Jeep Ram Clearwater,used,Jeep Ram,Ram 1500,2025,37,32093,29897,97.5,91,1
S31600,Summit Auto Group,Summit Jeep Ram Clearwater,used,Hyundai,Santa Fe,2024,37,20449,19108,103.9,672,1
S31640,Summit Auto Group,Summit Jeep Ram Clearwater,new,Jeep Ram,Gladiator,2026,37,38057,36823,98.6,59,3
S30960,Summit Auto Group,Summit Nissan Ridgemont,new,Nissan,Frontier,2026,37,51272,48165,100.9,98,2
S30028,Summit Auto Group,Summit Toyota of Fairview,new,Toyota,Tundra,2026,37,46772,40524,103.5,334,0
S30081,Summit Auto Group,Summit Toyota of Fairview,used,Toyota,Tacoma,2021,37,18433,16588,97.6,149,3
S30124,Summit Auto Group,Summit Toyota of Fairview,new,Toyota,Tacoma,2026,37,51189,46461,99.1,269,0
S31719,Summit Auto Group,Summit Volkswagen Eastdale,used,Volkswagen,Golf GTI,2023,37,25879,24118,98.0,43,2
S31759,Summit Auto Group,Summit Volkswagen Eastdale,used,Volkswagen,Tiguan,2024,37,26452,24306,101.3,51,2
S33173,Harbor Motor Group,Harbor BMW,used,BMW,X3,2021,36,34069,31467,93.5,789,1
S33219,Harbor Motor Group,Harbor BMW,used,Ford,Escape,2022,36,36091,34827,101.2,91,1
S32731,Harbor Motor Group,Harbor Chevrolet Marina,used,Chevrolet,Equinox,2022,36,20580,18826,104.1,164,1
S32437,Harbor Motor Group,Harbor Ford Portside,new,Ford,Mustang,2026,36,28217,25873,97.3,85,0
S32496,Harbor Motor Group,Harbor Ford Portside,used,Kia,Sportage,2025,36,22657,21293,95.7,34,0
S32814,Harbor Motor Group,Harbor Kia Lighthouse,new,Kia,K5,2026,36,39715,37752,101.1,23,0
S32895,Harbor Motor Group,Harbor Subaru Tidewater,new,Subaru,Ascent,2026,36,37374,34595,98.6,467,1
S31994,Harbor Motor Group,Harbor Toyota Bayview,new,Toyota,Highlander,2026,36,46583,42118,105.4,6,1
S32013,Harbor Motor Group,Harbor Toyota Bayview,new,Toyota,Tundra,2026,36,27489,26373,104.2,83,5
S32155,Harbor Motor Group,Harbor Toyota Bayview,new,Toyota,Tacoma,2026,36,43402,37966,96.2,63,0
S31840,Summit Auto Group,Summit BMW,used,Chevrolet,Malibu,2019,36,45368,39082,102.3,53,1
S31895,Summit Auto Group,Summit BMW,used,Chevrolet,Silverado,2022,36,31762,29300,105.7,99,1
S31928,Summit Auto Group,Summit BMW,new,BMW,X1,2026,36,54805,52299,102.1,104,1
S31932,Summit Auto Group,Summit BMW,used,BMW,X5,2020,36,38029,36645,95.1,238,0
S31955,Summit Auto Group,Summit BMW,new,BMW,3 Series,2026,36,73744,70001,97.8,124,5
S31963,Summit Auto Group,Summit BMW,new,BMW,X3,2026,36,56313,48954,95.2,12,3
S30797,Summit Auto Group,Summit Chevrolet Glenpark,used,Chevrolet,Trax,2019,36,27635,25253,101.3,188,2
S30464,Summit Auto Group,Summit Ford Rivera,new,Ford,Mustang,2026,36,39961,37485,96.7,410,0
S30371,Summit Auto Group,Summit Honda Westland,used,Subaru,Outback,2025,36,30508,29114,95.4,630,0
S30420,Summit Auto Group,Summit Honda Westland,new,Honda,Accord,2026,36,43973,42593,95.4,93,0
S30426,Summit Auto Group,Summit Honda Westland,new,Honda,Pilot,2026,36,28253,24691,95.7,51,3
S31050,Summit Auto Group,Summit Hyundai Oakhurst,used,Ford,Maverick,2024,36,29377,28440,100.4,1,2
S31081,Summit Auto Group,Summit Hyundai Oakhurst,new,Hyundai,Elantra,2026,36,37628,33998,95.1,164,3
S31599,Summit Auto Group,Summit Jeep Ram Clearwater,new,Jeep Ram,Compass,2026,36,31207,28845,104.3,388,0
S31623,Summit Auto Group,Summit Jeep Ram Clearwater,new,Jeep Ram,Ram 1500,2026,36,38376,36393,98.9,39,1
S31633,Summit Auto Group,Summit Jeep Ram Clearwater,new,Jeep Ram,Grand Cherokee,2026,36,42272,36775,95.7,644,0
S31187,Summit Auto Group,Summit Kia Brookfield,used,Kia,Sorento,2018,36,19848,18979,98.3,57,0
S31260,Summit Auto Group,Summit Kia Brookfield,new,Kia,Seltos,2026,36,31263,27302,98.1,48,2
S30905,Summit Auto Group,Summit Nissan Ridgemont,new,Nissan,Kicks,2026,36,45735,40108,95.3,47,0
S30933,Summit Auto Group,Summit Nissan Ridgemont,new,Nissan,Sentra,2026,36,46610,40378,101.3,67,3
S30942,Summit Auto Group,Summit Nissan Ridgemont,used,BMW,X5,2022,36,19641,17257,93.4,120,0
S31467,Summit Auto Group,Summit Subaru Northgate,new,Subaru,Impreza,2026,36,44277,42667,102.8,7,1
S31474,Summit Auto Group,Summit Subaru Northgate,new,Subaru,Impreza,2026,36,26663,23836,93.3,324,5
S31475,Summit Auto Group,Summit Subaru Northgate,new,Subaru,WRX,2026,36,32055,29840,96.5,100,0
S30026,Summit Auto Group,Summit Toyota of Fairview,used,Honda,HR-V,2021,36,25907,22627,98.3,339,0
S33158,Harbor Motor Group,Harbor BMW,used,Kia,Forte,2025,35,35685,34580,104.1,102,5
S33289,Harbor Motor Group,Harbor BMW,used,BMW,5 Series,2025,35,32601,31129,102.9,73,1
S33322,Harbor Motor Group,Harbor BMW,new,BMW,5 Series,2026,35,58756,51252,94.4,138,0
S33331,Harbor Motor Group,Harbor BMW,new,BMW,5 Series,2026,35,62295,58589,93.9,179,0
S33339,Harbor Motor Group,Harbor BMW,new,BMW,3 Series,2026,35,60911,58876,104.5,47,2
S32470,Harbor Motor Group,Harbor Ford Portside,used,Ford,Bronco,2024,35,17548,16266,100.9,204,5
S32280,Harbor Motor Group,Harbor Honda Seaside,new,Honda,Accord,2026,35,43562,41153,102.3,291,3
S32339,Harbor Motor Group,Harbor Honda Seaside,used,Honda,CR-V,2018,35,32226,30687,99.7,4,0
S33026,Harbor Motor Group,Harbor Jeep Ram Anchor,new,Jeep Ram,Grand Cherokee,2026,35,33646,32068,101.2,75,3
S32790,Harbor Motor Group,Harbor Kia Lighthouse,new,Kia,Seltos,2026,35,47385,41130,96.6,122,2
S32878,Harbor Motor Group,Harbor Kia Lighthouse,new,Kia,Sorento,2026,35,33567,30008,95.9,47,1
S31983,Harbor Motor Group,Harbor Toyota Bayview,used,Chevrolet,Trax,2025,35,22138,20616,95.7,17,3
S32012,Harbor Motor Group,Harbor Toyota Bayview,new,Toyota,Camry,2026,35,33010,29838,101.5,189,2
S32114,Harbor Motor Group,Harbor Toyota Bayview,new,Toyota,Camry,2026,35,33479,30596,103.1,159,0
S31777,Summit Auto Group,Summit BMW,used,BMW,X3,2024,35,35857,32696,97.6,323,2
S31835,Summit Auto Group,Summit BMW,used,Chevrolet,Tahoe,2020,35,45361,41846,99.3,350,2
S31860,Summit Auto Group,Summit BMW,used,Subaru,WRX,2020,35,45441,43498,98.8,101,0
S31956,Summit Auto Group,Summit BMW,new,BMW,X5,2026,35,71754,63126,93.8,206,2
S30683,Summit Auto Group,Summit Chevrolet Glenpark,new,Chevrolet,Malibu,2026,35,34265,29589,94.8,158,1
S30688,Summit Auto Group,Summit Chevrolet Glenpark,used,Toyota,RAV4,2020,35,30164,27496,104.2,2,3
S30748,Summit Auto Group,Summit Chevrolet Glenpark,new,Chevrolet,Silverado,2026,35,39003,34450,102.9,55,1
S30543,Summit Auto Group,Summit Ford Rivera,used,Ford,Mustang,2019,35,17429,16861,99.5,175,0
S30545,Summit Auto Group,Summit Ford Rivera,new,Ford,Maverick,2026,35,44390,40972,100.5,140,0
S30596,Summit Auto Group,Summit Ford Rivera,new,Ford,Bronco,2026,35,42423,36895,101.6,67,1
S30602,Summit Auto Group,Summit Ford Rivera,used,Ford,Mustang,2021,35,23298,22169,97.5,298,0
S30337,Summit Auto Group,Summit Honda Westland,used,Honda,Civic,2022,35,25660,23205,103.7,187,0
S31049,Summit Auto Group,Summit Hyundai Oakhurst,new,Hyundai,Palisade,2026,35,50668,46210,100.0,302,0
S31107,Summit Auto Group,Summit Hyundai Oakhurst,used,Hyundai,Kona,2023,35,27881,24433,93.2,260,0
S31597,Summit Auto Group,Summit Jeep Ram Clearwater,used,Honda,Pilot,2019,35,21486,20374,95.0,520,5
S31173,Summit Auto Group,Summit Kia Brookfield,used,Honda,HR-V,2020,35,17140,15684,96.8,37,5
S31202,Summit Auto Group,Summit Kia Brookfield,new,Kia,Forte,2026,35,28190,26713,101.5,67,0
S31278,Summit Auto Group,Summit Mazda Lakeside,new,Mazda,CX-30,2026,35,49832,47587,95.3,406,1
S31321,Summit Auto Group,Summit Mazda Lakeside,used,Honda,Odyssey,2025,35,28186,25916,104.0,393,1
S30924,Summit Auto Group,Summit Nissan Ridgemont,new,Nissan,Sentra,2026,35,27524,24456,103.2,68,2
S31480,Summit Auto Group,Summit Subaru Northgate,new,Subaru,Impreza,2026,35,30111,27088,97.6,606,1
S30019,Summit Auto Group,Summit Toyota of Fairview,new,Toyota,RAV4,2026,35,28986,25191,98.8,34,5
S30093,Summit Auto Group,Summit Toyota of Fairview,used,Toyota,RAV4,2021,35,20349,18495,94.3,225,1
S30176,Summit Auto Group,Summit Toyota of Fairview,new,Toyota,RAV4,2026,35,47978,46380,93.3,352,1
S30189,Summit Auto Group,Summit Toyota of Fairview,used,Kia,Forte,2024,35,20069,18196,102.8,590,0
S33280,Harbor Motor Group,Harbor BMW,new,BMW,i4,2026,34,70916,65126,102.8,289,5
S32422,Harbor Motor Group,Harbor Ford Portside,new,Ford,Explorer,2026,34,36055,31008,98.0,188,0
S32465,Harbor Motor Group,Harbor Ford Portside,used,Ford,F-150,2020,34,21864,20650,104.8,53,1
S32533,Harbor Motor Group,Harbor Ford Portside,new,Ford,Mustang,2026,34,31061,29391,99.4,42,0
S32590,Harbor Motor Group,Harbor Ford Portside,used,Ford,Mustang,2025,34,29586,26361,96.3,10,3
S32316,Harbor Motor Group,Harbor Honda Seaside,new,Honda,HR-V,2026,34,46706,44199,105.8,149,3
S32373,Harbor Motor Group,Harbor Honda Seaside,used,Honda,Civic,2022,34,17180,16421,104.1,319,0
S33087,Harbor Motor Group,Harbor Jeep Ram Anchor,new,Jeep Ram,Ram 2500,2026,34,47505,44795,105.1,9,0
S32927,Harbor Motor Group,Harbor Subaru Tidewater,new,Subaru,Crosstrek,2026,34,50759,43822,99.3,181,0
S32162,Harbor Motor Group,Harbor Toyota Bayview,new,Toyota,Tundra,2026,34,37490,33278,94.1,209,0
S31951,Summit Auto Group,Summit BMW,used,Hyundai,Sonata,2019,34,46143,41506,98.6,5,1
S30686,Summit Auto Group,Summit Chevrolet Glenpark,used,BMW,X3,2019,34,20462,18204,100.9,206,1
S30744,Summit Auto Group,Summit Chevrolet Glenpark,used,Chevrolet,Tahoe,2021,34,18550,17836,104.7,57,3
S30789,Summit Auto Group,Summit Chevrolet Glenpark,new,Chevrolet,Traverse,2026,34,37618,32521,105.9,224,5
S30644,Summit Auto Group,Summit Ford Rivera,new,Ford,F-150,2026,34,37020,33849,97.5,24,3
S30250,Summit Auto Group,Summit Honda Westland,used,Jeep Ram,Compass,2025,34,18182,15977,105.1,9,5
S30316,Summit Auto Group,Summit Honda Westland,new,Honda,Pilot,2026,34,31000,27434,98.7,422,0
S30437,Summit Auto Group,Summit Honda Westland,new,Honda,Accord,2026,34,33292,30938,104.7,51,1
S31047,Summit Auto Group,Summit Hyundai Oakhurst,new,Hyundai,Palisade,2026,34,41160,38797,102.2,423,1
S31086,Summit Auto Group,Summit Hyundai Oakhurst,new,Hyundai,Santa Fe,2026,34,29052,27238,103.4,114,1
S31545,Summit Auto Group,Summit Jeep Ram Clearwater,new,Jeep Ram,Compass,2026,34,35781,32857,95.1,13,1
S31148,Summit Auto Group,Summit Kia Brookfield,new,Kia,Telluride,2026,34,42250,37665,97.3,228,1
S30868,Summit Auto Group,Summit Nissan Ridgemont,new,Nissan,Kicks,2026,34,30584,26883,95.7,132,0
S30964,Summit Auto Group,Summit Nissan Ridgemont,used,Jeep Ram,Ram 1500,2021,34,24041,23172,105.6,82,0
S31429,Summit Auto Group,Summit Subaru Northgate,used,Jeep Ram,Gladiator,2024,34,29698,28583,99.9,318,1
S31493,Summit Auto Group,Summit Subaru Northgate,new,Subaru,Crosstrek,2026,34,47210,42298,99.9,49,5
S30194,Summit Auto Group,Summit Toyota of Fairview,used,Toyota,Tundra,2018,34,18251,16731,102.2,47,0
S31725,Summit Auto Group,Summit Volkswagen Eastdale,new,Volkswagen,Tiguan,2026,34,44289,40257,95.2,283,3
S33199,Harbor Motor Group,Harbor BMW,new,BMW,X3,2026,33,75045,67293,97.2,158,5
S33240,Harbor Motor Group,Harbor BMW,used,Kia,Sportage,2019,33,41607,36063,104.4,92,3
S33290,Harbor Motor Group,Harbor BMW,new,BMW,5 Series,2026,33,56500,50948,97.7,95,0
S32614,Harbor Motor Group,Harbor Chevrolet Marina,used,Honda,Pilot,2023,33,25138,23632,102.7,96,5
S32696,Harbor Motor Group,Harbor Chevrolet Marina,new,Chevrolet,Tahoe,2026,33,45167,40875,102.5,95,5
S32495,Harbor Motor Group,Harbor Ford Portside,used,Subaru,Outback,2020,33,24937,21695,96.2,281,1
S33147,Harbor Motor Group,Harbor Jeep Ram Anchor,new,Jeep Ram,Ram 1500,2026,33,31478,29758,98.0,329,0
S32769,Harbor Motor Group,Harbor Kia Lighthouse,new,Kia,Telluride,2026,33,42317,37781,96.8,174,3
S32845,Harbor Motor Group,Harbor Kia Lighthouse,used,Kia,Sportage,2021,33,29940,26751,97.0,55,1
S32892,Harbor Motor Group,Harbor Subaru Tidewater,used,Subaru,Outback,2025,33,31332,28412,98.5,402,2
S32066,Harbor Motor Group,Harbor Toyota Bayview,used,Toyota,RAV4,2025,33,18990,17469,94.6,329,5
S32084,Harbor Motor Group,Harbor Toyota Bayview,new,Toyota,Tundra,2026,33,29133,25491,94.2,90,0
S31880,Summit Auto Group,Summit BMW,new,BMW,X1,2026,33,67290,61063,99.7,13,1
S31911,Summit Auto Group,Summit BMW,new,BMW,X1,2026,33,46268,40549,95.5,682,1
S30468,Summit Auto Group,Summit Ford Rivera,used,Ford,Explorer,2020,33,17814,17270,105.7,126,1
S30574,Summit Auto Group,Summit Ford Rivera,new,Ford,Mustang,2026,33,42612,39072,96.9,165,1
S31137,Summit Auto Group,Summit Hyundai Oakhurst,used,Hyundai,Kona,2018,33,31572,29460,102.9,190,1
S31504,Summit Auto Group,Summit Jeep Ram Clearwater,used,Jeep Ram,Ram 1500,2025,33,28315,27098,102.6,15,0
S31542,Summit Auto Group,Summit Jeep Ram Clearwater,used,Jeep Ram,Wrangler,2018,33,20276,17647,100.0,155,0
S31554,Summit Auto Group,Summit Jeep Ram Clearwater,used,Kia,Sportage,2018,33,18256,16389,102.1,165,0
S31585,Summit Auto Group,Summit Jeep Ram Clearwater,new,Jeep Ram,Gladiator,2026,33,44203,42657,94.2,60,1
S31286,Summit Auto Group,Summit Mazda Lakeside,used,Ford,Maverick,2021,33,20477,19583,103.2,211,1
S30879,Summit Auto Group,Summit Nissan Ridgemont,new,Nissan,Altima,2026,33,31999,28854,94.9,24,2
S30993,Summit Auto Group,Summit Nissan Ridgemont,used,Ford,Escape,2018,33,29346,26741,94.9,39,5
S30084,Summit Auto Group,Summit Toyota of Fairview,new,Toyota,Tundra,2026,33,35368,30943,93.8,16,1
S30216,Summit Auto Group,Summit Toyota of Fairview,used,Subaru,Impreza,2025,33,21170,18599,100.1,81,5
S31717,Summit Auto Group,Summit Volkswagen Eastdale,new,Volkswagen,Jetta,2026,33,28361,27019,104.4,303,0
S31718,Summit Auto Group,Summit Volkswagen Eastdale,new,Volkswagen,Atlas,2026,33,47797,41343,104.0,521,5
S33251,Harbor Motor Group,Harbor BMW,new,BMW,X5,2026,32,80196,77480,97.3,827,2
S32679,Harbor Motor Group,Harbor Chevrolet Marina,new,Chevrolet,Malibu,2026,32,26866,25370,94.3,336,1
S32687,Harbor Motor Group,Harbor Chevrolet Marina,new,Chevrolet,Trax,2026,32,48152,42322,103.3,4,2
S32436,Harbor Motor Group,Harbor Ford Portside,new,Ford,Bronco,2026,32,39309,37439,95.4,171,2
S32529,Harbor Motor Group,Harbor Ford Portside,used,Ford,Bronco,2023,32,23983,22044,99.0,69,0
S32563,Harbor Motor Group,Harbor Ford Portside,used,Kia,Forte,2019,32,18744,17907,96.2,67,3
S32375,Harbor Motor Group,Harbor Honda Seaside,new,Honda,Odyssey,2026,32,34028,30873,102.4,230,0
S32377,Harbor Motor Group,Harbor Honda Seaside,new,Honda,Pilot,2026,32,37334,35396,95.5,45,3
S32807,Harbor Motor Group,Harbor Kia Lighthouse,new,Kia,K5,2026,32,48608,44164,95.9,408,1
S32031,Harbor Motor Group,Harbor Toyota Bayview,new,Toyota,Corolla,2026,32,37823,32787,100.4,112,0
S32110,Harbor Motor Group,Harbor Toyota Bayview,new,Toyota,RAV4,2026,32,34976,33699,96.1,49,1
S32176,Harbor Motor Group,Harbor Toyota Bayview,used,Honda,Civic,2024,32,26350,23846,104.2,393,5
S31862,Summit Auto Group,Summit BMW,used,BMW,5 Series,2025,32,48663,44813,99.5,158,0
S31877,Summit Auto Group,Summit BMW,used,BMW,X1,2022,32,41798,39612,99.9,404,2
S30675,Summit Auto Group,Summit Chevrolet Glenpark,used,Hyundai,Elantra,2018,32,27442,24669,96.6,42,3
S30778,Summit Auto Group,Summit Chevrolet Glenpark,new,Chevrolet,Trax,2026,32,33034,29201,93.5,462,1
S30461,Summit Auto Group,Summit Ford Rivera,used,Toyota,Tacoma,2020,32,22161,19135,95.6,210,2
S30513,Summit Auto Group,Summit Ford Rivera,new,Ford,Explorer,2026,32,33678,30154,96.5,8,1
S30591,Summit Auto Group,Summit Ford Rivera,new,Ford,Mustang,2026,32,28378,25682,103.0,223,3
S30296,Summit Auto Group,Summit Honda Westland,used,Honda,Accord,2024,32,21963,19064,99.2,389,0
S30301,Summit Auto Group,Summit Honda Westland,used,Honda,Accord,2018,32,26382,24348,93.5,87,3
S30320,Summit Auto Group,Summit Honda Westland,used,Honda,HR-V,2024,32,17748,17038,95.4,115,0
S31127,Summit Auto Group,Summit Hyundai Oakhurst,new,Hyundai,Tucson,2026,32,50727,45835,104.9,99,0
S31540,Summit Auto Group,Summit Jeep Ram Clearwater,new,Jeep Ram,Gladiator,2026,32,35207,31706,94.6,346,1
S31560,Summit Auto Group,Summit Jeep Ram Clearwater,new,Jeep Ram,Grand Cherokee,2026,32,46066,41353,102.4,21,0
S31284,Summit Auto Group,Summit Mazda Lakeside,new,Mazda,Mazda3,2026,32,44273,39990,99.8,445,3
S31364,Summit Auto Group,Summit Mazda Lakeside,new,Mazda,CX-5,2026,32,37402,34670,93.9,170,1
S30865,Summit Auto Group,Summit Nissan Ridgemont,used,Kia,Telluride,2018,32,18882,18287,105.9,141,0
S30995,Summit Auto Group,Summit Nissan Ridgemont,new,Nissan,Altima,2026,32,34376,29827,94.7,37,0
S30006,Summit Auto Group,Summit Toyota of Fairview,new,Toyota,Corolla,2026,32,30046,28902,96.4,584,0
S30175,Summit Auto Group,Summit Toyota of Fairview,used,Honda,Civic,2021,32,31010,29606,103.4,85,0
S31672,Summit Auto Group,Summit Volkswagen Eastdale,new,Volkswagen,Golf GTI,2026,32,31994,30821,99.3,109,0
S31735,Summit Auto Group,Summit Volkswagen Eastdale,new,Volkswagen,Atlas,2026,32,48875,44213,102.7,261,0
S33254,Harbor Motor Group,Harbor BMW,new,BMW,5 Series,2026,31,53699,47298,95.8,77,1
S33263,Harbor Motor Group,Harbor BMW,used,BMW,i4,2025,31,51638,44559,93.7,238,0
S33284,Harbor Motor Group,Harbor BMW,new,BMW,5 Series,2026,31,42968,37259,101.5,11,5
S33314,Harbor Motor Group,Harbor BMW,new,BMW,5 Series,2026,31,68669,60524,96.0,163,0
S32627,Harbor Motor Group,Harbor Chevrolet Marina,new,Chevrolet,Tahoe,2026,31,47931,44832,104.1,73,1
S32410,Harbor Motor Group,Harbor Ford Portside,used,Jeep Ram,Ram 1500,2019,31,22252,21150,101.5,343,1
S32417,Harbor Motor Group,Harbor Ford Portside,new,Ford,Bronco,2026,31,47659,45544,93.1,111,1
S32418,Harbor Motor Group,Harbor Ford Portside,used,Ford,Bronco,2019,31,22135,20786,100.9,187,0
S32468,Harbor Motor Group,Harbor Ford Portside,new,Ford,Escape,2026,31,47738,44105,96.8,298,3
S33033,Harbor Motor Group,Harbor Jeep Ram Anchor,used,Hyundai,Tucson,2023,31,22683,20661,96.8,61,2
S32781,Harbor Motor Group,Harbor Kia Lighthouse,used,Subaru,Forester,2019,31,23423,20807,94.1,8,2
S32854,Harbor Motor Group,Harbor Kia Lighthouse,new,Kia,Seltos,2026,31,36913,32553,104.7,2,1
S32976,Harbor Motor Group,Harbor Subaru Tidewater,new,Subaru,Crosstrek,2026,31,34923,31862,102.6,83,0
S32001,Harbor Motor Group,Harbor Toyota Bayview,new,Toyota,RAV4,2026,31,34136,32506,97.0,202,0
S32052,Harbor Motor Group,Harbor Toyota Bayview,new,Toyota,Highlander,2026,31,28646,26732,98.0,190,0
S32086,Harbor Motor Group,Harbor Toyota Bayview,new,Toyota,Camry,2026,31,49296,46011,100.8,232,0
S32145,Harbor Motor Group,Harbor Toyota Bayview,new,Toyota,RAV4,2026,31,42246,40823,98.9,954,0
S31779,Summit Auto Group,Summit BMW,new,BMW,5 Series,2026,31,78196,74959,96.5,21,2
S31904,Summit Auto Group,Summit BMW,new,BMW,X3,2026,31,48541,47013,103.0,31,2
S30715,Summit Auto Group,Summit Chevrolet Glenpark,used,Chevrolet,Tahoe,2020,31,21003,19939,101.6,47,0
S30787,Summit Auto Group,Summit Chevrolet Glenpark,used,Chevrolet,Silverado,2023,31,27104,24124,94.6,79,3
S30825,Summit Auto Group,Summit Chevrolet Glenpark,new,Chevrolet,Traverse,2026,31,43747,41828,94.0,254,1
S30478,Summit Auto Group,Summit Ford Rivera,used,Ford,Bronco,2018,31,22991,22261,105.6,507,0
S30565,Summit Auto Group,Summit Ford Rivera,new,Ford,Escape,2026,31,28094,25375,100.8,100,2
S30271,Summit Auto Group,Summit Honda Westland,new,Honda,HR-V,2026,31,29987,27311,98.6,237,0
S30312,Summit Auto Group,Summit Honda Westland,new,Honda,Odyssey,2026,31,29022,27684,94.3,29,0
S30325,Summit Auto Group,Summit Honda Westland,new,Honda,Pilot,2026,31,46870,44502,94.8,365,1
S30429,Summit Auto Group,Summit Honda Westland,new,Honda,Civic,2026,31,39320,33840,93.2,139,2
S31039,Summit Auto Group,Summit Hyundai Oakhurst,new,Hyundai,Sonata,2026,31,45080,43301,104.7,602,1
S31097,Summit Auto Group,Summit Hyundai Oakhurst,used,Hyundai,Palisade,2023,31,26053,24482,104.4,56,1
S31501,Summit Auto Group,Summit Jeep Ram Clearwater,used,Jeep Ram,Gladiator,2022,31,28710,27019,105.6,440,2
S31556,Summit Auto Group,Summit Jeep Ram Clearwater,new,Jeep Ram,Gladiator,2026,31,26703,24458,97.2,12,1
S31607,Summit Auto Group,Summit Jeep Ram Clearwater,used,Jeep Ram,Ram 2500,2022,31,29491,28156,104.0,70,0
S31653,Summit Auto Group,Summit Jeep Ram Clearwater,used,Jeep Ram,Gladiator,2024,31,19568,17953,93.5,329,0
S31191,Summit Auto Group,Summit Kia Brookfield,used,Kia,Forte,2019,31,27940,24677,101.1,453,1
S30925,Summit Auto Group,Summit Nissan Ridgemont,new,Nissan,Altima,2026,31,42561,37032,100.6,136,3
S30945,Summit Auto Group,Summit Nissan Ridgemont,new,Nissan,Altima,2026,31,51094,45984,97.1,519,5
S30948,Summit Auto Group,Summit Nissan Ridgemont,used,Subaru,Impreza,2021,31,17481,16247,103.9,204,5
S31450,Summit Auto Group,Summit Subaru Northgate,new,Subaru,Crosstrek,2026,31,32529,31127,94.1,97,0
S30074,Summit Auto Group,Summit Toyota of Fairview,new,Toyota,Tundra,2026,31,43049,37890,94.5,32,1
S30114,Summit Auto Group,Summit Toyota of Fairview,used,Toyota,Camry,2018,31,30949,28094,101.5,119,0
S30123,Summit Auto Group,Summit Toyota of Fairview,new,Toyota,Camry,2026,31,28090,25760,97.2,177,0
S30154,Summit Auto Group,Summit Toyota of Fairview,new,Toyota,Tundra,2026,31,40597,38617,103.5,75,0
S30166,Summit Auto Group,Summit Toyota of Fairview,new,Toyota,Highlander,2026,31,48632,43391,95.6,216,2
S31684,Summit Auto Group,Summit Volkswagen Eastdale,new,Volkswagen,ID.4,2026,31,39110,36534,98.2,55,1
S33268,Harbor Motor Group,Harbor BMW,new,BMW,5 Series,2026,30,81119,71331,95.8,138,2
S33310,Harbor Motor Group,Harbor BMW,used,BMW,X1,2019,30,51589,44496,101.4,41,1
S32721,Harbor Motor Group,Harbor Chevrolet Marina,used,Ford,Bronco,2019,30,31509,30281,103.0,19,2
S32413,Harbor Motor Group,Harbor Ford Portside,new,Ford,Bronco,2026,30,47679,41086,99.9,93,2
S32572,Harbor Motor Group,Harbor Ford Portside,used,Ford,Bronco,2018,30,29467,26912,98.2,207,3
S32240,Harbor Motor Group,Harbor Honda Seaside,new,Honda,CR-V,2026,30,33238,31735,104.2,450,1
S32266,Harbor Motor Group,Harbor Honda Seaside,new,Honda,Civic,2026,30,36205,33175,100.8,16,2
S32296,Harbor Motor Group,Harbor Honda Seaside,used,Honda,Civic,2018,30,25412,24085,94.0,0,1
S32362,Harbor Motor Group,Harbor Honda Seaside,used,Chevrolet,Traverse,2021,30,29733,27455,96.4,104,0
S33054,Harbor Motor Group,Harbor Jeep Ram Anchor,new,Jeep Ram,Grand Cherokee,2026,30,44730,41763,96.5,10,5
S32830,Harbor Motor Group,Harbor Kia Lighthouse,used,Jeep Ram,Gladiator,2024,30,17045,16269,93.0,77,2
S32908,Harbor Motor Group,Harbor Subaru Tidewater,new,Subaru,Outback,2026,30,32406,31263,96.4,264,1
S31987,Harbor Motor Group,Harbor Toyota Bayview,new,Toyota,Corolla,2026,30,49171,42999,105.4,151,0
S31989,Harbor Motor Group,Harbor Toyota Bayview,used,Honda,Civic,2024,30,18977,18401,103.7,150,3
S32027,Harbor Motor Group,Harbor Toyota Bayview,new,Toyota,Tacoma,2026,30,49718,47375,103.6,20,5
S32055,Harbor Motor Group,Harbor Toyota Bayview,new,Toyota,Corolla,2026,30,30185,26333,101.5,137,1
S32102,Harbor Motor Group,Harbor Toyota Bayview,new,Toyota,RAV4,2026,30,28690,27530,93.6,155,3
S32151,Harbor Motor Group,Harbor Toyota Bayview,used,Hyundai,Sonata,2018,30,30902,29672,95.9,270,2
S32168,Harbor Motor Group,Harbor Toyota Bayview,new,Toyota,Highlander,2026,30,33298,28744,105.7,58,2
S31817,Summit Auto Group,Summit BMW,used,Hyundai,Sonata,2022,30,31579,28399,103.0,47,0
S31874,Summit Auto Group,Summit BMW,used,Honda,HR-V,2021,30,29190,25359,98.6,273,0
S30698,Summit Auto Group,Summit Chevrolet Glenpark,new,Chevrolet,Trax,2026,30,30731,27087,96.2,43,3
S30453,Summit Auto Group,Summit Ford Rivera,used,Ford,Mustang,2023,30,24530,22156,96.9,526,1
S30553,Summit Auto Group,Summit Ford Rivera,new,Ford,F-150,2026,30,40312,36075,102.8,136,0
S30594,Summit Auto Group,Summit Ford Rivera,new,Ford,Maverick,2026,30,42521,38430,93.2,270,1
S30300,Summit Auto Group,Summit Honda Westland,used,Toyota,Highlander,2022,30,18401,17580,98.6,87,5
S31072,Summit Auto Group,Summit Hyundai Oakhurst,new,Hyundai,Elantra,2026,30,40083,38398,97.3,297,0
S31630,Summit Auto Group,Summit Jeep Ram Clearwater,new,Jeep Ram,Wrangler,2026,30,39516,37463,99.1,102,0
S31661,Summit Auto Group,Summit Jeep Ram Clearwater,new,Jeep Ram,Wrangler,2026,30,50911,45488,102.8,3,5
S31160,Summit Auto Group,Summit Kia Brookfield,used,Ford,Mustang,2020,30,31751,29517,100.8,140,1
S31201,Summit Auto Group,Summit Kia Brookfield,used,Jeep Ram,Grand Cherokee,2023,30,18501,16659,105.9,69,1
S30859,Summit Auto Group,Summit Nissan Ridgemont,new,Nissan,Altima,2026,30,48093,41407,102.1,264,0
S30939,Summit Auto Group,Summit Nissan Ridgemont,used,Toyota,Tundra,2025,30,31004,27993,94.5,10,1
S30970,Summit Auto Group,Summit Nissan Ridgemont,new,Nissan,Altima,2026,30,49919,46417,104.8,381,5
S31383,Summit Auto Group,Summit Subaru Northgate,new,Subaru,Impreza,2026,30,38639,36812,96.4,315,1
S31468,Summit Auto Group,Summit Subaru Northgate,new,Subaru,Ascent,2026,30,50900,48152,104.8,218,1
S30182,Summit Auto Group,Summit Toyota of Fairview,used,Nissan,Rogue,2020,30,28008,25186,98.5,728,2
S30220,Summit Auto Group,Summit Toyota of Fairview,new,Toyota,Tundra,2026,30,28992,25794,101.9,294,2
S31714,Summit Auto Group,Summit Volkswagen Eastdale,used,Volkswagen,Tiguan,2024,30,30064,28509,94.8,350,0
S32752,Harbor Motor Group,Harbor Chevrolet Marina,used,Kia,K5,2021,29,32075,30758,96.0,15,0
S32469,Harbor Motor Group,Harbor Ford Portside,used,Subaru,Ascent,2023,29,30409,27797,103.9,231,2
S32558,Harbor Motor Group,Harbor Ford Portside,new,Ford,Maverick,2026,29,30113,27528,103.3,147,1
S32244,Harbor Motor Group,Harbor Honda Seaside,new,Honda,CR-V,2026,29,32971,30605,98.0,613,3
S32257,Harbor Motor Group,Harbor Honda Seaside,used,Subaru,Forester,2019,29,23693,21581,102.1,394,3
S33071,Harbor Motor Group,Harbor Jeep Ram Anchor,used,Subaru,WRX,2021,29,25823,24813,104.7,297,0
S32859,Harbor Motor Group,Harbor Kia Lighthouse,new,Kia,Sportage,2026,29,43316,37894,94.2,151,1
S32946,Harbor Motor Group,Harbor Subaru Tidewater,new,Subaru,Crosstrek,2026,29,50808,48193,99.2,179,0
S32971,Harbor Motor Group,Harbor Subaru Tidewater,new,Subaru,Forester,2026,29,32765,31712,105.6,219,5
S32070,Harbor Motor Group,Harbor Toyota Bayview,new,Toyota,RAV4,2026,29,51026,44177,105.5,173,3
S32071,Harbor Motor Group,Harbor Toyota Bayview,used,Toyota,RAV4,2018,29,30357,29115,104.8,321,0
S32150,Harbor Motor Group,Harbor Toyota Bayview,new,Toyota,Corolla,2026,29,40158,35417,93.2,24,5
S31871,Summit Auto Group,Summit BMW,new,BMW,X5,2026,29,58235,56456,104.0,4,0
S30749,Summit Auto Group,Summit Chevrolet Glenpark,used,Ford,Maverick,2023,29,29414,26689,96.3,733,0
S30772,Summit Auto Group,Summit Chevrolet Glenpark,used,Toyota,Tacoma,2019,29,27956,26694,96.0,184,5
S30833,Summit Auto Group,Summit Chevrolet Glenpark,new,Chevrolet,Tahoe,2026,29,28950,26462,100.7,99,0
S30455,Summit Auto Group,Summit Ford Rivera,used,Ford,Maverick,2022,29,29197,25162,93.8,39,5
S30487,Summit Auto Group,Summit Ford Rivera,used,Ford,Bronco,2025,29,31892,28990,96.2,100,0
S30498,Summit Auto Group,Summit Ford Rivera,new,Ford,Maverick,2026,29,32108,29366,103.8,247,3
S30557,Summit Auto Group,Summit Ford Rivera,new,Ford,Maverick,2026,29,47710,42875,96.0,29,2
S30606,Summit Auto Group,Summit Ford Rivera,new,Ford,Bronco,2026,29,27870,26848,105.4,148,1
S30314,Summit Auto Group,Summit Honda Westland,new,Honda,HR-V,2026,29,34101,31826,101.4,78,0
S31132,Summit Auto Group,Summit Hyundai Oakhurst,used,Kia,Telluride,2023,29,18777,17030,103.2,176,1
S31549,Summit Auto Group,Summit Jeep Ram Clearwater,used,Kia,K5,2025,29,25998,24370,101.9,33,0
S31575,Summit Auto Group,Summit Jeep Ram Clearwater,new,Jeep Ram,Grand Cherokee,2026,29,39505,34424,97.4,122,5
S31164,Summit Auto Group,Summit Kia Brookfield,new,Kia,Sportage,2026,29,42725,37886,100.4,15,5
S31172,Summit Auto Group,Summit Kia Brookfield,used,BMW,i4,2022,29,32210,30820,105.9,116,2
S31265,Summit Auto Group,Summit Kia Brookfield,used,Honda,CR-V,2022,29,19937,17612,95.5,316,1
S30193,Summit Auto Group,Summit Toyota of Fairview,used,Toyota,Highlander,2022,29,17234,15639,101.8,499,0
S30200,Summit Auto Group,Summit Toyota of Fairview,used,Kia,Seltos,2019,29,30519,27678,102.0,95,0
S31685,Summit Auto Group,Summit Volkswagen Eastdale,used,Volkswagen,Golf GTI,2023,29,24137,22165,105.4,134,1
S31707,Summit Auto Group,Summit Volkswagen Eastdale,new,Volkswagen,Jetta,2026,29,36970,35071,93.0,143,5
S33194,Harbor Motor Group,Harbor BMW,new,BMW,5 Series,2026,28,77611,67729,96.2,41,1
S33209,Harbor Motor Group,Harbor BMW,used,BMW,X3,2024,28,37664,33506,97.5,283,0
S33226,Harbor Motor Group,Harbor BMW,new,BMW,X5,2026,28,75246,66173,102.9,506,1
S33273,Harbor Motor Group,Harbor BMW,used,Jeep Ram,Compass,2018,28,50884,44152,93.7,80,3
S32617,Harbor Motor Group,Harbor Chevrolet Marina,new,Chevrolet,Tahoe,2026,28,47338,43444,97.1,292,5
S32673,Harbor Motor Group,Harbor Chevrolet Marina,used,Chevrolet,Equinox,2022,28,18462,17695,99.1,83,0
S32697,Harbor Motor Group,Harbor Chevrolet Marina,new,Chevrolet,Silverado,2026,28,49968,45985,97.4,145,0
S32701,Harbor Motor Group,Harbor Chevrolet Marina,new,Chevrolet,Traverse,2026,28,39650,37642,93.7,54,0
S32720,Harbor Motor Group,Harbor Chevrolet Marina,new,Chevrolet,Tahoe,2026,28,39172,35502,96.6,72,0
S32722,Harbor Motor Group,Harbor Chevrolet Marina,new,Chevrolet,Trax,2026,28,42679,40383,100.0,171,1
S32435,Harbor Motor Group,Harbor Ford Portside,used,Ford,Escape,2021,28,19757,17385,97.3,104,3
S32438,Harbor Motor Group,Harbor Ford Portside,used,Jeep Ram,Compass,2025,28,20074,18690,95.1,74,2
S32458,Harbor Motor Group,Harbor Ford Portside,new,Ford,F-150,2026,28,37428,33116,100.6,95,1
S32493,Harbor Motor Group,Harbor Ford Portside,new,Ford,Mustang,2026,28,42419,40220,98.4,256,2
S32500,Harbor Motor Group,Harbor Ford Portside,new,Ford,Mustang,2026,28,43868,40253,103.2,21,3
S32516,Harbor Motor Group,Harbor Ford Portside,new,Ford,Bronco,2026,28,37209,32871,98.6,103,2
S32518,Harbor Motor Group,Harbor Ford Portside,used,Ford,F-150,2019,28,31524,27180,95.9,83,3
S32570,Harbor Motor Group,Harbor Ford Portside,new,Ford,Explorer,2026,28,43706,41648,96.5,180,0
S32227,Harbor Motor Group,Harbor Honda Seaside,new,Honda,HR-V,2026,28,38598,36791,93.9,487,0
S32235,Harbor Motor Group,Harbor Honda Seaside,used,BMW,3 Series,2022,28,31346,29051,99.1,0,0
S32334,Harbor Motor Group,Harbor Honda Seaside,new,Honda,CR-V,2026,28,49421,43795,98.4,41,0
S32367,Harbor Motor Group,Harbor Honda Seaside,new,Honda,HR-V,2026,28,50079,45373,96.3,130,0
S33003,Harbor Motor Group,Harbor Jeep Ram Anchor,new,Jeep Ram,Wrangler,2026,28,30703,27916,96.9,156,2
S32794,Harbor Motor Group,Harbor Kia Lighthouse,new,Kia,Telluride,2026,28,37365,33035,99.8,38,2
S32815,Harbor Motor Group,Harbor Kia Lighthouse,used,Kia,Sportage,2021,28,27933,26089,95.0,121,1
S32827,Harbor Motor Group,Harbor Kia Lighthouse,new,Kia,Seltos,2026,28,47398,44987,99.3,114,3
S32873,Harbor Motor Group,Harbor Kia Lighthouse,new,Kia,Seltos,2026,28,28929,27095,97.5,191,2
S32962,Harbor Motor Group,Harbor Subaru Tidewater,new,Subaru,Ascent,2026,28,37623,35490,102.3,212,1
S32049,Harbor Motor Group,Harbor Toyota Bayview,used,Toyota,Tundra,2021,28,17694,16046,101.3,73,1
S32062,Harbor Motor Group,Harbor Toyota Bayview,new,Toyota,Corolla,2026,28,42106,36456,105.2,16,5
S32112,Harbor Motor Group,Harbor Toyota Bayview,used,Toyota,Tundra,2024,28,21521,19116,96.1,16,0
S32139,Harbor Motor Group,Harbor Toyota Bayview,new,Toyota,Corolla,2026,28,29313,26753,96.4,24,1
S31802,Summit Auto Group,Summit BMW,new,BMW,i4,2026,28,46187,41574,104.9,59,0
S30699,Summit Auto Group,Summit Chevrolet Glenpark,used,Ford,F-150,2020,28,23838,21328,98.2,112,2
S30638,Summit Auto Group,Summit Ford Rivera,new,Ford,Escape,2026,28,43566,37764,105.6,59,0
S30245,Summit Auto Group,Summit Honda Westland,new,Honda,HR-V,2026,28,48177,43506,102.2,309,5
S30377,Summit Auto Group,Summit Honda Westland,used,Subaru,Ascent,2024,28,17316,15412,94.4,1,2
S31065,Summit Auto Group,Summit Hyundai Oakhurst,new,Hyundai,Palisade,2026,28,46049,42898,93.2,131,0
S31102,Summit Auto Group,Summit Hyundai Oakhurst,used,Chevrolet,Traverse,2025,28,18239,16164,103.3,46,0
S31612,Summit Auto Group,Summit Jeep Ram Clearwater,new,Jeep Ram,Ram 1500,2026,28,29837,25790,95.0,100,0
S31146,Summit Auto Group,Summit Kia Brookfield,used,Kia,Sportage,2020,28,25980,22599,103.4,31,0
S31338,Summit Auto Group,Summit Mazda Lakeside,new,Mazda,CX-5,2026,28,44820,43327,95.6,71,5
S30986,Summit Auto Group,Summit Nissan Ridgemont,used,Nissan,Pathfinder,2024,28,23675,22512,105.7,155,0
S30071,Summit Auto Group,Summit Toyota of Fairview,new,Toyota,Tacoma,2026,28,43649,38245,100.7,33,1
S30143,Summit Auto Group,Summit Toyota of Fairview,used,Hyundai,Kona,2021,28,22429,21197,100.5,10,1
S30170,Summit Auto Group,Summit Toyota of Fairview,used,Toyota,Corolla,2022,28,27880,25447,101.1,0,1
S30174,Summit Auto Group,Summit Toyota of Fairview,used,BMW,X3,2018,28,18992,17645,98.9,51,0
S30184,Summit Auto Group,Summit Toyota of Fairview,new,Toyota,Corolla,2026,28,29338,26276,101.7,77,0
S31711,Summit Auto Group,Summit Volkswagen Eastdale,new,Volkswagen,Atlas,2026,28,45306,40520,99.2,184,5
S33260,Harbor Motor Group,Harbor BMW,new,BMW,3 Series,2026,27,50904,49114,100.3,19,0
S33342,Harbor Motor Group,Harbor BMW,used,Subaru,Ascent,2018,27,47332,41961,96.2,206,0
S32726,Harbor Motor Group,Harbor Chevrolet Marina,used,Chevrolet,Traverse,2025,27,31380,27685,93.1,406,1
S32734,Harbor Motor Group,Harbor Chevrolet Marina,used,Chevrolet,Malibu,2020,27,18377,17690,100.6,26,0
S32553,Harbor Motor Group,Harbor Ford Portside,new,Ford,F-150,2026,27,41971,37648,95.1,172,1
S32579,Harbor Motor Group,Harbor Ford Portside,new,Ford,Bronco,2026,27,49604,47438,96.1,165,0
S32346,Harbor Motor Group,Harbor Honda Seaside,new,Honda,Accord,2026,27,40001,38765,94.3,607,3
S33018,Harbor Motor Group,Harbor Jeep Ram Anchor,used,Jeep Ram,Compass,2024,27,18208,16902,99.3,73,3
S33032,Harbor Motor Group,Harbor Jeep Ram Anchor,new,Jeep Ram,Compass,2026,27,34778,30055,105.8,14,0
S33038,Harbor Motor Group,Harbor Jeep Ram Anchor,new,Jeep Ram,Compass,2026,27,28222,25430,105.7,118,1
S33049,Harbor Motor Group,Harbor Jeep Ram Anchor,new,Jeep Ram,Gladiator,2026,27,37593,33988,93.6,65,2
S33127,Harbor Motor Group,Harbor Jeep Ram Anchor,new,Jeep Ram,Compass,2026,27,30332,26272,104.0,347,0
S33134,Harbor Motor Group,Harbor Jeep Ram Anchor,new,Jeep Ram,Gladiator,2026,27,42969,37018,104.6,67,1
S32783,Harbor Motor Group,Harbor Kia Lighthouse,new,Kia,Sportage,2026,27,50767,45523,104.3,96,0
S32983,Harbor Motor Group,Harbor Subaru Tidewater,new,Subaru,Outback,2026,27,50605,45282,98.7,301,5
S32987,Harbor Motor Group,Harbor Subaru Tidewater,used,Chevrolet,Tahoe,2024,27,24245,21136,94.5,179,0
S32998,Harbor Motor Group,Harbor Subaru Tidewater,new,Subaru,WRX,2026,27,40889,39027,94.3,170,0
S31968,Harbor Motor Group,Harbor Toyota Bayview,used,Toyota,RAV4,2025,27,29078,25189,94.0,10,5
S32018,Harbor Motor Group,Harbor Toyota Bayview,new,Toyota,Tundra,2026,27,38397,34178,95.1,274,0
S32042,Harbor Motor Group,Harbor Toyota Bayview,new,Toyota,Tundra,2026,27,44367,41467,103.7,221,0
S31822,Summit Auto Group,Summit BMW,used,BMW,5 Series,2019,27,41242,39727,103.4,38,5
S31952,Summit Auto Group,Summit BMW,new,BMW,i4,2026,27,50280,45302,99.9,30,0
S30505,Summit Auto Group,Summit Ford Rivera,used,Kia,Seltos,2021,27,27805,24208,99.2,21,3
S30625,Summit Auto Group,Summit Ford Rivera,used,Jeep Ram,Compass,2025,27,30837,29297,99.4,151,1
S30307,Summit Auto Group,Summit Honda Westland,new,Honda,HR-V,2026,27,40036,37647,100.4,72,0
S30380,Summit Auto Group,Summit Honda Westland,used,BMW,X3,2020,27,23345,20445,103.8,253,0
S31109,Summit Auto Group,Summit Hyundai Oakhurst,used,Hyundai,Elantra,2019,27,26059,23315,98.4,177,0
S31113,Summit Auto Group,Summit Hyundai Oakhurst,new,Hyundai,Santa Fe,2026,27,45990,43110,102.2,8,0
S31532,Summit Auto Group,Summit Jeep Ram Clearwater,used,Jeep Ram,Wrangler,2018,27,31655,30276,97.1,63,5
S31667,Summit Auto Group,Summit Jeep Ram Clearwater,used,Chevrolet,Traverse,2022,27,20564,19206,104.4,24,0
S31165,Summit Auto Group,Summit Kia Brookfield,used,BMW,X5,2018,27,23816,21615,101.3,241,0
S31312,Summit Auto Group,Summit Mazda Lakeside,new,Mazda,CX-5,2026,27,33983,29240,101.1,293,1
S31340,Summit Auto Group,Summit Mazda Lakeside,used,Chevrolet,Malibu,2020,27,17387,15976,105.5,196,0
S30896,Summit Auto Group,Summit Nissan Ridgemont,new,Nissan,Kicks,2026,27,38898,35250,101.9,37,5
S30922,Summit Auto Group,Summit Nissan Ridgemont,new,Nissan,Altima,2026,27,47987,46351,97.3,233,2
S30965,Summit Auto Group,Summit Nissan Ridgemont,used,Nissan,Pathfinder,2023,27,22525,21813,97.9,102,5
S31406,Summit Auto Group,Summit Subaru Northgate,new,Subaru,Forester,2026,27,49413,46806,101.8,149,1
S31407,Summit Auto Group,Summit Subaru Northgate,used,Toyota,Tundra,2019,27,30739,26633,101.6,408,1
S31440,Summit Auto Group,Summit Subaru Northgate,new,Subaru,WRX,2026,27,38323,35482,93.2,22,3
S30029,Summit Auto Group,Summit Toyota of Fairview,new,Toyota,RAV4,2026,27,44578,41157,101.7,62,1
S30112,Summit Auto Group,Summit Toyota of Fairview,new,Toyota,Highlander,2026,27,49009,44946,94.2,130,0
S32716,Harbor Motor Group,Harbor Chevrolet Marina,new,Chevrolet,Silverado,2026,26,32094,28061,97.3,69,1
S32718,Harbor Motor Group,Harbor Chevrolet Marina,used,Chevrolet,Traverse,2019,26,23236,20753,97.1,9,1
S32735,Harbor Motor Group,Harbor Chevrolet Marina,new,Chevrolet,Trax,2026,26,41505,36527,105.9,49,0
S32416,Harbor Motor Group,Harbor Ford Portside,new,Ford,Escape,2026,26,40483,36585,102.7,82,5
S32215,Harbor Motor Group,Harbor Honda Seaside,used,Honda,HR-V,2019,26,29079,25665,101.1,300,0
S32258,Harbor Motor Group,Harbor Honda Seaside,used,Kia,Telluride,2019,26,27283,23966,95.5,699,1
S32269,Harbor Motor Group,Harbor Honda Seaside,new,Honda,Accord,2026,26,34702,29896,101.6,241,1
S33015,Harbor Motor Group,Harbor Jeep Ram Anchor,new,Jeep Ram,Ram 1500,2026,26,43624,40531,103.0,524,0
S33082,Harbor Motor Group,Harbor Jeep Ram Anchor,used,Jeep Ram,Compass,2025,26,18583,16186,103.1,118,0
S33084,Harbor Motor Group,Harbor Jeep Ram Anchor,used,Jeep Ram,Ram 2500,2024,26,18425,15845,105.1,122,1
S33116,Harbor Motor Group,Harbor Jeep Ram Anchor,new,Jeep Ram,Gladiator,2026,26,43588,41794,95.4,285,0
S32771,Harbor Motor Group,Harbor Kia Lighthouse,used,Kia,Sportage,2018,26,19267,16861,99.3,68,0
S32910,Harbor Motor Group,Harbor Subaru Tidewater,new,Subaru,Ascent,2026,26,32938,31622,100.5,74,1
S32985,Harbor Motor Group,Harbor Subaru Tidewater,new,Subaru,Outback,2026,26,46531,40553,99.8,220,0
S32990,Harbor Motor Group,Harbor Subaru Tidewater,used,Subaru,Ascent,2023,26,17144,15861,93.7,33,2
S32994,Harbor Motor Group,Harbor Subaru Tidewater,new,Subaru,Outback,2026,26,46145,40026,102.4,58,1
S31982,Harbor Motor Group,Harbor Toyota Bayview,new,Toyota,Camry,2026,26,37563,34880,96.5,324,1
S31833,Summit Auto Group,Summit BMW,new,BMW,i4,2026,26,77389,70041,105.1,235,1
S31863,Summit Auto Group,Summit BMW,new,BMW,5 Series,2026,26,44661,40427,99.3,251,0
S31917,Summit Auto Group,Summit BMW,new,BMW,i4,2026,26,78078,72654,104.9,39,0
S30733,Summit Auto Group,Summit Chevrolet Glenpark,new,Chevrolet,Tahoe,2026,26,36638,33539,93.4,97,1
S30773,Summit Auto Group,Summit Chevrolet Glenpark,new,Chevrolet,Malibu,2026,26,50438,48827,104.4,33,1
S30810,Summit Auto Group,Summit Chevrolet Glenpark,new,Chevrolet,Silverado,2026,26,42911,37221,100.6,46,0
S30548,Summit Auto Group,Summit Ford Rivera,used,Toyota,Highlander,2023,26,17534,16238,95.4,204,1
S30566,Summit Auto Group,Summit Ford Rivera,new,Ford,Explorer,2026,26,37716,35269,94.2,14,1
S30587,Summit Auto Group,Summit Ford Rivera,new,Ford,F-150,2026,26,30976,28987,98.2,83,0
S30324,Summit Auto Group,Summit Honda Westland,new,Honda,HR-V,2026,26,29057,25663,97.4,28,0
S30382,Summit Auto Group,Summit Honda Westland,new,Honda,Accord,2026,26,38508,35801,100.9,322,2
S30390,Summit Auto Group,Summit Honda Westland,used,Honda,Civic,2020,26,21075,19266,94.0,159,1
S31026,Summit Auto Group,Summit Hyundai Oakhurst,new,Hyundai,Sonata,2026,26,46450,44227,97.5,165,5
S31037,Summit Auto Group,Summit Hyundai Oakhurst,new,Hyundai,Santa Fe,2026,26,36076,33113,103.1,422,0
S31074,Summit Auto Group,Summit Hyundai Oakhurst,new,Hyundai,Tucson,2026,26,50777,44255,102.0,204,3
S31077,Summit Auto Group,Summit Hyundai Oakhurst,used,Hyundai,Santa Fe,2023,26,29896,27786,102.3,23,1
S31601,Summit Auto Group,Summit Jeep Ram Clearwater,used,Jeep Ram,Gladiator,2021,26,20719,18131,98.1,28,0
S31246,Summit Auto Group,Summit Kia Brookfield,used,Hyundai,Kona,2023,26,26662,23127,104.0,48,5
S31289,Summit Auto Group,Summit Mazda Lakeside,new,Mazda,MX-5,2026,26,46674,43656,94.9,120,0
S31308,Summit Auto Group,Summit Mazda Lakeside,used,Mazda,CX-90,2020,26,24953,23278,105.4,32,1
S30892,Summit Auto Group,Summit Nissan Ridgemont,used,Subaru,WRX,2023,26,17173,16433,103.9,421,1
S30907,Summit Auto Group,Summit Nissan Ridgemont,used,Nissan,Sentra,2025,26,16833,15551,95.2,157,3
S30004,Summit Auto Group,Summit Toyota of Fairview,used,Toyota,RAV4,2020,26,25664,22220,96.7,190,0
S30024,Summit Auto Group,Summit Toyota of Fairview,new,Toyota,Tacoma,2026,26,45430,40391,101.4,76,1
S30046,Summit Auto Group,Summit Toyota of Fairview,new,Toyota,Camry,2026,26,47495,43385,94.4,101,3
S30062,Summit Auto Group,Summit Toyota of Fairview,used,Hyundai,Elantra,2024,26,30699,28970,94.2,148,2
S31706,Summit Auto Group,Summit Volkswagen Eastdale,used,Volkswagen,Atlas,2021,26,18916,18194,100.0,182,0
S33212,Harbor Motor Group,Harbor BMW,used,BMW,X3,2019,25,29138,25880,93.7,8,1
S33223,Harbor Motor Group,Harbor BMW,used,Honda,HR-V,2025,25,44011,38094,104.8,14,0
S32605,Harbor Motor Group,Harbor Chevrolet Marina,used,Chevrolet,Equinox,2022,25,24584,21535,101.1,641,2
S32678,Harbor Motor Group,Harbor Chevrolet Marina,new,Chevrolet,Traverse,2026,25,30120,26242,96.9,47,0
S32705,Harbor Motor Group,Harbor Chevrolet Marina,used,Chevrolet,Silverado,2025,25,26751,23518,93.6,549,0
S32762,Harbor Motor Group,Harbor Chevrolet Marina,new,Chevrolet,Equinox,2026,25,47444,44594,102.1,189,0
S32461,Harbor Motor Group,Harbor Ford Portside,new,Ford,Explorer,2026,25,48135,44272,101.6,312,3
S32477,Harbor Motor Group,Harbor Ford Portside,used,Kia,K5,2024,25,29946,28597,103.2,53,0
S32202,Harbor Motor Group,Harbor Honda Seaside,new,Honda,Civic,2026,25,41433,40150,105.6,269,0
S32366,Harbor Motor Group,Harbor Honda Seaside,new,Honda,Odyssey,2026,25,40097,35272,95.4,208,0
S33078,Harbor Motor Group,Harbor Jeep Ram Anchor,new,Jeep Ram,Ram 2500,2026,25,50334,43910,94.7,26,5
S32847,Harbor Motor Group,Harbor Kia Lighthouse,new,Kia,K5,2026,25,29808,28844,103.9,325,3
S32851,Harbor Motor Group,Harbor Kia Lighthouse,new,Kia,K5,2026,25,31781,29543,100.5,561,2
S32918,Harbor Motor Group,Harbor Subaru Tidewater,new,Subaru,Outback,2026,25,50417,47899,102.4,35,1
S32993,Harbor Motor Group,Harbor Subaru Tidewater,used,Ford,Escape,2019,25,23804,22593,99.2,15,0
S31995,Harbor Motor Group,Harbor Toyota Bayview,used,Toyota,Corolla,2019,25,17603,16798,93.8,0,1
S32048,Harbor Motor Group,Harbor Toyota Bayview,new,Toyota,Tacoma,2026,25,38161,32918,105.6,174,0
S32057,Harbor Motor Group,Harbor Toyota Bayview,new,Toyota,Tacoma,2026,25,44833,40645,95.4,136,0
S32080,Harbor Motor Group,Harbor Toyota Bayview,new,Toyota,RAV4,2026,25,49378,45502,102.3,265,2
S31794,Summit Auto Group,Summit BMW,new,BMW,X3,2026,25,47013,42525,98.3,39,1
S31798,Summit Auto Group,Summit BMW,new,BMW,X3,2026,25,81868,79168,98.4,37,3
S31908,Summit Auto Group,Summit BMW,used,Kia,Sorento,2021,25,32283,31024,97.2,116,0
S30735,Summit Auto Group,Summit Chevrolet Glenpark,new,Chevrolet,Tahoe,2026,25,38293,37140,102.1,232,1
S30485,Summit Auto Group,Summit Ford Rivera,new,Ford,Explorer,2026,25,41297,37508,95.5,266,3
S30561,Summit Auto Group,Summit Ford Rivera,new,Ford,Maverick,2026,25,38108,34261,106.0,82,1
S30592,Summit Auto Group,Summit Ford Rivera,new,Ford,Bronco,2026,25,37282,35750,97.6,47,2
S30402,Summit Auto Group,Summit Honda Westland,new,Honda,Odyssey,2026,25,34077,32010,93.5,496,1
S31015,Summit Auto Group,Summit Hyundai Oakhurst,new,Hyundai,Tucson,2026,25,35316,33227,104.3,185,1
S31058,Summit Auto Group,Summit Hyundai Oakhurst,new,Hyundai,Palisade,2026,25,32821,30146,93.4,13,0
S31088,Summit Auto Group,Summit Hyundai Oakhurst,new,Hyundai,Elantra,2026,25,40661,36571,96.8,160,2
S31522,Summit Auto Group,Summit Jeep Ram Clearwater,used,Jeep Ram,Compass,2025,25,30922,28909,93.3,113,0
S31159,Summit Auto Group,Summit Kia Brookfield,used,Jeep Ram,Wrangler,2022,25,19139,17719,104.1,59,0
S31189,Summit Auto Group,Summit Kia Brookfield,new,Kia,Telluride,2026,25,47826,42291,99.7,12,0
S31219,Summit Auto Group,Summit Kia Brookfield,new,Kia,Telluride,2026,25,37099,34813,94.2,73,0
S31220,Summit Auto Group,Summit Kia Brookfield,used,Kia,Seltos,2024,25,20062,19459,103.7,500,5
S31233,Summit Auto Group,Summit Kia Brookfield,new,Kia,Sorento,2026,25,38034,33977,104.0,32,1
S31234,Summit Auto Group,Summit Kia Brookfield,new,Kia,Sportage,2026,25,48618,45183,96.0,167,2
S31307,Summit Auto Group,Summit Mazda Lakeside,new,Mazda,Mazda3,2026,25,38703,34903,97.4,42,0
S30140,Summit Auto Group,Summit Toyota of Fairview,used,BMW,X5,2018,25,23575,22558,100.2,37,3
S30160,Summit Auto Group,Summit Toyota of Fairview,new,Toyota,Camry,2026,25,26957,25644,99.2,9,2
S33275,Harbor Motor Group,Harbor BMW,new,BMW,i4,2026,24,56078,54071,101.5,98,1
S32619,Harbor Motor Group,Harbor Chevrolet Marina,used,Chevrolet,Equinox,2022,24,25304,22992,104.7,20,1
S32389,Harbor Motor Group,Harbor Ford Portside,used,Toyota,Corolla,2024,24,22273,20786,96.1,59,1
S32520,Harbor Motor Group,Harbor Ford Portside,new,Ford,Maverick,2026,24,39248,34268,97.3,33,1
S32588,Harbor Motor Group,Harbor Ford Portside,used,Chevrolet,Traverse,2019,24,21914,19427,105.9,182,3
S32300,Harbor Motor Group,Harbor Honda Seaside,used,Jeep Ram,Compass,2025,24,26018,24975,103.1,56,0
S33136,Harbor Motor Group,Harbor Jeep Ram Anchor,new,Jeep Ram,Ram 2500,2026,24,45516,40024,103.7,161,5
S33155,Harbor Motor Group,Harbor Jeep Ram Anchor,new,Jeep Ram,Wrangler,2026,24,28323,25388,94.3,146,2
S32786,Harbor Motor Group,Harbor Kia Lighthouse,used,Honda,CR-V,2022,24,21134,19655,100.8,52,0
S32966,Harbor Motor Group,Harbor Subaru Tidewater,new,Subaru,Crosstrek,2026,24,43251,41426,101.5,4,0
S32969,Harbor Motor Group,Harbor Subaru Tidewater,new,Subaru,Crosstrek,2026,24,30680,28919,101.8,9,0
S32006,Harbor Motor Group,Harbor Toyota Bayview,used,Toyota,Tacoma,2023,24,27639,25104,103.2,179,5
S32100,Harbor Motor Group,Harbor Toyota Bayview,new,Toyota,RAV4,2026,24,41965,39311,93.1,64,5
S32109,Harbor Motor Group,Harbor Toyota Bayview,new,Toyota,Corolla,2026,24,40623,35647,94.1,77,2
S32166,Harbor Motor Group,Harbor Toyota Bayview,new,Toyota,RAV4,2026,24,32628,28083,98.6,83,1
S31791,Summit Auto Group,Summit BMW,used,BMW,X5,2023,24,46619,40830,104.2,240,2
S31933,Summit Auto Group,Summit BMW,used,Chevrolet,Trax,2024,24,44982,41529,97.3,17,0
S30326,Summit Auto Group,Summit Honda Westland,used,BMW,X1,2019,24,24023,23053,103.0,348,1
S30367,Summit Auto Group,Summit Honda Westland,used,Honda,HR-V,2022,24,27042,23356,94.7,123,0
S30421,Summit Auto Group,Summit Honda Westland,used,Nissan,Sentra,2022,24,26909,25184,100.6,124,0
S30430,Summit Auto Group,Summit Honda Westland,used,Honda,Accord,2019,24,30759,27976,94.7,566,2
S31009,Summit Auto Group,Summit Hyundai Oakhurst,new,Hyundai,Palisade,2026,24,32108,28653,100.4,446,0
S31033,Summit Auto Group,Summit Hyundai Oakhurst,new,Hyundai,Palisade,2026,24,49526,47119,98.8,20,0
S31038,Summit Auto Group,Summit Hyundai Oakhurst,new,Hyundai,Sonata,2026,24,47459,45340,105.8,369,0
S31117,Summit Auto Group,Summit Hyundai Oakhurst,new,Hyundai,Elantra,2026,24,41117,38982,105.3,105,0
S31511,Summit Auto Group,Summit Jeep Ram Clearwater,new,Jeep Ram,Ram 2500,2026,24,43026,38250,98.0,101,5
S31518,Summit Auto Group,Summit Jeep Ram Clearwater,new,Jeep Ram,Ram 1500,2026,24,43763,41875,99.2,6,1
S31525,Summit Auto Group,Summit Jeep Ram Clearwater,new,Jeep Ram,Ram 2500,2026,24,30563,26317,101.5,21,1
S31565,Summit Auto Group,Summit Jeep Ram Clearwater,used,Nissan,Frontier,2018,24,18448,17531,94.8,52,0
S31166,Summit Auto Group,Summit Kia Brookfield,used,Kia,Sportage,2023,24,17758,16843,97.9,58,0
S31197,Summit Auto Group,Summit Kia Brookfield,new,Kia,Seltos,2026,24,40555,37724,98.5,24,1
S31204,Summit Auto Group,Summit Kia Brookfield,used,Kia,Seltos,2018,24,31447,30202,100.2,311,1
S31273,Summit Auto Group,Summit Kia Brookfield,new,Kia,Telluride,2026,24,35467,32708,103.2,13,5
S31276,Summit Auto Group,Summit Kia Brookfield,new,Kia,Sportage,2026,24,30781,26793,104.0,82,3
S31344,Summit Auto Group,Summit Mazda Lakeside,new,Mazda,CX-90,2026,24,49652,46900,94.2,44,0
S30858,Summit Auto Group,Summit Nissan Ridgemont,used,Nissan,Rogue,2018,24,18246,15936,94.5,159,2
S30904,Summit Auto Group,Summit Nissan Ridgemont,new,Nissan,Kicks,2026,24,30875,27113,101.1,106,0
S30962,Summit Auto Group,Summit Nissan Ridgemont,new,Nissan,Altima,2026,24,44446,42032,101.3,84,1
S30979,Summit Auto Group,Summit Nissan Ridgemont,new,Nissan,Kicks,2026,24,41798,38620,105.8,284,1
S31439,Summit Auto Group,Summit Subaru Northgate,used,Kia,Forte,2025,24,18192,17079,95.7,64,5
S30048,Summit Auto Group,Summit Toyota of Fairview,new,Toyota,Corolla,2026,24,50899,43922,104.2,365,3
S30076,Summit Auto Group,Summit Toyota of Fairview,new,Toyota,Highlander,2026,24,42144,36799,99.6,196,1
S30092,Summit Auto Group,Summit Toyota of Fairview,new,Toyota,Camry,2026,24,48814,44336,98.0,301,1
S30134,Summit Auto Group,Summit Toyota of Fairview,used,Ford,Bronco,2021,24,17341,16383,100.8,136,2
S30147,Summit Auto Group,Summit Toyota of Fairview,new,Toyota,Tacoma,2026,24,33196,30461,96.9,1,0
S30158,Summit Auto Group,Summit Toyota of Fairview,new,Toyota,Camry,2026,24,33763,32553,95.4,66,2
S30159,Summit Auto Group,Summit Toyota of Fairview,used,Toyota,Tundra,2021,24,27996,25631,104.5,59,0
S30179,Summit Auto Group,Summit Toyota of Fairview,new,Toyota,Corolla,2026,24,39694,38002,104.8,57,3
S30191,Summit Auto Group,Summit Toyota of Fairview,new,Toyota,Corolla,2026,24,47211,41560,105.5,56,0
S31743,Summit Auto Group,Summit Volkswagen Eastdale,used,Subaru,Crosstrek,2021,24,20513,18822,99.0,504,1
S33182,Harbor Motor Group,Harbor BMW,used,BMW,3 Series,2024,23,43740,41405,100.7,79,1
S33190,Harbor Motor Group,Harbor BMW,used,Nissan,Kicks,2024,23,46208,43515,93.6,47,1
S32639,Harbor Motor Group,Harbor Chevrolet Marina,used,Chevrolet,Tahoe,2022,23,31885,29742,102.5,79,1
S32641,Harbor Motor Group,Harbor Chevrolet Marina,used,Honda,HR-V,2021,23,30718,27333,95.8,53,2
S32755,Harbor Motor Group,Harbor Chevrolet Marina,used,Chevrolet,Equinox,2020,23,24126,21090,101.1,173,0
S32445,Harbor Motor Group,Harbor Ford Portside,used,Ford,Bronco,2025,23,20823,18801,95.6,727,0
S32573,Harbor Motor Group,Harbor Ford Portside,new,Ford,Mustang,2026,23,46204,41890,98.4,315,2
S32318,Harbor Motor Group,Harbor Honda Seaside,new,Honda,Odyssey,2026,23,47867,45479,99.3,21,5
S32328,Harbor Motor Group,Harbor Honda Seaside,new,Honda,Accord,2026,23,29213,26938,102.4,84,3
S33023,Harbor Motor Group,Harbor Jeep Ram Anchor,used,Honda,HR-V,2022,23,19950,18143,102.1,65,1
S33085,Harbor Motor Group,Harbor Jeep Ram Anchor,used,Honda,CR-V,2021,23,25883,24364,96.9,364,5
S32821,Harbor Motor Group,Harbor Kia Lighthouse,used,Kia,Sorento,2025,23,21030,19769,105.7,356,1
S32925,Harbor Motor Group,Harbor Subaru Tidewater,new,Subaru,Impreza,2026,23,37817,33948,100.2,198,2
S32945,Harbor Motor Group,Harbor Subaru Tidewater,new,Subaru,Crosstrek,2026,23,27831,26988,102.4,78,0
S31999,Harbor Motor Group,Harbor Toyota Bayview,new,Toyota,Tacoma,2026,23,49105,47276,105.8,479,3
S32000,Harbor Motor Group,Harbor Toyota Bayview,used,Toyota,Tacoma,2025,23,27147,25635,105.9,887,2
S32020,Harbor Motor Group,Harbor Toyota Bayview,used,Kia,Sportage,2019,23,21412,18914,99.0,387,3
S32075,Harbor Motor Group,Harbor Toyota Bayview,new,Toyota,RAV4,2026,23,34990,31210,103.4,248,2
S32097,Harbor Motor Group,Harbor Toyota Bayview,new,Toyota,Highlander,2026,23,39757,37161,105.8,223,0
S32119,Harbor Motor Group,Harbor Toyota Bayview,used,Jeep Ram,Gladiator,2024,23,25503,23174,102.7,726,2
S32185,Harbor Motor Group,Harbor Toyota Bayview,new,Toyota,Highlander,2026,23,36005,31860,105.7,90,2
S31882,Summit Auto Group,Summit BMW,new,BMW,i4,2026,23,57600,53229,103.9,67,0
S31907,Summit Auto Group,Summit BMW,used,BMW,i4,2022,23,27781,25986,101.1,324,0
S30724,Summit Auto Group,Summit Chevrolet Glenpark,new,Chevrolet,Trax,2026,23,28046,26471,97.1,154,2
S30734,Summit Auto Group,Summit Chevrolet Glenpark,used,Chevrolet,Malibu,2024,23,31701,29772,104.0,788,1
S30532,Summit Auto Group,Summit Ford Rivera,used,Ford,F-150,2023,23,18346,17178,97.8,171,0
S30663,Summit Auto Group,Summit Ford Rivera,used,Toyota,Tundra,2018,23,26115,24758,100.4,10,0
S30364,Summit Auto Group,Summit Honda Westland,new,Honda,Accord,2026,23,36604,33361,94.6,198,1
S30423,Summit Auto Group,Summit Honda Westland,new,Honda,HR-V,2026,23,32938,31057,96.2,423,2
S31013,Summit Auto Group,Summit Hyundai Oakhurst,used,Hyundai,Tucson,2021,23,26865,25605,99.9,14,3
S31045,Summit Auto Group,Summit Hyundai Oakhurst,new,Hyundai,Santa Fe,2026,23,47772,43429,101.6,137,5
S31584,Summit Auto Group,Summit Jeep Ram Clearwater,new,Jeep Ram,Compass,2026,23,33548,29503,94.1,276,0
S31616,Summit Auto Group,Summit Jeep Ram Clearwater,used,Jeep Ram,Gladiator,2023,23,21286,18949,94.5,94,1
S31620,Summit Auto Group,Summit Jeep Ram Clearwater,new,Jeep Ram,Compass,2026,23,38980,34975,95.5,95,1
S31637,Summit Auto Group,Summit Jeep Ram Clearwater,new,Jeep Ram,Gladiator,2026,23,37071,35004,93.3,200,1
S30915,Summit Auto Group,Summit Nissan Ridgemont,new,Nissan,Altima,2026,23,47627,44147,105.6,60,1
S30999,Summit Auto Group,Summit Nissan Ridgemont,new,Nissan,Sentra,2026,23,44632,40152,97.1,88,1
S31403,Summit Auto Group,Summit Subaru Northgate,new,Subaru,Forester,2026,23,31752,29490,105.5,278,5
S31416,Summit Auto Group,Summit Subaru Northgate,new,Subaru,Forester,2026,23,43258,39104,99.4,150,0
S30011,Summit Auto Group,Summit Toyota of Fairview,new,Toyota,Camry,2026,23,43172,38202,97.7,209,2
S30098,Summit Auto Group,Summit Toyota of Fairview,used,Toyota,Corolla,2022,23,29264,26004,99.8,168,2
S30137,Summit Auto Group,Summit Toyota of Fairview,used,Toyota,Corolla,2025,23,26560,23985,97.5,20,1
S30195,Summit Auto Group,Summit Toyota of Fairview,new,Toyota,Camry,2026,23,48068,41904,104.6,93,0
S31686,Summit Auto Group,Summit Volkswagen Eastdale,new,Volkswagen,Jetta,2026,23,43242,41645,97.4,99,1
S31737,Summit Auto Group,Summit Volkswagen Eastdale,new,Volkswagen,Tiguan,2026,23,33190,30656,93.8,448,1
S33222,Harbor Motor Group,Harbor BMW,used,Kia,Telluride,2025,22,42570,38474,97.6,291,1
S33249,Harbor Motor Group,Harbor BMW,used,BMW,5 Series,2019,22,34379,30841,93.4,195,2
S32598,Harbor Motor Group,Harbor Chevrolet Marina,new,Chevrolet,Tahoe,2026,22,37024,34738,104.3,14,5
S32646,Harbor Motor Group,Harbor Chevrolet Marina,used,Chevrolet,Equinox,2019,22,30057,27568,100.8,32,0
S32719,Harbor Motor Group,Harbor Chevrolet Marina,new,Chevrolet,Malibu,2026,22,37184,33983,98.5,149,2
S32749,Harbor Motor Group,Harbor Chevrolet Marina,new,Chevrolet,Tahoe,2026,22,50890,44542,102.5,253,1
S32491,Harbor Motor Group,Harbor Ford Portside,used,Ford,Explorer,2020,22,29897,28123,99.8,7,0
S32198,Harbor Motor Group,Harbor Honda Seaside,new,Honda,HR-V,2026,22,47992,43369,99.5,35,2
S32276,Harbor Motor Group,Harbor Honda Seaside,used,Honda,Pilot,2022,22,20423,18640,101.1,44,1
S32349,Harbor Motor Group,Harbor Honda Seaside,new,Honda,Pilot,2026,22,49058,44703,105.6,243,3
S32364,Harbor Motor Group,Harbor Honda Seaside,used,Honda,Accord,2022,22,29029,28028,97.1,191,3
S33042,Harbor Motor Group,Harbor Jeep Ram Anchor,new,Jeep Ram,Ram 2500,2026,22,44462,39982,101.5,7,0
S33056,Harbor Motor Group,Harbor Jeep Ram Anchor,new,Jeep Ram,Ram 2500,2026,22,49798,45551,101.3,56,0
S32788,Harbor Motor Group,Harbor Kia Lighthouse,used,Kia,Sportage,2018,22,30736,29521,99.4,8,0
S31977,Harbor Motor Group,Harbor Toyota Bayview,new,Toyota,RAV4,2026,22,38427,34509,99.5,127,0
S32023,Harbor Motor Group,Harbor Toyota Bayview,new,Toyota,Tacoma,2026,22,44121,38010,98.5,231,0
S32059,Harbor Motor Group,Harbor Toyota Bayview,new,Toyota,Tacoma,2026,22,48841,46930,97.0,42,0
S32147,Harbor Motor Group,Harbor Toyota Bayview,new,Toyota,RAV4,2026,22,47503,41192,95.1,64,5
S32153,Harbor Motor Group,Harbor Toyota Bayview,new,Toyota,RAV4,2026,22,30553,28142,103.4,101,1
S31775,Summit Auto Group,Summit BMW,used,BMW,3 Series,2023,22,31660,28815,101.7,182,1
S31812,Summit Auto Group,Summit BMW,new,BMW,3 Series,2026,22,47162,44709,105.7,309,1
S31960,Summit Auto Group,Summit BMW,new,BMW,X1,2026,22,73789,67635,95.5,37,0
S30794,Summit Auto Group,Summit Chevrolet Glenpark,used,Chevrolet,Equinox,2020,22,27138,23886,96.4,34,2
S30809,Summit Auto Group,Summit Chevrolet Glenpark,new,Chevrolet,Tahoe,2026,22,38390,34775,100.4,119,2
S30834,Summit Auto Group,Summit Chevrolet Glenpark,used,Chevrolet,Malibu,2020,22,27949,26207,98.7,9,0
S30459,Summit Auto Group,Summit Ford Rivera,used,Ford,Escape,2019,22,24584,22206,97.8,100,1
S30567,Summit Auto Group,Summit Ford Rivera,used,Chevrolet,Malibu,2020,22,30640,26546,104.3,45,1
S31044,Summit Auto Group,Summit Hyundai Oakhurst,used,Hyundai,Santa Fe,2021,22,26642,23772,99.6,486,0
S31089,Summit Auto Group,Summit Hyundai Oakhurst,new,Hyundai,Palisade,2026,22,32045,29359,96.0,190,1
S31138,Summit Auto Group,Summit Hyundai Oakhurst,new,Hyundai,Santa Fe,2026,22,47914,43404,93.8,124,0
S31606,Summit Auto Group,Summit Jeep Ram Clearwater,new,Jeep Ram,Wrangler,2026,22,42934,38817,104.8,206,1
S31655,Summit Auto Group,Summit Jeep Ram Clearwater,new,Jeep Ram,Gladiator,2026,22,42062,37289,101.3,39,1
S31658,Summit Auto Group,Summit Jeep Ram Clearwater,used,Jeep Ram,Wrangler,2020,22,22741,19856,101.4,182,2
S31666,Summit Auto Group,Summit Jeep Ram Clearwater,new,Jeep Ram,Compass,2026,22,39623,34922,99.1,106,0
S31207,Summit Auto Group,Summit Kia Brookfield,used,Kia,Telluride,2023,22,23035,22292,93.3,92,0
S31214,Summit Auto Group,Summit Kia Brookfield,new,Kia,Telluride,2026,22,28093,25518,97.2,283,0
S31222,Summit Auto Group,Summit Kia Brookfield,new,Kia,Seltos,2026,22,41611,39350,98.6,156,2
S31250,Summit Auto Group,Summit Kia Brookfield,new,Kia,Seltos,2026,22,49532,46671,105.0,63,5
S31303,Summit Auto Group,Summit Mazda Lakeside,used,BMW,5 Series,2025,22,17987,16784,96.3,373,0
S31313,Summit Auto Group,Summit Mazda Lakeside,new,Mazda,CX-30,2026,22,46374,40874,100.0,1,0
S31349,Summit Auto Group,Summit Mazda Lakeside,used,Subaru,Outback,2024,22,20655,19439,104.0,26,3
S31001,Summit Auto Group,Summit Nissan Ridgemont,used,Nissan,Kicks,2025,22,30352,27639,102.4,672,0
S31453,Summit Auto Group,Summit Subaru Northgate,used,Kia,Seltos,2019,22,20703,18261,100.5,343,5
S31457,Summit Auto Group,Summit Subaru Northgate,used,Ford,Maverick,2019,22,21433,18617,103.6,212,3
S31458,Summit Auto Group,Summit Subaru Northgate,new,Subaru,Forester,2026,22,26994,25674,96.1,37,1
S30015,Summit Auto Group,Summit Toyota of Fairview,new,Toyota,RAV4,2026,22,35492,32307,104.6,67,3
S30056,Summit Auto Group,Summit Toyota of Fairview,used,Toyota,RAV4,2018,22,25362,24234,102.8,102,0
S30163,Summit Auto Group,Summit Toyota of Fairview,used,Toyota,Tacoma,2024,22,23210,22351,99.2,619,5
S30205,Summit Auto Group,Summit Toyota of Fairview,used,Jeep Ram,Compass,2024,22,30107,27893,99.0,26,0
S31679,Summit Auto Group,Summit Volkswagen Eastdale,used,Jeep Ram,Wrangler,2021,22,23267,21476,94.4,57,0
S31728,Summit Auto Group,Summit Volkswagen Eastdale,new,Volkswagen,Taos,2026,22,34564,30629,100.9,135,2
S31736,Summit Auto Group,Summit Volkswagen Eastdale,used,Ford,Mustang,2023,22,17810,15600,104.6,37,0
S31764,Summit Auto Group,Summit Volkswagen Eastdale,new,Volkswagen,Jetta,2026,22,44314,41970,97.2,137,2
S33286,Harbor Motor Group,Harbor BMW,new,BMW,X1,2026,21,70748,67292,95.1,12,0
S33311,Harbor Motor Group,Harbor BMW,used,Ford,Explorer,2021,21,38097,35432,103.4,106,2
S32692,Harbor Motor Group,Harbor Chevrolet Marina,used,Chevrolet,Silverado,2024,21,29739,26498,103.2,122,0
S32542,Harbor Motor Group,Harbor Ford Portside,new,Ford,F-150,2026,21,48455,42342,98.7,37,5
S32575,Harbor Motor Group,Harbor Ford Portside,used,Ford,Maverick,2019,21,19476,17760,96.6,6,2
S32584,Harbor Motor Group,Harbor Ford Portside,new,Ford,Explorer,2026,21,45475,41522,99.0,202,1
S32199,Harbor Motor Group,Harbor Honda Seaside,new,Honda,Accord,2026,21,51263,48585,98.5,165,0
S32305,Harbor Motor Group,Harbor Honda Seaside,new,Honda,Pilot,2026,21,44496,41203,93.1,218,0
S32371,Harbor Motor Group,Harbor Honda Seaside,used,BMW,i4,2025,21,22919,22224,99.2,8,5
S33069,Harbor Motor Group,Harbor Jeep Ram Anchor,used,Jeep Ram,Ram 1500,2020,21,22912,21785,101.4,228,3
S33115,Harbor Motor Group,Harbor Jeep Ram Anchor,new,Jeep Ram,Ram 2500,2026,21,48414,45889,94.2,236,0
S32890,Harbor Motor Group,Harbor Subaru Tidewater,used,Toyota,Camry,2022,21,30890,29161,105.5,463,1
S31830,Summit Auto Group,Summit BMW,used,BMW,3 Series,2023,21,48427,44819,101.6,460,1
S31851,Summit Auto Group,Summit BMW,used,Hyundai,Tucson,2023,21,33267,30848,99.3,60,0
S31855,Summit Auto Group,Summit BMW,new,BMW,X3,2026,21,75349,64828,101.5,441,1
S31912,Summit Auto Group,Summit BMW,used,BMW,3 Series,2024,21,35443,30732,96.5,85,3
S31937,Summit Auto Group,Summit BMW,new,BMW,i4,2026,21,51663,49051,102.5,3,0
S30819,Summit Auto Group,Summit Chevrolet Glenpark,new,Chevrolet,Equinox,2026,21,41126,36111,104.3,9,0
S30637,Summit Auto Group,Summit Ford Rivera,used,Toyota,Tundra,2018,21,18393,15847,96.5,342,5
S30404,Summit Auto Group,Summit Honda Westland,new,Honda,Pilot,2026,21,43114,40506,94.0,51,3
S30438,Summit Auto Group,Summit Honda Westland,used,Honda,Accord,2022,21,31280,27360,97.5,104,0
S31505,Summit Auto Group,Summit Jeep Ram Clearwater,used,Jeep Ram,Grand Cherokee,2024,21,27810,26783,101.3,44,1
S31550,Summit Auto Group,Summit Jeep Ram Clearwater,used,Jeep Ram,Gladiator,2022,21,20930,18981,96.2,501,1
S31639,Summit Auto Group,Summit Jeep Ram Clearwater,new,Jeep Ram,Ram 1500,2026,21,32594,29027,102.9,2,0
S31182,Summit Auto Group,Summit Kia Brookfield,used,Subaru,Impreza,2019,21,31088,29024,94.0,34,3
S31241,Summit Auto Group,Summit Kia Brookfield,new,Kia,Seltos,2026,21,28200,25461,101.4,235,0
S31254,Summit Auto Group,Summit Kia Brookfield,used,Kia,Seltos,2021,21,27457,25991,100.3,26,1
S30856,Summit Auto Group,Summit Nissan Ridgemont,used,Nissan,Sentra,2022,21,19877,18208,97.7,209,0
S30918,Summit Auto Group,Summit Nissan Ridgemont,used,Nissan,Rogue,2020,21,18310,16494,104.9,540,0
S30934,Summit Auto Group,Summit Nissan Ridgemont,used,Chevrolet,Traverse,2020,21,23130,21476,102.8,215,5
S30991,Summit Auto Group,Summit Nissan Ridgemont,new,Nissan,Altima,2026,21,43900,41551,94.1,49,0
S31000,Summit Auto Group,Summit Nissan Ridgemont,used,Nissan,Sentra,2025,21,24896,23744,93.1,274,0
S30030,Summit Auto Group,Summit Toyota of Fairview,used,Toyota,Corolla,2025,21,24718,22438,104.5,9,0
S30049,Summit Auto Group,Summit Toyota of Fairview,used,Honda,Odyssey,2023,21,18249,17319,94.7,132,0
S33189,Harbor Motor Group,Harbor BMW,new,BMW,X1,2026,20,64773,57849,94.0,202,3
S33229,Harbor Motor Group,Harbor BMW,new,BMW,5 Series,2026,20,67097,61654,104.7,47,5
S33255,Harbor Motor Group,Harbor BMW,new,BMW,5 Series,2026,20,70443,66257,105.8,578,5
S33329,Harbor Motor Group,Harbor BMW,new,BMW,5 Series,2026,20,72751,68270,95.0,53,0
S32613,Harbor Motor Group,Harbor Chevrolet Marina,new,Chevrolet,Trax,2026,20,45162,42751,94.1,35,0
S32618,Harbor Motor Group,Harbor Chevrolet Marina,used,Chevrolet,Tahoe,2019,20,23469,21352,93.7,70,1
S32700,Harbor Motor Group,Harbor Chevrolet Marina,new,Chevrolet,Equinox,2026,20,34190,32407,94.4,348,0
S32754,Harbor Motor Group,Harbor Chevrolet Marina,new,Chevrolet,Traverse,2026,20,50142,45547,94.8,297,3
S32401,Harbor Motor Group,Harbor Ford Portside,used,Ford,F-150,2021,20,16862,15189,96.7,128,5
S32430,Harbor Motor Group,Harbor Ford Portside,used,Toyota,Camry,2021,20,30015,25838,100.6,62,1
S32439,Harbor Motor Group,Harbor Ford Portside,new,Ford,Maverick,2026,20,36108,32843,94.2,26,5
S32447,Harbor Motor Group,Harbor Ford Portside,new,Ford,F-150,2026,20,27734,24394,93.6,61,1
S32462,Harbor Motor Group,Harbor Ford Portside,new,Ford,F-150,2026,20,32884,29608,99.5,85,0
S32486,Harbor Motor Group,Harbor Ford Portside,new,Ford,Escape,2026,20,42606,37569,98.1,231,0
S32501,Harbor Motor Group,Harbor Ford Portside,new,Ford,F-150,2026,20,35990,34754,96.6,135,0
S32535,Harbor Motor Group,Harbor Ford Portside,used,Toyota,RAV4,2022,20,28895,27482,94.7,51,2
S32562,Harbor Motor Group,Harbor Ford Portside,new,Ford,Escape,2026,20,30210,26575,104.0,145,1
S32230,Harbor Motor Group,Harbor Honda Seaside,new,Honda,Civic,2026,20,26783,24457,103.7,114,1
S32353,Harbor Motor Group,Harbor Honda Seaside,used,Nissan,Rogue,2022,20,24380,22106,100.5,72,5
S32363,Harbor Motor Group,Harbor Honda Seaside,new,Honda,Odyssey,2026,20,28648,27016,105.9,534,2
S33021,Harbor Motor Group,Harbor Jeep Ram Anchor,new,Jeep Ram,Compass,2026,20,47905,44199,95.4,13,1
S33157,Harbor Motor Group,Harbor Jeep Ram Anchor,used,Hyundai,Santa Fe,2019,20,28817,25797,98.0,816,0
S32812,Harbor Motor Group,Harbor Kia Lighthouse,new,Kia,Seltos,2026,20,31564,27146,97.4,40,0
S32906,Harbor Motor Group,Harbor Subaru Tidewater,new,Subaru,Impreza,2026,20,46812,44071,93.1,539,0
S32923,Harbor Motor Group,Harbor Subaru Tidewater,new,Subaru,Ascent,2026,20,28233,26654,98.3,53,0
S32045,Harbor Motor Group,Harbor Toyota Bayview,new,Toyota,Corolla,2026,20,29494,26559,103.2,4,5
S32067,Harbor Motor Group,Harbor Toyota Bayview,used,Toyota,Highlander,2020,20,25230,24311,100.8,39,5
S32126,Harbor Motor Group,Harbor Toyota Bayview,used,Toyota,Highlander,2023,20,21059,20076,102.4,121,1
S32178,Harbor Motor Group,Harbor Toyota Bayview,new,Toyota,RAV4,2026,20,39473,35847,105.6,130,3
S32184,Harbor Motor Group,Harbor Toyota Bayview,new,Toyota,Camry,2026,20,32558,29266,103.7,135,1
S31897,Summit Auto Group,Summit BMW,new,BMW,X3,2026,20,54795,48387,103.1,457,0
S30672,Summit Auto Group,Summit Chevrolet Glenpark,used,Honda,CR-V,2018,20,21598,18707,99.9,259,0
S30826,Summit Auto Group,Summit Chevrolet Glenpark,new,Chevrolet,Trax,2026,20,40152,35303,101.5,479,3
S30452,Summit Auto Group,Summit Ford Rivera,used,Ford,Mustang,2018,20,20691,19576,93.3,31,1
S30483,Summit Auto Group,Summit Ford Rivera,used,Ford,Mustang,2022,20,22893,21417,95.1,51,1
S30626,Summit Auto Group,Summit Ford Rivera,used,Toyota,Camry,2023,20,22519,19668,96.5,55,3
S30366,Summit Auto Group,Summit Honda Westland,used,Honda,HR-V,2025,20,30075,27361,103.3,142,0
S31121,Summit Auto Group,Summit Hyundai Oakhurst,used,Hyundai,Kona,2020,20,25541,22192,98.3,38,1
S31510,Summit Auto Group,Summit Jeep Ram Clearwater,new,Jeep Ram,Ram 1500,2026,20,38063,33233,102.6,43,0
S30883,Summit Auto Group,Summit Nissan Ridgemont,new,Nissan,Frontier,2026,20,36208,31862,98.4,204,1
S30926,Summit Auto Group,Summit Nissan Ridgemont,new,Nissan,Rogue,2026,20,50126,45614,97.5,66,1
S30946,Summit Auto Group,Summit Nissan Ridgemont,new,Nissan,Frontier,2026,20,46322,41883,94.0,48,1
S30983,Summit Auto Group,Summit Nissan Ridgemont,used,Nissan,Frontier,2022,20,23555,22677,98.9,168,1
S31411,Summit Auto Group,Summit Subaru Northgate,new,Subaru,Forester,2026,20,31096,29248,94.8,112,1
S30156,Summit Auto Group,Summit Toyota of Fairview,used,Jeep Ram,Grand Cherokee,2018,20,29068,27696,94.6,67,0
S30173,Summit Auto Group,Summit Toyota of Fairview,new,Toyota,Camry,2026,20,42562,37335,105.6,507,2
S30178,Summit Auto Group,Summit Toyota of Fairview,used,BMW,i4,2023,20,17221,15561,104.9,71,5
S30233,Summit Auto Group,Summit Toyota of Fairview,new,Toyota,Corolla,2026,20,34676,31297,103.4,140,1
S31689,Summit Auto Group,Summit Volkswagen Eastdale,used,Jeep Ram,Ram 1500,2022,20,28149,25948,94.9,58,0
S31746,Summit Auto Group,Summit Volkswagen Eastdale,used,Volkswagen,Taos,2022,20,21081,19763,101.7,56,0
S33161,Harbor Motor Group,Harbor BMW,used,BMW,X1,2021,19,28561,25504,97.6,25,0
S33214,Harbor Motor Group,Harbor BMW,new,BMW,3 Series,2026,19,48224,45339,101.5,32,1
S32666,Harbor Motor Group,Harbor Chevrolet Marina,used,Nissan,Pathfinder,2020,19,30352,29192,98.8,28,3
S32694,Harbor Motor Group,Harbor Chevrolet Marina,new,Chevrolet,Traverse,2026,19,40772,38943,93.5,38,1
S32717,Harbor Motor Group,Harbor Chevrolet Marina,used,Chevrolet,Equinox,2018,19,17785,15891,94.0,64,0
S32730,Harbor Motor Group,Harbor Chevrolet Marina,new,Chevrolet,Equinox,2026,19,36242,32973,99.0,104,1
S32556,Harbor Motor Group,Harbor Ford Portside,new,Ford,Mustang,2026,19,47524,44959,97.2,16,1
S32242,Harbor Motor Group,Harbor Honda Seaside,new,Honda,Pilot,2026,19,44020,39481,104.9,9,0
S32326,Harbor Motor Group,Harbor Honda Seaside,used,Honda,Odyssey,2019,19,18426,16813,103.0,24,5
S32365,Harbor Motor Group,Harbor Honda Seaside,used,Chevrolet,Trax,2018,19,29424,26597,93.1,25,0
S33058,Harbor Motor Group,Harbor Jeep Ram Anchor,new,Jeep Ram,Gladiator,2026,19,43034,40305,105.1,46,0
S33090,Harbor Motor Group,Harbor Jeep Ram Anchor,used,Hyundai,Tucson,2018,19,30438,27175,95.0,346,0
S32849,Harbor Motor Group,Harbor Kia Lighthouse,new,Kia,Seltos,2026,19,30861,28141,94.9,109,2
S32866,Harbor Motor Group,Harbor Kia Lighthouse,new,Kia,Forte,2026,19,31427,27626,95.3,301,0
S32924,Harbor Motor Group,Harbor Subaru Tidewater,new,Subaru,WRX,2026,19,38173,34112,96.1,311,2
S32116,Harbor Motor Group,Harbor Toyota Bayview,new,Toyota,RAV4,2026,19,49975,43740,101.1,84,0
S32154,Harbor Motor Group,Harbor Toyota Bayview,new,Toyota,Highlander,2026,19,32926,30903,102.8,190,0
S31768,Summit Auto Group,Summit BMW,new,BMW,X1,2026,19,78645,68745,104.5,155,2
S31789,Summit Auto Group,Summit BMW,new,BMW,X3,2026,19,46254,44335,94.6,246,0
S30752,Summit Auto Group,Summit Chevrolet Glenpark,new,Chevrolet,Tahoe,2026,19,46538,44152,93.6,313,1
S30840,Summit Auto Group,Summit Chevrolet Glenpark,new,Chevrolet,Malibu,2026,19,31931,28244,93.8,547,0
S30595,Summit Auto Group,Summit Ford Rivera,new,Ford,F-150,2026,19,46173,43455,104.5,46,1
S30611,Summit Auto Group,Summit Ford Rivera,new,Ford,Mustang,2026,19,37037,32040,101.5,33,1
S30262,Summit Auto Group,Summit Honda Westland,used,Honda,HR-V,2019,19,23450,20518,93.1,123,0
S30322,Summit Auto Group,Summit Honda Westland,used,Jeep Ram,Ram 2500,2025,19,18902,16462,105.6,38,1
S30349,Summit Auto Group,Summit Honda Westland,new,Honda,Pilot,2026,19,28047,26932,93.5,164,0
S31541,Summit Auto Group,Summit Jeep Ram Clearwater,new,Jeep Ram,Wrangler,2026,19,35137,32961,96.8,144,0
S31650,Summit Auto Group,Summit Jeep Ram Clearwater,used,Jeep Ram,Wrangler,2021,19,22065,19433,105.0,174,1
S31320,Summit Auto Group,Summit Mazda Lakeside,used,Toyota,Camry,2020,19,29326,27147,102.9,387,2
S31354,Summit Auto Group,Summit Mazda Lakeside,new,Mazda,CX-30,2026,19,32830,29512,97.6,183,5
S31358,Summit Auto Group,Summit Mazda Lakeside,used,Mazda,CX-30,2019,19,27393,25645,99.4,246,0
S30887,Summit Auto Group,Summit Nissan Ridgemont,new,Nissan,Altima,2026,19,35428,31755,95.2,246,2
S30982,Summit Auto Group,Summit Nissan Ridgemont,new,Nissan,Frontier,2026,19,46372,41116,94.9,137,0
S31005,Summit Auto Group,Summit Nissan Ridgemont,used,Nissan,Sentra,2021,19,19033,16882,104.3,63,1
S31390,Summit Auto Group,Summit Subaru Northgate,used,Subaru,Forester,2025,19,21205,20165,95.3,78,2
S31405,Summit Auto Group,Summit Subaru Northgate,used,Subaru,WRX,2020,19,30497,29376,95.2,227,0
S31421,Summit Auto Group,Summit Subaru Northgate,used,Subaru,Outback,2019,19,30672,29640,93.8,350,2
S31464,Summit Auto Group,Summit Subaru Northgate,used,BMW,X5,2025,19,25079,23722,104.7,356,2
S30213,Summit Auto Group,Summit Toyota of Fairview,used,Toyota,Tundra,2025,19,21946,19235,104.1,115,1
S30228,Summit Auto Group,Summit Toyota of Fairview,used,Toyota,RAV4,2022,19,30533,27312,94.5,21,5
S30237,Summit Auto Group,Summit Toyota of Fairview,new,Toyota,Tacoma,2026,19,30777,28654,104.4,261,0
S31691,Summit Auto Group,Summit Volkswagen Eastdale,used,Ford,Maverick,2020,19,32026,30952,95.0,114,1
S33178,Harbor Motor Group,Harbor BMW,used,Honda,Civic,2025,18,37991,35656,104.6,236,1
S33205,Harbor Motor Group,Harbor BMW,used,BMW,i4,2022,18,49479,47733,96.0,92,0
S33264,Harbor Motor Group,Harbor BMW,new,BMW,3 Series,2026,18,71902,65014,96.1,260,3
S33296,Harbor Motor Group,Harbor BMW,new,BMW,3 Series,2026,18,57783,56010,95.0,55,0
S32715,Harbor Motor Group,Harbor Chevrolet Marina,used,Jeep Ram,Ram 1500,2020,18,31599,29075,101.7,188,0
S32753,Harbor Motor Group,Harbor Chevrolet Marina,new,Chevrolet,Traverse,2026,18,48431,44301,95.3,3,5
S32498,Harbor Motor Group,Harbor Ford Portside,new,Ford,Maverick,2026,18,31205,27934,103.2,219,3
S32506,Harbor Motor Group,Harbor Ford Portside,new,Ford,Mustang,2026,18,43656,41044,104.4,85,3
S32574,Harbor Motor Group,Harbor Ford Portside,new,Ford,Maverick,2026,18,35067,33696,98.0,119,0
S32209,Harbor Motor Group,Harbor Honda Seaside,new,Honda,CR-V,2026,18,49556,44762,102.2,200,1
S32255,Harbor Motor Group,Harbor Honda Seaside,new,Honda,Odyssey,2026,18,43670,40634,96.5,283,0
S32333,Harbor Motor Group,Harbor Honda Seaside,used,Honda,Pilot,2024,18,16922,16346,93.8,41,1
S33043,Harbor Motor Group,Harbor Jeep Ram Anchor,new,Jeep Ram,Gladiator,2026,18,41176,35949,102.8,602,1
S32782,Harbor Motor Group,Harbor Kia Lighthouse,new,Kia,Sportage,2026,18,30848,29049,96.7,15,3
S32792,Harbor Motor Group,Harbor Kia Lighthouse,used,Toyota,Highlander,2021,18,24530,23205,93.9,215,5
S32793,Harbor Motor Group,Harbor Kia Lighthouse,new,Kia,Sportage,2026,18,35340,31104,94.9,18,1
S32802,Harbor Motor Group,Harbor Kia Lighthouse,new,Kia,Sportage,2026,18,48814,46828,98.4,50,0
S32841,Harbor Motor Group,Harbor Kia Lighthouse,new,Kia,Sorento,2026,18,34632,33226,100.4,70,0
S32850,Harbor Motor Group,Harbor Kia Lighthouse,new,Kia,Sportage,2026,18,31247,28835,97.6,151,3
S32900,Harbor Motor Group,Harbor Subaru Tidewater,new,Subaru,Crosstrek,2026,18,46197,40509,98.7,12,5
S32978,Harbor Motor Group,Harbor Subaru Tidewater,used,Hyundai,Tucson,2022,18,24128,23339,99.6,122,0
S32982,Harbor Motor Group,Harbor Subaru Tidewater,used,Subaru,WRX,2025,18,30129,26407,98.1,537,0
S32034,Harbor Motor Group,Harbor Toyota Bayview,new,Toyota,Tundra,2026,18,48897,47203,99.4,133,1
S32038,Harbor Motor Group,Harbor Toyota Bayview,new,Toyota,Highlander,2026,18,40247,35965,97.7,82,5
S32082,Harbor Motor Group,Harbor Toyota Bayview,new,Toyota,Highlander,2026,18,27974,25349,102.8,87,0
S31792,Summit Auto Group,Summit BMW,new,BMW,i4,2026,18,63840,56396,100.2,151,5
S31806,Summit Auto Group,Summit BMW,new,BMW,X5,2026,18,65772,60382,95.9,302,0
S31885,Summit Auto Group,Summit BMW,new,BMW,X3,2026,18,70994,68706,98.5,103,1
S30765,Summit Auto Group,Summit Chevrolet Glenpark,new,Chevrolet,Equinox,2026,18,44449,40968,95.7,16,1
S30457,Summit Auto Group,Summit Ford Rivera,used,Ford,F-150,2024,18,30458,26442,96.0,100,2
S30479,Summit Auto Group,Summit Ford Rivera,used,Ford,Explorer,2021,18,27969,24888,99.9,9,3
S30546,Summit Auto Group,Summit Ford Rivera,used,BMW,X3,2023,18,22302,20560,100.0,70,0
S30642,Summit Auto Group,Summit Ford Rivera,new,Ford,Maverick,2026,18,35545,32135,97.4,40,3
S30246,Summit Auto Group,Summit Honda Westland,new,Honda,Accord,2026,18,31734,30145,99.9,100,0
S30446,Summit Auto Group,Summit Honda Westland,used,Kia,K5,2025,18,17655,15765,97.1,53,0
S31032,Summit Auto Group,Summit Hyundai Oakhurst,used,Ford,Explorer,2018,18,24689,23723,99.3,111,0
S31099,Summit Auto Group,Summit Hyundai Oakhurst,used,Subaru,Forester,2018,18,21571,19472,100.7,62,2
S31134,Summit Auto Group,Summit Hyundai Oakhurst,used,Nissan,Sentra,2020,18,31339,27917,104.5,222,0
S31141,Summit Auto Group,Summit Hyundai Oakhurst,used,Hyundai,Sonata,2018,18,27033,25207,101.7,224,0
S31578,Summit Auto Group,Summit Jeep Ram Clearwater,used,Chevrolet,Equinox,2024,18,28224,25771,101.0,285,0
S31149,Summit Auto Group,Summit Kia Brookfield,used,Ford,Mustang,2020,18,28091,25766,104.3,446,0
S31163,Summit Auto Group,Summit Kia Brookfield,new,Kia,Forte,2026,18,51287,44214,95.3,34,0
S31178,Summit Auto Group,Summit Kia Brookfield,used,Kia,Telluride,2020,18,25847,23340,93.9,95,0
S31180,Summit Auto Group,Summit Kia Brookfield,used,Kia,Sportage,2019,18,17389,16404,98.1,169,1
S31217,Summit Auto Group,Summit Kia Brookfield,new,Kia,Telluride,2026,18,49647,45217,94.0,7,3
S31218,Summit Auto Group,Summit Kia Brookfield,new,Kia,K5,2026,18,40367,37022,101.9,22,3
S31331,Summit Auto Group,Summit Mazda Lakeside,used,Chevrolet,Silverado,2021,18,22449,20934,101.1,24,3
S31343,Summit Auto Group,Summit Mazda Lakeside,new,Mazda,MX-5,2026,18,48899,44934,96.5,154,1
S31423,Summit Auto Group,Summit Subaru Northgate,new,Subaru,Forester,2026,18,26777,23893,105.8,487,1
S30146,Summit Auto Group,Summit Toyota of Fairview,used,Toyota,Corolla,2025,18,18423,16287,102.0,84,0
S30183,Summit Auto Group,Summit Toyota of Fairview,used,Honda,Civic,2019,18,21717,20311,101.5,32,0
S30207,Summit Auto Group,Summit Toyota of Fairview,new,Toyota,Corolla,2026,18,39927,34957,102.4,8,1
S31701,Summit Auto Group,Summit Volkswagen Eastdale,used,Volkswagen,Taos,2024,18,21754,20898,102.0,190,0
S31723,Summit Auto Group,Summit Volkswagen Eastdale,used,BMW,3 Series,2021,18,31590,29072,94.9,440,0
S33224,Harbor Motor Group,Harbor BMW,new,BMW,i4,2026,17,80601,69871,97.3,184,2
S33327,Harbor Motor Group,Harbor BMW,used,Honda,Civic,2022,17,32713,29905,104.2,112,3
S33343,Harbor Motor Group,Harbor BMW,used,Subaru,WRX,2024,17,46524,44329,100.8,51,2
S32616,Harbor Motor Group,Harbor Chevrolet Marina,new,Chevrolet,Equinox,2026,17,31521,30113,103.1,120,0
S32652,Harbor Motor Group,Harbor Chevrolet Marina,new,Chevrolet,Trax,2026,17,49591,47254,104.4,224,1
S32704,Harbor Motor Group,Harbor Chevrolet Marina,used,Toyota,RAV4,2019,17,21096,19653,103.1,23,1
S32388,Harbor Motor Group,Harbor Ford Portside,new,Ford,Escape,2026,17,42518,38790,100.3,162,2
S32395,Harbor Motor Group,Harbor Ford Portside,new,Ford,Maverick,2026,17,28939,26872,99.3,297,0
S32429,Harbor Motor Group,Harbor Ford Portside,new,Ford,Bronco,2026,17,29228,25658,102.5,723,1
S32355,Harbor Motor Group,Harbor Honda Seaside,used,Honda,HR-V,2019,17,18225,16237,99.5,72,2
S33050,Harbor Motor Group,Harbor Jeep Ram Anchor,used,Honda,HR-V,2025,17,25490,22775,95.3,155,0
S33109,Harbor Motor Group,Harbor Jeep Ram Anchor,new,Jeep Ram,Wrangler,2026,17,29883,28726,93.6,2,0
S33123,Harbor Motor Group,Harbor Jeep Ram Anchor,new,Jeep Ram,Gladiator,2026,17,35866,32634,95.6,105,5
S32902,Harbor Motor Group,Harbor Subaru Tidewater,new,Subaru,WRX,2026,17,39245,36618,103.9,110,1
S32920,Harbor Motor Group,Harbor Subaru Tidewater,used,Subaru,Crosstrek,2024,17,27916,24906,95.7,52,1
S31965,Harbor Motor Group,Harbor Toyota Bayview,new,Toyota,Tundra,2026,17,39304,36972,97.1,77,5
S31803,Summit Auto Group,Summit BMW,new,BMW,X1,2026,17,69625,63849,100.5,33,0
S31847,Summit Auto Group,Summit BMW,new,BMW,X5,2026,17,56202,54376,103.7,193,2
S31858,Summit Auto Group,Summit BMW,new,BMW,5 Series,2026,17,72080,63466,96.9,309,1
S31867,Summit Auto Group,Summit BMW,used,BMW,5 Series,2023,17,45513,40418,102.9,57,0
S30701,Summit Auto Group,Summit Chevrolet Glenpark,used,Chevrolet,Equinox,2024,17,24498,21449,100.4,97,5
S30703,Summit Auto Group,Summit Chevrolet Glenpark,used,Ford,Maverick,2020,17,27911,24399,96.6,168,0
S30793,Summit Auto Group,Summit Chevrolet Glenpark,used,Kia,Forte,2021,17,18323,16377,103.1,27,5
S30812,Summit Auto Group,Summit Chevrolet Glenpark,new,Chevrolet,Tahoe,2026,17,28005,25677,105.9,11,0
S30492,Summit Auto Group,Summit Ford Rivera,used,Ford,Explorer,2021,17,20679,19246,96.0,209,0
S30495,Summit Auto Group,Summit Ford Rivera,used,Subaru,Impreza,2020,17,20261,17998,101.1,32,2
S30550,Summit Auto Group,Summit Ford Rivera,new,Ford,Bronco,2026,17,47004,44479,98.7,309,0
S30583,Summit Auto Group,Summit Ford Rivera,new,Ford,F-150,2026,17,40678,37039,105.9,368,5
S30601,Summit Auto Group,Summit Ford Rivera,new,Ford,Maverick,2026,17,43845,38255,98.5,11,3
S30623,Summit Auto Group,Summit Ford Rivera,new,Ford,Explorer,2026,17,43139,38086,95.4,484,0
S30648,Summit Auto Group,Summit Ford Rivera,new,Ford,Maverick,2026,17,29903,27511,103.2,178,1
S30249,Summit Auto Group,Summit Honda Westland,new,Honda,Odyssey,2026,17,43819,38138,94.4,11,0
S30319,Summit Auto Group,Summit Honda Westland,new,Honda,Accord,2026,17,36617,32630,100.7,165,2
S31071,Summit Auto Group,Summit Hyundai Oakhurst,used,Hyundai,Kona,2023,17,22500,20200,96.5,109,5
S31515,Summit Auto Group,Summit Jeep Ram Clearwater,new,Jeep Ram,Ram 2500,2026,17,46719,42421,105.6,46,3
S31596,Summit Auto Group,Summit Jeep Ram Clearwater,new,Jeep Ram,Gladiator,2026,17,40287,37048,96.8,194,1
S31603,Summit Auto Group,Summit Jeep Ram Clearwater,new,Jeep Ram,Grand Cherokee,2026,17,30794,28906,102.6,60,5
S31161,Summit Auto Group,Summit Kia Brookfield,new,Kia,Sportage,2026,17,35379,32400,100.2,279,0
S31206,Summit Auto Group,Summit Kia Brookfield,new,Kia,Forte,2026,17,31041,26935,100.4,25,1
S31209,Summit Auto Group,Summit Kia Brookfield,new,Kia,Sportage,2026,17,30378,27348,98.2,5,0
S31227,Summit Auto Group,Summit Kia Brookfield,new,Kia,Sportage,2026,17,49289,45952,105.6,138,1
S31239,Summit Auto Group,Summit Kia Brookfield,used,Kia,K5,2023,17,23770,21417,98.9,197,0
S31309,Summit Auto Group,Summit Mazda Lakeside,new,Mazda,CX-5,2026,17,50449,48241,101.4,80,5
S31350,Summit Auto Group,Summit Mazda Lakeside,new,Mazda,CX-30,2026,17,45763,39757,102.6,183,3
S31377,Summit Auto Group,Summit Mazda Lakeside,used,Mazda,CX-90,2018,17,22319,20409,102.8,47,0
S30884,Summit Auto Group,Summit Nissan Ridgemont,new,Nissan,Altima,2026,17,29561,26814,98.0,26,1
S31465,Summit Auto Group,Summit Subaru Northgate,new,Subaru,Crosstrek,2026,17,48606,46369,102.6,204,1
S30025,Summit Auto Group,Summit Toyota of Fairview,new,Toyota,Camry,2026,17,51048,45154,95.1,383,1
S30032,Summit Auto Group,Summit Toyota of Fairview,new,Toyota,Tacoma,2026,17,29012,27979,103.0,56,3
S30075,Summit Auto Group,Summit Toyota of Fairview,new,Toyota,Highlander,2026,17,32992,30196,94.3,181,0
S31682,Summit Auto Group,Summit Volkswagen Eastdale,new,Volkswagen,ID.4,2026,17,49936,47039,100.3,4,2
S31704,Summit Auto Group,Summit Volkswagen Eastdale,new,Volkswagen,Jetta,2026,17,49218,45122,102.8,8,0
S31747,Summit Auto Group,Summit Volkswagen Eastdale,new,Volkswagen,ID.4,2026,17,28735,27197,102.7,486,2
S31748,Summit Auto Group,Summit Volkswagen Eastdale,new,Volkswagen,Jetta,2026,17,30989,29048,95.2,57,1
S33245,Harbor Motor Group,Harbor BMW,new,BMW,5 Series,2026,16,70789,68205,100.6,124,1
S33274,Harbor Motor Group,Harbor BMW,used,Nissan,Rogue,2021,16,43340,38051,98.2,209,2
S33288,Harbor Motor Group,Harbor BMW,used,Chevrolet,Trax,2020,16,38132,34422,97.7,94,0
S32604,Harbor Motor Group,Harbor Chevrolet Marina,new,Chevrolet,Equinox,2026,16,40598,38119,101.6,131,2
S32643,Harbor Motor Group,Harbor Chevrolet Marina,new,Chevrolet,Malibu,2026,16,34159,30251,97.2,202,5
S32750,Harbor Motor Group,Harbor Chevrolet Marina,new,Chevrolet,Tahoe,2026,16,36861,32116,101.8,95,0
S32408,Harbor Motor Group,Harbor Ford Portside,new,Ford,F-150,2026,16,39826,38560,97.3,82,0
S32519,Harbor Motor Group,Harbor Ford Portside,new,Ford,Escape,2026,16,49497,45565,99.9,275,5
S32213,Harbor Motor Group,Harbor Honda Seaside,new,Honda,Odyssey,2026,16,27413,25347,96.0,220,5
S32292,Harbor Motor Group,Harbor Honda Seaside,used,Ford,Escape,2021,16,29480,26392,102.3,160,2
S32319,Harbor Motor Group,Harbor Honda Seaside,used,Toyota,Tacoma,2018,16,21205,18864,94.5,58,0
S33081,Harbor Motor Group,Harbor Jeep Ram Anchor,new,Jeep Ram,Grand Cherokee,2026,16,41931,37117,102.8,200,0
S33098,Harbor Motor Group,Harbor Jeep Ram Anchor,new,Jeep Ram,Ram 1500,2026,16,37905,34451,101.1,193,3
S33139,Harbor Motor Group,Harbor Jeep Ram Anchor,used,Honda,Civic,2019,16,21468,19757,96.6,51,0
S33153,Harbor Motor Group,Harbor Jeep Ram Anchor,used,Jeep Ram,Ram 1500,2023,16,26626,24346,97.6,189,2
S32871,Harbor Motor Group,Harbor Kia Lighthouse,used,Kia,Sportage,2022,16,18224,16337,96.0,35,5
S32880,Harbor Motor Group,Harbor Kia Lighthouse,used,Kia,Sorento,2021,16,25853,23518,96.4,82,3
S32916,Harbor Motor Group,Harbor Subaru Tidewater,used,Chevrolet,Silverado,2025,16,19853,19205,102.1,231,5
S32953,Harbor Motor Group,Harbor Subaru Tidewater,used,BMW,X1,2023,16,20205,18377,103.8,97,2
S32975,Harbor Motor Group,Harbor Subaru Tidewater,used,Subaru,Crosstrek,2022,16,28434,27473,99.5,360,1
S32991,Harbor Motor Group,Harbor Subaru Tidewater,used,Subaru,Forester,2019,16,30267,28791,96.5,98,1
S32073,Harbor Motor Group,Harbor Toyota Bayview,new,Toyota,Corolla,2026,16,48614,41847,94.2,358,1
S32175,Harbor Motor Group,Harbor Toyota Bayview,used,Chevrolet,Silverado,2021,16,27716,26105,95.8,2,3
S31788,Summit Auto Group,Summit BMW,new,BMW,i4,2026,16,60722,58850,104.1,5,0
S31795,Summit Auto Group,Summit BMW,new,BMW,X5,2026,16,55981,49244,96.6,124,0
S31821,Summit Auto Group,Summit BMW,new,BMW,X1,2026,16,60002,53530,101.6,525,5
S31934,Summit Auto Group,Summit BMW,new,BMW,X3,2026,16,73480,65479,99.8,213,0
S30684,Summit Auto Group,Summit Chevrolet Glenpark,new,Chevrolet,Malibu,2026,16,33955,31060,99.8,92,0
S30705,Summit Auto Group,Summit Chevrolet Glenpark,used,Chevrolet,Silverado,2024,16,20336,19229,103.3,48,3
S30732,Summit Auto Group,Summit Chevrolet Glenpark,new,Chevrolet,Trax,2026,16,32908,30008,96.3,19,3
S30830,Summit Auto Group,Summit Chevrolet Glenpark,new,Chevrolet,Tahoe,2026,16,50164,43331,104.5,150,1
S30539,Summit Auto Group,Summit Ford Rivera,used,BMW,X3,2019,16,26446,23269,101.6,73,0
S30552,Summit Auto Group,Summit Ford Rivera,used,Ford,Mustang,2025,16,18013,17270,102.6,629,1
S30613,Summit Auto Group,Summit Ford Rivera,new,Ford,Mustang,2026,16,31685,30697,93.8,182,3
S30650,Summit Auto Group,Summit Ford Rivera,used,Hyundai,Kona,2021,16,25385,24326,95.7,129,0
S30666,Summit Auto Group,Summit Ford Rivera,used,Ford,Bronco,2024,16,20294,19641,103.3,94,0
S30260,Summit Auto Group,Summit Honda Westland,new,Honda,Accord,2026,16,39209,34688,101.4,217,0
S30261,Summit Auto Group,Summit Honda Westland,new,Honda,Odyssey,2026,16,42359,40266,103.6,623,1
S30332,Summit Auto Group,Summit Honda Westland,new,Honda,Civic,2026,16,42829,41286,94.1,221,0
S30398,Summit Auto Group,Summit Honda Westland,new,Honda,HR-V,2026,16,47156,44577,99.4,197,1
S30413,Summit Auto Group,Summit Honda Westland,used,Honda,Pilot,2021,16,21027,18840,99.8,326,1
S30419,Summit Auto Group,Summit Honda Westland,new,Honda,Accord,2026,16,34058,31767,94.9,0,0
S31019,Summit Auto Group,Summit Hyundai Oakhurst,used,Hyundai,Tucson,2023,16,17506,15904,95.0,6,0
S31064,Summit Auto Group,Summit Hyundai Oakhurst,new,Hyundai,Santa Fe,2026,16,46297,40756,105.1,308,2
S31534,Summit Auto Group,Summit Jeep Ram Clearwater,new,Jeep Ram,Gladiator,2026,16,30908,29835,104.1,99,0
S31656,Summit Auto Group,Summit Jeep Ram Clearwater,used,Kia,Seltos,2025,16,26182,24626,104.3,291,0
S31665,Summit Auto Group,Summit Jeep Ram Clearwater,new,Jeep Ram,Ram 1500,2026,16,36398,32652,96.3,40,1
S31240,Summit Auto Group,Summit Kia Brookfield,new,Kia,Telluride,2026,16,45418,43736,104.5,25,3
S31310,Summit Auto Group,Summit Mazda Lakeside,new,Mazda,CX-90,2026,16,42243,38978,99.9,60,0
S30861,Summit Auto Group,Summit Nissan Ridgemont,used,Nissan,Rogue,2025,16,17905,16187,102.0,47,0
S30981,Summit Auto Group,Summit Nissan Ridgemont,new,Nissan,Altima,2026,16,50291,47930,99.5,69,2
S31384,Summit Auto Group,Summit Subaru Northgate,used,Subaru,Outback,2018,16,27828,26216,96.1,39,0
S31396,Summit Auto Group,Summit Subaru Northgate,used,Subaru,WRX,2018,16,25806,24419,98.6,66,2
S31401,Summit Auto Group,Summit Subaru Northgate,used,BMW,3 Series,2023,16,31218,28498,95.0,89,2
S31412,Summit Auto Group,Summit Subaru Northgate,used,Subaru,Outback,2020,16,27345,24000,94.5,373,0
S30109,Summit Auto Group,Summit Toyota of Fairview,new,Toyota,Tundra,2026,16,30888,27760,93.8,253,0
S30119,Summit Auto Group,Summit Toyota of Fairview,new,Toyota,Camry,2026,16,46675,43205,99.2,431,1
S30131,Summit Auto Group,Summit Toyota of Fairview,used,Toyota,Tacoma,2025,16,26874,24062,103.7,263,0
S30165,Summit Auto Group,Summit Toyota of Fairview,used,Hyundai,Palisade,2019,16,18528,17001,95.7,36,1
S31674,Summit Auto Group,Summit Volkswagen Eastdale,new,Volkswagen,Jetta,2026,16,47379,42755,105.1,131,0
S31675,Summit Auto Group,Summit Volkswagen Eastdale,new,Volkswagen,Atlas,2026,16,43830,38100,102.4,25,2
S31741,Summit Auto Group,Summit Volkswagen Eastdale,used,Volkswagen,Taos,2024,16,28740,26259,106.0,441,0
S33237,Harbor Motor Group,Harbor BMW,new,BMW,i4,2026,15,64551,56471,102.7,452,3
S33301,Harbor Motor Group,Harbor BMW,new,BMW,X1,2026,15,73606,64410,93.1,121,0
S32601,Harbor Motor Group,Harbor Chevrolet Marina,new,Chevrolet,Traverse,2026,15,51289,46840,98.3,29,3
S32607,Harbor Motor Group,Harbor Chevrolet Marina,new,Chevrolet,Trax,2026,15,45269,39738,97.7,1103,1
S32659,Harbor Motor Group,Harbor Chevrolet Marina,new,Chevrolet,Malibu,2026,15,32959,29996,99.1,31,0
S32708,Harbor Motor Group,Harbor Chevrolet Marina,new,Chevrolet,Trax,2026,15,28722,25781,95.6,39,0
S32709,Harbor Motor Group,Harbor Chevrolet Marina,used,Jeep Ram,Wrangler,2019,15,19860,18110,95.5,447,5
S32733,Harbor Motor Group,Harbor Chevrolet Marina,used,Chevrolet,Malibu,2025,15,28775,26033,96.4,106,5
S32396,Harbor Motor Group,Harbor Ford Portside,new,Ford,Maverick,2026,15,29263,27602,97.5,142,1
S32404,Harbor Motor Group,Harbor Ford Portside,used,Ford,Maverick,2020,15,17777,16080,105.9,3,3
S32428,Harbor Motor Group,Harbor Ford Portside,used,Ford,Explorer,2025,15,22932,21006,93.5,98,1
S32543,Harbor Motor Group,Harbor Ford Portside,used,Ford,Explorer,2018,15,27397,24519,97.7,126,0
S32565,Harbor Motor Group,Harbor Ford Portside,used,Ford,Maverick,2022,15,24996,22113,102.5,241,5
S32259,Harbor Motor Group,Harbor Honda Seaside,new,Honda,Odyssey,2026,15,36202,34426,94.2,30,5
S32372,Harbor Motor Group,Harbor Honda Seaside,new,Honda,HR-V,2026,15,32099,28482,103.5,396,0
S32374,Harbor Motor Group,Harbor Honda Seaside,new,Honda,Odyssey,2026,15,36057,34358,104.8,75,0
S33006,Harbor Motor Group,Harbor Jeep Ram Anchor,used,Jeep Ram,Wrangler,2018,15,24620,21455,93.9,282,0
S33068,Harbor Motor Group,Harbor Jeep Ram Anchor,used,Chevrolet,Trax,2025,15,18341,17428,95.4,9,2
S33106,Harbor Motor Group,Harbor Jeep Ram Anchor,used,Kia,Seltos,2024,15,28436,26193,103.2,142,3
S32778,Harbor Motor Group,Harbor Kia Lighthouse,used,Jeep Ram,Ram 2500,2020,15,30506,28560,95.1,167,2
S32791,Harbor Motor Group,Harbor Kia Lighthouse,used,Kia,Forte,2024,15,26019,24198,103.3,418,3
S32903,Harbor Motor Group,Harbor Subaru Tidewater,new,Subaru,Ascent,2026,15,43691,38522,96.2,138,1
S32956,Harbor Motor Group,Harbor Subaru Tidewater,new,Subaru,Forester,2026,15,31503,29653,98.8,427,0
S31969,Harbor Motor Group,Harbor Toyota Bayview,used,Ford,Explorer,2024,15,26387,23598,97.6,156,5
S31997,Harbor Motor Group,Harbor Toyota Bayview,used,Kia,K5,2025,15,29483,27162,97.3,36,0
S32010,Harbor Motor Group,Harbor Toyota Bayview,new,Toyota,Corolla,2026,15,49344,42784,100.5,412,3
S32054,Harbor Motor Group,Harbor Toyota Bayview,used,Toyota,RAV4,2024,15,25539,23619,99.8,147,5
S32170,Harbor Motor Group,Harbor Toyota Bayview,used,Toyota,Corolla,2025,15,31542,30342,101.1,487,0
S32177,Harbor Motor Group,Harbor Toyota Bayview,new,Toyota,Corolla,2026,15,26937,26065,96.9,340,2
S31838,Summit Auto Group,Summit BMW,new,BMW,X1,2026,15,71818,63707,93.5,78,2
S31848,Summit Auto Group,Summit BMW,new,BMW,X1,2026,15,49773,48257,104.6,28,2
S31859,Summit Auto Group,Summit BMW,used,Kia,Seltos,2021,15,39662,35280,95.3,172,1
S31914,Summit Auto Group,Summit BMW,used,Jeep Ram,Ram 2500,2024,15,43011,39395,93.0,17,2
S30730,Summit Auto Group,Summit Chevrolet Glenpark,new,Chevrolet,Traverse,2026,15,28476,27577,105.2,120,5
S30786,Summit Auto Group,Summit Chevrolet Glenpark,used,BMW,i4,2024,15,28614,26400,103.6,84,3
S30799,Summit Auto Group,Summit Chevrolet Glenpark,used,BMW,X5,2023,15,17229,15661,98.8,122,3
S30508,Summit Auto Group,Summit Ford Rivera,used,Ford,Mustang,2025,15,30605,27405,97.2,402,0
S30551,Summit Auto Group,Summit Ford Rivera,new,Ford,Bronco,2026,15,26779,24028,101.5,197,0
S30651,Summit Auto Group,Summit Ford Rivera,used,Honda,Odyssey,2022,15,18961,17715,94.7,167,3
S30384,Summit Auto Group,Summit Honda Westland,new,Honda,Civic,2026,15,49421,45779,94.9,19,2
S30445,Summit Auto Group,Summit Honda Westland,new,Honda,Pilot,2026,15,34812,31245,103.2,150,0
S31122,Summit Auto Group,Summit Hyundai Oakhurst,new,Hyundai,Santa Fe,2026,15,43244,38287,98.5,199,3
S31539,Summit Auto Group,Summit Jeep Ram Clearwater,new,Jeep Ram,Gladiator,2026,15,50451,47221,105.4,122,1
S31548,Summit Auto Group,Summit Jeep Ram Clearwater,used,Nissan,Kicks,2019,15,23542,21806,97.9,145,1
S31558,Summit Auto Group,Summit Jeep Ram Clearwater,used,Jeep Ram,Ram 2500,2023,15,29291,27104,100.9,14,5
S31581,Summit Auto Group,Summit Jeep Ram Clearwater,new,Jeep Ram,Gladiator,2026,15,39473,37750,100.0,156,0
S31669,Summit Auto Group,Summit Jeep Ram Clearwater,new,Jeep Ram,Gladiator,2026,15,34505,32235,105.9,164,0
S31251,Summit Auto Group,Summit Kia Brookfield,new,Kia,K5,2026,15,35444,33727,104.0,21,0
S31322,Summit Auto Group,Summit Mazda Lakeside,new,Mazda,Mazda3,2026,15,28878,26840,95.5,7,1
S30854,Summit Auto Group,Summit Nissan Ridgemont,new,Nissan,Rogue,2026,15,29631,28654,103.6,167,3
S30893,Summit Auto Group,Summit Nissan Ridgemont,new,Nissan,Kicks,2026,15,39255,35791,99.3,134,1
S30953,Summit Auto Group,Summit Nissan Ridgemont,new,Nissan,Pathfinder,2026,15,28848,26199,96.0,93,1
S30963,Summit Auto Group,Summit Nissan Ridgemont,new,Nissan,Kicks,2026,15,37567,32985,95.8,157,0
S30037,Summit Auto Group,Summit Toyota of Fairview,new,Toyota,Tacoma,2026,15,28770,26893,100.9,273,3
S30064,Summit Auto Group,Summit Toyota of Fairview,new,Toyota,RAV4,2026,15,39510,37405,94.8,188,0
S30066,Summit Auto Group,Summit Toyota of Fairview,new,Toyota,Camry,2026,15,43941,41100,104.2,286,0
S30068,Summit Auto Group,Summit Toyota of Fairview,new,Toyota,Camry,2026,15,48634,46232,96.6,55,3
S30079,Summit Auto Group,Summit Toyota of Fairview,new,Toyota,Camry,2026,15,31077,29442,100.0,334,1
S30087,Summit Auto Group,Summit Toyota of Fairview,new,Toyota,Tundra,2026,15,43387,39834,100.8,10,3
S30113,Summit Auto Group,Summit Toyota of Fairview,used,Toyota,Tundra,2021,15,19541,18584,95.7,486,0
S30128,Summit Auto Group,Summit Toyota of Fairview,new,Toyota,RAV4,2026,15,45741,43690,99.8,128,1
S30169,Summit Auto Group,Summit Toyota of Fairview,new,Toyota,RAV4,2026,15,45409,43794,99.5,232,0
S30210,Summit Auto Group,Summit Toyota of Fairview,new,Toyota,Tacoma,2026,15,28538,26235,99.2,109,3
S30223,Summit Auto Group,Summit Toyota of Fairview,new,Toyota,Corolla,2026,15,47517,41911,99.0,68,1
S31739,Summit Auto Group,Summit Volkswagen Eastdale,new,Volkswagen,ID.4,2026,15,33467,31030,98.4,0,2
S33171,Harbor Motor Group,Harbor BMW,used,BMW,X1,2023,14,35405,32127,104.3,718,0
S33210,Harbor Motor Group,Harbor BMW,new,BMW,X5,2026,14,60591,53095,103.8,184,3
S33269,Harbor Motor Group,Harbor BMW,used,BMW,X5,2018,14,45742,43703,93.6,351,1
S33282,Harbor Motor Group,Harbor BMW,new,BMW,X5,2026,14,69709,60921,94.0,60,5
S33312,Harbor Motor Group,Harbor BMW,used,BMW,3 Series,2018,14,35930,34628,96.2,137,0
S32597,Harbor Motor Group,Harbor Chevrolet Marina,used,Kia,Seltos,2021,14,18955,17642,104.8,9,0
S32665,Harbor Motor Group,Harbor Chevrolet Marina,new,Chevrolet,Tahoe,2026,14,27410,24978,105.7,126,3
S32667,Harbor Motor Group,Harbor Chevrolet Marina,new,Chevrolet,Traverse,2026,14,39362,34260,103.6,23,0
S32686,Harbor Motor Group,Harbor Chevrolet Marina,used,Ford,Escape,2019,14,19898,18958,99.9,0,0
S32385,Harbor Motor Group,Harbor Ford Portside,new,Ford,Maverick,2026,14,42683,38308,101.5,136,2
S32397,Harbor Motor Group,Harbor Ford Portside,new,Ford,Escape,2026,14,31892,29112,94.9,121,5
S32473,Harbor Motor Group,Harbor Ford Portside,new,Ford,Maverick,2026,14,33528,32315,94.9,641,0
S32508,Harbor Motor Group,Harbor Ford Portside,used,Nissan,Rogue,2024,14,32121,27661,103.7,695,0
S32580,Harbor Motor Group,Harbor Ford Portside,new,Ford,Explorer,2026,14,36030,32180,99.5,144,0
S32587,Harbor Motor Group,Harbor Ford Portside,new,Ford,Maverick,2026,14,30760,27409,100.9,310,0
S32291,Harbor Motor Group,Harbor Honda Seaside,new,Honda,CR-V,2026,14,39898,35114,94.1,29,2
S32302,Harbor Motor Group,Harbor Honda Seaside,new,Honda,CR-V,2026,14,41376,38863,104.0,720,5
S32315,Harbor Motor Group,Harbor Honda Seaside,used,Chevrolet,Equinox,2025,14,31420,27114,103.4,324,0
S32324,Harbor Motor Group,Harbor Honda Seaside,new,Honda,HR-V,2026,14,41895,37158,100.2,221,2
S32338,Harbor Motor Group,Harbor Honda Seaside,new,Honda,CR-V,2026,14,36388,32653,95.4,286,1
S32351,Harbor Motor Group,Harbor Honda Seaside,new,Honda,HR-V,2026,14,34966,33432,99.5,39,2
S33105,Harbor Motor Group,Harbor Jeep Ram Anchor,used,Nissan,Pathfinder,2021,14,28218,27043,93.3,67,1
S33128,Harbor Motor Group,Harbor Jeep Ram Anchor,new,Jeep Ram,Gladiator,2026,14,33018,29146,101.4,300,1
S33130,Harbor Motor Group,Harbor Jeep Ram Anchor,used,Jeep Ram,Grand Cherokee,2021,14,27879,25501,95.3,531,2
S32930,Harbor Motor Group,Harbor Subaru Tidewater,new,Subaru,Forester,2026,14,38933,35966,97.5,113,5
S32936,Harbor Motor Group,Harbor Subaru Tidewater,used,Kia,Forte,2018,14,31903,27753,105.5,299,0
S31998,Harbor Motor Group,Harbor Toyota Bayview,new,Toyota,Tacoma,2026,14,50285,43313,93.6,25,3
S32081,Harbor Motor Group,Harbor Toyota Bayview,new,Toyota,Tundra,2026,14,37068,35030,95.9,183,3
S31816,Summit Auto Group,Summit BMW,used,Toyota,Tundra,2021,14,44487,41012,95.7,115,3
S31910,Summit Auto Group,Summit BMW,new,BMW,X5,2026,14,68509,64001,105.0,22,3
S30710,Summit Auto Group,Summit Chevrolet Glenpark,used,Subaru,Forester,2025,14,29588,26451,100.1,232,1
S30465,Summit Auto Group,Summit Ford Rivera,new,Ford,Escape,2026,14,38301,36526,95.7,85,1
S30490,Summit Auto Group,Summit Ford Rivera,new,Ford,F-150,2026,14,36636,33169,102.3,94,1
S30534,Summit Auto Group,Summit Ford Rivera,new,Ford,Explorer,2026,14,45282,43412,97.9,130,1
S30536,Summit Auto Group,Summit Ford Rivera,used,Ford,Bronco,2023,14,28768,25261,95.3,91,5
S30274,Summit Auto Group,Summit Honda Westland,used,Honda,Accord,2021,14,29640,27234,105.7,18,1
S30291,Summit Auto Group,Summit Honda Westland,new,Honda,Accord,2026,14,43137,39319,99.3,39,0
S30295,Summit Auto Group,Summit Honda Westland,new,Honda,Accord,2026,14,44070,38464,95.4,19,0
S30387,Summit Auto Group,Summit Honda Westland,new,Honda,Odyssey,2026,14,30309,28735,97.2,296,2
S30407,Summit Auto Group,Summit Honda Westland,new,Honda,Pilot,2026,14,47709,43967,102.2,53,1
S30432,Summit Auto Group,Summit Honda Westland,new,Honda,Pilot,2026,14,41844,36590,99.4,383,5
S31061,Summit Auto Group,Summit Hyundai Oakhurst,used,Toyota,Corolla,2022,14,18151,17021,105.6,12,2
S31085,Summit Auto Group,Summit Hyundai Oakhurst,new,Hyundai,Santa Fe,2026,14,50507,43736,95.1,292,0
S31553,Summit Auto Group,Summit Jeep Ram Clearwater,new,Jeep Ram,Grand Cherokee,2026,14,32031,28203,96.2,106,1
S31215,Summit Auto Group,Summit Kia Brookfield,new,Kia,Sorento,2026,14,46984,42486,98.6,54,0
S31277,Summit Auto Group,Summit Kia Brookfield,new,Kia,Seltos,2026,14,43002,40490,98.0,26,2
S31335,Summit Auto Group,Summit Mazda Lakeside,used,Mazda,CX-90,2020,14,17988,16797,100.6,74,0
S31410,Summit Auto Group,Summit Subaru Northgate,used,Toyota,Tacoma,2019,14,20374,18595,103.8,131,0
S31452,Summit Auto Group,Summit Subaru Northgate,used,Ford,Mustang,2019,14,24004,21253,101.3,330,2
S30018,Summit Auto Group,Summit Toyota of Fairview,new,Toyota,RAV4,2026,14,38930,37092,98.1,77,0
S30101,Summit Auto Group,Summit Toyota of Fairview,used,Toyota,Tacoma,2023,14,27167,25349,105.4,1002,0
S30171,Summit Auto Group,Summit Toyota of Fairview,new,Toyota,Tacoma,2026,14,35348,30609,98.7,50,0
S30203,Summit Auto Group,Summit Toyota of Fairview,new,Toyota,Highlander,2026,14,29005,25572,94.5,183,0
S30211,Summit Auto Group,Summit Toyota of Fairview,used,Jeep Ram,Ram 2500,2024,14,16804,16212,105.8,65,1
S30218,Summit Auto Group,Summit Toyota of Fairview,new,Toyota,Highlander,2026,14,38130,33204,97.3,89,0
S30239,Summit Auto Group,Summit Toyota of Fairview,used,Jeep Ram,Gladiator,2019,14,19873,19259,97.7,120,2
S31703,Summit Auto Group,Summit Volkswagen Eastdale,new,Volkswagen,Jetta,2026,14,36827,35258,96.0,41,3
S33174,Harbor Motor Group,Harbor BMW,new,BMW,X1,2026,13,75669,69003,95.8,112,0
S33191,Harbor Motor Group,Harbor BMW,used,Toyota,Highlander,2023,13,34848,33533,105.4,45,1
S33220,Harbor Motor Group,Harbor BMW,new,BMW,X3,2026,13,65530,58432,105.3,54,5
S33262,Harbor Motor Group,Harbor BMW,new,BMW,X3,2026,13,81968,71894,100.6,38,3
S33276,Harbor Motor Group,Harbor BMW,new,BMW,3 Series,2026,13,60281,54421,103.8,350,1
S33300,Harbor Motor Group,Harbor BMW,new,BMW,X3,2026,13,56015,53800,102.9,54,0
S33309,Harbor Motor Group,Harbor BMW,new,BMW,X5,2026,13,67051,64267,97.8,83,2
S33334,Harbor Motor Group,Harbor BMW,new,BMW,5 Series,2026,13,50100,47559,99.5,2,1
S32640,Harbor Motor Group,Harbor Chevrolet Marina,used,Toyota,Camry,2021,13,30108,27733,96.7,199,0
S32442,Harbor Motor Group,Harbor Ford Portside,new,Ford,Mustang,2026,13,45095,39314,98.2,53,1
S32487,Harbor Motor Group,Harbor Ford Portside,used,Subaru,Outback,2025,13,28292,26135,99.8,21,0
S32541,Harbor Motor Group,Harbor Ford Portside,new,Ford,Explorer,2026,13,28427,27061,97.0,96,1
S32568,Harbor Motor Group,Harbor Ford Portside,new,Ford,Bronco,2026,13,32511,29420,93.3,172,1
S32270,Harbor Motor Group,Harbor Honda Seaside,used,Honda,Odyssey,2020,13,17120,15500,98.7,221,0
S32327,Harbor Motor Group,Harbor Honda Seaside,new,Honda,Civic,2026,13,49427,45955,97.7,78,0
S32368,Harbor Motor Group,Harbor Honda Seaside,used,Honda,Pilot,2020,13,19245,18538,104.1,72,3
S32370,Harbor Motor Group,Harbor Honda Seaside,used,Honda,Pilot,2019,13,27608,24174,98.7,260,0
S33028,Harbor Motor Group,Harbor Jeep Ram Anchor,used,Jeep Ram,Wrangler,2021,13,18680,16434,101.3,66,1
S33061,Harbor Motor Group,Harbor Jeep Ram Anchor,new,Jeep Ram,Grand Cherokee,2026,13,46724,42495,95.8,88,3
S32822,Harbor Motor Group,Harbor Kia Lighthouse,new,Kia,Sportage,2026,13,36998,34288,97.4,253,0
S32922,Harbor Motor Group,Harbor Subaru Tidewater,new,Subaru,Impreza,2026,13,38853,35373,94.8,18,0
S31967,Harbor Motor Group,Harbor Toyota Bayview,used,Toyota,RAV4,2018,13,26720,23142,95.8,4,0
S31980,Harbor Motor Group,Harbor Toyota Bayview,new,Toyota,Highlander,2026,13,39300,35757,104.5,200,1
S32061,Harbor Motor Group,Harbor Toyota Bayview,new,Toyota,Camry,2026,13,44154,41216,103.5,163,0
S32064,Harbor Motor Group,Harbor Toyota Bayview,used,Toyota,Highlander,2021,13,25078,22952,104.9,10,2
S32129,Harbor Motor Group,Harbor Toyota Bayview,used,Toyota,Highlander,2019,13,22201,20039,105.6,301,5
S32134,Harbor Motor Group,Harbor Toyota Bayview,used,Chevrolet,Silverado,2018,13,19975,19331,93.5,96,5
S31809,Summit Auto Group,Summit BMW,new,BMW,5 Series,2026,13,68575,60624,101.7,347,5
S31829,Summit Auto Group,Summit BMW,new,BMW,X5,2026,13,45677,43468,104.2,184,1
S31958,Summit Auto Group,Summit BMW,used,BMW,X1,2024,13,44064,40907,101.7,143,5
S30679,Summit Auto Group,Summit Chevrolet Glenpark,used,Subaru,Ascent,2024,13,28645,26604,104.4,448,1
S30681,Summit Auto Group,Summit Chevrolet Glenpark,new,Chevrolet,Equinox,2026,13,34743,31506,95.0,59,5
S30690,Summit Auto Group,Summit Chevrolet Glenpark,new,Chevrolet,Silverado,2026,13,41371,36082,104.1,38,0
S30738,Summit Auto Group,Summit Chevrolet Glenpark,new,Chevrolet,Equinox,2026,13,33299,30803,98.8,65,1
S30740,Summit Auto Group,Summit Chevrolet Glenpark,new,Chevrolet,Traverse,2026,13,32797,31181,95.1,387,1
S30841,Summit Auto Group,Summit Chevrolet Glenpark,used,Chevrolet,Malibu,2025,13,16995,15377,105.9,76,5
S30484,Summit Auto Group,Summit Ford Rivera,new,Ford,Bronco,2026,13,44253,40583,105.9,237,0
S30494,Summit Auto Group,Summit Ford Rivera,used,Subaru,Forester,2018,13,28590,25762,105.9,62,2
S30514,Summit Auto Group,Summit Ford Rivera,used,Ford,F-150,2023,13,23208,21571,103.3,98,5
S30531,Summit Auto Group,Summit Ford Rivera,new,Ford,Explorer,2026,13,37614,33998,99.9,388,2
S30633,Summit Auto Group,Summit Ford Rivera,used,Ford,F-150,2019,13,19437,16992,96.7,181,0
S30653,Summit Auto Group,Summit Ford Rivera,used,Ford,Bronco,2025,13,32152,28393,104.8,14,2
S30276,Summit Auto Group,Summit Honda Westland,new,Honda,HR-V,2026,13,29407,27403,94.8,179,1
S31129,Summit Auto Group,Summit Hyundai Oakhurst,new,Hyundai,Sonata,2026,13,37362,33916,97.9,3,0
S31508,Summit Auto Group,Summit Jeep Ram Clearwater,new,Jeep Ram,Ram 1500,2026,13,48948,43702,105.2,30,5
S31619,Summit Auto Group,Summit Jeep Ram Clearwater,used,Chevrolet,Traverse,2019,13,26052,22994,105.2,158,0
S31232,Summit Auto Group,Summit Kia Brookfield,new,Kia,K5,2026,13,38332,33808,95.0,209,0
S31298,Summit Auto Group,Summit Mazda Lakeside,new,Mazda,CX-5,2026,13,47788,45442,104.7,321,3
S31301,Summit Auto Group,Summit Mazda Lakeside,used,Mazda,CX-5,2018,13,20831,19777,104.5,157,5
S31365,Summit Auto Group,Summit Mazda Lakeside,used,Subaru,Impreza,2020,13,20691,19370,98.2,99,0
S31367,Summit Auto Group,Summit Mazda Lakeside,used,Nissan,Rogue,2018,13,24691,21409,98.8,196,0
S31368,Summit Auto Group,Summit Mazda Lakeside,used,Kia,Forte,2019,13,21870,19345,93.2,396,1
S31372,Summit Auto Group,Summit Mazda Lakeside,used,Mazda,CX-5,2022,13,22196,20846,101.6,207,2
S30975,Summit Auto Group,Summit Nissan Ridgemont,new,Nissan,Sentra,2026,13,42622,37379,103.9,167,2
S31003,Summit Auto Group,Summit Nissan Ridgemont,new,Nissan,Kicks,2026,13,33278,29364,104.2,196,0
S31417,Summit Auto Group,Summit Subaru Northgate,used,Subaru,Crosstrek,2019,13,17667,15759,102.2,162,3
S31455,Summit Auto Group,Summit Subaru Northgate,new,Subaru,Outback,2026,13,32980,30708,105.1,305,3
S31490,Summit Auto Group,Summit Subaru Northgate,used,Nissan,Kicks,2025,13,31060,27118,98.6,41,3
S30041,Summit Auto Group,Summit Toyota of Fairview,new,Toyota,RAV4,2026,13,38961,37737,97.6,345,3
S30052,Summit Auto Group,Summit Toyota of Fairview,used,Subaru,Forester,2018,13,24451,23091,103.9,252,1
S30060,Summit Auto Group,Summit Toyota of Fairview,new,Toyota,RAV4,2026,13,43413,40566,93.3,370,0
S30151,Summit Auto Group,Summit Toyota of Fairview,used,Toyota,Corolla,2024,13,25593,22343,102.4,82,0
S31752,Summit Auto Group,Summit Volkswagen Eastdale,used,Volkswagen,Tiguan,2024,13,24510,22352,99.9,126,5
S33305,Harbor Motor Group,Harbor BMW,used,Toyota,Camry,2021,12,28595,26602,101.7,334,1
S33313,Harbor Motor Group,Harbor BMW,used,BMW,X3,2022,12,27192,24267,100.0,413,0
S32629,Harbor Motor Group,Harbor Chevrolet Marina,new,Chevrolet,Tahoe,2026,12,35801,34466,95.6,271,1
S32630,Harbor Motor Group,Harbor Chevrolet Marina,used,Chevrolet,Tahoe,2023,12,25920,23255,97.2,374,0
S32739,Harbor Motor Group,Harbor Chevrolet Marina,new,Chevrolet,Silverado,2026,12,39693,35886,102.7,19,1
S32499,Harbor Motor Group,Harbor Ford Portside,used,Subaru,Outback,2022,12,19732,18583,95.7,169,1
S32233,Harbor Motor Group,Harbor Honda Seaside,used,Kia,Sorento,2018,12,30779,29800,93.9,265,1
S32246,Harbor Motor Group,Harbor Honda Seaside,used,Honda,Odyssey,2021,12,26526,23726,100.1,129,0
S32306,Harbor Motor Group,Harbor Honda Seaside,used,Honda,Civic,2023,12,22830,21623,96.3,128,3
S33001,Harbor Motor Group,Harbor Jeep Ram Anchor,new,Jeep Ram,Ram 2500,2026,12,28378,27012,95.9,28,5
S33099,Harbor Motor Group,Harbor Jeep Ram Anchor,used,Hyundai,Elantra,2024,12,28664,26590,102.5,264,0
S32809,Harbor Motor Group,Harbor Kia Lighthouse,used,Jeep Ram,Ram 2500,2018,12,21019,19619,94.8,169,1
S32811,Harbor Motor Group,Harbor Kia Lighthouse,used,Ford,F-150,2018,12,27583,26110,95.0,92,1
S32829,Harbor Motor Group,Harbor Kia Lighthouse,used,Kia,K5,2018,12,21520,20416,94.9,58,3
S32833,Harbor Motor Group,Harbor Kia Lighthouse,new,Kia,Seltos,2026,12,40092,37889,96.2,73,5
S32856,Harbor Motor Group,Harbor Kia Lighthouse,used,Ford,F-150,2018,12,18452,16772,95.2,138,3
S32977,Harbor Motor Group,Harbor Subaru Tidewater,new,Subaru,Crosstrek,2026,12,29181,28210,102.7,166,3
S32992,Harbor Motor Group,Harbor Subaru Tidewater,new,Subaru,Forester,2026,12,43235,37951,100.6,27,1
S31978,Harbor Motor Group,Harbor Toyota Bayview,new,Toyota,RAV4,2026,12,35255,31112,104.4,565,3
S32152,Harbor Motor Group,Harbor Toyota Bayview,used,Hyundai,Elantra,2020,12,20165,17420,102.5,5,3
S32173,Harbor Motor Group,Harbor Toyota Bayview,new,Toyota,Corolla,2026,12,36662,35115,98.0,103,5
S31857,Summit Auto Group,Summit BMW,new,BMW,X5,2026,12,75511,70986,98.7,0,0
S31931,Summit Auto Group,Summit BMW,new,BMW,X5,2026,12,79056,75908,99.7,51,1
S30718,Summit Auto Group,Summit Chevrolet Glenpark,used,Kia,Seltos,2022,12,22005,20091,96.7,234,1
S30720,Summit Auto Group,Summit Chevrolet Glenpark,new,Chevrolet,Traverse,2026,12,31745,27652,101.1,626,3
S30731,Summit Auto Group,Summit Chevrolet Glenpark,used,Chevrolet,Equinox,2018,12,20449,18934,93.7,159,5
S30751,Summit Auto Group,Summit Chevrolet Glenpark,used,Chevrolet,Malibu,2019,12,31307,27772,95.5,180,1
S30760,Summit Auto Group,Summit Chevrolet Glenpark,new,Chevrolet,Tahoe,2026,12,30104,26557,102.0,54,0
S30512,Summit Auto Group,Summit Ford Rivera,used,Jeep Ram,Wrangler,2024,12,23020,22167,104.1,28,3
S30525,Summit Auto Group,Summit Ford Rivera,used,Hyundai,Santa Fe,2024,12,31323,29568,97.9,243,2
S30585,Summit Auto Group,Summit Ford Rivera,new,Ford,Escape,2026,12,30979,26949,103.8,28,0
S30275,Summit Auto Group,Summit Honda Westland,used,Honda,Odyssey,2025,12,19556,17406,100.4,199,0
S30425,Summit Auto Group,Summit Honda Westland,used,Nissan,Sentra,2024,12,20074,18000,96.5,25,0
S31007,Summit Auto Group,Summit Hyundai Oakhurst,new,Hyundai,Sonata,2026,12,49860,45443,93.9,81,0
S31052,Summit Auto Group,Summit Hyundai Oakhurst,new,Hyundai,Elantra,2026,12,44768,39955,98.0,481,1
S31056,Summit Auto Group,Summit Hyundai Oakhurst,new,Hyundai,Santa Fe,2026,12,47900,44521,100.0,8,1
S31551,Summit Auto Group,Summit Jeep Ram Clearwater,new,Jeep Ram,Gladiator,2026,12,30053,28414,94.4,12,5
S31645,Summit Auto Group,Summit Jeep Ram Clearwater,used,Jeep Ram,Gladiator,2022,12,17043,14967,103.6,466,5
S31649,Summit Auto Group,Summit Jeep Ram Clearwater,used,BMW,X5,2020,12,26447,22758,103.0,51,1
S31314,Summit Auto Group,Summit Mazda Lakeside,used,Kia,Sorento,2020,12,20961,20052,95.2,50,0
S30881,Summit Auto Group,Summit Nissan Ridgemont,new,Nissan,Rogue,2026,12,29292,26072,95.3,63,1
S30988,Summit Auto Group,Summit Nissan Ridgemont,new,Nissan,Pathfinder,2026,12,40331,38596,95.7,247,2
S30998,Summit Auto Group,Summit Nissan Ridgemont,new,Nissan,Frontier,2026,12,39634,38172,95.8,420,1
S31470,Summit Auto Group,Summit Subaru Northgate,used,Subaru,Ascent,2025,12,25931,24028,94.0,9,0
S30012,Summit Auto Group,Summit Toyota of Fairview,used,Nissan,Pathfinder,2022,12,27344,23621,104.4,41,3
S30090,Summit Auto Group,Summit Toyota of Fairview,used,Toyota,Tacoma,2023,12,31620,30011,95.0,63,3
S31693,Summit Auto Group,Summit Volkswagen Eastdale,new,Volkswagen,Atlas,2026,12,34032,31189,93.0,447,1
S31742,Summit Auto Group,Summit Volkswagen Eastdale,used,Kia,Sorento,2022,12,28610,27228,94.2,47,3
S33179,Harbor Motor Group,Harbor BMW,used,Jeep Ram,Compass,2019,11,34829,32606,102.1,154,0
S33207,Harbor Motor Group,Harbor BMW,new,BMW,X1,2026,11,46071,42387,101.2,63,0
S33217,Harbor Motor Group,Harbor BMW,new,BMW,X3,2026,11,63484,59693,104.9,32,1
S33248,Harbor Motor Group,Harbor BMW,new,BMW,X3,2026,11,75765,71471,96.7,110,1
S33277,Harbor Motor Group,Harbor BMW,used,BMW,5 Series,2025,11,50327,47851,96.1,132,1
S32642,Harbor Motor Group,Harbor Chevrolet Marina,used,BMW,X1,2022,11,20126,18151,93.9,1,5
S32644,Harbor Motor Group,Harbor Chevrolet Marina,used,Toyota,Camry,2019,11,30256,27017,104.1,462,0
S32662,Harbor Motor Group,Harbor Chevrolet Marina,used,Chevrolet,Equinox,2019,11,27625,24458,93.6,121,1
S32724,Harbor Motor Group,Harbor Chevrolet Marina,new,Chevrolet,Traverse,2026,11,44853,42482,98.1,17,1
S32744,Harbor Motor Group,Harbor Chevrolet Marina,used,Chevrolet,Silverado,2020,11,23676,22084,95.4,120,3
S32503,Harbor Motor Group,Harbor Ford Portside,used,Ford,Maverick,2021,11,24748,21818,93.2,85,2
S32576,Harbor Motor Group,Harbor Ford Portside,used,Ford,F-150,2023,11,29683,27326,104.0,931,5
S32578,Harbor Motor Group,Harbor Ford Portside,new,Ford,Escape,2026,11,37688,35340,93.9,49,3
S32589,Harbor Motor Group,Harbor Ford Portside,new,Ford,F-150,2026,11,42255,38347,103.4,44,2
S32204,Harbor Motor Group,Harbor Honda Seaside,new,Honda,Civic,2026,11,41962,38275,93.9,149,1
S32281,Harbor Motor Group,Harbor Honda Seaside,new,Honda,Pilot,2026,11,42965,39251,96.1,4,1
S32304,Harbor Motor Group,Harbor Honda Seaside,new,Honda,Odyssey,2026,11,30048,27791,105.2,159,0
S32343,Harbor Motor Group,Harbor Honda Seaside,new,Honda,CR-V,2026,11,32904,30437,94.8,130,0
S32344,Harbor Motor Group,Harbor Honda Seaside,used,Honda,CR-V,2025,11,22886,21210,96.8,87,1
S32347,Harbor Motor Group,Harbor Honda Seaside,used,Toyota,Highlander,2022,11,17598,17016,94.6,168,1
S33031,Harbor Motor Group,Harbor Jeep Ram Anchor,used,Nissan,Sentra,2022,11,28586,25438,99.2,87,0
S33137,Harbor Motor Group,Harbor Jeep Ram Anchor,new,Jeep Ram,Ram 1500,2026,11,37887,33329,99.6,101,3
S32798,Harbor Motor Group,Harbor Kia Lighthouse,used,Kia,K5,2019,11,22160,20863,104.6,624,1
S32915,Harbor Motor Group,Harbor Subaru Tidewater,new,Subaru,Ascent,2026,11,51025,49031,98.5,161,0
S32963,Harbor Motor Group,Harbor Subaru Tidewater,used,Subaru,Crosstrek,2018,11,29269,27911,94.5,56,5
S32989,Harbor Motor Group,Harbor Subaru Tidewater,used,Subaru,Crosstrek,2018,11,29354,25272,93.4,91,0
S32996,Harbor Motor Group,Harbor Subaru Tidewater,new,Subaru,Crosstrek,2026,11,35816,32732,93.2,15,3
S32179,Harbor Motor Group,Harbor Toyota Bayview,used,Toyota,Tacoma,2021,11,32319,28379,93.7,386,0
S31771,Summit Auto Group,Summit BMW,new,BMW,X1,2026,11,74932,65691,101.7,120,0
S31837,Summit Auto Group,Summit BMW,new,BMW,5 Series,2026,11,55145,47827,102.3,297,1
S31938,Summit Auto Group,Summit BMW,used,BMW,X5,2021,11,46285,42061,100.3,384,1
S30842,Summit Auto Group,Summit Chevrolet Glenpark,used,Chevrolet,Equinox,2018,11,23714,21113,104.2,502,5
S30851,Summit Auto Group,Summit Chevrolet Glenpark,new,Chevrolet,Equinox,2026,11,44829,42868,97.8,70,2
S30502,Summit Auto Group,Summit Ford Rivera,new,Ford,Maverick,2026,11,37969,36286,99.8,610,0
S30524,Summit Auto Group,Summit Ford Rivera,new,Ford,Explorer,2026,11,40936,39140,101.9,64,0
S30541,Summit Auto Group,Summit Ford Rivera,used,Ford,Bronco,2023,11,26115,24451,93.9,27,0
S30661,Summit Auto Group,Summit Ford Rivera,new,Ford,Mustang,2026,11,44355,40711,96.6,125,2
S30356,Summit Auto Group,Summit Honda Westland,used,Kia,Sportage,2023,11,23171,20021,95.8,230,0
S30363,Summit Auto Group,Summit Honda Westland,new,Honda,Accord,2026,11,31283,28269,94.8,150,0
S30388,Summit Auto Group,Summit Honda Westland,used,Kia,K5,2023,11,29270,28289,100.3,56,5
S30405,Summit Auto Group,Summit Honda Westland,used,Honda,CR-V,2023,11,20425,19651,98.4,8,5
S31066,Summit Auto Group,Summit Hyundai Oakhurst,used,Hyundai,Kona,2019,11,22908,20575,100.9,150,1
S31095,Summit Auto Group,Summit Hyundai Oakhurst,used,Hyundai,Sonata,2022,11,27540,24211,103.0,147,5
S31125,Summit Auto Group,Summit Hyundai Oakhurst,new,Hyundai,Santa Fe,2026,11,44931,39389,94.3,163,3
S31567,Summit Auto Group,Summit Jeep Ram Clearwater,used,Jeep Ram,Wrangler,2018,11,22112,19876,94.5,5,1
S31570,Summit Auto Group,Summit Jeep Ram Clearwater,used,Subaru,Impreza,2019,11,21423,20211,93.4,431,0
S31205,Summit Auto Group,Summit Kia Brookfield,used,Hyundai,Elantra,2019,11,30029,27788,99.1,354,2
S31223,Summit Auto Group,Summit Kia Brookfield,new,Kia,K5,2026,11,34130,31569,99.2,100,1
S31300,Summit Auto Group,Summit Mazda Lakeside,used,Chevrolet,Trax,2020,11,20879,17980,101.9,54,1
S30873,Summit Auto Group,Summit Nissan Ridgemont,used,Nissan,Kicks,2018,11,30495,28422,97.3,34,1
S30920,Summit Auto Group,Summit Nissan Ridgemont,new,Nissan,Rogue,2026,11,50124,48154,94.1,296,0
S30950,Summit Auto Group,Summit Nissan Ridgemont,used,Toyota,Corolla,2022,11,19429,17106,97.9,3,0
S30997,Summit Auto Group,Summit Nissan Ridgemont,new,Nissan,Altima,2026,11,47455,44779,103.1,330,1
S31399,Summit Auto Group,Summit Subaru Northgate,used,Subaru,Ascent,2023,11,31902,28142,94.8,63,5
S31418,Summit Auto Group,Summit Subaru Northgate,new,Subaru,Ascent,2026,11,30518,26865,102.8,7,0
S31462,Summit Auto Group,Summit Subaru Northgate,used,Chevrolet,Equinox,2024,11,22816,20650,100.6,306,0
S31476,Summit Auto Group,Summit Subaru Northgate,used,Subaru,Impreza,2019,11,27804,24880,97.8,131,2
S31479,Summit Auto Group,Summit Subaru Northgate,new,Subaru,Forester,2026,11,43723,39779,104.4,28,1
S30010,Summit Auto Group,Summit Toyota of Fairview,new,Toyota,Tundra,2026,11,42217,36862,101.2,31,0
S30161,Summit Auto Group,Summit Toyota of Fairview,new,Toyota,Tacoma,2026,11,41011,37410,101.6,439,1
S30196,Summit Auto Group,Summit Toyota of Fairview,used,Nissan,Frontier,2022,11,30057,26829,94.3,131,0
S31678,Summit Auto Group,Summit Volkswagen Eastdale,new,Volkswagen,Taos,2026,11,46645,41711,104.8,345,1
S33239,Harbor Motor Group,Harbor BMW,new,BMW,i4,2026,10,76658,67924,105.4,167,5
S33328,Harbor Motor Group,Harbor BMW,used,BMW,X3,2024,10,43643,41987,95.4,1015,1
S32655,Harbor Motor Group,Harbor Chevrolet Marina,new,Chevrolet,Tahoe,2026,10,45188,40706,105.1,100,3
S32217,Harbor Motor Group,Harbor Honda Seaside,new,Honda,Pilot,2026,10,37071,35908,100.0,496,0
S32256,Harbor Motor Group,Harbor Honda Seaside,new,Honda,Odyssey,2026,10,43821,41634,105.8,493,0
S32342,Harbor Motor Group,Harbor Honda Seaside,new,Honda,Civic,2026,10,27762,25443,96.2,342,5
S32381,Harbor Motor Group,Harbor Honda Seaside,used,BMW,i4,2018,10,22988,20297,102.2,27,0
S33007,Harbor Motor Group,Harbor Jeep Ram Anchor,new,Jeep Ram,Wrangler,2026,10,50448,46566,96.2,140,1
S33036,Harbor Motor Group,Harbor Jeep Ram Anchor,used,Chevrolet,Equinox,2019,10,27091,24155,104.3,20,0
S33135,Harbor Motor Group,Harbor Jeep Ram Anchor,new,Jeep Ram,Ram 1500,2026,10,48551,46183,97.1,6,2
S32766,Harbor Motor Group,Harbor Kia Lighthouse,used,Kia,Seltos,2022,10,25852,23846,96.2,61,2
S32810,Harbor Motor Group,Harbor Kia Lighthouse,used,Subaru,Ascent,2021,10,17972,16061,96.6,132,3
S32862,Harbor Motor Group,Harbor Kia Lighthouse,used,Ford,Escape,2021,10,30090,28420,105.9,7,1
S32868,Harbor Motor Group,Harbor Kia Lighthouse,new,Kia,Telluride,2026,10,44133,41141,105.6,129,0
S32907,Harbor Motor Group,Harbor Subaru Tidewater,new,Subaru,WRX,2026,10,45522,41339,103.1,662,3
S32917,Harbor Motor Group,Harbor Subaru Tidewater,new,Subaru,Forester,2026,10,46517,40776,94.9,301,1
S32934,Harbor Motor Group,Harbor Subaru Tidewater,used,Subaru,Ascent,2021,10,29149,27994,103.8,167,1
S32973,Harbor Motor Group,Harbor Subaru Tidewater,new,Subaru,Impreza,2026,10,43226,41571,103.2,25,0
S32002,Harbor Motor Group,Harbor Toyota Bayview,new,Toyota,RAV4,2026,10,44341,41921,96.8,12,0
S32005,Harbor Motor Group,Harbor Toyota Bayview,used,Toyota,Highlander,2024,10,28762,24816,99.0,88,3
S32098,Harbor Motor Group,Harbor Toyota Bayview,new,Toyota,Corolla,2026,10,37614,32893,101.7,211,0
S32105,Harbor Motor Group,Harbor Toyota Bayview,new,Toyota,RAV4,2026,10,43011,39633,99.7,369,3
S32164,Harbor Motor Group,Harbor Toyota Bayview,used,BMW,3 Series,2022,10,26941,25508,97.0,92,0
S32169,Harbor Motor Group,Harbor Toyota Bayview,used,Toyota,Corolla,2022,10,24344,21676,96.6,273,0
S31915,Summit Auto Group,Summit BMW,new,BMW,5 Series,2026,10,65943,56723,101.6,144,0
S31941,Summit Auto Group,Summit BMW,used,Subaru,Impreza,2019,10,45902,41497,93.4,185,0
S30759,Summit Auto Group,Summit Chevrolet Glenpark,new,Chevrolet,Traverse,2026,10,34427,30812,95.0,524,5
S30848,Summit Auto Group,Summit Chevrolet Glenpark,new,Chevrolet,Traverse,2026,10,34967,32300,104.8,351,0
S30460,Summit Auto Group,Summit Ford Rivera,used,Ford,Maverick,2023,10,21738,20522,94.3,508,3
S30588,Summit Auto Group,Summit Ford Rivera,new,Ford,Maverick,2026,10,35470,31298,100.6,10,5
S30659,Summit Auto Group,Summit Ford Rivera,used,Honda,Accord,2020,10,30631,28568,97.2,1040,0
S30328,Summit Auto Group,Summit Honda Westland,used,Honda,Accord,2020,10,18636,16428,96.5,46,5
S30331,Summit Auto Group,Summit Honda Westland,used,BMW,i4,2023,10,29782,26715,103.7,41,0
S30378,Summit Auto Group,Summit Honda Westland,used,Honda,Odyssey,2025,10,25102,23495,97.5,453,0
S30395,Summit Auto Group,Summit Honda Westland,new,Honda,Pilot,2026,10,50576,48367,100.3,337,0
S30400,Summit Auto Group,Summit Honda Westland,new,Honda,HR-V,2026,10,28083,25646,103.6,384,1
S30418,Summit Auto Group,Summit Honda Westland,used,Subaru,Crosstrek,2021,10,25194,22884,98.6,44,1
S31042,Summit Auto Group,Summit Hyundai Oakhurst,used,Ford,F-150,2024,10,29756,26770,101.5,54,5
S31051,Summit Auto Group,Summit Hyundai Oakhurst,used,Hyundai,Kona,2024,10,22041,20721,101.4,198,3
S31090,Summit Auto Group,Summit Hyundai Oakhurst,used,Hyundai,Kona,2020,10,17619,16074,95.4,29,5
S31119,Summit Auto Group,Summit Hyundai Oakhurst,used,Ford,Bronco,2020,10,18191,16105,104.6,107,5
S31543,Summit Auto Group,Summit Jeep Ram Clearwater,used,Jeep Ram,Grand Cherokee,2018,10,18635,16407,101.2,343,2
S31618,Summit Auto Group,Summit Jeep Ram Clearwater,used,Chevrolet,Tahoe,2019,10,31415,27561,100.2,363,2
S31315,Summit Auto Group,Summit Mazda Lakeside,used,Honda,Civic,2025,10,30079,29052,97.6,9,0
S30871,Summit Auto Group,Summit Nissan Ridgemont,new,Nissan,Frontier,2026,10,33550,31434,101.7,235,5
S30880,Summit Auto Group,Summit Nissan Ridgemont,new,Nissan,Altima,2026,10,27840,26893,100.1,91,0
S30984,Summit Auto Group,Summit Nissan Ridgemont,used,Nissan,Rogue,2018,10,27539,25847,100.5,81,1
S31389,Summit Auto Group,Summit Subaru Northgate,new,Subaru,Outback,2026,10,33622,29355,102.2,282,5
S31409,Summit Auto Group,Summit Subaru Northgate,used,Jeep Ram,Ram 2500,2023,10,30246,27907,93.3,185,3
S31427,Summit Auto Group,Summit Subaru Northgate,new,Subaru,WRX,2026,10,36224,31212,101.5,771,0
S31428,Summit Auto Group,Summit Subaru Northgate,used,Jeep Ram,Ram 1500,2025,10,18355,16615,100.5,174,0
S30188,Summit Auto Group,Summit Toyota of Fairview,used,Toyota,Camry,2023,10,22430,21741,105.9,94,1
S31730,Summit Auto Group,Summit Volkswagen Eastdale,used,Kia,Sorento,2023,10,28350,26392,98.6,8,0
S33232,Harbor Motor Group,Harbor BMW,used,BMW,i4,2024,9,29977,28169,95.2,116,3
S32635,Harbor Motor Group,Harbor Chevrolet Marina,used,Chevrolet,Tahoe,2025,9,21258,19383,100.9,353,0
S32695,Harbor Motor Group,Harbor Chevrolet Marina,new,Chevrolet,Tahoe,2026,9,42370,40023,93.9,23,0
S32748,Harbor Motor Group,Harbor Chevrolet Marina,new,Chevrolet,Trax,2026,9,27863,25893,98.6,332,5
S32463,Harbor Motor Group,Harbor Ford Portside,new,Ford,Explorer,2026,9,50937,48513,96.7,67,3
S32225,Harbor Motor Group,Harbor Honda Seaside,used,Honda,Odyssey,2022,9,32198,29347,99.1,68,0
S32310,Harbor Motor Group,Harbor Honda Seaside,used,Hyundai,Elantra,2023,9,22839,20706,100.1,269,2
S33016,Harbor Motor Group,Harbor Jeep Ram Anchor,new,Jeep Ram,Ram 1500,2026,9,49591,44233,102.3,20,5
S33020,Harbor Motor Group,Harbor Jeep Ram Anchor,new,Jeep Ram,Wrangler,2026,9,36490,32112,100.8,32,2
S33022,Harbor Motor Group,Harbor Jeep Ram Anchor,new,Jeep Ram,Compass,2026,9,42204,39076,100.5,187,5
S33053,Harbor Motor Group,Harbor Jeep Ram Anchor,used,Kia,Forte,2019,9,23029,21762,98.9,170,0
S33100,Harbor Motor Group,Harbor Jeep Ram Anchor,new,Jeep Ram,Grand Cherokee,2026,9,42633,39788,105.3,9,1
S33118,Harbor Motor Group,Harbor Jeep Ram Anchor,new,Jeep Ram,Ram 2500,2026,9,40150,34842,97.4,168,3
S33122,Harbor Motor Group,Harbor Jeep Ram Anchor,new,Jeep Ram,Ram 1500,2026,9,39554,36616,95.8,76,0
S33151,Harbor Motor Group,Harbor Jeep Ram Anchor,new,Jeep Ram,Gladiator,2026,9,47710,41319,103.9,144,0
S32799,Harbor Motor Group,Harbor Kia Lighthouse,used,Kia,Telluride,2023,9,27457,26036,93.9,168,5
S32864,Harbor Motor Group,Harbor Kia Lighthouse,used,Kia,Sorento,2024,9,28386,25143,98.1,438,1
S32872,Harbor Motor Group,Harbor Kia Lighthouse,new,Kia,Telluride,2026,9,46847,44694,96.8,199,1
S32875,Harbor Motor Group,Harbor Kia Lighthouse,new,Kia,Seltos,2026,9,38602,35024,105.7,228,1
S32888,Harbor Motor Group,Harbor Subaru Tidewater,used,Ford,Mustang,2020,9,30175,27221,98.3,44,3
S31813,Summit Auto Group,Summit BMW,new,BMW,3 Series,2026,9,54552,48181,103.7,22,0
S31905,Summit Auto Group,Summit BMW,new,BMW,5 Series,2026,9,67931,61762,101.8,170,5
S31945,Summit Auto Group,Summit BMW,new,BMW,3 Series,2026,9,58005,54782,97.5,7,5
S30707,Summit Auto Group,Summit Chevrolet Glenpark,new,Chevrolet,Tahoe,2026,9,26767,23729,99.7,251,0
S30486,Summit Auto Group,Summit Ford Rivera,used,Jeep Ram,Compass,2020,9,28422,26392,97.2,36,5
S30528,Summit Auto Group,Summit Ford Rivera,new,Ford,Mustang,2026,9,30514,27374,98.4,124,1
S30556,Summit Auto Group,Summit Ford Rivera,new,Ford,Explorer,2026,9,30650,27072,94.5,61,0
S30562,Summit Auto Group,Summit Ford Rivera,used,BMW,X5,2024,9,18369,16693,94.4,30,0
S30575,Summit Auto Group,Summit Ford Rivera,new,Ford,Bronco,2026,9,30909,27597,97.0,456,0
S30604,Summit Auto Group,Summit Ford Rivera,used,Toyota,Tundra,2020,9,30878,29488,94.8,82,0
S30615,Summit Auto Group,Summit Ford Rivera,new,Ford,Mustang,2026,9,48005,44968,102.9,471,5
S30627,Summit Auto Group,Summit Ford Rivera,new,Ford,Maverick,2026,9,51078,46489,105.3,130,0
S30628,Summit Auto Group,Summit Ford Rivera,new,Ford,Mustang,2026,9,32206,29538,97.5,74,1
S30273,Summit Auto Group,Summit Honda Westland,new,Honda,Odyssey,2026,9,29509,26172,105.3,228,5
S30278,Summit Auto Group,Summit Honda Westland,new,Honda,Civic,2026,9,36624,31538,97.2,29,1
S30348,Summit Auto Group,Summit Honda Westland,new,Honda,Odyssey,2026,9,45310,40344,98.9,67,0
S30352,Summit Auto Group,Summit Honda Westland,new,Honda,Pilot,2026,9,46818,40800,93.3,9,5
S30374,Summit Auto Group,Summit Honda Westland,new,Honda,Odyssey,2026,9,40942,37185,95.0,295,0
S31014,Summit Auto Group,Summit Hyundai Oakhurst,used,BMW,X1,2024,9,22743,19919,98.0,249,2
S31563,Summit Auto Group,Summit Jeep Ram Clearwater,new,Jeep Ram,Ram 2500,2026,9,39155,35689,101.2,10,0
S31664,Summit Auto Group,Summit Jeep Ram Clearwater,new,Jeep Ram,Wrangler,2026,9,27190,23916,101.8,66,1
S31183,Summit Auto Group,Summit Kia Brookfield,new,Kia,Telluride,2026,9,42477,40535,95.7,58,5
S31221,Summit Auto Group,Summit Kia Brookfield,used,Subaru,Impreza,2019,9,28331,25333,93.2,1,0
S31304,Summit Auto Group,Summit Mazda Lakeside,used,Mazda,CX-50,2022,9,24616,22322,95.9,113,0
S31332,Summit Auto Group,Summit Mazda Lakeside,new,Mazda,CX-30,2026,9,35308,33659,103.3,38,2
S31387,Summit Auto Group,Summit Subaru Northgate,new,Subaru,Impreza,2026,9,45585,43410,104.7,1,3
S31436,Summit Auto Group,Summit Subaru Northgate,used,Hyundai,Tucson,2020,9,24137,22624,94.9,530,0
S31451,Summit Auto Group,Summit Subaru Northgate,new,Subaru,WRX,2026,9,30395,27572,95.5,41,2
S31488,Summit Auto Group,Summit Subaru Northgate,used,Subaru,Impreza,2019,9,29971,27666,101.7,413,5
S30088,Summit Auto Group,Summit Toyota of Fairview,used,Ford,F-150,2021,9,25673,22837,93.1,20,0
S30144,Summit Auto Group,Summit Toyota of Fairview,used,Subaru,Outback,2022,9,31399,28575,98.5,86,0
S30149,Summit Auto Group,Summit Toyota of Fairview,new,Toyota,Tacoma,2026,9,34733,31790,94.4,87,3
S30204,Summit Auto Group,Summit Toyota of Fairview,used,Toyota,Tundra,2024,9,24923,21949,97.3,16,2
S30236,Summit Auto Group,Summit Toyota of Fairview,used,Toyota,Tacoma,2024,9,24104,23249,100.1,99,1
S31676,Summit Auto Group,Summit Volkswagen Eastdale,new,Volkswagen,Golf GTI,2026,9,46275,41637,104.9,370,2
S31745,Summit Auto Group,Summit Volkswagen Eastdale,new,Volkswagen,ID.4,2026,9,47790,44062,94.2,911,0
S31761,Summit Auto Group,Summit Volkswagen Eastdale,used,Hyundai,Elantra,2023,9,32208,28659,101.6,113,0
S33177,Harbor Motor Group,Harbor BMW,used,Jeep Ram,Grand Cherokee,2019,8,45554,43629,101.7,69,0
S33185,Harbor Motor Group,Harbor BMW,new,BMW,X5,2026,8,51481,46684,95.2,324,5
S33236,Harbor Motor Group,Harbor BMW,used,Ford,Mustang,2020,8,47073,45246,105.3,123,3
S33317,Harbor Motor Group,Harbor BMW,used,BMW,X3,2024,8,45802,43812,101.6,20,0
S32661,Harbor Motor Group,Harbor Chevrolet Marina,new,Chevrolet,Tahoe,2026,8,31308,27373,100.2,115,1
S32712,Harbor Motor Group,Harbor Chevrolet Marina,new,Chevrolet,Trax,2026,8,33678,31789,94.9,122,0
S32725,Harbor Motor Group,Harbor Chevrolet Marina,new,Chevrolet,Tahoe,2026,8,35225,32907,96.5,106,0
S32512,Harbor Motor Group,Harbor Ford Portside,used,Ford,Maverick,2019,8,27836,25330,98.5,40,0
S32320,Harbor Motor Group,Harbor Honda Seaside,new,Honda,Pilot,2026,8,27767,26805,94.6,220,2
S33000,Harbor Motor Group,Harbor Jeep Ram Anchor,used,Jeep Ram,Wrangler,2019,8,29446,27860,100.6,241,2
S33009,Harbor Motor Group,Harbor Jeep Ram Anchor,used,Kia,Telluride,2022,8,27249,26253,100.9,53,0
S33096,Harbor Motor Group,Harbor Jeep Ram Anchor,used,Jeep Ram,Compass,2018,8,25191,23541,101.5,408,0
S33103,Harbor Motor Group,Harbor Jeep Ram Anchor,used,Toyota,Corolla,2024,8,29901,27451,93.7,308,1
S33121,Harbor Motor Group,Harbor Jeep Ram Anchor,used,Kia,Telluride,2024,8,28969,25968,95.7,103,0
S33126,Harbor Motor Group,Harbor Jeep Ram Anchor,used,Jeep Ram,Ram 1500,2019,8,30594,27213,99.3,275,3
S32767,Harbor Motor Group,Harbor Kia Lighthouse,new,Kia,Seltos,2026,8,32228,31053,94.9,223,0
S32775,Harbor Motor Group,Harbor Kia Lighthouse,new,Kia,Forte,2026,8,45333,41568,103.2,169,3
S32789,Harbor Motor Group,Harbor Kia Lighthouse,used,Jeep Ram,Grand Cherokee,2022,8,28639,27251,98.5,34,1
S32797,Harbor Motor Group,Harbor Kia Lighthouse,new,Kia,Seltos,2026,8,44944,42368,98.3,721,3
S32967,Harbor Motor Group,Harbor Subaru Tidewater,used,Jeep Ram,Gladiator,2023,8,31769,28496,95.8,55,0
S31970,Harbor Motor Group,Harbor Toyota Bayview,used,Hyundai,Elantra,2021,8,20198,17562,102.8,114,0
S32108,Harbor Motor Group,Harbor Toyota Bayview,new,Toyota,RAV4,2026,8,44023,42085,98.6,31,0
S31834,Summit Auto Group,Summit BMW,used,Chevrolet,Tahoe,2024,8,47506,45535,99.0,24,3
S31886,Summit Auto Group,Summit BMW,used,Hyundai,Tucson,2018,8,36316,33493,94.2,704,0
S31944,Summit Auto Group,Summit BMW,new,BMW,X3,2026,8,80735,74037,101.2,259,5
S31946,Summit Auto Group,Summit BMW,new,BMW,3 Series,2026,8,68593,60763,94.4,125,5
S31949,Summit Auto Group,Summit BMW,used,Chevrolet,Equinox,2025,8,38757,36822,102.6,242,1
S30716,Summit Auto Group,Summit Chevrolet Glenpark,new,Chevrolet,Silverado,2026,8,30060,27655,99.0,51,1
S30472,Summit Auto Group,Summit Ford Rivera,used,Kia,Telluride,2020,8,26190,23627,97.7,88,1
S30515,Summit Auto Group,Summit Ford Rivera,new,Ford,Escape,2026,8,34525,30309,95.0,236,0
S30639,Summit Auto Group,Summit Ford Rivera,new,Ford,Maverick,2026,8,27817,24007,94.5,264,0
S30264,Summit Auto Group,Summit Honda Westland,used,Ford,Mustang,2019,8,23140,21387,98.4,36,1
S30406,Summit Auto Group,Summit Honda Westland,used,Honda,Accord,2024,8,18955,17715,104.3,9,2
S30408,Summit Auto Group,Summit Honda Westland,new,Honda,CR-V,2026,8,36777,32191,93.7,1328,3
S30441,Summit Auto Group,Summit Honda Westland,used,Nissan,Sentra,2025,8,18433,16351,98.6,239,2
S31031,Summit Auto Group,Summit Hyundai Oakhurst,new,Hyundai,Sonata,2026,8,39488,34849,100.6,529,0
S31531,Summit Auto Group,Summit Jeep Ram Clearwater,used,BMW,X5,2021,8,19861,17875,103.6,53,1
S31586,Summit Auto Group,Summit Jeep Ram Clearwater,new,Jeep Ram,Wrangler,2026,8,33210,31302,94.7,10,0
S31662,Summit Auto Group,Summit Jeep Ram Clearwater,new,Jeep Ram,Ram 1500,2026,8,35067,32741,104.2,104,1
S31175,Summit Auto Group,Summit Kia Brookfield,new,Kia,Sorento,2026,8,31596,28278,103.3,35,1
S30889,Summit Auto Group,Summit Nissan Ridgemont,used,Toyota,Tacoma,2024,8,26514,24209,101.0,92,0
S30935,Summit Auto Group,Summit Nissan Ridgemont,used,Kia,Sportage,2025,8,25708,23885,104.5,589,1
S30941,Summit Auto Group,Summit Nissan Ridgemont,new,Nissan,Altima,2026,8,40640,38651,99.6,1413,0
S30944,Summit Auto Group,Summit Nissan Ridgemont,new,Nissan,Pathfinder,2026,8,32433,31330,103.0,24,3
S31006,Summit Auto Group,Summit Nissan Ridgemont,new,Nissan,Frontier,2026,8,33539,31116,100.1,112,1
S31435,Summit Auto Group,Summit Subaru Northgate,new,Subaru,Outback,2026,8,41153,36203,103.5,3,0
S31443,Summit Auto Group,Summit Subaru Northgate,new,Subaru,Outback,2026,8,49229,44249,93.5,343,1
S30001,Summit Auto Group,Summit Toyota of Fairview,used,Kia,Forte,2025,8,17373,15616,95.6,190,0
S30043,Summit Auto Group,Summit Toyota of Fairview,used,Subaru,Outback,2019,8,22739,20038,99.3,70,5
S30065,Summit Auto Group,Summit Toyota of Fairview,used,Nissan,Frontier,2021,8,31118,28551,103.3,296,3
S30086,Summit Auto Group,Summit Toyota of Fairview,used,Jeep Ram,Ram 1500,2022,8,22081,21104,101.5,716,0
S30105,Summit Auto Group,Summit Toyota of Fairview,used,Nissan,Altima,2020,8,24089,21089,102.4,11,3
S31677,Summit Auto Group,Summit Volkswagen Eastdale,used,Volkswagen,ID.4,2018,8,22869,20680,98.3,24,5
S31698,Summit Auto Group,Summit Volkswagen Eastdale,new,Volkswagen,Jetta,2026,8,40210,36686,97.0,166,0
S31753,Summit Auto Group,Summit Volkswagen Eastdale,used,Nissan,Pathfinder,2020,8,30776,27198,98.2,24,0
S33246,Harbor Motor Group,Harbor BMW,new,BMW,X5,2026,7,55657,47885,104.7,74,0
S33304,Harbor Motor Group,Harbor BMW,used,BMW,X5,2018,7,36873,34161,96.1,486,2
S32628,Harbor Motor Group,Harbor Chevrolet Marina,new,Chevrolet,Trax,2026,7,45807,42801,105.1,72,0
S32671,Harbor Motor Group,Harbor Chevrolet Marina,new,Chevrolet,Tahoe,2026,7,42488,37235,103.9,33,0
S32707,Harbor Motor Group,Harbor Chevrolet Marina,new,Chevrolet,Trax,2026,7,38966,35293,97.7,11,1
S32743,Harbor Motor Group,Harbor Chevrolet Marina,used,Chevrolet,Malibu,2025,7,22135,20203,104.3,382,0
S32758,Harbor Motor Group,Harbor Chevrolet Marina,used,Chevrolet,Traverse,2022,7,16962,15301,99.7,463,0
S32394,Harbor Motor Group,Harbor Ford Portside,used,Subaru,Forester,2018,7,24384,21945,93.9,89,2
S32409,Harbor Motor Group,Harbor Ford Portside,new,Ford,Mustang,2026,7,35382,31934,104.8,25,1
S32424,Harbor Motor Group,Harbor Ford Portside,new,Ford,Mustang,2026,7,45632,41015,98.9,237,1
S32433,Harbor Motor Group,Harbor Ford Portside,used,Chevrolet,Trax,2023,7,22254,20689,101.4,20,0
S32464,Harbor Motor Group,Harbor Ford Portside,used,Ford,Mustang,2024,7,19525,17754,103.6,661,1
S32545,Harbor Motor Group,Harbor Ford Portside,used,Ford,Mustang,2025,7,25904,24211,97.1,296,0
S32560,Harbor Motor Group,Harbor Ford Portside,new,Ford,F-150,2026,7,35550,31393,103.3,181,5
S32206,Harbor Motor Group,Harbor Honda Seaside,used,Jeep Ram,Ram 2500,2025,7,24151,22205,98.7,19,1
S32260,Harbor Motor Group,Harbor Honda Seaside,new,Honda,CR-V,2026,7,35326,30817,94.4,171,2
S33024,Harbor Motor Group,Harbor Jeep Ram Anchor,new,Jeep Ram,Gladiator,2026,7,48431,46155,99.8,412,0
S33047,Harbor Motor Group,Harbor Jeep Ram Anchor,new,Jeep Ram,Ram 2500,2026,7,47996,41338,93.7,34,0
S33091,Harbor Motor Group,Harbor Jeep Ram Anchor,used,Jeep Ram,Grand Cherokee,2021,7,27715,26724,95.6,19,5
S32837,Harbor Motor Group,Harbor Kia Lighthouse,used,Kia,K5,2019,7,18581,16475,100.0,90,0
S32876,Harbor Motor Group,Harbor Kia Lighthouse,new,Kia,Sportage,2026,7,33836,32402,104.3,1121,2
S32093,Harbor Motor Group,Harbor Toyota Bayview,used,Toyota,Tacoma,2018,7,17615,16231,103.0,27,3
S32181,Harbor Motor Group,Harbor Toyota Bayview,new,Toyota,Corolla,2026,7,51070,48503,97.1,86,1
S31876,Summit Auto Group,Summit BMW,used,BMW,5 Series,2021,7,35389,31434,97.1,197,5
S31892,Summit Auto Group,Summit BMW,new,BMW,5 Series,2026,7,66990,57907,93.2,269,0
S31929,Summit Auto Group,Summit BMW,new,BMW,5 Series,2026,7,62154,59178,103.4,223,5
S31936,Summit Auto Group,Summit BMW,used,BMW,X3,2022,7,28565,24920,93.1,113,1
S30689,Summit Auto Group,Summit Chevrolet Glenpark,new,Chevrolet,Trax,2026,7,40275,37816,101.7,87,0
S30700,Summit Auto Group,Summit Chevrolet Glenpark,new,Chevrolet,Malibu,2026,7,43644,41762,98.5,223,5
S30739,Summit Auto Group,Summit Chevrolet Glenpark,new,Chevrolet,Traverse,2026,7,44497,39182,98.0,329,2
S30758,Summit Auto Group,Summit Chevrolet Glenpark,new,Chevrolet,Malibu,2026,7,27385,23627,98.0,125,0
S30779,Summit Auto Group,Summit Chevrolet Glenpark,new,Chevrolet,Equinox,2026,7,47985,43226,104.9,118,0
S30474,Summit Auto Group,Summit Ford Rivera,new,Ford,Maverick,2026,7,49661,46984,98.8,1020,3
S30517,Summit Auto Group,Summit Ford Rivera,used,BMW,3 Series,2025,7,24802,22075,102.9,266,3
S30629,Summit Auto Group,Summit Ford Rivera,new,Ford,Escape,2026,7,49249,44929,101.8,51,1
S30632,Summit Auto Group,Summit Ford Rivera,new,Ford,Escape,2026,7,44816,42457,104.4,9,1
S30643,Summit Auto Group,Summit Ford Rivera,new,Ford,Escape,2026,7,46596,41678,98.7,575,5
S30658,Summit Auto Group,Summit Ford Rivera,new,Ford,Mustang,2026,7,50097,47254,100.9,46,5
S30338,Summit Auto Group,Summit Honda Westland,used,Honda,HR-V,2025,7,24246,21280,97.2,197,1
S30433,Summit Auto Group,Summit Honda Westland,new,Honda,Pilot,2026,7,46376,43595,95.8,94,3
S30442,Summit Auto Group,Summit Honda Westland,new,Honda,Civic,2026,7,38508,35502,98.0,232,5
S31036,Summit Auto Group,Summit Hyundai Oakhurst,used,BMW,i4,2025,7,20285,19391,98.1,79,0
S31093,Summit Auto Group,Summit Hyundai Oakhurst,used,Hyundai,Sonata,2023,7,18322,16613,93.4,479,1
S31582,Summit Auto Group,Summit Jeep Ram Clearwater,used,Jeep Ram,Compass,2022,7,20399,18070,98.6,50,0
S31613,Summit Auto Group,Summit Jeep Ram Clearwater,new,Jeep Ram,Grand Cherokee,2026,7,31800,30679,105.0,316,0
S31642,Summit Auto Group,Summit Jeep Ram Clearwater,used,Honda,Pilot,2022,7,19173,16564,99.6,177,0
S31657,Summit Auto Group,Summit Jeep Ram Clearwater,new,Jeep Ram,Gladiator,2026,7,46651,42215,94.9,245,2
S31196,Summit Auto Group,Summit Kia Brookfield,new,Kia,Seltos,2026,7,41422,37550,103.9,275,2
S31199,Summit Auto Group,Summit Kia Brookfield,new,Kia,Telluride,2026,7,35986,34037,94.8,57,1
S31272,Summit Auto Group,Summit Kia Brookfield,new,Kia,K5,2026,7,40747,39189,97.7,241,3
S31290,Summit Auto Group,Summit Mazda Lakeside,new,Mazda,Mazda3,2026,7,49748,45866,97.6,154,1
S31341,Summit Auto Group,Summit Mazda Lakeside,new,Mazda,MX-5,2026,7,45048,42598,96.1,13,2
S30862,Summit Auto Group,Summit Nissan Ridgemont,new,Nissan,Sentra,2026,7,28801,27786,104.0,72,0
S30878,Summit Auto Group,Summit Nissan Ridgemont,new,Nissan,Rogue,2026,7,36678,33868,104.9,159,0
S30903,Summit Auto Group,Summit Nissan Ridgemont,used,Nissan,Frontier,2019,7,20529,19724,99.6,1,2
S30978,Summit Auto Group,Summit Nissan Ridgemont,new,Nissan,Kicks,2026,7,46543,42419,95.8,42,0
S31398,Summit Auto Group,Summit Subaru Northgate,used,BMW,X5,2025,7,16833,15139,106.0,146,2
S31438,Summit Auto Group,Summit Subaru Northgate,used,BMW,3 Series,2024,7,23834,21614,103.6,51,1
S31472,Summit Auto Group,Summit Subaru Northgate,new,Subaru,Crosstrek,2026,7,27546,24377,95.3,267,1
S31484,Summit Auto Group,Summit Subaru Northgate,new,Subaru,Outback,2026,7,47261,42479,96.7,123,0
S30021,Summit Auto Group,Summit Toyota of Fairview,used,Chevrolet,Trax,2025,7,17419,16005,95.1,624,0
S30167,Summit Auto Group,Summit Toyota of Fairview,new,Toyota,Corolla,2026,7,41715,36353,93.7,1082,3
S30219,Summit Auto Group,Summit Toyota of Fairview,used,Hyundai,Kona,2024,7,31945,30883,105.6,34,1
S33215,Harbor Motor Group,Harbor BMW,new,BMW,X5,2026,6,80140,77100,93.9,156,0
S33278,Harbor Motor Group,Harbor BMW,used,BMW,X5,2025,6,35550,31673,97.1,935,0
S32603,Harbor Motor Group,Harbor Chevrolet Marina,new,Chevrolet,Tahoe,2026,6,38219,35179,95.8,85,0
S32648,Harbor Motor Group,Harbor Chevrolet Marina,new,Chevrolet,Tahoe,2026,6,41637,36902,93.2,252,0
S32713,Harbor Motor Group,Harbor Chevrolet Marina,new,Chevrolet,Traverse,2026,6,31130,28104,103.8,162,2
S32457,Harbor Motor Group,Harbor Ford Portside,used,Nissan,Rogue,2019,6,20795,17993,99.7,8,1
S32471,Harbor Motor Group,Harbor Ford Portside,new,Ford,Bronco,2026,6,45078,40729,105.8,335,0
S32236,Harbor Motor Group,Harbor Honda Seaside,new,Honda,Pilot,2026,6,33608,30449,94.9,361,0
S32279,Harbor Motor Group,Harbor Honda Seaside,new,Honda,HR-V,2026,6,42975,40323,97.7,63,1
S32289,Harbor Motor Group,Harbor Honda Seaside,used,Kia,Sorento,2025,6,22275,20455,96.7,18,1
S32290,Harbor Motor Group,Harbor Honda Seaside,new,Honda,Accord,2026,6,44055,42258,105.9,200,5
S32323,Harbor Motor Group,Harbor Honda Seaside,used,BMW,3 Series,2023,6,28477,25590,101.0,96,5
S33086,Harbor Motor Group,Harbor Jeep Ram Anchor,used,Nissan,Frontier,2023,6,23494,20713,96.2,138,0
S33093,Harbor Motor Group,Harbor Jeep Ram Anchor,used,Jeep Ram,Gladiator,2024,6,22049,19033,105.6,113,2
S33131,Harbor Motor Group,Harbor Jeep Ram Anchor,new,Jeep Ram,Grand Cherokee,2026,6,42987,41025,96.3,151,3
S33145,Harbor Motor Group,Harbor Jeep Ram Anchor,new,Jeep Ram,Wrangler,2026,6,35529,32166,103.9,19,1
S32858,Harbor Motor Group,Harbor Kia Lighthouse,used,Kia,Sorento,2021,6,19260,16768,101.2,191,5
S32883,Harbor Motor Group,Harbor Kia Lighthouse,new,Kia,K5,2026,6,37729,34049,94.4,38,2
S32899,Harbor Motor Group,Harbor Subaru Tidewater,new,Subaru,Crosstrek,2026,6,31779,29813,97.7,26,0
S32104,Harbor Motor Group,Harbor Toyota Bayview,new,Toyota,Camry,2026,6,30588,26998,101.4,244,0
S32130,Harbor Motor Group,Harbor Toyota Bayview,new,Toyota,RAV4,2026,6,47053,41717,93.8,29,5
S31784,Summit Auto Group,Summit BMW,new,BMW,i4,2026,6,59192,56600,95.7,413,5
S31926,Summit Auto Group,Summit BMW,used,BMW,i4,2021,6,47379,44649,95.3,26,1
S30712,Summit Auto Group,Summit Chevrolet Glenpark,new,Chevrolet,Tahoe,2026,6,49851,43206,104.8,32,0
S30775,Summit Auto Group,Summit Chevrolet Glenpark,new,Chevrolet,Equinox,2026,6,42413,39923,96.9,311,5
S30791,Summit Auto Group,Summit Chevrolet Glenpark,used,Hyundai,Sonata,2025,6,24589,23684,100.2,55,1
S30808,Summit Auto Group,Summit Chevrolet Glenpark,used,Hyundai,Santa Fe,2018,6,22602,19678,102.7,178,1
S30523,Summit Auto Group,Summit Ford Rivera,new,Ford,Maverick,2026,6,46052,41411,96.7,67,1
S30640,Summit Auto Group,Summit Ford Rivera,new,Ford,Bronco,2026,6,28732,26049,94.4,152,2
S30662,Summit Auto Group,Summit Ford Rivera,used,Chevrolet,Trax,2022,6,29137,26750,96.8,252,1
S30361,Summit Auto Group,Summit Honda Westland,new,Honda,HR-V,2026,6,34916,32771,101.4,137,1
S30372,Summit Auto Group,Summit Honda Westland,new,Honda,Pilot,2026,6,43946,38548,94.5,62,1
S30435,Summit Auto Group,Summit Honda Westland,used,Jeep Ram,Ram 1500,2023,6,30926,28517,93.8,102,0
S31029,Summit Auto Group,Summit Hyundai Oakhurst,new,Hyundai,Sonata,2026,6,33117,28926,102.8,19,1
S31083,Summit Auto Group,Summit Hyundai Oakhurst,new,Hyundai,Elantra,2026,6,40604,35918,103.9,107,0
S31547,Summit Auto Group,Summit Jeep Ram Clearwater,used,Jeep Ram,Ram 2500,2021,6,22690,21720,105.3,71,2
S31153,Summit Auto Group,Summit Kia Brookfield,new,Kia,Telluride,2026,6,29231,27677,101.0,6,5
S31229,Summit Auto Group,Summit Kia Brookfield,new,Kia,Sportage,2026,6,43360,37475,101.7,11,3
S31296,Summit Auto Group,Summit Mazda Lakeside,used,Honda,Accord,2024,6,18606,17423,97.4,49,1
S31346,Summit Auto Group,Summit Mazda Lakeside,new,Mazda,MX-5,2026,6,46615,41491,100.2,90,5
S31356,Summit Auto Group,Summit Mazda Lakeside,new,Mazda,MX-5,2026,6,47825,41395,102.7,820,0
S30908,Summit Auto Group,Summit Nissan Ridgemont,used,Jeep Ram,Ram 1500,2020,6,28533,26262,105.5,136,0
S30916,Summit Auto Group,Summit Nissan Ridgemont,used,Chevrolet,Trax,2024,6,32096,30453,101.3,563,5
S30969,Summit Auto Group,Summit Nissan Ridgemont,new,Nissan,Rogue,2026,6,28249,24648,105.4,185,0
S30971,Summit Auto Group,Summit Nissan Ridgemont,new,Nissan,Sentra,2026,6,40969,39072,105.5,179,1
S31441,Summit Auto Group,Summit Subaru Northgate,new,Subaru,WRX,2026,6,37646,33239,100.8,96,1
S30234,Summit Auto Group,Summit Toyota of Fairview,used,Toyota,Tundra,2021,6,32142,28126,102.8,62,3
S33197,Harbor Motor Group,Harbor BMW,used,Jeep Ram,Ram 2500,2023,5,46529,40303,93.5,54,2
S33340,Harbor Motor Group,Harbor BMW,used,BMW,X1,2022,5,49006,43567,100.3,69,5
S32757,Harbor Motor Group,Harbor Chevrolet Marina,new,Chevrolet,Equinox,2026,5,42980,38256,104.8,158,1
S32448,Harbor Motor Group,Harbor Ford Portside,used,Ford,Explorer,2023,5,16822,14571,93.3,237,2
S32451,Harbor Motor Group,Harbor Ford Portside,new,Ford,Explorer,2026,5,31348,29492,100.4,322,3
S32552,Harbor Motor Group,Harbor Ford Portside,new,Ford,Maverick,2026,5,27272,24468,93.1,262,3
S32594,Harbor Motor Group,Harbor Ford Portside,new,Ford,Escape,2026,5,44968,41035,104.3,660,5
S32218,Harbor Motor Group,Harbor Honda Seaside,new,Honda,CR-V,2026,5,45957,42374,97.3,46,1
S32245,Harbor Motor Group,Harbor Honda Seaside,new,Honda,Accord,2026,5,45307,40736,105.0,166,0
S32282,Harbor Motor Group,Harbor Honda Seaside,new,Honda,Pilot,2026,5,36156,33230,102.9,58,2
S32309,Harbor Motor Group,Harbor Honda Seaside,used,Honda,HR-V,2020,5,31687,29790,95.8,280,0
S33011,Harbor Motor Group,Harbor Jeep Ram Anchor,used,BMW,X3,2022,5,31026,30044,96.7,135,0
S33039,Harbor Motor Group,Harbor Jeep Ram Anchor,used,Jeep Ram,Compass,2018,5,19253,18223,103.8,834,1
S33041,Harbor Motor Group,Harbor Jeep Ram Anchor,used,Jeep Ram,Wrangler,2023,5,28832,25465,99.4,277,0
S33065,Harbor Motor Group,Harbor Jeep Ram Anchor,used,Nissan,Frontier,2022,5,21706,19637,96.4,29,0
S33124,Harbor Motor Group,Harbor Jeep Ram Anchor,new,Jeep Ram,Compass,2026,5,41233,37011,100.4,587,0
S32808,Harbor Motor Group,Harbor Kia Lighthouse,new,Kia,K5,2026,5,28923,25810,99.5,353,0
S32848,Harbor Motor Group,Harbor Kia Lighthouse,used,Kia,K5,2021,5,27135,25505,104.5,16,1
S31975,Harbor Motor Group,Harbor Toyota Bayview,used,Toyota,Highlander,2024,5,18203,17489,105.0,137,5
S32182,Harbor Motor Group,Harbor Toyota Bayview,new,Toyota,Camry,2026,5,36260,32600,104.2,112,1
S31811,Summit Auto Group,Summit BMW,used,Subaru,Outback,2020,5,41143,35783,99.4,132,5
S31839,Summit Auto Group,Summit BMW,new,BMW,5 Series,2026,5,56075,53392,96.2,412,2
S31901,Summit Auto Group,Summit BMW,new,BMW,5 Series,2026,5,50842,45913,93.6,63,3
S30741,Summit Auto Group,Summit Chevrolet Glenpark,new,Chevrolet,Silverado,2026,5,42054,39226,103.4,130,0
S30762,Summit Auto Group,Summit Chevrolet Glenpark,new,Chevrolet,Equinox,2026,5,44060,41924,101.2,324,3
S30774,Summit Auto Group,Summit Chevrolet Glenpark,new,Chevrolet,Equinox,2026,5,36322,32994,96.6,143,1
S30837,Summit Auto Group,Summit Chevrolet Glenpark,used,Chevrolet,Traverse,2024,5,22861,21670,100.4,361,1
S30497,Summit Auto Group,Summit Ford Rivera,new,Ford,Bronco,2026,5,33669,30719,98.0,266,1
S30504,Summit Auto Group,Summit Ford Rivera,used,Ford,Mustang,2020,5,22492,21814,100.6,150,3
S30576,Summit Auto Group,Summit Ford Rivera,used,Subaru,WRX,2025,5,22023,20433,97.8,300,1
S30577,Summit Auto Group,Summit Ford Rivera,new,Ford,Mustang,2026,5,38387,33193,97.2,160,0
S30258,Summit Auto Group,Summit Honda Westland,used,Honda,HR-V,2021,5,19310,16711,96.4,105,3
S30270,Summit Auto Group,Summit Honda Westland,used,Honda,Civic,2020,5,18435,16190,95.3,72,5
S30272,Summit Auto Group,Summit Honda Westland,new,Honda,CR-V,2026,5,44760,39256,96.3,41,3
S30297,Summit Auto Group,Summit Honda Westland,used,Honda,Accord,2019,5,19084,16756,103.4,110,0
S31023,Summit Auto Group,Summit Hyundai Oakhurst,new,Hyundai,Tucson,2026,5,34129,29589,103.6,17,1
S31024,Summit Auto Group,Summit Hyundai Oakhurst,new,Hyundai,Palisade,2026,5,49569,44569,101.9,216,1
S31040,Summit Auto Group,Summit Hyundai Oakhurst,used,Hyundai,Tucson,2022,5,23660,22773,102.9,162,1
S31057,Summit Auto Group,Summit Hyundai Oakhurst,new,Hyundai,Palisade,2026,5,46652,42867,94.1,80,1
S31076,Summit Auto Group,Summit Hyundai Oakhurst,new,Hyundai,Santa Fe,2026,5,49778,43228,105.5,377,3
S31114,Summit Auto Group,Summit Hyundai Oakhurst,used,Hyundai,Sonata,2020,5,19275,17336,104.9,45,0
S31128,Summit Auto Group,Summit Hyundai Oakhurst,new,Hyundai,Kona,2026,5,33051,30909,102.5,73,5
S31520,Summit Auto Group,Summit Jeep Ram Clearwater,new,Jeep Ram,Wrangler,2026,5,28021,25470,97.4,280,0
S31527,Summit Auto Group,Summit Jeep Ram Clearwater,used,Jeep Ram,Ram 1500,2024,5,32059,27594,103.5,341,0
S31544,Summit Auto Group,Summit Jeep Ram Clearwater,used,Jeep Ram,Wrangler,2025,5,16975,15754,95.1,4,1
S31562,Summit Auto Group,Summit Jeep Ram Clearwater,used,Jeep Ram,Gladiator,2018,5,26693,24914,102.8,98,5
S31572,Summit Auto Group,Summit Jeep Ram Clearwater,used,Jeep Ram,Grand Cherokee,2024,5,22097,19882,101.0,154,3
S31592,Summit Auto Group,Summit Jeep Ram Clearwater,used,Jeep Ram,Gladiator,2018,5,26846,23323,105.4,246,0
S31605,Summit Auto Group,Summit Jeep Ram Clearwater,used,Jeep Ram,Wrangler,2024,5,18333,15987,95.4,89,3
S31151,Summit Auto Group,Summit Kia Brookfield,used,BMW,X3,2021,5,22037,20521,97.3,167,0
S31152,Summit Auto Group,Summit Kia Brookfield,new,Kia,K5,2026,5,26792,23760,98.6,475,1
S31169,Summit Auto Group,Summit Kia Brookfield,used,BMW,i4,2020,5,31472,27777,103.8,14,3
S31186,Summit Auto Group,Summit Kia Brookfield,used,Kia,Telluride,2025,5,18626,17138,96.9,548,1
S31274,Summit Auto Group,Summit Kia Brookfield,used,Kia,Sorento,2019,5,30274,27640,101.8,194,2
S31305,Summit Auto Group,Summit Mazda Lakeside,new,Mazda,CX-30,2026,5,49589,46174,94.5,27,0
S31339,Summit Auto Group,Summit Mazda Lakeside,used,Jeep Ram,Gladiator,2020,5,22855,20069,94.2,154,5
S30956,Summit Auto Group,Summit Nissan Ridgemont,used,Nissan,Sentra,2020,5,28111,26869,95.9,35,5
S31408,Summit Auto Group,Summit Subaru Northgate,new,Subaru,Forester,2026,5,45524,40956,104.3,3,0
S31426,Summit Auto Group,Summit Subaru Northgate,new,Subaru,Crosstrek,2026,5,33959,30043,103.0,453,2
S30045,Summit Auto Group,Summit Toyota of Fairview,used,Toyota,Camry,2023,5,30717,26574,96.6,97,3
S30157,Summit Auto Group,Summit Toyota of Fairview,new,Toyota,Highlander,2026,5,34643,30115,103.9,23,1
S30197,Summit Auto Group,Summit Toyota of Fairview,new,Toyota,Corolla,2026,5,31265,28114,99.1,70,1
S30208,Summit Auto Group,Summit Toyota of Fairview,new,Toyota,RAV4,2026,5,32229,28632,96.3,273,1
S31710,Summit Auto Group,Summit Volkswagen Eastdale,new,Volkswagen,Tiguan,2026,5,42695,39330,94.2,144,0
S33160,Harbor Motor Group,Harbor BMW,new,BMW,i4,2026,4,69920,63141,105.1,357,0
S33162,Harbor Motor Group,Harbor BMW,used,BMW,X1,2022,4,37104,34494,93.2,71,0
S33167,Harbor Motor Group,Harbor BMW,used,BMW,3 Series,2018,4,48431,46840,100.9,14,5
S33181,Harbor Motor Group,Harbor BMW,used,Hyundai,Kona,2021,4,39612,36932,100.5,71,5
S33228,Harbor Motor Group,Harbor BMW,used,BMW,X5,2023,4,36498,34429,99.7,78,2
S32621,Harbor Motor Group,Harbor Chevrolet Marina,used,Chevrolet,Equinox,2023,4,27099,24634,104.0,548,0
S32664,Harbor Motor Group,Harbor Chevrolet Marina,used,Chevrolet,Trax,2024,4,27127,24205,97.3,82,5
S32669,Harbor Motor Group,Harbor Chevrolet Marina,used,Hyundai,Santa Fe,2018,4,29516,26173,94.0,25,2
S32693,Harbor Motor Group,Harbor Chevrolet Marina,new,Chevrolet,Malibu,2026,4,27086,25515,99.0,64,2
S32746,Harbor Motor Group,Harbor Chevrolet Marina,used,Toyota,RAV4,2022,4,19394,18804,104.7,87,3
S32407,Harbor Motor Group,Harbor Ford Portside,new,Ford,Escape,2026,4,31863,30896,97.6,490,5
S32425,Harbor Motor Group,Harbor Ford Portside,used,Subaru,Outback,2023,4,27705,24298,99.8,48,3
S32510,Harbor Motor Group,Harbor Ford Portside,used,Ford,Maverick,2018,4,26093,23616,96.3,106,2
S32531,Harbor Motor Group,Harbor Ford Portside,used,Honda,Odyssey,2021,4,24175,21093,94.8,136,0
S32551,Harbor Motor Group,Harbor Ford Portside,new,Ford,Escape,2026,4,42595,39342,100.2,135,3
S32247,Harbor Motor Group,Harbor Honda Seaside,used,Honda,Civic,2025,4,28299,26955,104.8,13,1
S32272,Harbor Motor Group,Harbor Honda Seaside,used,Honda,Pilot,2024,4,22072,19167,105.0,589,1
S32277,Harbor Motor Group,Harbor Honda Seaside,new,Honda,Accord,2026,4,30556,28192,102.0,250,5
S32335,Harbor Motor Group,Harbor Honda Seaside,used,Honda,Civic,2024,4,28020,24800,99.4,10,2
S32341,Harbor Motor Group,Harbor Honda Seaside,new,Honda,HR-V,2026,4,39489,34570,103.8,87,0
S32360,Harbor Motor Group,Harbor Honda Seaside,new,Honda,Civic,2026,4,44639,41795,97.1,131,0
S33029,Harbor Motor Group,Harbor Jeep Ram Anchor,used,Jeep Ram,Compass,2020,4,22936,20639,93.9,23,5
S33125,Harbor Motor Group,Harbor Jeep Ram Anchor,new,Jeep Ram,Gladiator,2026,4,38345,34769,96.4,31,2
S33138,Harbor Motor Group,Harbor Jeep Ram Anchor,used,Jeep Ram,Gladiator,2019,4,24076,22723,93.5,61,3
S32787,Harbor Motor Group,Harbor Kia Lighthouse,new,Kia,K5,2026,4,34105,32721,93.5,234,5
S32824,Harbor Motor Group,Harbor Kia Lighthouse,new,Kia,Sorento,2026,4,49807,47191,100.0,189,2
S32889,Harbor Motor Group,Harbor Subaru Tidewater,new,Subaru,Ascent,2026,4,47156,43683,101.8,9,0
S32928,Harbor Motor Group,Harbor Subaru Tidewater,used,Nissan,Sentra,2021,4,26199,22631,104.8,27,0
S32932,Harbor Motor Group,Harbor Subaru Tidewater,new,Subaru,Outback,2026,4,29415,26465,102.5,0,1
S32940,Harbor Motor Group,Harbor Subaru Tidewater,new,Subaru,Outback,2026,4,46006,40113,102.5,39,2
S32030,Harbor Motor Group,Harbor Toyota Bayview,new,Toyota,Tacoma,2026,4,38208,36009,102.4,14,2
S32033,Harbor Motor Group,Harbor Toyota Bayview,used,Toyota,Corolla,2023,4,22548,19756,100.5,62,3
S32056,Harbor Motor Group,Harbor Toyota Bayview,new,Toyota,Tacoma,2026,4,36811,33617,101.3,166,0
S31826,Summit Auto Group,Summit BMW,used,Subaru,Outback,2018,4,40333,37998,94.1,149,1
S31866,Summit Auto Group,Summit BMW,new,BMW,X3,2026,4,68905,63641,93.6,230,1
S31873,Summit Auto Group,Summit BMW,new,BMW,X1,2026,4,68854,61439,98.3,304,2
S31916,Summit Auto Group,Summit BMW,new,BMW,X5,2026,4,81091,73560,96.1,242,1
S31948,Summit Auto Group,Summit BMW,used,BMW,X3,2020,4,32486,30013,105.1,716,0
S31953,Summit Auto Group,Summit BMW,new,BMW,X1,2026,4,53255,48142,95.8,36,3
S31964,Summit Auto Group,Summit BMW,new,BMW,X5,2026,4,53856,47328,103.0,134,0
S30668,Summit Auto Group,Summit Chevrolet Glenpark,used,Chevrolet,Malibu,2018,4,17860,16316,104.5,190,1
S30682,Summit Auto Group,Summit Chevrolet Glenpark,new,Chevrolet,Equinox,2026,4,33316,31835,95.1,135,0
S30784,Summit Auto Group,Summit Chevrolet Glenpark,new,Chevrolet,Silverado,2026,4,34773,33561,100.6,111,1
S30824,Summit Auto Group,Summit Chevrolet Glenpark,new,Chevrolet,Malibu,2026,4,30763,29278,101.0,351,0
S30845,Summit Auto Group,Summit Chevrolet Glenpark,used,Chevrolet,Trax,2023,4,22348,19724,94.0,73,5
S30853,Summit Auto Group,Summit Chevrolet Glenpark,new,Chevrolet,Silverado,2026,4,33756,31838,102.2,92,0
S30451,Summit Auto Group,Summit Ford Rivera,used,Nissan,Frontier,2019,4,28417,27209,95.6,9,0
S30501,Summit Auto Group,Summit Ford Rivera,used,Chevrolet,Trax,2019,4,17227,15562,103.4,195,0
S30503,Summit Auto Group,Summit Ford Rivera,new,Ford,Bronco,2026,4,30532,29355,101.3,9,3
S30518,Summit Auto Group,Summit Ford Rivera,used,Ford,Maverick,2018,4,26791,24411,96.6,373,5
S30610,Summit Auto Group,Summit Ford Rivera,new,Ford,Mustang,2026,4,36618,31599,100.4,886,0
S30317,Summit Auto Group,Summit Honda Westland,new,Honda,Odyssey,2026,4,45396,43941,97.6,623,2
S31010,Summit Auto Group,Summit Hyundai Oakhurst,used,Hyundai,Elantra,2025,4,17146,14921,102.8,376,3
S31035,Summit Auto Group,Summit Hyundai Oakhurst,new,Hyundai,Tucson,2026,4,49873,47377,100.9,228,3
S31100,Summit Auto Group,Summit Hyundai Oakhurst,new,Hyundai,Santa Fe,2026,4,37968,36712,93.0,8,0
S31139,Summit Auto Group,Summit Hyundai Oakhurst,new,Hyundai,Santa Fe,2026,4,47458,42968,93.5,158,0
S31503,Summit Auto Group,Summit Jeep Ram Clearwater,used,Jeep Ram,Gladiator,2018,4,22300,21533,106.0,98,5
S31507,Summit Auto Group,Summit Jeep Ram Clearwater,used,Kia,Sorento,2018,4,28041,27012,103.1,94,2
S31533,Summit Auto Group,Summit Jeep Ram Clearwater,new,Jeep Ram,Gladiator,2026,4,35933,31492,97.5,105,0
S31537,Summit Auto Group,Summit Jeep Ram Clearwater,new,Jeep Ram,Grand Cherokee,2026,4,41002,39581,99.7,604,1
S31555,Summit Auto Group,Summit Jeep Ram Clearwater,used,Chevrolet,Traverse,2020,4,23260,20937,104.5,112,2
S31559,Summit Auto Group,Summit Jeep Ram Clearwater,used,Jeep Ram,Ram 2500,2021,4,17694,16594,102.2,119,0
S31566,Summit Auto Group,Summit Jeep Ram Clearwater,used,Jeep Ram,Wrangler,2021,4,29699,27528,103.9,97,3
S31594,Summit Auto Group,Summit Jeep Ram Clearwater,new,Jeep Ram,Grand Cherokee,2026,4,42735,40581,98.6,49,0
S31627,Summit Auto Group,Summit Jeep Ram Clearwater,new,Jeep Ram,Wrangler,2026,4,39171,35831,94.9,361,1
S31631,Summit Auto Group,Summit Jeep Ram Clearwater,used,Honda,Accord,2024,4,20175,18682,94.3,155,1
S31264,Summit Auto Group,Summit Kia Brookfield,used,Kia,Telluride,2023,4,23552,20802,98.1,50,0
S31471,Summit Auto Group,Summit Subaru Northgate,used,Nissan,Frontier,2021,4,16979,14673,95.8,189,0
S30083,Summit Auto Group,Summit Toyota of Fairview,used,Toyota,Camry,2023,4,29220,26630,102.6,27,0
S31709,Summit Auto Group,Summit Volkswagen Eastdale,new,Volkswagen,Atlas,2026,4,37325,35394,100.5,332,3
S33165,Harbor Motor Group,Harbor BMW,used,BMW,X3,2025,3,36568,34760,97.9,41,3
S33188,Harbor Motor Group,Harbor BMW,used,Nissan,Altima,2023,3,29794,26787,95.6,101,0
S33225,Harbor Motor Group,Harbor BMW,new,BMW,i4,2026,3,46560,43006,94.0,17,2
S33247,Harbor Motor Group,Harbor BMW,used,BMW,3 Series,2019,3,44946,41027,102.7,465,0
S33272,Harbor Motor Group,Harbor BMW,used,BMW,5 Series,2020,3,44531,41520,93.5,20,0
S32609,Harbor Motor Group,Harbor Chevrolet Marina,new,Chevrolet,Silverado,2026,3,38983,34063,96.0,323,3
S32656,Harbor Motor Group,Harbor Chevrolet Marina,used,Chevrolet,Traverse,2023,3,23135,21765,98.5,440,3
S32403,Harbor Motor Group,Harbor Ford Portside,new,Ford,Explorer,2026,3,45100,39545,96.9,558,1
S32452,Harbor Motor Group,Harbor Ford Portside,used,BMW,5 Series,2024,3,21367,20456,101.9,56,5
S32593,Harbor Motor Group,Harbor Ford Portside,new,Ford,Mustang,2026,3,48409,45830,101.9,345,3
S32237,Harbor Motor Group,Harbor Honda Seaside,new,Honda,HR-V,2026,3,33031,29987,102.5,312,3
S32238,Harbor Motor Group,Harbor Honda Seaside,new,Honda,Odyssey,2026,3,32764,31657,105.8,114,0
S32254,Harbor Motor Group,Harbor Honda Seaside,new,Honda,Odyssey,2026,3,26899,24372,102.3,47,1
S32267,Harbor Motor Group,Harbor Honda Seaside,used,Honda,Pilot,2021,3,21671,19752,93.3,123,5
S33150,Harbor Motor Group,Harbor Jeep Ram Anchor,new,Jeep Ram,Wrangler,2026,3,38060,35409,96.5,112,0
S32796,Harbor Motor Group,Harbor Kia Lighthouse,used,Kia,Forte,2021,3,19441,18522,95.0,94,2
S32803,Harbor Motor Group,Harbor Kia Lighthouse,used,Toyota,RAV4,2019,3,29171,27187,94.0,34,2
S32823,Harbor Motor Group,Harbor Kia Lighthouse,new,Kia,Sportage,2026,3,50746,44538,104.3,520,1
S32958,Harbor Motor Group,Harbor Subaru Tidewater,used,Honda,HR-V,2024,3,26606,25717,99.3,158,3
S32058,Harbor Motor Group,Harbor Toyota Bayview,new,Toyota,RAV4,2026,3,50018,44549,102.4,43,5
S31805,Summit Auto Group,Summit BMW,used,BMW,X1,2022,3,43328,37456,99.4,247,2
S31841,Summit Auto Group,Summit BMW,new,BMW,X1,2026,3,65001,57152,101.5,649,1
S31888,Summit Auto Group,Summit BMW,used,Jeep Ram,Ram 2500,2022,3,44323,40664,96.5,91,0
S30706,Summit Auto Group,Summit Chevrolet Glenpark,used,Jeep Ram,Compass,2019,3,25190,21765,98.9,8,0
S30763,Summit Auto Group,Summit Chevrolet Glenpark,used,Chevrolet,Silverado,2025,3,22365,19881,93.7,13,0
S30806,Summit Auto Group,Summit Chevrolet Glenpark,new,Chevrolet,Tahoe,2026,3,31512,29343,95.0,931,2
S30828,Summit Auto Group,Summit Chevrolet Glenpark,used,Chevrolet,Traverse,2020,3,24623,22336,105.0,46,0
S30836,Summit Auto Group,Summit Chevrolet Glenpark,used,Kia,K5,2020,3,22455,20627,93.2,663,0
S30607,Summit Auto Group,Summit Ford Rivera,new,Ford,Explorer,2026,3,47868,43906,103.0,29,0
S30252,Summit Auto Group,Summit Honda Westland,new,Honda,Pilot,2026,3,47613,45790,93.2,92,5
S30376,Summit Auto Group,Summit Honda Westland,new,Honda,Odyssey,2026,3,49280,47337,100.5,10,1
S31017,Summit Auto Group,Summit Hyundai Oakhurst,new,Hyundai,Sonata,2026,3,37083,34916,97.1,13,0
S31087,Summit Auto Group,Summit Hyundai Oakhurst,used,Hyundai,Elantra,2020,3,20375,19609,104.8,6,3
S31130,Summit Auto Group,Summit Hyundai Oakhurst,used,Hyundai,Santa Fe,2025,3,20645,17920,96.1,48,0
S31590,Summit Auto Group,Summit Jeep Ram Clearwater,used,Jeep Ram,Gladiator,2018,3,27975,24729,105.1,77,0
S31176,Summit Auto Group,Summit Kia Brookfield,used,Kia,Sorento,2019,3,19739,17115,100.1,99,0
S31225,Summit Auto Group,Summit Kia Brookfield,used,BMW,3 Series,2023,3,21136,19341,100.7,1844,0
S31311,Summit Auto Group,Summit Mazda Lakeside,used,Honda,Odyssey,2025,3,23176,21263,95.5,211,0
S31345,Summit Auto Group,Summit Mazda Lakeside,used,Hyundai,Elantra,2018,3,30474,27384,96.5,48,0
S31361,Summit Auto Group,Summit Mazda Lakeside,new,Mazda,Mazda3,2026,3,48433,46333,93.9,261,2
S30872,Summit Auto Group,Summit Nissan Ridgemont,new,Nissan,Altima,2026,3,26981,24957,102.3,109,2
S30886,Summit Auto Group,Summit Nissan Ridgemont,used,Nissan,Kicks,2021,3,17107,16458,102.9,264,3
S30906,Summit Auto Group,Summit Nissan Ridgemont,new,Nissan,Frontier,2026,3,42653,37093,104.5,218,1
S30928,Summit Auto Group,Summit Nissan Ridgemont,used,Chevrolet,Equinox,2019,3,17933,16078,98.4,209,2
S31392,Summit Auto Group,Summit Subaru Northgate,new,Subaru,Ascent,2026,3,40891,38681,97.4,84,3
S31420,Summit Auto Group,Summit Subaru Northgate,new,Subaru,Outback,2026,3,49386,46583,103.4,457,1
S31447,Summit Auto Group,Summit Subaru Northgate,new,Subaru,WRX,2026,3,31185,28142,93.6,130,0
S31469,Summit Auto Group,Summit Subaru Northgate,new,Subaru,Crosstrek,2026,3,49596,46781,101.9,74,1
S31497,Summit Auto Group,Summit Subaru Northgate,new,Subaru,Outback,2026,3,33353,31263,96.6,121,1
S30039,Summit Auto Group,Summit Toyota of Fairview,used,Nissan,Frontier,2025,3,19346,17829,94.3,134,3
S30202,Summit Auto Group,Summit Toyota of Fairview,used,Subaru,Crosstrek,2018,3,29314,28302,93.4,86,1
S31762,Summit Auto Group,Summit Volkswagen Eastdale,new,Volkswagen,Atlas,2026,3,49821,44611,101.3,360,1
S33196,Harbor Motor Group,Harbor BMW,new,BMW,5 Series,2026,2,50950,44999,96.1,15,3
S33266,Harbor Motor Group,Harbor BMW,used,BMW,5 Series,2023,2,43742,38877,103.6,104,2
S32645,Harbor Motor Group,Harbor Chevrolet Marina,new,Chevrolet,Trax,2026,2,35791,31891,96.7,70,1
S32650,Harbor Motor Group,Harbor Chevrolet Marina,used,Chevrolet,Traverse,2025,2,28721,27347,96.7,280,0
S32706,Harbor Motor Group,Harbor Chevrolet Marina,new,Chevrolet,Traverse,2026,2,38705,35833,101.4,80,0
S32760,Harbor Motor Group,Harbor Chevrolet Marina,used,Chevrolet,Equinox,2018,2,23780,21302,97.0,132,1
S32441,Harbor Motor Group,Harbor Ford Portside,used,Ford,Mustang,2020,2,23729,22896,96.4,63,2
S32249,Harbor Motor Group,Harbor Honda Seaside,new,Honda,Pilot,2026,2,37772,36269,94.5,10,1
S32264,Harbor Motor Group,Harbor Honda Seaside,used,Honda,Odyssey,2020,2,24328,22213,104.3,9,0
S32359,Harbor Motor Group,Harbor Honda Seaside,new,Honda,Pilot,2026,2,33603,30828,98.1,234,3
S32378,Harbor Motor Group,Harbor Honda Seaside,used,Honda,Pilot,2020,2,24243,21010,103.3,11,0
S33040,Harbor Motor Group,Harbor Jeep Ram Anchor,used,Jeep Ram,Gladiator,2020,2,31244,27249,96.5,398,2
S33079,Harbor Motor Group,Harbor Jeep Ram Anchor,used,Jeep Ram,Ram 2500,2024,2,17837,15525,98.6,202,0
S33133,Harbor Motor Group,Harbor Jeep Ram Anchor,used,Jeep Ram,Compass,2023,2,18508,17325,97.3,843,2
S32764,Harbor Motor Group,Harbor Kia Lighthouse,new,Kia,Forte,2026,2,27126,23921,103.6,83,1
S32901,Harbor Motor Group,Harbor Subaru Tidewater,new,Subaru,Forester,2026,2,28285,25652,96.6,135,5
S32995,Harbor Motor Group,Harbor Subaru Tidewater,used,Jeep Ram,Ram 1500,2022,2,24801,22948,93.6,10,0
S31986,Harbor Motor Group,Harbor Toyota Bayview,new,Toyota,Corolla,2026,2,45687,43839,96.1,403,1
S31992,Harbor Motor Group,Harbor Toyota Bayview,new,Toyota,Tacoma,2026,2,46814,43774,103.9,29,3
S32032,Harbor Motor Group,Harbor Toyota Bayview,used,Honda,Civic,2025,2,21223,20024,94.3,26,0
S32060,Harbor Motor Group,Harbor Toyota Bayview,new,Toyota,Tundra,2026,2,50649,46940,102.6,304,0
S31785,Summit Auto Group,Summit BMW,new,BMW,3 Series,2026,2,56799,52344,99.6,380,0
S31836,Summit Auto Group,Summit BMW,new,BMW,i4,2026,2,43487,37690,99.8,604,0
S31943,Summit Auto Group,Summit BMW,new,BMW,X1,2026,2,66484,64453,94.2,298,0
S30691,Summit Auto Group,Summit Chevrolet Glenpark,used,Ford,F-150,2024,2,31652,29563,100.0,300,1
S30711,Summit Auto Group,Summit Chevrolet Glenpark,used,Chevrolet,Equinox,2024,2,24686,22489,98.5,102,0
S30721,Summit Auto Group,Summit Chevrolet Glenpark,new,Chevrolet,Trax,2026,2,37305,36026,99.1,350,0
S30745,Summit Auto Group,Summit Chevrolet Glenpark,used,Jeep Ram,Ram 2500,2024,2,22222,19406,104.1,163,2
S30754,Summit Auto Group,Summit Chevrolet Glenpark,new,Chevrolet,Tahoe,2026,2,45167,43446,104.1,234,3
S30757,Summit Auto Group,Summit Chevrolet Glenpark,new,Chevrolet,Malibu,2026,2,42775,40032,101.6,259,5
S30761,Summit Auto Group,Summit Chevrolet Glenpark,new,Chevrolet,Equinox,2026,2,37009,34010,102.7,60,1
S30822,Summit Auto Group,Summit Chevrolet Glenpark,new,Chevrolet,Tahoe,2026,2,42071,40095,99.3,164,1
S30844,Summit Auto Group,Summit Chevrolet Glenpark,new,Chevrolet,Malibu,2026,2,42137,38037,93.9,77,0
S30471,Summit Auto Group,Summit Ford Rivera,new,Ford,Bronco,2026,2,35416,30991,102.0,143,0
S30559,Summit Auto Group,Summit Ford Rivera,new,Ford,Escape,2026,2,31399,28141,99.8,406,0
S30573,Summit Auto Group,Summit Ford Rivera,new,Ford,Explorer,2026,2,48311,46629,101.0,831,3
S30621,Summit Auto Group,Summit Ford Rivera,used,Kia,Seltos,2023,2,19699,19068,95.3,358,1
S30631,Summit Auto Group,Summit Ford Rivera,new,Ford,Explorer,2026,2,27661,24927,93.6,107,2
S30647,Summit Auto Group,Summit Ford Rivera,used,Ford,Mustang,2019,2,26233,23296,99.0,7,0
S30277,Summit Auto Group,Summit Honda Westland,used,Honda,Pilot,2021,2,28413,27170,102.6,159,1
S30283,Summit Auto Group,Summit Honda Westland,new,Honda,CR-V,2026,2,27958,24119,101.4,61,2
S30329,Summit Auto Group,Summit Honda Westland,new,Honda,CR-V,2026,2,46863,41468,94.4,79,0
S30368,Summit Auto Group,Summit Honda Westland,new,Honda,Accord,2026,2,29310,27069,105.2,237,0
S30373,Summit Auto Group,Summit Honda Westland,used,Honda,HR-V,2024,2,28641,27090,100.4,5,3
S30440,Summit Auto Group,Summit Honda Westland,used,Honda,Odyssey,2022,2,29647,28691,98.3,71,5
S31043,Summit Auto Group,Summit Hyundai Oakhurst,new,Hyundai,Elantra,2026,2,35861,31847,100.6,104,2
S31046,Summit Auto Group,Summit Hyundai Oakhurst,new,Hyundai,Kona,2026,2,45837,40112,101.6,67,5
S31053,Summit Auto Group,Summit Hyundai Oakhurst,used,Ford,F-150,2021,2,24624,23661,96.9,209,5
S31094,Summit Auto Group,Summit Hyundai Oakhurst,used,Hyundai,Elantra,2025,2,26565,25360,96.4,149,0
S31104,Summit Auto Group,Summit Hyundai Oakhurst,used,Hyundai,Kona,2019,2,19934,18048,102.5,111,1
S31625,Summit Auto Group,Summit Jeep Ram Clearwater,new,Jeep Ram,Gladiator,2026,2,41700,36839,101.1,116,0
S31211,Summit Auto Group,Summit Kia Brookfield,new,Kia,K5,2026,2,36233,32079,102.3,414,0
S31238,Summit Auto Group,Summit Kia Brookfield,used,Kia,Seltos,2019,2,18785,17327,101.0,58,0
S31252,Summit Auto Group,Summit Kia Brookfield,new,Kia,Forte,2026,2,30362,26411,102.7,1029,0
S31316,Summit Auto Group,Summit Mazda Lakeside,used,Mazda,MX-5,2022,2,24505,22520,105.5,2,1
S30860,Summit Auto Group,Summit Nissan Ridgemont,new,Nissan,Frontier,2026,2,37378,35926,96.7,3,0
S30914,Summit Auto Group,Summit Nissan Ridgemont,used,Nissan,Pathfinder,2019,2,18166,17438,103.0,141,5
S30931,Summit Auto Group,Summit Nissan Ridgemont,used,Nissan,Frontier,2020,2,25480,23965,100.0,198,0
S31385,Summit Auto Group,Summit Subaru Northgate,used,Ford,Escape,2019,2,29945,26107,98.8,74,2
S30130,Summit Auto Group,Summit Toyota of Fairview,new,Toyota,Highlander,2026,2,36105,33997,101.7,85,3
S30224,Summit Auto Group,Summit Toyota of Fairview,used,Toyota,Corolla,2022,2,23717,21903,101.8,158,0
S31680,Summit Auto Group,Summit Volkswagen Eastdale,used,Ford,Maverick,2022,2,27886,27011,94.3,302,5
S31700,Summit Auto Group,Summit Volkswagen Eastdale,used,Volkswagen,Tiguan,2023,2,27475,26351,99.0,367,5
S31712,Summit Auto Group,Summit Volkswagen Eastdale,new,Volkswagen,Jetta,2026,2,50423,48609,105.4,183,0
S31751,Summit Auto Group,Summit Volkswagen Eastdale,used,Chevrolet,Trax,2021,2,28171,25758,97.9,92,3
S33164,Harbor Motor Group,Harbor BMW,new,BMW,X3,2026,1,74440,71697,98.7,58,0
S33193,Harbor Motor Group,Harbor BMW,used,Ford,Explorer,2018,1,42577,40347,95.6,38,0
S33206,Harbor Motor Group,Harbor BMW,used,BMW,X1,2023,1,38652,34601,93.0,72,0
S33292,Harbor Motor Group,Harbor BMW,used,Subaru,WRX,2020,1,32321,28715,104.6,34,1
S32681,Harbor Motor Group,Harbor Chevrolet Marina,new,Chevrolet,Malibu,2026,1,41602,37403,93.0,289,0
S32684,Harbor Motor Group,Harbor Chevrolet Marina,used,Honda,Pilot,2025,1,28119,24412,104.3,44,0
S32690,Harbor Motor Group,Harbor Chevrolet Marina,used,Honda,Pilot,2024,1,29927,26556,96.2,447,0
S32703,Harbor Motor Group,Harbor Chevrolet Marina,new,Chevrolet,Tahoe,2026,1,48105,42359,96.4,63,1
S32737,Harbor Motor Group,Harbor Chevrolet Marina,used,Ford,Maverick,2019,1,20779,18836,102.8,164,1
S32747,Harbor Motor Group,Harbor Chevrolet Marina,new,Chevrolet,Silverado,2026,1,44260,39616,97.1,1396,0
S32449,Harbor Motor Group,Harbor Ford Portside,used,Ford,Bronco,2023,1,18291,16020,96.4,67,2
S32478,Harbor Motor Group,Harbor Ford Portside,used,Honda,Accord,2019,1,27877,26934,93.0,84,1
S32539,Harbor Motor Group,Harbor Ford Portside,used,Kia,Sorento,2024,1,24371,20968,104.3,24,0
S32567,Harbor Motor Group,Harbor Ford Portside,new,Ford,Maverick,2026,1,35646,31762,98.8,521,5
S32205,Harbor Motor Group,Harbor Honda Seaside,new,Honda,Accord,2026,1,35224,32904,97.7,177,0
S32261,Harbor Motor Group,Harbor Honda Seaside,new,Honda,Odyssey,2026,1,28361,25515,99.9,19,0
S32284,Harbor Motor Group,Harbor Honda Seaside,new,Honda,Odyssey,2026,1,39221,35257,102.9,14,0
S32294,Harbor Motor Group,Harbor Honda Seaside,new,Honda,Civic,2026,1,47254,45243,105.9,411,1
S32350,Harbor Motor Group,Harbor Honda Seaside,used,Hyundai,Tucson,2020,1,16856,16248,101.9,133,1
S32361,Harbor Motor Group,Harbor Honda Seaside,new,Honda,Accord,2026,1,33937,31154,103.5,2,3
S33048,Harbor Motor Group,Harbor Jeep Ram Anchor,used,Toyota,Camry,2022,1,29111,25792,102.5,30,1
S33113,Harbor Motor Group,Harbor Jeep Ram Anchor,new,Jeep Ram,Wrangler,2026,1,29412,27692,99.2,79,2
S33129,Harbor Motor Group,Harbor Jeep Ram Anchor,new,Jeep Ram,Grand Cherokee,2026,1,32043,29673,104.2,139,0
S33156,Harbor Motor Group,Harbor Jeep Ram Anchor,new,Jeep Ram,Grand Cherokee,2026,1,48273,43326,98.0,40,0
S32865,Harbor Motor Group,Harbor Kia Lighthouse,new,Kia,Sportage,2026,1,38849,37356,97.7,446,5
S32929,Harbor Motor Group,Harbor Subaru Tidewater,new,Subaru,Outback,2026,1,41015,37185,94.1,331,0
S32968,Harbor Motor Group,Harbor Subaru Tidewater,new,Subaru,Ascent,2026,1,29291,28037,104.5,227,1
S32026,Harbor Motor Group,Harbor Toyota Bayview,used,Toyota,Camry,2022,1,19497,17628,101.2,18,3
S31819,Summit Auto Group,Summit BMW,new,BMW,X5,2026,1,78572,71851,94.4,391,1
S31832,Summit Auto Group,Summit BMW,new,BMW,i4,2026,1,77667,68670,94.3,163,0
S31849,Summit Auto Group,Summit BMW,used,BMW,X3,2023,1,32132,30123,99.0,354,2
S31923,Summit Auto Group,Summit BMW,used,BMW,X1,2022,1,36972,35425,100.4,180,1
S30766,Summit Auto Group,Summit Chevrolet Glenpark,used,Chevrolet,Silverado,2018,1,26747,23664,105.5,28,0
S30480,Summit Auto Group,Summit Ford Rivera,used,Ford,Explorer,2022,1,21578,19701,100.2,155,1
S30549,Summit Auto Group,Summit Ford Rivera,used,Ford,Explorer,2025,1,25899,24906,105.2,89,1
S30580,Summit Auto Group,Summit Ford Rivera,new,Ford,Maverick,2026,1,43395,40142,94.3,106,2
S30581,Summit Auto Group,Summit Ford Rivera,new,Ford,Bronco,2026,1,28156,26284,99.8,68,0
S30620,Summit Auto Group,Summit Ford Rivera,new,Ford,Mustang,2026,1,44648,42458,101.6,245,0
S30256,Summit Auto Group,Summit Honda Westland,new,Honda,Accord,2026,1,42730,37590,96.1,121,1
S30281,Summit Auto Group,Summit Honda Westland,new,Honda,HR-V,2026,1,41179,39566,96.3,108,5
S30333,Summit Auto Group,Summit Honda Westland,used,Subaru,WRX,2018,1,17865,17179,101.0,33,5
S30391,Summit Auto Group,Summit Honda Westland,used,Honda,Odyssey,2018,1,23362,20734,99.9,448,0
S31018,Summit Auto Group,Summit Hyundai Oakhurst,used,Chevrolet,Equinox,2022,1,27351,24007,98.1,386,1
S31143,Summit Auto Group,Summit Hyundai Oakhurst,new,Hyundai,Elantra,2026,1,32017,28910,99.3,190,3
S31513,Summit Auto Group,Summit Jeep Ram Clearwater,new,Jeep Ram,Compass,2026,1,48284,45765,93.5,145,1
S31529,Summit Auto Group,Summit Jeep Ram Clearwater,new,Jeep Ram,Wrangler,2026,1,34353,33158,96.2,215,0
S31571,Summit Auto Group,Summit Jeep Ram Clearwater,used,Jeep Ram,Ram 2500,2023,1,23026,21633,98.7,42,1
S31634,Summit Auto Group,Summit Jeep Ram Clearwater,used,Jeep Ram,Grand Cherokee,2022,1,27178,23792,94.9,68,3
S31258,Summit Auto Group,Summit Kia Brookfield,used,BMW,i4,2022,1,26683,25063,93.7,114,3
S30869,Summit Auto Group,Summit Nissan Ridgemont,new,Nissan,Rogue,2026,1,30132,26237,105.2,95,0
S30890,Summit Auto Group,Summit Nissan Ridgemont,used,Hyundai,Tucson,2022,1,18631,16173,94.2,59,0
S31404,Summit Auto Group,Summit Subaru Northgate,new,Subaru,Forester,2026,1,47632,43530,104.5,34,0
S31442,Summit Auto Group,Summit Subaru Northgate,used,Subaru,WRX,2019,1,21550,19496,93.1,150,2
S31445,Summit Auto Group,Summit Subaru Northgate,used,Jeep Ram,Ram 2500,2020,1,21988,21022,95.1,492,0
S31461,Summit Auto Group,Summit Subaru Northgate,new,Subaru,Impreza,2026,1,32941,31387,104.0,158,0
S30036,Summit Auto Group,Summit Toyota of Fairview,used,Toyota,Corolla,2023,1,18527,17438,100.3,684,0
S30106,Summit Auto Group,Summit Toyota of Fairview,used,BMW,i4,2019,1,30437,26871,100.9,23,1
S30142,Summit Auto Group,Summit Toyota of Fairview,used,Toyota,Tacoma,2019,1,31254,29478,100.8,221,0
S30145,Summit Auto Group,Summit Toyota of Fairview,used,Honda,CR-V,2022,1,23130,21694,99.1,130,1
S30162,Summit Auto Group,Summit Toyota of Fairview,new,Toyota,Tacoma,2026,1,47515,43084,95.9,212,0
S30187,Summit Auto Group,Summit Toyota of Fairview,used,Nissan,Altima,2018,1,23960,22385,98.8,254,0
S30190,Summit Auto Group,Summit Toyota of Fairview,used,BMW,5 Series,2020,1,26665,24573,97.1,87,5
