period,group,store,source,lead_type,leads,sales,new_sales,used_sales,gross,budget
2023-10,Harbor Motor Group,Harbor BMW,auto trader,internet,261,23,13,10,121933,3276
2023-10,Harbor Motor Group,Harbor BMW,Cars.com,internet,156,11,6,5,58253,2418
2023-10,Harbor Motor Group,Harbor BMW,Car Gurus,internet,253,16,9,7,80502,2964
2023-10,Harbor Motor Group,Harbor BMW,Dealer Website,internet,285,34,19,15,183611,
2023-10,Harbor Motor Group,Harbor BMW,Lease Retention,campaign,59,17,12,5,41173,
2023-10,Harbor Motor Group,Harbor BMW,Svc Conquest,service,44,12,9,3,40292,
2023-10,Harbor Motor Group,Harbor BMW,Direct Mail Q1,campaign,97,8,6,2,34863,5070
2023-10,Harbor Motor Group,Harbor BMW,Walk In,showroom,69,25,18,7,156012,
2023-10,Harbor Motor Group,Harbor BMW,Phone Up,phone,116,17,12,5,90294,
2023-10,Harbor Motor Group,Harbor BMW,Website Chat,chat,63,5,3,2,19213,702
2023-10,Harbor Motor Group,Harbor BMW,Facebook Marketplace,internet,56,3,2,1,11316,1092
2023-10,Harbor Motor Group,Harbor BMW,True Car,internet,109,4,2,2,13769,2028
2023-10,Harbor Motor Group,Harbor BMW,Radio Spot,campaign,2,0,0,0,0,312
2023-10,Harbor Motor Group,Harbor Chevrolet Marina,auto trader,internet,226,17,9,8,51629,2940
2023-10,Harbor Motor Group,Harbor Chevrolet Marina,Cars.com,internet,131,12,7,5,39322,2170
2023-10,Harbor Motor Group,Harbor Chevrolet Marina,Car Gurus,internet,219,12,7,5,28449,2660
2023-10,Harbor Motor Group,Harbor Chevrolet Marina,OEM Website,internet,286,33,18,15,127082,
2023-10,Harbor Motor Group,Harbor Chevrolet Marina,Lease Retention,campaign,66,16,12,4,28221,
2023-10,Harbor Motor Group,Harbor Chevrolet Marina,Service Conquest,service,38,10,7,3,19653,
2023-10,Harbor Motor Group,Harbor Chevrolet Marina,Direct Mail Q1,campaign,90,4,3,1,10965,4550
2023-10,Harbor Motor Group,Harbor Chevrolet Marina,Walk-In,showroom,61,20,14,6,64469,
2023-10,Harbor Motor Group,Harbor Chevrolet Marina,Inbound Calls,phone,96,20,14,6,58173,
2023-10,Harbor Motor Group,Harbor Chevrolet Marina,Live Chat,chat,65,4,2,2,10152,630
2023-10,Harbor Motor Group,Harbor Chevrolet Marina,FB Marketplace,internet,50,3,2,1,7449,979
2023-10,Harbor Motor Group,Harbor Chevrolet Marina,True Car,internet,100,7,4,3,20116,1819
2023-10,Harbor Motor Group,Harbor Chevrolet Marina,Radio Spot,campaign,2,1,1,0,2580,280
2023-10,Harbor Motor Group,Harbor Ford Portside,auto trader,internet,295,19,10,9,48336,3696
2023-10,Harbor Motor Group,Harbor Ford Portside,Cars .com,internet,185,15,8,7,44639,2728
2023-10,Harbor Motor Group,Harbor Ford Portside,CarGurus,internet,299,18,10,8,54965,3344
2023-10,Harbor Motor Group,Harbor Ford Portside,OEM Website,internet,333,28,15,13,108065,
2023-10,Harbor Motor Group,Harbor Ford Portside,Lease Return,campaign,67,20,14,6,29468,
2023-10,Harbor Motor Group,Harbor Ford Portside,Svc Conquest,service,49,12,9,3,25539,
2023-10,Harbor Motor Group,Harbor Ford Portside,Direct Mail,campaign,115,12,9,3,32783,5720
2023-10,Harbor Motor Group,Harbor Ford Portside,Showroom,showroom,82,23,17,6,83764,
2023-10,Harbor Motor Group,Harbor Ford Portside,Inbound Calls,phone,129,21,15,6,67968,
2023-10,Harbor Motor Group,Harbor Ford Portside,Live Chat,chat,76,6,3,3,17068,792
2023-10,Harbor Motor Group,Harbor Ford Portside,Facebook Marketplace,internet,71,2,1,1,3999,1232
2023-10,Harbor Motor Group,Harbor Ford Portside,TrueCar,internet,138,9,5,4,25239,2288
2023-10,Harbor Motor Group,Harbor Ford Portside,Radio Spot,campaign,2,0,0,0,0,352
2023-10,Harbor Motor Group,Harbor Honda Seaside,ATC,internet,242,17,9,8,47846,3360
2023-10,Harbor Motor Group,Harbor Honda Seaside,Cars .com,internet,135,10,6,4,27518,2480
2023-10,Harbor Motor Group,Harbor Honda Seaside,CarGurus,internet,260,11,6,5,29895,3040
2023-10,Harbor Motor Group,Harbor Honda Seaside,Dealer Website,internet,344,46,25,21,170833,
2023-10,Harbor Motor Group,Harbor Honda Seaside,Lease Retention,campaign,67,20,14,6,33681,
2023-10,Harbor Motor Group,Harbor Honda Seaside,Svc Conquest,service,42,4,3,1,7919,
2023-10,Harbor Motor Group,Harbor Honda Seaside,Direct Mail Q1,campaign,104,13,9,4,36399,5200
2023-10,Harbor Motor Group,Harbor Honda Seaside,Showroom,showroom,74,21,15,6,77434,
2023-10,Harbor Motor Group,Harbor Honda Seaside,Phone Up,phone,121,18,13,5,53867,
2023-10,Harbor Motor Group,Harbor Honda Seaside,Live Chat,chat,67,4,2,2,9640,720
2023-10,Harbor Motor Group,Harbor Honda Seaside,Facebook,internet,80,7,4,3,17651,1120
2023-10,Harbor Motor Group,Harbor Honda Seaside,TrueCar,internet,118,7,4,3,15669,2080
2023-10,Harbor Motor Group,Harbor Honda Seaside,Radio,campaign,2,0,0,0,0,320
2023-10,Harbor Motor Group,Harbor Jeep Ram Anchor,AutoTrader.com,internet,235,20,11,9,60372,2772
2023-10,Harbor Motor Group,Harbor Jeep Ram Anchor,Cars .com,internet,133,13,7,6,44829,2046
2023-10,Harbor Motor Group,Harbor Jeep Ram Anchor,cargurus.com,internet,225,10,6,4,28570,2508
2023-10,Harbor Motor Group,Harbor Jeep Ram Anchor,OEM Website,internet,270,39,21,18,144493,
2023-10,Harbor Motor Group,Harbor Jeep Ram Anchor,Lease Retention,campaign,64,21,15,6,38229,
2023-10,Harbor Motor Group,Harbor Jeep Ram Anchor,Svc Conquest,service,44,9,6,3,18217,
2023-10,Harbor Motor Group,Harbor Jeep Ram Anchor,Direct Mail,campaign,98,5,4,1,11320,4290
2023-10,Harbor Motor Group,Harbor Jeep Ram Anchor,Walk-In,showroom,63,22,16,6,89069,
2023-10,Harbor Motor Group,Harbor Jeep Ram Anchor,Phone Up,phone,99,17,12,5,55151,
2023-10,Harbor Motor Group,Harbor Jeep Ram Anchor,Chat,chat,54,3,2,1,7649,594
2023-10,Harbor Motor Group,Harbor Jeep Ram Anchor,Facebook,internet,49,3,2,1,6193,924
2023-10,Harbor Motor Group,Harbor Jeep Ram Anchor,TrueCar,internet,80,2,1,1,4480,1716
2023-10,Harbor Motor Group,Harbor Jeep Ram Anchor,Radio Spot,campaign,2,0,0,0,0,264
2023-10,Harbor Motor Group,Harbor Kia Lighthouse,ATC,internet,155,11,6,5,30217,2184
2023-10,Harbor Motor Group,Harbor Kia Lighthouse,CARS,internet,102,12,7,5,34694,1612
2023-10,Harbor Motor Group,Harbor Kia Lighthouse,CarGurus,internet,168,11,6,5,34406,1976
2023-10,Harbor Motor Group,Harbor Kia Lighthouse,Dealer Website,internet,225,20,11,9,60050,
2023-10,Harbor Motor Group,Harbor Kia Lighthouse,Lease Retention,campaign,43,11,8,3,19399,
2023-10,Harbor Motor Group,Harbor Kia Lighthouse,Svc Conquest,service,27,4,3,1,7287,
2023-10,Harbor Motor Group,Harbor Kia Lighthouse,Direct Mail,campaign,64,7,5,2,16797,3380
2023-10,Harbor Motor Group,Harbor Kia Lighthouse,Walk In,showroom,54,20,14,6,80508,
2023-10,Harbor Motor Group,Harbor Kia Lighthouse,Inbound Calls,phone,64,15,11,4,40940,
2023-10,Harbor Motor Group,Harbor Kia Lighthouse,Website Chat,chat,45,6,3,3,15674,468
2023-10,Harbor Motor Group,Harbor Kia Lighthouse,Facebook,internet,51,3,2,1,7080,728
2023-10,Harbor Motor Group,Harbor Kia Lighthouse,True Car,internet,64,7,4,3,15354,1352
2023-10,Harbor Motor Group,Harbor Kia Lighthouse,Radio Spot,campaign,1,0,0,0,0,208
2023-10,Harbor Motor Group,Harbor Subaru Tidewater,auto trader,internet,159,13,7,6,34692,1974
2023-10,Harbor Motor Group,Harbor Subaru Tidewater,Cars .com,internet,84,9,5,4,30034,1457
2023-10,Harbor Motor Group,Harbor Subaru Tidewater,Car Gurus,internet,133,9,5,4,21451,1786
2023-10,Harbor Motor Group,Harbor Subaru Tidewater,Dealer Website,internet,167,23,13,10,87376,
2023-10,Harbor Motor Group,Harbor Subaru Tidewater,Lease Return,campaign,47,16,12,4,29978,
2023-10,Harbor Motor Group,Harbor Subaru Tidewater,Service Conquest,service,23,4,3,1,9268,
2023-10,Harbor Motor Group,Harbor Subaru Tidewater,Direct Mail Q1,campaign,64,4,3,1,10815,3055
2023-10,Harbor Motor Group,Harbor Subaru Tidewater,Showroom,showroom,39,7,5,2,28685,
2023-10,Harbor Motor Group,Harbor Subaru Tidewater,Phone Up,phone,75,13,9,4,46234,
2023-10,Harbor Motor Group,Harbor Subaru Tidewater,Website Chat,chat,44,2,1,1,5876,423
2023-10,Harbor Motor Group,Harbor Subaru Tidewater,FB Marketplace,internet,39,2,1,1,4999,658
2023-10,Harbor Motor Group,Harbor Subaru Tidewater,True Car,internet,59,6,3,3,13544,1222
2023-10,Harbor Motor Group,Harbor Subaru Tidewater,Radio Spot,campaign,1,0,0,0,0,188
2023-10,Harbor Motor Group,Harbor Toyota Bayview,Autotrader,internet,336,22,12,10,60322,3990
2023-10,Harbor Motor Group,Harbor Toyota Bayview,Cars .com,internet,154,14,8,6,39881,2945
2023-10,Harbor Motor Group,Harbor Toyota Bayview,cargurus.com,internet,255,16,9,7,49118,3610
2023-10,Harbor Motor Group,Harbor Toyota Bayview,OEM Website,internet,396,49,27,22,151411,
2023-10,Harbor Motor Group,Harbor Toyota Bayview,Lease Return,campaign,79,33,24,9,54558,
2023-10,Harbor Motor Group,Harbor Toyota Bayview,Svc Conquest,service,53,15,11,4,30394,
2023-10,Harbor Motor Group,Harbor Toyota Bayview,Direct Mail,campaign,118,10,7,3,22376,6175
2023-10,Harbor Motor Group,Harbor Toyota Bayview,Walk In,showroom,87,20,14,6,78720,
2023-10,Harbor Motor Group,Harbor Toyota Bayview,Inbound Phone,phone,135,22,16,6,63624,
2023-10,Harbor Motor Group,Harbor Toyota Bayview,Website Chat,chat,86,2,1,1,5585,855
2023-10,Harbor Motor Group,Harbor Toyota Bayview,Facebook Marketplace,internet,77,6,3,3,12057,1330
2023-10,Harbor Motor Group,Harbor Toyota Bayview,True Car,internet,148,15,8,7,42837,2470
2023-10,Harbor Motor Group,Harbor Toyota Bayview,Radio Spot,campaign,3,0,0,0,0,380
2023-10,Summit Auto Group,Summit BMW,Autotrader,internet,271,19,10,9,77276,3486
2023-10,Summit Auto Group,Summit BMW,Cars .com,internet,179,11,6,5,51466,2573
2023-10,Summit Auto Group,Summit BMW,cargurus.com,internet,221,14,8,6,56677,3154
2023-10,Summit Auto Group,Summit BMW,Dealer Website,internet,308,38,21,17,214798,
2023-10,Summit Auto Group,Summit BMW,Lease Return,campaign,68,21,15,6,54046,
2023-10,Summit Auto Group,Summit BMW,Service Conquest,service,45,10,7,3,36641,
2023-10,Summit Auto Group,Summit BMW,Direct Mail,campaign,124,14,10,4,49488,5395
2023-10,Summit Auto Group,Summit BMW,Walk-In,showroom,70,23,17,6,132910,
2023-10,Summit Auto Group,Summit BMW,Inbound Phone,phone,131,26,19,7,112835,
2023-10,Summit Auto Group,Summit BMW,Chat,chat,78,4,2,2,14555,747
2023-10,Summit Auto Group,Summit BMW,Facebook,internet,67,2,1,1,6292,1162
2023-10,Summit Auto Group,Summit BMW,TrueCar,internet,100,3,2,1,10226,2158
2023-10,Summit Auto Group,Summit BMW,Radio,campaign,3,0,0,0,0,332
2023-10,Summit Auto Group,Summit Chevrolet Glenpark,ATC,internet,267,14,8,6,38468,3276
2023-10,Summit Auto Group,Summit Chevrolet Glenpark,Cars .com,internet,157,13,7,6,40352,2418
2023-10,Summit Auto Group,Summit Chevrolet Glenpark,cargurus.com,internet,212,10,6,4,31414,2964
2023-10,Summit Auto Group,Summit Chevrolet Glenpark,Dealer Website,internet,353,44,24,20,164517,
2023-10,Summit Auto Group,Summit Chevrolet Glenpark,Lease Return,campaign,71,15,11,4,23084,
2023-10,Summit Auto Group,Summit Chevrolet Glenpark,Svc Conquest,service,45,2,1,1,4173,
2023-10,Summit Auto Group,Summit Chevrolet Glenpark,Direct Mail,campaign,99,6,4,2,13119,5070
2023-10,Summit Auto Group,Summit Chevrolet Glenpark,Walk In,showroom,68,21,15,6,66856,
2023-10,Summit Auto Group,Summit Chevrolet Glenpark,Inbound Phone,phone,109,16,12,4,52887,
2023-10,Summit Auto Group,Summit Chevrolet Glenpark,Chat,chat,65,4,2,2,10930,702
2023-10,Summit Auto Group,Summit Chevrolet Glenpark,FB Marketplace,internet,80,4,2,2,8439,1092
2023-10,Summit Auto Group,Summit Chevrolet Glenpark,TrueCar,internet,116,14,8,6,34364,2028
2023-10,Summit Auto Group,Summit Chevrolet Glenpark,Radio Spot,campaign,2,0,0,0,0,312
2023-10,Summit Auto Group,Summit Ford Rivera,ATC,internet,292,19,10,9,61304,3864
2023-10,Summit Auto Group,Summit Ford Rivera,Cars.com,internet,178,14,8,6,41621,2852
2023-10,Summit Auto Group,Summit Ford Rivera,cargurus.com,internet,285,16,9,7,48356,3496
2023-10,Summit Auto Group,Summit Ford Rivera,Website,internet,345,43,24,19,126477,
2023-10,Summit Auto Group,Summit Ford Rivera,Lease Retention,campaign,92,26,19,7,38906,
2023-10,Summit Auto Group,Summit Ford Rivera,Service Conquest,service,56,18,13,5,34627,
2023-10,Summit Auto Group,Summit Ford Rivera,Direct Mail Q1,campaign,116,8,6,2,22451,5980
2023-10,Summit Auto Group,Summit Ford Rivera,Showroom,showroom,82,33,24,9,108017,
2023-10,Summit Auto Group,Summit Ford Rivera,Inbound Phone,phone,132,27,19,8,86803,
2023-10,Summit Auto Group,Summit Ford Rivera,Live Chat,chat,81,5,3,2,11771,828
2023-10,Summit Auto Group,Summit Ford Rivera,Facebook,internet,82,4,2,2,9370,1288
2023-10,Summit Auto Group,Summit Ford Rivera,TrueCar,internet,138,5,3,2,12540,2392
2023-10,Summit Auto Group,Summit Ford Rivera,Radio,campaign,2,0,0,0,0,368
2023-10,Summit Auto Group,Summit Honda Westland,auto trader,internet,284,23,13,10,68553,3612
2023-10,Summit Auto Group,Summit Honda Westland,Cars.com,internet,165,13,7,6,44663,2666
2023-10,Summit Auto Group,Summit Honda Westland,CarGurus,internet,225,11,6,5,26474,3268
2023-10,Summit Auto Group,Summit Honda Westland,Dealer Website,internet,345,37,20,17,113797,
2023-10,Summit Auto Group,Summit Honda Westland,Lease Return,campaign,77,21,15,6,34985,
2023-10,Summit Auto Group,Summit Honda Westland,Svc Conquest,service,50,13,9,4,24794,
2023-10,Summit Auto Group,Summit Honda Westland,Direct Mail Q1,campaign,111,13,9,4,29386,5590
2023-10,Summit Auto Group,Summit Honda Westland,Walk In,showroom,84,37,27,10,130259,
2023-10,Summit Auto Group,Summit Honda Westland,Inbound Calls,phone,109,20,14,6,59164,
2023-10,Summit Auto Group,Summit Honda Westland,Website Chat,chat,76,9,5,4,22158,774
2023-10,Summit Auto Group,Summit Honda Westland,Facebook,internet,66,3,2,1,6408,1204
2023-10,Summit Auto Group,Summit Honda Westland,True Car,internet,133,7,4,3,19437,2236
2023-10,Summit Auto Group,Summit Honda Westland,Radio Spot,campaign,2,0,0,0,0,344
2023-10,Summit Auto Group,Summit Hyundai Oakhurst,ATC,internet,205,16,9,7,46925,2436
2023-10,Summit Auto Group,Summit Hyundai Oakhurst,Cars .com,internet,105,14,8,6,48694,1797
2023-10,Summit Auto Group,Summit Hyundai Oakhurst,CarGurus,internet,184,13,7,6,33497,2204
2023-10,Summit Auto Group,Summit Hyundai Oakhurst,Website,internet,217,23,13,10,89195,
2023-10,Summit Auto Group,Summit Hyundai Oakhurst,Lease Return,campaign,49,9,6,3,15001,
2023-10,Summit Auto Group,Summit Hyundai Oakhurst,Svc Conquest,service,32,4,3,1,7193,
2023-10,Summit Auto Group,Summit Hyundai Oakhurst,Direct Mail Q1,campaign,75,7,5,2,16483,3769
2023-10,Summit Auto Group,Summit Hyundai Oakhurst,Showroom,showroom,52,13,9,4,46084,
2023-10,Summit Auto Group,Summit Hyundai Oakhurst,Inbound Calls,phone,72,20,14,6,70913,
2023-10,Summit Auto Group,Summit Hyundai Oakhurst,Live Chat,chat,49,5,3,2,11515,522
2023-10,Summit Auto Group,Summit Hyundai Oakhurst,Facebook,internet,44,1,1,0,2130,812
2023-10,Summit Auto Group,Summit Hyundai Oakhurst,True Car,internet,84,4,2,2,9049,1508
2023-10,Summit Auto Group,Summit Hyundai Oakhurst,Radio,campaign,2,0,0,0,0,231
2023-10,Summit Auto Group,Summit Jeep Ram Clearwater,AutoTrader.com,internet,238,15,8,7,47322,2982
2023-10,Summit Auto Group,Summit Jeep Ram Clearwater,Cars .com,internet,130,15,8,7,52061,2201
2023-10,Summit Auto Group,Summit Jeep Ram Clearwater,Car Gurus,internet,214,17,9,8,42288,2698
2023-10,Summit Auto Group,Summit Jeep Ram Clearwater,Website,internet,270,27,15,12,97073,
2023-10,Summit Auto Group,Summit Jeep Ram Clearwater,Lease Return,campaign,59,14,10,4,24479,
2023-10,Summit Auto Group,Summit Jeep Ram Clearwater,Svc Conquest,service,47,7,5,2,16665,
2023-10,Summit Auto Group,Summit Jeep Ram Clearwater,Direct Mail,campaign,100,9,6,3,24626,4615
2023-10,Summit Auto Group,Summit Jeep Ram Clearwater,Walk In,showroom,66,23,17,6,94027,
2023-10,Summit Auto Group,Summit Jeep Ram Clearwater,Inbound Calls,phone,93,17,12,5,50834,
2023-10,Summit Auto Group,Summit Jeep Ram Clearwater,Live Chat,chat,62,4,2,2,11541,639
2023-10,Summit Auto Group,Summit Jeep Ram Clearwater,Facebook,internet,74,4,2,2,9885,994
2023-10,Summit Auto Group,Summit Jeep Ram Clearwater,True Car,internet,84,7,4,3,16336,1846
2023-10,Summit Auto Group,Summit Jeep Ram Clearwater,Radio,campaign,2,0,0,0,0,284
2023-10,Summit Auto Group,Summit Kia Brookfield,AutoTrader.com,internet,165,7,4,3,21385,2310
2023-10,Summit Auto Group,Summit Kia Brookfield,CARS,internet,91,9,5,4,30220,1705
2023-10,Summit Auto Group,Summit Kia Brookfield,Car Gurus,internet,158,10,6,4,31795,2090
2023-10,Summit Auto Group,Summit Kia Brookfield,OEM Website,internet,218,25,14,11,75857,
2023-10,Summit Auto Group,Summit Kia Brookfield,Lease Return,campaign,53,14,10,4,24093,
2023-10,Summit Auto Group,Summit Kia Brookfield,Service Conquest,service,32,9,6,3,17384,
2023-10,Summit Auto Group,Summit Kia Brookfield,Direct Mail Q1,campaign,59,3,2,1,7804,3575
2023-10,Summit Auto Group,Summit Kia Brookfield,Showroom,showroom,46,17,12,5,64460,
2023-10,Summit Auto Group,Summit Kia Brookfield,Inbound Calls,phone,79,19,14,5,62549,
2023-10,Summit Auto Group,Summit Kia Brookfield,Live Chat,chat,53,5,3,2,14543,495
2023-10,Summit Auto Group,Summit Kia Brookfield,Facebook,internet,45,1,1,0,2161,770
2023-10,Summit Auto Group,Summit Kia Brookfield,True Car,internet,83,7,4,3,17191,1430
2023-10,Summit Auto Group,Summit Kia Brookfield,Radio Spot,campaign,1,1,1,0,2639,220
2023-10,Summit Auto Group,Summit Mazda Lakeside,AutoTrader.com,internet,122,15,8,7,43943,1848
2023-10,Summit Auto Group,Summit Mazda Lakeside,Cars.com,internet,81,6,3,3,17863,1364
2023-10,Summit Auto Group,Summit Mazda Lakeside,CarGurus,internet,139,4,2,2,11192,1672
2023-10,Summit Auto Group,Summit Mazda Lakeside,Dealer Website,internet,184,19,10,9,66870,
2023-10,Summit Auto Group,Summit Mazda Lakeside,Lease Return,campaign,41,11,8,3,20654,
2023-10,Summit Auto Group,Summit Mazda Lakeside,Svc Conquest,service,23,3,2,1,7123,
2023-10,Summit Auto Group,Summit Mazda Lakeside,Direct Mail,campaign,56,3,2,1,7756,2860
2023-10,Summit Auto Group,Summit Mazda Lakeside,Walk In,showroom,43,11,8,3,41729,
2023-10,Summit Auto Group,Summit Mazda Lakeside,Phone Up,phone,55,11,8,3,29980,
2023-10,Summit Auto Group,Summit Mazda Lakeside,Website Chat,chat,38,3,2,1,8476,396
2023-10,Summit Auto Group,Summit Mazda Lakeside,Facebook,internet,46,2,1,1,4485,616
2023-10,Summit Auto Group,Summit Mazda Lakeside,True Car,internet,68,3,2,1,8171,1144
2023-10,Summit Auto Group,Summit Mazda Lakeside,Radio Spot,campaign,1,0,0,0,0,176
2023-10,Summit Auto Group,Summit Nissan Ridgemont,auto trader,internet,226,18,10,8,56166,2688
2023-10,Summit Auto Group,Summit Nissan Ridgemont,CARS,internet,110,10,6,4,27032,1984
2023-10,Summit Auto Group,Summit Nissan Ridgemont,CarGurus,internet,182,11,6,5,30249,2432
2023-10,Summit Auto Group,Summit Nissan Ridgemont,Dealer Website,internet,234,36,20,16,135129,
2023-10,Summit Auto Group,Summit Nissan Ridgemont,Lease Retention,campaign,48,12,9,3,21683,
2023-10,Summit Auto Group,Summit Nissan Ridgemont,Svc Conquest,service,34,9,6,3,20566,
2023-10,Summit Auto Group,Summit Nissan Ridgemont,Direct Mail Q1,campaign,84,5,4,1,12331,4160
2023-10,Summit Auto Group,Summit Nissan Ridgemont,Walk-In,showroom,55,19,14,5,64398,
2023-10,Summit Auto Group,Summit Nissan Ridgemont,Inbound Calls,phone,80,22,16,6,66086,
2023-10,Summit Auto Group,Summit Nissan Ridgemont,Live Chat,chat,63,7,4,3,17619,576
2023-10,Summit Auto Group,Summit Nissan Ridgemont,Facebook,internet,57,2,1,1,3980,896
2023-10,Summit Auto Group,Summit Nissan Ridgemont,TrueCar,internet,87,14,8,6,34225,1664
2023-10,Summit Auto Group,Summit Nissan Ridgemont,Radio,campaign,2,0,0,0,0,256
2023-10,Summit Auto Group,Summit Subaru Northgate,Autotrader,internet,148,9,5,4,29350,2058
2023-10,Summit Auto Group,Summit Subaru Northgate,CARS,internet,95,12,7,5,35957,1519
2023-10,Summit Auto Group,Summit Subaru Northgate,CarGurus,internet,159,7,4,3,20016,1862
2023-10,Summit Auto Group,Summit Subaru Northgate,OEM Website,internet,218,27,15,12,84400,
2023-10,Summit Auto Group,Summit Subaru Northgate,Lease Return,campaign,39,8,6,2,15594,
2023-10,Summit Auto Group,Summit Subaru Northgate,Svc Conquest,service,31,2,1,1,4416,
2023-10,Summit Auto Group,Summit Subaru Northgate,Direct Mail Q1,campaign,69,7,5,2,17631,3185
2023-10,Summit Auto Group,Summit Subaru Northgate,Walk-In,showroom,47,10,7,3,33167,
2023-10,Summit Auto Group,Summit Subaru Northgate,Phone Up,phone,65,13,9,4,37018,
2023-10,Summit Auto Group,Summit Subaru Northgate,Website Chat,chat,37,2,1,1,5590,441
2023-10,Summit Auto Group,Summit Subaru Northgate,Facebook Marketplace,internet,43,2,1,1,4091,686
2023-10,Summit Auto Group,Summit Subaru Northgate,True Car,internet,60,5,3,2,12484,1274
2023-10,Summit Auto Group,Summit Subaru Northgate,Radio,campaign,1,0,0,0,0,196
2023-10,Summit Auto Group,Summit Toyota of Fairview,auto trader,internet,335,28,15,13,71313,4200
2023-10,Summit Auto Group,Summit Toyota of Fairview,CARS,internet,210,15,8,7,50268,3100
2023-10,Summit Auto Group,Summit Toyota of Fairview,Car Gurus,internet,341,22,12,10,54075,3800
2023-10,Summit Auto Group,Summit Toyota of Fairview,Dealer Website,internet,384,64,35,29,228511,
2023-10,Summit Auto Group,Summit Toyota of Fairview,Lease Retention,campaign,97,31,22,9,58580,
2023-10,Summit Auto Group,Summit Toyota of Fairview,Svc Conquest,service,55,15,11,4,27911,
2023-10,Summit Auto Group,Summit Toyota of Fairview,Direct Mail Q1,campaign,146,10,7,3,21261,6500
2023-10,Summit Auto Group,Summit Toyota of Fairview,Showroom,showroom,103,22,16,6,72140,
2023-10,Summit Auto Group,Summit Toyota of Fairview,Inbound Calls,phone,149,25,18,7,72077,
2023-10,Summit Auto Group,Summit Toyota of Fairview,Chat,chat,75,8,4,4,22101,900
2023-10,Summit Auto Group,Summit Toyota of Fairview,FB Marketplace,internet,87,5,3,2,12318,1400
2023-10,Summit Auto Group,Summit Toyota of Fairview,True Car,internet,153,8,4,4,18675,2600
2023-10,Summit Auto Group,Summit Toyota of Fairview,Radio Spot,campaign,3,0,0,0,0,400
2023-10,Summit Auto Group,Summit Volkswagen Eastdale,auto trader,internet,144,14,8,6,45065,1680
2023-10,Summit Auto Group,Summit Volkswagen Eastdale,Cars .com,internet,84,6,3,3,17231,1240
2023-10,Summit Auto Group,Summit Volkswagen Eastdale,Car Gurus,internet,114,8,4,4,24350,1520
2023-10,Summit Auto Group,Summit Volkswagen Eastdale,Dealer Website,internet,176,15,8,7,55317,
2023-10,Summit Auto Group,Summit Volkswagen Eastdale,Lease Retention,campaign,34,6,4,2,10538,
2023-10,Summit Auto Group,Summit Volkswagen Eastdale,Service Conquest,service,25,6,4,2,14249,
2023-10,Summit Auto Group,Summit Volkswagen Eastdale,Direct Mail Q1,campaign,48,4,3,1,9749,2600
2023-10,Summit Auto Group,Summit Volkswagen Eastdale,Walk-In,showroom,36,10,7,3,38503,
2023-10,Summit Auto Group,Summit Volkswagen Eastdale,Phone Up,phone,62,7,5,2,22641,
2023-10,Summit Auto Group,Summit Volkswagen Eastdale,Chat,chat,31,2,1,1,5324,360
2023-10,Summit Auto Group,Summit Volkswagen Eastdale,Facebook,internet,30,2,1,1,3830,560
2023-10,Summit Auto Group,Summit Volkswagen Eastdale,True Car,internet,56,3,2,1,7127,1040
2023-10,Summit Auto Group,Summit Volkswagen Eastdale,Radio Spot,campaign,1,0,0,0,0,160
2023-11,Harbor Motor Group,Harbor BMW,auto trader,internet,270,13,7,6,55254,3276
2023-11,Harbor Motor Group,Harbor BMW,Cars.com,internet,129,8,4,4,39818,2418
2023-11,Harbor Motor Group,Harbor BMW,Car Gurus,internet,218,18,10,8,81471,2964
2023-11,Harbor Motor Group,Harbor BMW,Dealer Website,internet,334,39,21,18,182217,
2023-11,Harbor Motor Group,Harbor BMW,Lease Retention,campaign,64,18,13,5,44323,
2023-11,Harbor Motor Group,Harbor BMW,Svc Conquest,service,50,13,9,4,48629,
2023-11,Harbor Motor Group,Harbor BMW,Direct Mail Q1,campaign,88,12,9,3,46260,5070
2023-11,Harbor Motor Group,Harbor BMW,Walk In,showroom,64,20,14,6,112819,
2023-11,Harbor Motor Group,Harbor BMW,Phone Up,phone,99,16,12,4,83988,
2023-11,Harbor Motor Group,Harbor BMW,Website Chat,chat,64,1,1,0,4306,702
2023-11,Harbor Motor Group,Harbor BMW,Facebook Marketplace,internet,59,3,2,1,9061,1092
2023-11,Harbor Motor Group,Harbor BMW,True Car,internet,104,5,3,2,21262,2028
2023-11,Harbor Motor Group,Harbor BMW,Radio Spot,campaign,2,0,0,0,0,312
2023-11,Harbor Motor Group,Harbor Chevrolet Marina,auto trader,internet,255,19,10,9,54486,2940
2023-11,Harbor Motor Group,Harbor Chevrolet Marina,Cars.com,internet,123,12,7,5,37427,2170
2023-11,Harbor Motor Group,Harbor Chevrolet Marina,Car Gurus,internet,221,11,6,5,31515,2660
2023-11,Harbor Motor Group,Harbor Chevrolet Marina,OEM Website,internet,248,36,20,16,136870,
2023-11,Harbor Motor Group,Harbor Chevrolet Marina,Lease Retention,campaign,68,20,14,6,29997,
2023-11,Harbor Motor Group,Harbor Chevrolet Marina,Service Conquest,service,47,9,6,3,18782,
2023-11,Harbor Motor Group,Harbor Chevrolet Marina,Direct Mail Q1,campaign,98,12,9,3,26180,4550
2023-11,Harbor Motor Group,Harbor Chevrolet Marina,Walk-In,showroom,74,24,17,7,86138,
2023-11,Harbor Motor Group,Harbor Chevrolet Marina,Inbound Calls,phone,95,20,14,6,55993,
2023-11,Harbor Motor Group,Harbor Chevrolet Marina,Live Chat,chat,60,2,1,1,4650,630
2023-11,Harbor Motor Group,Harbor Chevrolet Marina,FB Marketplace,internet,55,4,2,2,7832,979
2023-11,Harbor Motor Group,Harbor Chevrolet Marina,True Car,internet,80,5,3,2,12723,1819
2023-11,Harbor Motor Group,Harbor Chevrolet Marina,Radio Spot,campaign,1,0,0,0,0,280
2023-11,Harbor Motor Group,Harbor Ford Portside,auto trader,internet,263,16,9,7,45357,3696
2023-11,Harbor Motor Group,Harbor Ford Portside,Cars .com,internet,166,16,9,7,42570,2728
2023-11,Harbor Motor Group,Harbor Ford Portside,CarGurus,internet,236,15,8,7,46275,3344
2023-11,Harbor Motor Group,Harbor Ford Portside,OEM Website,internet,308,44,24,20,150718,
2023-11,Harbor Motor Group,Harbor Ford Portside,Lease Return,campaign,64,13,9,4,18943,
2023-11,Harbor Motor Group,Harbor Ford Portside,Svc Conquest,service,44,10,7,3,19163,
2023-11,Harbor Motor Group,Harbor Ford Portside,Direct Mail,campaign,117,11,8,3,23552,5720
2023-11,Harbor Motor Group,Harbor Ford Portside,Showroom,showroom,86,28,20,8,103041,
2023-11,Harbor Motor Group,Harbor Ford Portside,Inbound Calls,phone,111,15,11,4,47282,
2023-11,Harbor Motor Group,Harbor Ford Portside,Live Chat,chat,69,4,2,2,10656,792
2023-11,Harbor Motor Group,Harbor Ford Portside,Facebook Marketplace,internet,75,4,2,2,9336,1232
2023-11,Harbor Motor Group,Harbor Ford Portside,TrueCar,internet,103,9,5,4,25620,2288
2023-11,Harbor Motor Group,Harbor Ford Portside,Radio Spot,campaign,3,0,0,0,0,352
2023-11,Harbor Motor Group,Harbor Honda Seaside,ATC,internet,289,17,9,8,56640,3360
2023-11,Harbor Motor Group,Harbor Honda Seaside,Cars .com,internet,134,10,6,4,29156,2480
2023-11,Harbor Motor Group,Harbor Honda Seaside,CarGurus,internet,212,10,6,4,26076,3040
2023-11,Harbor Motor Group,Harbor Honda Seaside,Dealer Website,internet,347,39,21,18,145119,
2023-11,Harbor Motor Group,Harbor Honda Seaside,Lease Retention,campaign,78,19,14,5,34216,
2023-11,Harbor Motor Group,Harbor Honda Seaside,Svc Conquest,service,39,13,9,4,23280,
2023-11,Harbor Motor Group,Harbor Honda Seaside,Direct Mail Q1,campaign,104,12,9,3,32712,5200
2023-11,Harbor Motor Group,Harbor Honda Seaside,Showroom,showroom,87,33,24,9,118632,
2023-11,Harbor Motor Group,Harbor Honda Seaside,Phone Up,phone,97,24,17,7,80019,
2023-11,Harbor Motor Group,Harbor Honda Seaside,Live Chat,chat,70,3,2,1,7520,720
2023-11,Harbor Motor Group,Harbor Honda Seaside,Facebook,internet,65,3,2,1,5697,1120
2023-11,Harbor Motor Group,Harbor Honda Seaside,TrueCar,internet,102,12,7,5,29955,2080
2023-11,Harbor Motor Group,Harbor Honda Seaside,Radio,campaign,2,0,0,0,0,320
2023-11,Harbor Motor Group,Harbor Jeep Ram Anchor,AutoTrader.com,internet,199,16,9,7,53113,2772
2023-11,Harbor Motor Group,Harbor Jeep Ram Anchor,Cars .com,internet,121,19,10,9,52167,2046
2023-11,Harbor Motor Group,Harbor Jeep Ram Anchor,cargurus.com,internet,184,13,7,6,31790,2508
2023-11,Harbor Motor Group,Harbor Jeep Ram Anchor,OEM Website,internet,285,28,15,13,106398,
2023-11,Harbor Motor Group,Harbor Jeep Ram Anchor,Lease Retention,campaign,53,22,16,6,33502,
2023-11,Harbor Motor Group,Harbor Jeep Ram Anchor,Svc Conquest,service,44,12,9,3,27174,
2023-11,Harbor Motor Group,Harbor Jeep Ram Anchor,Direct Mail,campaign,83,10,7,3,26259,4290
2023-11,Harbor Motor Group,Harbor Jeep Ram Anchor,Walk-In,showroom,56,19,14,5,73185,
2023-11,Harbor Motor Group,Harbor Jeep Ram Anchor,Phone Up,phone,83,10,7,3,29608,
2023-11,Harbor Motor Group,Harbor Jeep Ram Anchor,Chat,chat,62,2,1,1,5055,594
2023-11,Harbor Motor Group,Harbor Jeep Ram Anchor,Facebook,internet,62,5,3,2,9355,924
2023-11,Harbor Motor Group,Harbor Jeep Ram Anchor,TrueCar,internet,77,1,1,0,2243,1716
2023-11,Harbor Motor Group,Harbor Jeep Ram Anchor,Radio Spot,campaign,2,0,0,0,0,264
2023-11,Harbor Motor Group,Harbor Kia Lighthouse,ATC,internet,185,11,6,5,29089,2184
2023-11,Harbor Motor Group,Harbor Kia Lighthouse,CARS,internet,96,7,4,3,23132,1612
2023-11,Harbor Motor Group,Harbor Kia Lighthouse,CarGurus,internet,136,7,4,3,18381,1976
2023-11,Harbor Motor Group,Harbor Kia Lighthouse,Dealer Website,internet,210,28,15,13,89644,
2023-11,Harbor Motor Group,Harbor Kia Lighthouse,Lease Retention,campaign,49,11,8,3,17983,
2023-11,Harbor Motor Group,Harbor Kia Lighthouse,Svc Conquest,service,33,10,7,3,20672,
2023-11,Harbor Motor Group,Harbor Kia Lighthouse,Direct Mail,campaign,75,10,7,3,21680,3380
2023-11,Harbor Motor Group,Harbor Kia Lighthouse,Walk In,showroom,56,21,15,6,81243,
2023-11,Harbor Motor Group,Harbor Kia Lighthouse,Inbound Calls,phone,69,16,12,4,55435,
2023-11,Harbor Motor Group,Harbor Kia Lighthouse,Website Chat,chat,51,2,1,1,4628,468
2023-11,Harbor Motor Group,Harbor Kia Lighthouse,Facebook,internet,39,2,1,1,4412,728
2023-11,Harbor Motor Group,Harbor Kia Lighthouse,True Car,internet,78,7,4,3,16400,1352
2023-11,Harbor Motor Group,Harbor Kia Lighthouse,Radio Spot,campaign,1,0,0,0,0,208
2023-11,Harbor Motor Group,Harbor Subaru Tidewater,auto trader,internet,137,6,3,3,17244,1974
2023-11,Harbor Motor Group,Harbor Subaru Tidewater,Cars .com,internet,87,3,2,1,9192,1457
2023-11,Harbor Motor Group,Harbor Subaru Tidewater,Car Gurus,internet,154,11,6,5,26829,1786
2023-11,Harbor Motor Group,Harbor Subaru Tidewater,Dealer Website,internet,217,27,15,12,91791,
2023-11,Harbor Motor Group,Harbor Subaru Tidewater,Lease Return,campaign,37,8,6,2,15011,
2023-11,Harbor Motor Group,Harbor Subaru Tidewater,Service Conquest,service,23,2,1,1,4324,
2023-11,Harbor Motor Group,Harbor Subaru Tidewater,Direct Mail Q1,campaign,59,7,5,2,18112,3055
2023-11,Harbor Motor Group,Harbor Subaru Tidewater,Showroom,showroom,49,23,17,6,81187,
2023-11,Harbor Motor Group,Harbor Subaru Tidewater,Phone Up,phone,61,13,9,4,37792,
2023-11,Harbor Motor Group,Harbor Subaru Tidewater,Website Chat,chat,39,1,1,0,2832,423
2023-11,Harbor Motor Group,Harbor Subaru Tidewater,FB Marketplace,internet,35,2,1,1,4593,658
2023-11,Harbor Motor Group,Harbor Subaru Tidewater,True Car,internet,67,5,3,2,13404,1222
2023-11,Harbor Motor Group,Harbor Subaru Tidewater,Radio Spot,campaign,1,0,0,0,0,188
2023-11,Harbor Motor Group,Harbor Toyota Bayview,Autotrader,internet,265,26,14,12,71000,3990
2023-11,Harbor Motor Group,Harbor Toyota Bayview,Cars .com,internet,166,7,4,3,18982,2945
2023-11,Harbor Motor Group,Harbor Toyota Bayview,cargurus.com,internet,310,17,9,8,43761,3610
2023-11,Harbor Motor Group,Harbor Toyota Bayview,OEM Website,internet,361,44,24,20,168166,
2023-11,Harbor Motor Group,Harbor Toyota Bayview,Lease Return,campaign,90,28,20,8,47998,
2023-11,Harbor Motor Group,Harbor Toyota Bayview,Svc Conquest,service,59,21,15,6,47510,
2023-11,Harbor Motor Group,Harbor Toyota Bayview,Direct Mail,campaign,127,14,10,4,31531,6175
2023-11,Harbor Motor Group,Harbor Toyota Bayview,Walk In,showroom,97,33,24,9,122776,
2023-11,Harbor Motor Group,Harbor Toyota Bayview,Inbound Phone,phone,139,20,14,6,65806,
2023-11,Harbor Motor Group,Harbor Toyota Bayview,Website Chat,chat,78,5,3,2,13553,855
2023-11,Harbor Motor Group,Harbor Toyota Bayview,Facebook Marketplace,internet,76,0,0,0,0,1330
2023-11,Harbor Motor Group,Harbor Toyota Bayview,True Car,internet,127,6,3,3,14444,2470
2023-11,Harbor Motor Group,Harbor Toyota Bayview,Radio Spot,campaign,2,0,0,0,0,380
2023-11,Summit Auto Group,Summit BMW,Autotrader,internet,288,19,10,9,78538,3486
2023-11,Summit Auto Group,Summit BMW,Cars .com,internet,174,19,10,9,88972,2573
2023-11,Summit Auto Group,Summit BMW,cargurus.com,internet,209,24,13,11,97172,3154
2023-11,Summit Auto Group,Summit BMW,Dealer Website,internet,304,37,20,17,201569,
2023-11,Summit Auto Group,Summit BMW,Lease Return,campaign,61,18,13,5,54307,
2023-11,Summit Auto Group,Summit BMW,Service Conquest,service,53,5,4,1,15049,
2023-11,Summit Auto Group,Summit BMW,Direct Mail,campaign,121,9,6,3,33883,5395
2023-11,Summit Auto Group,Summit BMW,Walk-In,showroom,81,36,26,10,221531,
2023-11,Summit Auto Group,Summit BMW,Inbound Phone,phone,114,18,13,5,86396,
2023-11,Summit Auto Group,Summit BMW,Chat,chat,72,5,3,2,22563,747
2023-11,Summit Auto Group,Summit BMW,Facebook,internet,71,0,0,0,0,1162
2023-11,Summit Auto Group,Summit BMW,TrueCar,internet,111,8,4,4,32725,2158
2023-11,Summit Auto Group,Summit BMW,Radio,campaign,2,1,1,0,3868,332
2023-11,Summit Auto Group,Summit Chevrolet Glenpark,ATC,internet,263,13,7,6,40715,3276
2023-11,Summit Auto Group,Summit Chevrolet Glenpark,Cars .com,internet,163,14,8,6,42448,2418
2023-11,Summit Auto Group,Summit Chevrolet Glenpark,cargurus.com,internet,202,19,10,9,56646,2964
2023-11,Summit Auto Group,Summit Chevrolet Glenpark,Dealer Website,internet,323,34,19,15,108182,
2023-11,Summit Auto Group,Summit Chevrolet Glenpark,Lease Return,campaign,74,20,14,6,38281,
2023-11,Summit Auto Group,Summit Chevrolet Glenpark,Svc Conquest,service,40,11,8,3,25319,
2023-11,Summit Auto Group,Summit Chevrolet Glenpark,Direct Mail,campaign,100,12,9,3,31301,5070
2023-11,Summit Auto Group,Summit Chevrolet Glenpark,Walk In,showroom,84,26,19,7,98817,
2023-11,Summit Auto Group,Summit Chevrolet Glenpark,Inbound Phone,phone,97,22,16,6,61032,
2023-11,Summit Auto Group,Summit Chevrolet Glenpark,Chat,chat,65,5,3,2,11629,702
2023-11,Summit Auto Group,Summit Chevrolet Glenpark,FB Marketplace,internet,82,2,1,1,4795,1092
2023-11,Summit Auto Group,Summit Chevrolet Glenpark,TrueCar,internet,100,9,5,4,23508,2028
2023-11,Summit Auto Group,Summit Chevrolet Glenpark,Radio Spot,campaign,2,0,0,0,0,312
2023-11,Summit Auto Group,Summit Ford Rivera,ATC,internet,264,23,13,10,72194,3864
2023-11,Summit Auto Group,Summit Ford Rivera,Cars.com,internet,200,13,7,6,37616,2852
2023-11,Summit Auto Group,Summit Ford Rivera,cargurus.com,internet,300,16,9,7,45623,3496
2023-11,Summit Auto Group,Summit Ford Rivera,Website,internet,383,57,31,26,219449,
2023-11,Summit Auto Group,Summit Ford Rivera,Lease Retention,campaign,88,38,27,11,68725,
2023-11,Summit Auto Group,Summit Ford Rivera,Service Conquest,service,61,13,9,4,27386,
2023-11,Summit Auto Group,Summit Ford Rivera,Direct Mail Q1,campaign,106,11,8,3,26862,5980
2023-11,Summit Auto Group,Summit Ford Rivera,Showroom,showroom,82,29,21,8,93378,
2023-11,Summit Auto Group,Summit Ford Rivera,Inbound Phone,phone,138,25,18,7,76639,
2023-11,Summit Auto Group,Summit Ford Rivera,Live Chat,chat,76,3,2,1,8911,828
2023-11,Summit Auto Group,Summit Ford Rivera,Facebook,internet,69,8,4,4,17774,1288
2023-11,Summit Auto Group,Summit Ford Rivera,TrueCar,internet,126,9,5,4,20594,2392
2023-11,Summit Auto Group,Summit Ford Rivera,Radio,campaign,3,0,0,0,0,368
2023-11,Summit Auto Group,Summit Honda Westland,auto trader,internet,310,20,11,9,58744,3612
2023-11,Summit Auto Group,Summit Honda Westland,Cars.com,internet,187,16,9,7,53527,2666
2023-11,Summit Auto Group,Summit Honda Westland,CarGurus,internet,260,15,8,7,43531,3268
2023-11,Summit Auto Group,Summit Honda Westland,Dealer Website,internet,332,35,19,16,134918,
2023-11,Summit Auto Group,Summit Honda Westland,Lease Return,campaign,74,23,17,6,36598,
2023-11,Summit Auto Group,Summit Honda Westland,Svc Conquest,service,44,10,7,3,21732,
2023-11,Summit Auto Group,Summit Honda Westland,Direct Mail Q1,campaign,124,9,6,3,24604,5590
2023-11,Summit Auto Group,Summit Honda Westland,Walk In,showroom,81,32,23,9,121351,
2023-11,Summit Auto Group,Summit Honda Westland,Inbound Calls,phone,112,18,13,5,63797,
2023-11,Summit Auto Group,Summit Honda Westland,Website Chat,chat,70,5,3,2,14369,774
2023-11,Summit Auto Group,Summit Honda Westland,Facebook,internet,87,2,1,1,4205,1204
2023-11,Summit Auto Group,Summit Honda Westland,True Car,internet,109,4,2,2,11000,2236
2023-11,Summit Auto Group,Summit Honda Westland,Radio Spot,campaign,2,0,0,0,0,344
2023-11,Summit Auto Group,Summit Hyundai Oakhurst,ATC,internet,176,8,4,4,21725,2436
2023-11,Summit Auto Group,Summit Hyundai Oakhurst,Cars .com,internet,102,14,8,6,43358,1797
2023-11,Summit Auto Group,Summit Hyundai Oakhurst,CarGurus,internet,195,18,10,8,48204,2204
2023-11,Summit Auto Group,Summit Hyundai Oakhurst,Website,internet,233,28,15,13,85493,
2023-11,Summit Auto Group,Summit Hyundai Oakhurst,Lease Return,campaign,43,8,6,2,14978,
2023-11,Summit Auto Group,Summit Hyundai Oakhurst,Svc Conquest,service,36,8,6,2,18695,
2023-11,Summit Auto Group,Summit Hyundai Oakhurst,Direct Mail Q1,campaign,69,8,6,2,17231,3769
2023-11,Summit Auto Group,Summit Hyundai Oakhurst,Showroom,showroom,62,20,14,6,69865,
2023-11,Summit Auto Group,Summit Hyundai Oakhurst,Inbound Calls,phone,72,14,10,4,37593,
2023-11,Summit Auto Group,Summit Hyundai Oakhurst,Live Chat,chat,52,6,3,3,13512,522
2023-11,Summit Auto Group,Summit Hyundai Oakhurst,Facebook,internet,52,6,3,3,11584,812
2023-11,Summit Auto Group,Summit Hyundai Oakhurst,True Car,internet,86,10,6,4,24918,1508
2023-11,Summit Auto Group,Summit Hyundai Oakhurst,Radio,campaign,1,1,1,0,2119,231
2023-11,Summit Auto Group,Summit Jeep Ram Clearwater,AutoTrader.com,internet,217,16,9,7,47023,2982
2023-11,Summit Auto Group,Summit Jeep Ram Clearwater,Cars .com,internet,143,18,10,8,56006,2201
2023-11,Summit Auto Group,Summit Jeep Ram Clearwater,Car Gurus,internet,179,10,6,4,31672,2698
2023-11,Summit Auto Group,Summit Jeep Ram Clearwater,Website,internet,334,42,23,19,127203,
2023-11,Summit Auto Group,Summit Jeep Ram Clearwater,Lease Return,campaign,61,21,15,6,30919,
2023-11,Summit Auto Group,Summit Jeep Ram Clearwater,Svc Conquest,service,36,9,6,3,17312,
2023-11,Summit Auto Group,Summit Jeep Ram Clearwater,Direct Mail,campaign,104,9,6,3,23385,4615
2023-11,Summit Auto Group,Summit Jeep Ram Clearwater,Walk In,showroom,67,26,19,7,95937,
2023-11,Summit Auto Group,Summit Jeep Ram Clearwater,Inbound Calls,phone,111,27,19,8,87348,
2023-11,Summit Auto Group,Summit Jeep Ram Clearwater,Live Chat,chat,66,5,3,2,11311,639
2023-11,Summit Auto Group,Summit Jeep Ram Clearwater,Facebook,internet,65,3,2,1,6025,994
2023-11,Summit Auto Group,Summit Jeep Ram Clearwater,True Car,internet,96,3,2,1,8411,1846
2023-11,Summit Auto Group,Summit Jeep Ram Clearwater,Radio,campaign,2,0,0,0,0,284
2023-11,Summit Auto Group,Summit Kia Brookfield,AutoTrader.com,internet,154,14,8,6,45527,2310
2023-11,Summit Auto Group,Summit Kia Brookfield,CARS,internet,98,8,4,4,22844,1705
2023-11,Summit Auto Group,Summit Kia Brookfield,Car Gurus,internet,163,12,7,5,31229,2090
2023-11,Summit Auto Group,Summit Kia Brookfield,OEM Website,internet,231,24,13,11,87509,
2023-11,Summit Auto Group,Summit Kia Brookfield,Lease Return,campaign,49,11,8,3,18969,
2023-11,Summit Auto Group,Summit Kia Brookfield,Service Conquest,service,29,6,4,2,11794,
2023-11,Summit Auto Group,Summit Kia Brookfield,Direct Mail Q1,campaign,70,8,6,2,21969,3575
2023-11,Summit Auto Group,Summit Kia Brookfield,Showroom,showroom,46,15,11,4,61472,
2023-11,Summit Auto Group,Summit Kia Brookfield,Inbound Calls,phone,75,13,9,4,46649,
2023-11,Summit Auto Group,Summit Kia Brookfield,Live Chat,chat,50,7,4,3,20586,495
2023-11,Summit Auto Group,Summit Kia Brookfield,Facebook,internet,45,3,2,1,7457,770
2023-11,Summit Auto Group,Summit Kia Brookfield,True Car,internet,76,6,3,3,13312,1430
2023-11,Summit Auto Group,Summit Kia Brookfield,Radio Spot,campaign,1,0,0,0,0,220
2023-11,Summit Auto Group,Summit Mazda Lakeside,AutoTrader.com,internet,155,14,8,6,43599,1848
2023-11,Summit Auto Group,Summit Mazda Lakeside,Cars.com,internet,77,6,3,3,17527,1364
2023-11,Summit Auto Group,Summit Mazda Lakeside,CarGurus,internet,130,7,4,3,17266,1672
2023-11,Summit Auto Group,Summit Mazda Lakeside,Dealer Website,internet,205,35,19,16,132596,
2023-11,Summit Auto Group,Summit Mazda Lakeside,Lease Return,campaign,34,9,6,3,16804,
2023-11,Summit Auto Group,Summit Mazda Lakeside,Svc Conquest,service,29,7,5,2,13211,
2023-11,Summit Auto Group,Summit Mazda Lakeside,Direct Mail,campaign,49,3,2,1,7625,2860
2023-11,Summit Auto Group,Summit Mazda Lakeside,Walk In,showroom,35,14,10,4,47907,
2023-11,Summit Auto Group,Summit Mazda Lakeside,Phone Up,phone,59,10,7,3,36095,
2023-11,Summit Auto Group,Summit Mazda Lakeside,Website Chat,chat,35,3,2,1,6770,396
2023-11,Summit Auto Group,Summit Mazda Lakeside,Facebook,internet,40,1,1,0,2252,616
2023-11,Summit Auto Group,Summit Mazda Lakeside,True Car,internet,67,7,4,3,18356,1144
2023-11,Summit Auto Group,Summit Mazda Lakeside,Radio Spot,campaign,1,0,0,0,0,176
2023-11,Summit Auto Group,Summit Nissan Ridgemont,auto trader,internet,199,18,10,8,51974,2688
2023-11,Summit Auto Group,Summit Nissan Ridgemont,CARS,internet,107,7,4,3,19086,1984
2023-11,Summit Auto Group,Summit Nissan Ridgemont,CarGurus,internet,182,8,4,4,20777,2432
2023-11,Summit Auto Group,Summit Nissan Ridgemont,Dealer Website,internet,273,32,18,14,118922,
2023-11,Summit Auto Group,Summit Nissan Ridgemont,Lease Retention,campaign,50,16,12,4,25786,
2023-11,Summit Auto Group,Summit Nissan Ridgemont,Svc Conquest,service,34,8,6,2,16772,
2023-11,Summit Auto Group,Summit Nissan Ridgemont,Direct Mail Q1,campaign,94,8,6,2,16924,4160
2023-11,Summit Auto Group,Summit Nissan Ridgemont,Walk-In,showroom,57,22,16,6,71409,
2023-11,Summit Auto Group,Summit Nissan Ridgemont,Inbound Calls,phone,99,21,15,6,65519,
2023-11,Summit Auto Group,Summit Nissan Ridgemont,Live Chat,chat,53,2,1,1,5522,576
2023-11,Summit Auto Group,Summit Nissan Ridgemont,Facebook,internet,62,2,1,1,3922,896
2023-11,Summit Auto Group,Summit Nissan Ridgemont,TrueCar,internet,75,5,3,2,11922,1664
2023-11,Summit Auto Group,Summit Nissan Ridgemont,Radio,campaign,1,0,0,0,0,256
2023-11,Summit Auto Group,Summit Subaru Northgate,Autotrader,internet,144,6,3,3,17301,2058
2023-11,Summit Auto Group,Summit Subaru Northgate,CARS,internet,105,9,5,4,29201,1519
2023-11,Summit Auto Group,Summit Subaru Northgate,CarGurus,internet,137,7,4,3,21791,1862
2023-11,Summit Auto Group,Summit Subaru Northgate,OEM Website,internet,223,22,12,10,69657,
2023-11,Summit Auto Group,Summit Subaru Northgate,Lease Return,campaign,39,10,7,3,17112,
2023-11,Summit Auto Group,Summit Subaru Northgate,Svc Conquest,service,30,6,4,2,13513,
2023-11,Summit Auto Group,Summit Subaru Northgate,Direct Mail Q1,campaign,62,7,5,2,18805,3185
2023-11,Summit Auto Group,Summit Subaru Northgate,Walk-In,showroom,46,15,11,4,55560,
2023-11,Summit Auto Group,Summit Subaru Northgate,Phone Up,phone,60,12,9,3,36100,
2023-11,Summit Auto Group,Summit Subaru Northgate,Website Chat,chat,43,4,2,2,8883,441
2023-11,Summit Auto Group,Summit Subaru Northgate,Facebook Marketplace,internet,44,5,3,2,12000,686
2023-11,Summit Auto Group,Summit Subaru Northgate,True Car,internet,64,1,1,0,2248,1274
2023-11,Summit Auto Group,Summit Subaru Northgate,Radio,campaign,1,1,1,0,2608,196
2023-11,Summit Auto Group,Summit Toyota of Fairview,auto trader,internet,298,17,9,8,45027,4200
2023-11,Summit Auto Group,Summit Toyota of Fairview,CARS,internet,212,19,10,9,50953,3100
2023-11,Summit Auto Group,Summit Toyota of Fairview,Car Gurus,internet,296,28,15,13,71452,3800
2023-11,Summit Auto Group,Summit Toyota of Fairview,Dealer Website,internet,379,43,24,19,134830,
2023-11,Summit Auto Group,Summit Toyota of Fairview,Lease Retention,campaign,83,26,19,7,41164,
2023-11,Summit Auto Group,Summit Toyota of Fairview,Svc Conquest,service,67,16,12,4,34308,
2023-11,Summit Auto Group,Summit Toyota of Fairview,Direct Mail Q1,campaign,139,9,6,3,24367,6500
2023-11,Summit Auto Group,Summit Toyota of Fairview,Showroom,showroom,105,30,22,8,104732,
2023-11,Summit Auto Group,Summit Toyota of Fairview,Inbound Calls,phone,134,25,18,7,67901,
2023-11,Summit Auto Group,Summit Toyota of Fairview,Chat,chat,76,2,1,1,4714,900
2023-11,Summit Auto Group,Summit Toyota of Fairview,FB Marketplace,internet,100,3,2,1,6107,1400
2023-11,Summit Auto Group,Summit Toyota of Fairview,True Car,internet,126,7,4,3,15968,2600
2023-11,Summit Auto Group,Summit Toyota of Fairview,Radio Spot,campaign,3,0,0,0,0,400
2023-11,Summit Auto Group,Summit Volkswagen Eastdale,auto trader,internet,143,6,3,3,16275,1680
2023-11,Summit Auto Group,Summit Volkswagen Eastdale,Cars .com,internet,84,8,4,4,20871,1240
2023-11,Summit Auto Group,Summit Volkswagen Eastdale,Car Gurus,internet,124,4,2,2,12235,1520
2023-11,Summit Auto Group,Summit Volkswagen Eastdale,Dealer Website,internet,144,12,7,5,37833,
2023-11,Summit Auto Group,Summit Volkswagen Eastdale,Lease Retention,campaign,35,5,4,1,9514,
2023-11,Summit Auto Group,Summit Volkswagen Eastdale,Service Conquest,service,25,2,1,1,3667,
2023-11,Summit Auto Group,Summit Volkswagen Eastdale,Direct Mail Q1,campaign,48,1,1,0,2257,2600
2023-11,Summit Auto Group,Summit Volkswagen Eastdale,Walk-In,showroom,32,13,9,4,39831,
2023-11,Summit Auto Group,Summit Volkswagen Eastdale,Phone Up,phone,57,16,12,4,48953,
2023-11,Summit Auto Group,Summit Volkswagen Eastdale,Chat,chat,32,4,2,2,11259,360
2023-11,Summit Auto Group,Summit Volkswagen Eastdale,Facebook,internet,36,1,1,0,2088,560
2023-11,Summit Auto Group,Summit Volkswagen Eastdale,True Car,internet,47,3,2,1,6756,1040
2023-11,Summit Auto Group,Summit Volkswagen Eastdale,Radio Spot,campaign,1,0,0,0,0,160
2023-12,Harbor Motor Group,Harbor BMW,auto trader,internet,231,18,10,8,82435,3276
2023-12,Harbor Motor Group,Harbor BMW,Cars.com,internet,166,16,9,7,88079,2418
2023-12,Harbor Motor Group,Harbor BMW,Car Gurus,internet,213,17,9,8,83501,2964
2023-12,Harbor Motor Group,Harbor BMW,Dealer Website,internet,280,35,19,16,171685,
2023-12,Harbor Motor Group,Harbor BMW,Lease Retention,campaign,59,22,16,6,56542,
2023-12,Harbor Motor Group,Harbor BMW,Svc Conquest,service,49,6,4,2,20369,
2023-12,Harbor Motor Group,Harbor BMW,Direct Mail Q1,campaign,93,9,6,3,32384,5070
2023-12,Harbor Motor Group,Harbor BMW,Walk In,showroom,67,21,15,6,107218,
2023-12,Harbor Motor Group,Harbor BMW,Phone Up,phone,97,21,15,6,110826,
2023-12,Harbor Motor Group,Harbor BMW,Website Chat,chat,77,12,7,5,57039,702
2023-12,Harbor Motor Group,Harbor BMW,Facebook Marketplace,internet,166,7,4,3,25586,1092
2023-12,Harbor Motor Group,Harbor BMW,True Car,internet,105,10,6,4,44130,2028
2023-12,Harbor Motor Group,Harbor BMW,Radio Spot,campaign,2,0,0,0,0,312
2023-12,Harbor Motor Group,Harbor Chevrolet Marina,auto trader,internet,198,11,6,5,34343,2940
2023-12,Harbor Motor Group,Harbor Chevrolet Marina,Cars.com,internet,148,16,9,7,43172,2170
2023-12,Harbor Motor Group,Harbor Chevrolet Marina,Car Gurus,internet,217,12,7,5,29909,2660
2023-12,Harbor Motor Group,Harbor Chevrolet Marina,OEM Website,internet,276,24,13,11,91879,
2023-12,Harbor Motor Group,Harbor Chevrolet Marina,Lease Retention,campaign,65,25,18,7,42892,
2023-12,Harbor Motor Group,Harbor Chevrolet Marina,Service Conquest,service,39,10,7,3,21976,
2023-12,Harbor Motor Group,Harbor Chevrolet Marina,Direct Mail Q1,campaign,80,8,6,2,20635,4550
2023-12,Harbor Motor Group,Harbor Chevrolet Marina,Walk-In,showroom,66,21,15,6,77291,
2023-12,Harbor Motor Group,Harbor Chevrolet Marina,Inbound Calls,phone,104,18,13,5,60215,
2023-12,Harbor Motor Group,Harbor Chevrolet Marina,Live Chat,chat,55,3,2,1,6691,630
2023-12,Harbor Motor Group,Harbor Chevrolet Marina,FB Marketplace,internet,164,14,8,6,29892,979
2023-12,Harbor Motor Group,Harbor Chevrolet Marina,True Car,internet,94,8,4,4,20158,1819
2023-12,Harbor Motor Group,Harbor Chevrolet Marina,Radio Spot,campaign,1,0,0,0,0,280
2023-12,Harbor Motor Group,Harbor Ford Portside,auto trader,internet,276,13,7,6,32281,3696
2023-12,Harbor Motor Group,Harbor Ford Portside,Cars .com,internet,167,12,7,5,34491,2728
2023-12,Harbor Motor Group,Harbor Ford Portside,CarGurus,internet,223,12,7,5,31793,3344
2023-12,Harbor Motor Group,Harbor Ford Portside,OEM Website,internet,400,41,23,18,127141,
2023-12,Harbor Motor Group,Harbor Ford Portside,Lease Return,campaign,84,18,13,5,28648,
2023-12,Harbor Motor Group,Harbor Ford Portside,Svc Conquest,service,46,11,8,3,25767,
2023-12,Harbor Motor Group,Harbor Ford Portside,Direct Mail,campaign,127,14,10,4,36320,5720
2023-12,Harbor Motor Group,Harbor Ford Portside,Showroom,showroom,73,17,12,5,69308,
2023-12,Harbor Motor Group,Harbor Ford Portside,Inbound Calls,phone,138,22,16,6,64484,
2023-12,Harbor Motor Group,Harbor Ford Portside,Live Chat,chat,70,6,3,3,14829,792
2023-12,Harbor Motor Group,Harbor Ford Portside,Facebook Marketplace,internet,187,2,1,1,4594,1232
2023-12,Harbor Motor Group,Harbor Ford Portside,TrueCar,internet,122,8,4,4,19353,2288
2023-12,Harbor Motor Group,Harbor Ford Portside,Radio Spot,campaign,2,0,0,0,0,352
2023-12,Harbor Motor Group,Harbor Honda Seaside,ATC,internet,258,19,10,9,62475,3360
2023-12,Harbor Motor Group,Harbor Honda Seaside,Cars .com,internet,156,17,9,8,48194,2480
2023-12,Harbor Motor Group,Harbor Honda Seaside,CarGurus,internet,239,14,8,6,43376,3040
2023-12,Harbor Motor Group,Harbor Honda Seaside,Dealer Website,internet,285,22,12,10,66185,
2023-12,Harbor Motor Group,Harbor Honda Seaside,Lease Retention,campaign,74,18,13,5,29233,
2023-12,Harbor Motor Group,Harbor Honda Seaside,Svc Conquest,service,53,13,9,4,25227,
2023-12,Harbor Motor Group,Harbor Honda Seaside,Direct Mail Q1,campaign,116,10,7,3,24977,5200
2023-12,Harbor Motor Group,Harbor Honda Seaside,Showroom,showroom,85,35,25,10,110457,
2023-12,Harbor Motor Group,Harbor Honda Seaside,Phone Up,phone,111,25,18,7,83979,
2023-12,Harbor Motor Group,Harbor Honda Seaside,Live Chat,chat,65,9,5,4,26718,720
2023-12,Harbor Motor Group,Harbor Honda Seaside,Facebook,internet,172,9,5,4,19792,1120
2023-12,Harbor Motor Group,Harbor Honda Seaside,TrueCar,internet,117,7,4,3,17499,2080
2023-12,Harbor Motor Group,Harbor Honda Seaside,Radio,campaign,2,0,0,0,0,320
2023-12,Harbor Motor Group,Harbor Jeep Ram Anchor,AutoTrader.com,internet,183,12,7,5,32766,2772
2023-12,Harbor Motor Group,Harbor Jeep Ram Anchor,Cars .com,internet,133,5,3,2,16664,2046
2023-12,Harbor Motor Group,Harbor Jeep Ram Anchor,cargurus.com,internet,214,11,6,5,28930,2508
2023-12,Harbor Motor Group,Harbor Jeep Ram Anchor,OEM Website,internet,232,22,12,10,64706,
2023-12,Harbor Motor Group,Harbor Jeep Ram Anchor,Lease Retention,campaign,56,17,12,5,24645,
2023-12,Harbor Motor Group,Harbor Jeep Ram Anchor,Svc Conquest,service,42,9,6,3,18841,
2023-12,Harbor Motor Group,Harbor Jeep Ram Anchor,Direct Mail,campaign,80,9,6,3,20633,4290
2023-12,Harbor Motor Group,Harbor Jeep Ram Anchor,Walk-In,showroom,55,22,16,6,83135,
2023-12,Harbor Motor Group,Harbor Jeep Ram Anchor,Phone Up,phone,95,17,12,5,57161,
2023-12,Harbor Motor Group,Harbor Jeep Ram Anchor,Chat,chat,65,3,2,1,7083,594
2023-12,Harbor Motor Group,Harbor Jeep Ram Anchor,Facebook,internet,141,9,5,4,19204,924
2023-12,Harbor Motor Group,Harbor Jeep Ram Anchor,TrueCar,internet,82,8,4,4,18166,1716
2023-12,Harbor Motor Group,Harbor Jeep Ram Anchor,Radio Spot,campaign,1,0,0,0,0,264
2023-12,Harbor Motor Group,Harbor Kia Lighthouse,ATC,internet,156,14,8,6,40475,2184
2023-12,Harbor Motor Group,Harbor Kia Lighthouse,CARS,internet,106,11,6,5,32643,1612
2023-12,Harbor Motor Group,Harbor Kia Lighthouse,CarGurus,internet,170,7,4,3,21494,1976
2023-12,Harbor Motor Group,Harbor Kia Lighthouse,Dealer Website,internet,232,24,13,11,75672,
2023-12,Harbor Motor Group,Harbor Kia Lighthouse,Lease Retention,campaign,37,15,11,4,25230,
2023-12,Harbor Motor Group,Harbor Kia Lighthouse,Svc Conquest,service,35,6,4,2,12308,
2023-12,Harbor Motor Group,Harbor Kia Lighthouse,Direct Mail,campaign,77,10,7,3,26164,3380
2023-12,Harbor Motor Group,Harbor Kia Lighthouse,Walk In,showroom,45,14,10,4,52901,
2023-12,Harbor Motor Group,Harbor Kia Lighthouse,Inbound Calls,phone,65,11,8,3,34223,
2023-12,Harbor Motor Group,Harbor Kia Lighthouse,Website Chat,chat,51,4,2,2,9618,468
2023-12,Harbor Motor Group,Harbor Kia Lighthouse,Facebook,internet,117,7,4,3,13745,728
2023-12,Harbor Motor Group,Harbor Kia Lighthouse,True Car,internet,67,3,2,1,6457,1352
2023-12,Harbor Motor Group,Harbor Kia Lighthouse,Radio Spot,campaign,1,0,0,0,0,208
2023-12,Harbor Motor Group,Harbor Subaru Tidewater,auto trader,internet,154,21,12,9,64776,1974
2023-12,Harbor Motor Group,Harbor Subaru Tidewater,Cars .com,internet,95,9,5,4,28319,1457
2023-12,Harbor Motor Group,Harbor Subaru Tidewater,Car Gurus,internet,148,10,6,4,28831,1786
2023-12,Harbor Motor Group,Harbor Subaru Tidewater,Dealer Website,internet,192,29,16,13,107381,
2023-12,Harbor Motor Group,Harbor Subaru Tidewater,Lease Return,campaign,44,11,8,3,20226,
2023-12,Harbor Motor Group,Harbor Subaru Tidewater,Service Conquest,service,25,4,3,1,9285,
2023-12,Harbor Motor Group,Harbor Subaru Tidewater,Direct Mail Q1,campaign,69,8,6,2,21848,3055
2023-12,Harbor Motor Group,Harbor Subaru Tidewater,Showroom,showroom,41,15,11,4,52945,
2023-12,Harbor Motor Group,Harbor Subaru Tidewater,Phone Up,phone,62,10,7,3,29888,
2023-12,Harbor Motor Group,Harbor Subaru Tidewater,Website Chat,chat,42,2,1,1,5151,423
2023-12,Harbor Motor Group,Harbor Subaru Tidewater,FB Marketplace,internet,110,7,4,3,13903,658
2023-12,Harbor Motor Group,Harbor Subaru Tidewater,True Car,internet,70,7,4,3,17133,1222
2023-12,Harbor Motor Group,Harbor Subaru Tidewater,Radio Spot,campaign,1,0,0,0,0,188
2023-12,Harbor Motor Group,Harbor Toyota Bayview,Autotrader,internet,311,24,13,11,79186,3990
2023-12,Harbor Motor Group,Harbor Toyota Bayview,Cars .com,internet,206,17,9,8,56058,2945
2023-12,Harbor Motor Group,Harbor Toyota Bayview,cargurus.com,internet,292,16,9,7,47037,3610
2023-12,Harbor Motor Group,Harbor Toyota Bayview,OEM Website,internet,372,38,21,17,132846,
2023-12,Harbor Motor Group,Harbor Toyota Bayview,Lease Return,campaign,68,22,16,6,37517,
2023-12,Harbor Motor Group,Harbor Toyota Bayview,Svc Conquest,service,58,16,12,4,35283,
2023-12,Harbor Motor Group,Harbor Toyota Bayview,Direct Mail,campaign,140,14,10,4,33706,6175
2023-12,Harbor Motor Group,Harbor Toyota Bayview,Walk In,showroom,86,26,19,7,107050,
2023-12,Harbor Motor Group,Harbor Toyota Bayview,Inbound Phone,phone,126,19,14,5,51236,
2023-12,Harbor Motor Group,Harbor Toyota Bayview,Website Chat,chat,95,6,3,3,13644,855
2023-12,Harbor Motor Group,Harbor Toyota Bayview,Facebook Marketplace,internet,210,12,7,5,23307,1330
2023-12,Harbor Motor Group,Harbor Toyota Bayview,True Car,internet,116,8,4,4,18904,2470
2023-12,Harbor Motor Group,Harbor Toyota Bayview,Radio Spot,campaign,2,0,0,0,0,380
2023-12,Summit Auto Group,Summit BMW,Autotrader,internet,294,25,14,11,122624,3486
2023-12,Summit Auto Group,Summit BMW,Cars .com,internet,162,11,6,5,56259,2573
2023-12,Summit Auto Group,Summit BMW,cargurus.com,internet,272,13,7,6,54241,3154
2023-12,Summit Auto Group,Summit BMW,Dealer Website,internet,295,36,20,16,198102,
2023-12,Summit Auto Group,Summit BMW,Lease Return,campaign,66,18,13,5,55950,
2023-12,Summit Auto Group,Summit BMW,Service Conquest,service,41,10,7,3,36328,
2023-12,Summit Auto Group,Summit BMW,Direct Mail,campaign,111,8,6,2,30452,5395
2023-12,Summit Auto Group,Summit BMW,Walk-In,showroom,82,29,21,8,188671,
2023-12,Summit Auto Group,Summit BMW,Inbound Phone,phone,132,23,17,6,124183,
2023-12,Summit Auto Group,Summit BMW,Chat,chat,75,7,4,3,27233,747
2023-12,Summit Auto Group,Summit BMW,Facebook,internet,193,7,4,3,25384,1162
2023-12,Summit Auto Group,Summit BMW,TrueCar,internet,118,15,8,7,60024,2158
2023-12,Summit Auto Group,Summit BMW,Radio,campaign,2,0,0,0,0,332
2023-12,Summit Auto Group,Summit Chevrolet Glenpark,ATC,internet,221,11,6,5,35346,3276
2023-12,Summit Auto Group,Summit Chevrolet Glenpark,Cars .com,internet,149,13,7,6,35943,2418
2023-12,Summit Auto Group,Summit Chevrolet Glenpark,cargurus.com,internet,237,13,7,6,39479,2964
2023-12,Summit Auto Group,Summit Chevrolet Glenpark,Dealer Website,internet,277,26,14,12,98376,
2023-12,Summit Auto Group,Summit Chevrolet Glenpark,Lease Return,campaign,58,12,9,3,21244,
2023-12,Summit Auto Group,Summit Chevrolet Glenpark,Svc Conquest,service,46,14,10,4,29240,
2023-12,Summit Auto Group,Summit Chevrolet Glenpark,Direct Mail,campaign,109,6,4,2,14771,5070
2023-12,Summit Auto Group,Summit Chevrolet Glenpark,Walk In,showroom,84,31,22,9,107943,
2023-12,Summit Auto Group,Summit Chevrolet Glenpark,Inbound Phone,phone,93,19,14,5,63722,
2023-12,Summit Auto Group,Summit Chevrolet Glenpark,Chat,chat,70,3,2,1,7123,702
2023-12,Summit Auto Group,Summit Chevrolet Glenpark,FB Marketplace,internet,192,12,7,5,24301,1092
2023-12,Summit Auto Group,Summit Chevrolet Glenpark,TrueCar,internet,106,12,7,5,27704,2028
2023-12,Summit Auto Group,Summit Chevrolet Glenpark,Radio Spot,campaign,2,0,0,0,0,312
2023-12,Summit Auto Group,Summit Ford Rivera,ATC,internet,265,13,7,6,34920,3864
2023-12,Summit Auto Group,Summit Ford Rivera,Cars.com,internet,198,12,7,5,32630,2852
2023-12,Summit Auto Group,Summit Ford Rivera,cargurus.com,internet,271,13,7,6,39398,3496
2023-12,Summit Auto Group,Summit Ford Rivera,Website,internet,340,44,24,20,129935,
2023-12,Summit Auto Group,Summit Ford Rivera,Lease Retention,campaign,87,29,21,8,47043,
2023-12,Summit Auto Group,Summit Ford Rivera,Service Conquest,service,58,12,9,3,27236,
2023-12,Summit Auto Group,Summit Ford Rivera,Direct Mail Q1,campaign,124,11,8,3,24722,5980
2023-12,Summit Auto Group,Summit Ford Rivera,Showroom,showroom,80,22,16,6,74097,
2023-12,Summit Auto Group,Summit Ford Rivera,Inbound Phone,phone,146,27,19,8,74301,
2023-12,Summit Auto Group,Summit Ford Rivera,Live Chat,chat,90,5,3,2,12331,828
2023-12,Summit Auto Group,Summit Ford Rivera,Facebook,internet,204,4,2,2,8904,1288
2023-12,Summit Auto Group,Summit Ford Rivera,TrueCar,internet,106,5,3,2,12114,2392
2023-12,Summit Auto Group,Summit Ford Rivera,Radio,campaign,2,0,0,0,0,368
2023-12,Summit Auto Group,Summit Honda Westland,auto trader,internet,258,12,7,5,37825,3612
2023-12,Summit Auto Group,Summit Honda Westland,Cars.com,internet,186,11,6,5,28789,2666
2023-12,Summit Auto Group,Summit Honda Westland,CarGurus,internet,215,10,6,4,31651,3268
2023-12,Summit Auto Group,Summit Honda Westland,Dealer Website,internet,390,59,32,27,230517,
2023-12,Summit Auto Group,Summit Honda Westland,Lease Return,campaign,69,24,17,7,39457,
2023-12,Summit Auto Group,Summit Honda Westland,Svc Conquest,service,57,12,9,3,24548,
2023-12,Summit Auto Group,Summit Honda Westland,Direct Mail Q1,campaign,128,14,10,4,38988,5590
2023-12,Summit Auto Group,Summit Honda Westland,Walk In,showroom,77,30,22,8,110650,
2023-12,Summit Auto Group,Summit Honda Westland,Inbound Calls,phone,124,21,15,6,67814,
2023-12,Summit Auto Group,Summit Honda Westland,Website Chat,chat,85,6,3,3,15180,774
2023-12,Summit Auto Group,Summit Honda Westland,Facebook,internet,211,8,4,4,15284,1204
2023-12,Summit Auto Group,Summit Honda Westland,True Car,internet,123,11,6,5,25223,2236
2023-12,Summit Auto Group,Summit Honda Westland,Radio Spot,campaign,2,0,0,0,0,344
2023-12,Summit Auto Group,Summit Hyundai Oakhurst,ATC,internet,186,19,10,9,61127,2436
2023-12,Summit Auto Group,Summit Hyundai Oakhurst,Cars .com,internet,98,7,4,3,18494,1797
2023-12,Summit Auto Group,Summit Hyundai Oakhurst,CarGurus,internet,157,12,7,5,30412,2204
2023-12,Summit Auto Group,Summit Hyundai Oakhurst,Website,internet,213,22,12,10,64938,
2023-12,Summit Auto Group,Summit Hyundai Oakhurst,Lease Return,campaign,52,16,12,4,29543,
2023-12,Summit Auto Group,Summit Hyundai Oakhurst,Svc Conquest,service,39,6,4,2,13480,
2023-12,Summit Auto Group,Summit Hyundai Oakhurst,Direct Mail Q1,campaign,76,6,4,2,14864,3769
2023-12,Summit Auto Group,Summit Hyundai Oakhurst,Showroom,showroom,59,23,17,6,93338,
2023-12,Summit Auto Group,Summit Hyundai Oakhurst,Inbound Calls,phone,86,10,7,3,32098,
2023-12,Summit Auto Group,Summit Hyundai Oakhurst,Live Chat,chat,51,6,3,3,17454,522
2023-12,Summit Auto Group,Summit Hyundai Oakhurst,Facebook,internet,125,7,4,3,15141,812
2023-12,Summit Auto Group,Summit Hyundai Oakhurst,True Car,internet,78,4,2,2,10700,1508
2023-12,Summit Auto Group,Summit Hyundai Oakhurst,Radio,campaign,1,0,0,0,0,231
2023-12,Summit Auto Group,Summit Jeep Ram Clearwater,AutoTrader.com,internet,253,17,9,8,43935,2982
2023-12,Summit Auto Group,Summit Jeep Ram Clearwater,Cars .com,internet,146,14,8,6,49095,2201
2023-12,Summit Auto Group,Summit Jeep Ram Clearwater,Car Gurus,internet,196,11,6,5,33438,2698
2023-12,Summit Auto Group,Summit Jeep Ram Clearwater,Website,internet,319,26,14,12,85987,
2023-12,Summit Auto Group,Summit Jeep Ram Clearwater,Lease Return,campaign,60,13,9,4,19304,
2023-12,Summit Auto Group,Summit Jeep Ram Clearwater,Svc Conquest,service,38,6,4,2,14074,
2023-12,Summit Auto Group,Summit Jeep Ram Clearwater,Direct Mail,campaign,88,4,3,1,8702,4615
2023-12,Summit Auto Group,Summit Jeep Ram Clearwater,Walk In,showroom,75,28,20,8,106143,
2023-12,Summit Auto Group,Summit Jeep Ram Clearwater,Inbound Calls,phone,112,25,18,7,86345,
2023-12,Summit Auto Group,Summit Jeep Ram Clearwater,Live Chat,chat,61,8,4,4,18448,639
2023-12,Summit Auto Group,Summit Jeep Ram Clearwater,Facebook,internet,154,4,2,2,8242,994
2023-12,Summit Auto Group,Summit Jeep Ram Clearwater,True Car,internet,91,7,4,3,19385,1846
2023-12,Summit Auto Group,Summit Jeep Ram Clearwater,Radio,campaign,2,0,0,0,0,284
2023-12,Summit Auto Group,Summit Kia Brookfield,AutoTrader.com,internet,167,8,4,4,25913,2310
2023-12,Summit Auto Group,Summit Kia Brookfield,CARS,internet,118,11,6,5,30399,1705
2023-12,Summit Auto Group,Summit Kia Brookfield,Car Gurus,internet,175,19,10,9,51047,2090
2023-12,Summit Auto Group,Summit Kia Brookfield,OEM Website,internet,230,26,14,12,94379,
2023-12,Summit Auto Group,Summit Kia Brookfield,Lease Return,campaign,41,11,8,3,18180,
2023-12,Summit Auto Group,Summit Kia Brookfield,Service Conquest,service,31,7,5,2,14791,
2023-12,Summit Auto Group,Summit Kia Brookfield,Direct Mail Q1,campaign,66,4,3,1,8821,3575
2023-12,Summit Auto Group,Summit Kia Brookfield,Showroom,showroom,51,15,11,4,49493,
2023-12,Summit Auto Group,Summit Kia Brookfield,Inbound Calls,phone,84,20,14,6,64237,
2023-12,Summit Auto Group,Summit Kia Brookfield,Live Chat,chat,45,6,3,3,17224,495
2023-12,Summit Auto Group,Summit Kia Brookfield,Facebook,internet,122,6,3,3,12554,770
2023-12,Summit Auto Group,Summit Kia Brookfield,True Car,internet,68,5,3,2,11507,1430
2023-12,Summit Auto Group,Summit Kia Brookfield,Radio Spot,campaign,1,0,0,0,0,220
2023-12,Summit Auto Group,Summit Mazda Lakeside,AutoTrader.com,internet,138,8,4,4,25193,1848
2023-12,Summit Auto Group,Summit Mazda Lakeside,Cars.com,internet,76,6,3,3,20024,1364
2023-12,Summit Auto Group,Summit Mazda Lakeside,CarGurus,internet,128,6,3,3,16484,1672
2023-12,Summit Auto Group,Summit Mazda Lakeside,Dealer Website,internet,184,16,9,7,46379,
2023-12,Summit Auto Group,Summit Mazda Lakeside,Lease Return,campaign,39,9,6,3,16957,
2023-12,Summit Auto Group,Summit Mazda Lakeside,Svc Conquest,service,24,5,4,1,10331,
2023-12,Summit Auto Group,Summit Mazda Lakeside,Direct Mail,campaign,58,7,5,2,14727,2860
2023-12,Summit Auto Group,Summit Mazda Lakeside,Walk In,showroom,40,15,11,4,55099,
2023-12,Summit Auto Group,Summit Mazda Lakeside,Phone Up,phone,69,16,12,4,50941,
2023-12,Summit Auto Group,Summit Mazda Lakeside,Website Chat,chat,40,3,2,1,8478,396
2023-12,Summit Auto Group,Summit Mazda Lakeside,Facebook,internet,102,3,2,1,5829,616
2023-12,Summit Auto Group,Summit Mazda Lakeside,True Car,internet,60,5,3,2,14342,1144
2023-12,Summit Auto Group,Summit Mazda Lakeside,Radio Spot,campaign,1,0,0,0,0,176
2023-12,Summit Auto Group,Summit Nissan Ridgemont,auto trader,internet,206,17,9,8,44384,2688
2023-12,Summit Auto Group,Summit Nissan Ridgemont,CARS,internet,107,12,7,5,33131,1984
2023-12,Summit Auto Group,Summit Nissan Ridgemont,CarGurus,internet,163,11,6,5,31236,2432
2023-12,Summit Auto Group,Summit Nissan Ridgemont,Dealer Website,internet,266,24,13,11,71905,
2023-12,Summit Auto Group,Summit Nissan Ridgemont,Lease Retention,campaign,57,15,11,4,28210,
2023-12,Summit Auto Group,Summit Nissan Ridgemont,Svc Conquest,service,31,6,4,2,10804,
2023-12,Summit Auto Group,Summit Nissan Ridgemont,Direct Mail Q1,campaign,87,10,7,3,24581,4160
2023-12,Summit Auto Group,Summit Nissan Ridgemont,Walk-In,showroom,65,21,15,6,76290,
2023-12,Summit Auto Group,Summit Nissan Ridgemont,Inbound Calls,phone,77,19,14,5,55158,
2023-12,Summit Auto Group,Summit Nissan Ridgemont,Live Chat,chat,60,4,2,2,9122,576
2023-12,Summit Auto Group,Summit Nissan Ridgemont,Facebook,internet,154,3,2,1,5722,896
2023-12,Summit Auto Group,Summit Nissan Ridgemont,TrueCar,internet,96,6,3,3,12784,1664
2023-12,Summit Auto Group,Summit Nissan Ridgemont,Radio,campaign,2,0,0,0,0,256
2023-12,Summit Auto Group,Summit Subaru Northgate,Autotrader,internet,169,9,5,4,26958,2058
2023-12,Summit Auto Group,Summit Subaru Northgate,CARS,internet,102,10,6,4,28209,1519
2023-12,Summit Auto Group,Summit Subaru Northgate,CarGurus,internet,137,7,4,3,16620,1862
2023-12,Summit Auto Group,Summit Subaru Northgate,OEM Website,internet,228,28,15,13,104536,
2023-12,Summit Auto Group,Summit Subaru Northgate,Lease Return,campaign,42,17,12,5,25732,
2023-12,Summit Auto Group,Summit Subaru Northgate,Svc Conquest,service,33,12,9,3,24727,
2023-12,Summit Auto Group,Summit Subaru Northgate,Direct Mail Q1,campaign,58,7,5,2,16300,3185
2023-12,Summit Auto Group,Summit Subaru Northgate,Walk-In,showroom,49,16,12,4,55589,
2023-12,Summit Auto Group,Summit Subaru Northgate,Phone Up,phone,68,15,11,4,47121,
2023-12,Summit Auto Group,Summit Subaru Northgate,Website Chat,chat,37,1,1,0,2275,441
2023-12,Summit Auto Group,Summit Subaru Northgate,Facebook Marketplace,internet,115,4,2,2,9926,686
2023-12,Summit Auto Group,Summit Subaru Northgate,True Car,internet,69,5,3,2,11170,1274
2023-12,Summit Auto Group,Summit Subaru Northgate,Radio,campaign,1,0,0,0,0,196
2023-12,Summit Auto Group,Summit Toyota of Fairview,auto trader,internet,325,22,12,10,65379,4200
2023-12,Summit Auto Group,Summit Toyota of Fairview,CARS,internet,188,10,6,4,32806,3100
2023-12,Summit Auto Group,Summit Toyota of Fairview,Car Gurus,internet,254,17,9,8,47011,3800
2023-12,Summit Auto Group,Summit Toyota of Fairview,Dealer Website,internet,389,53,29,24,181941,
2023-12,Summit Auto Group,Summit Toyota of Fairview,Lease Retention,campaign,83,24,17,7,44837,
2023-12,Summit Auto Group,Summit Toyota of Fairview,Svc Conquest,service,56,5,4,1,11009,
2023-12,Summit Auto Group,Summit Toyota of Fairview,Direct Mail Q1,campaign,118,8,6,2,21813,6500
2023-12,Summit Auto Group,Summit Toyota of Fairview,Showroom,showroom,104,35,25,10,133636,
2023-12,Summit Auto Group,Summit Toyota of Fairview,Inbound Calls,phone,130,20,14,6,54260,
2023-12,Summit Auto Group,Summit Toyota of Fairview,Chat,chat,97,7,4,3,16707,900
2023-12,Summit Auto Group,Summit Toyota of Fairview,FB Marketplace,internet,234,11,6,5,22792,1400
2023-12,Summit Auto Group,Summit Toyota of Fairview,True Car,internet,127,15,8,7,42944,2600
2023-12,Summit Auto Group,Summit Toyota of Fairview,Radio Spot,campaign,3,0,0,0,0,400
2023-12,Summit Auto Group,Summit Volkswagen Eastdale,auto trader,internet,128,5,3,2,16265,1680
2023-12,Summit Auto Group,Summit Volkswagen Eastdale,Cars .com,internet,81,9,5,4,31387,1240
2023-12,Summit Auto Group,Summit Volkswagen Eastdale,Car Gurus,internet,98,5,3,2,15060,1520
2023-12,Summit Auto Group,Summit Volkswagen Eastdale,Dealer Website,internet,172,18,10,8,59848,
2023-12,Summit Auto Group,Summit Volkswagen Eastdale,Lease Retention,campaign,36,14,10,4,20427,
2023-12,Summit Auto Group,Summit Volkswagen Eastdale,Service Conquest,service,26,6,4,2,11637,
2023-12,Summit Auto Group,Summit Volkswagen Eastdale,Direct Mail Q1,campaign,57,6,4,2,13944,2600
2023-12,Summit Auto Group,Summit Volkswagen Eastdale,Walk-In,showroom,33,15,11,4,49916,
2023-12,Summit Auto Group,Summit Volkswagen Eastdale,Phone Up,phone,64,15,11,4,46724,
2023-12,Summit Auto Group,Summit Volkswagen Eastdale,Chat,chat,34,2,1,1,5200,360
2023-12,Summit Auto Group,Summit Volkswagen Eastdale,Facebook,internet,90,6,3,3,14227,560
2023-12,Summit Auto Group,Summit Volkswagen Eastdale,True Car,internet,53,1,1,0,2673,1040
2023-12,Summit Auto Group,Summit Volkswagen Eastdale,Radio Spot,campaign,1,0,0,0,0,160
2024-01,Harbor Motor Group,Harbor BMW,auto trader,internet,254,20,11,9,85619,3276
2024-01,Harbor Motor Group,Harbor BMW,Cars.com,internet,163,15,8,7,83318,2418
2024-01,Harbor Motor Group,Harbor BMW,Car Gurus,internet,191,11,6,5,49575,2964
2024-01,Harbor Motor Group,Harbor BMW,Dealer Website,internet,273,32,18,14,151998,
2024-01,Harbor Motor Group,Harbor BMW,Lease Retention,campaign,61,22,16,6,53636,
2024-01,Harbor Motor Group,Harbor BMW,Svc Conquest,service,51,7,5,2,24027,
2024-01,Harbor Motor Group,Harbor BMW,Direct Mail Q1,campaign,87,12,9,3,50486,5070
2024-01,Harbor Motor Group,Harbor BMW,Walk In,showroom,76,21,15,6,127883,
2024-01,Harbor Motor Group,Harbor BMW,Phone Up,phone,123,31,22,9,160735,
2024-01,Harbor Motor Group,Harbor BMW,Website Chat,chat,73,8,4,4,37760,702
2024-01,Harbor Motor Group,Harbor BMW,Facebook Marketplace,internet,183,8,4,4,28442,1092
2024-01,Harbor Motor Group,Harbor BMW,True Car,internet,94,5,3,2,19631,2028
2024-01,Harbor Motor Group,Harbor BMW,Radio Spot,campaign,2,0,0,0,0,312
2024-01,Harbor Motor Group,Harbor Chevrolet Marina,auto trader,internet,209,15,8,7,39723,2940
2024-01,Harbor Motor Group,Harbor Chevrolet Marina,Cars.com,internet,115,9,5,4,30109,2170
2024-01,Harbor Motor Group,Harbor Chevrolet Marina,Car Gurus,internet,176,7,4,3,20000,2660
2024-01,Harbor Motor Group,Harbor Chevrolet Marina,OEM Website,internet,294,37,20,17,130935,
2024-01,Harbor Motor Group,Harbor Chevrolet Marina,Lease Retention,campaign,59,18,13,5,28918,
2024-01,Harbor Motor Group,Harbor Chevrolet Marina,Service Conquest,service,42,9,6,3,16836,
2024-01,Harbor Motor Group,Harbor Chevrolet Marina,Direct Mail Q1,campaign,91,5,4,1,12803,4550
2024-01,Harbor Motor Group,Harbor Chevrolet Marina,Walk-In,showroom,65,28,20,8,98708,
2024-01,Harbor Motor Group,Harbor Chevrolet Marina,Inbound Calls,phone,92,21,15,6,62608,
2024-01,Harbor Motor Group,Harbor Chevrolet Marina,Live Chat,chat,66,10,6,4,28928,630
2024-01,Harbor Motor Group,Harbor Chevrolet Marina,FB Marketplace,internet,165,11,6,5,24215,979
2024-01,Harbor Motor Group,Harbor Chevrolet Marina,True Car,internet,82,3,2,1,6736,1819
2024-01,Harbor Motor Group,Harbor Chevrolet Marina,Radio Spot,campaign,2,1,1,0,2127,280
2024-01,Harbor Motor Group,Harbor Ford Portside,auto trader,internet,297,17,9,8,55406,3696
2024-01,Harbor Motor Group,Harbor Ford Portside,Cars .com,internet,159,11,6,5,36419,2728
2024-01,Harbor Motor Group,Harbor Ford Portside,CarGurus,internet,253,11,6,5,32066,3344
2024-01,Harbor Motor Group,Harbor Ford Portside,OEM Website,internet,378,46,25,21,173551,
2024-01,Harbor Motor Group,Harbor Ford Portside,Lease Return,campaign,67,20,14,6,37080,
2024-01,Harbor Motor Group,Harbor Ford Portside,Svc Conquest,service,47,11,8,3,22440,
2024-01,Harbor Motor Group,Harbor Ford Portside,Direct Mail,campaign,128,18,13,5,44966,5720
2024-01,Harbor Motor Group,Harbor Ford Portside,Showroom,showroom,85,20,14,6,80733,
2024-01,Harbor Motor Group,Harbor Ford Portside,Inbound Calls,phone,115,18,13,5,64160,
2024-01,Harbor Motor Group,Harbor Ford Portside,Live Chat,chat,84,3,2,1,6851,792
2024-01,Harbor Motor Group,Harbor Ford Portside,Facebook Marketplace,internet,213,12,7,5,28482,1232
2024-01,Harbor Motor Group,Harbor Ford Portside,TrueCar,internet,128,8,4,4,19258,2288
2024-01,Harbor Motor Group,Harbor Ford Portside,Radio Spot,campaign,2,0,0,0,0,352
2024-01,Harbor Motor Group,Harbor Honda Seaside,ATC,internet,288,26,14,12,69127,3360
2024-01,Harbor Motor Group,Harbor Honda Seaside,Cars .com,internet,140,21,12,9,64671,2480
2024-01,Harbor Motor Group,Harbor Honda Seaside,CarGurus,internet,222,12,7,5,32241,3040
2024-01,Harbor Motor Group,Harbor Honda Seaside,Dealer Website,internet,352,38,21,17,114900,
2024-01,Harbor Motor Group,Harbor Honda Seaside,Lease Retention,campaign,56,17,12,5,25513,
2024-01,Harbor Motor Group,Harbor Honda Seaside,Svc Conquest,service,44,11,8,3,24439,
2024-01,Harbor Motor Group,Harbor Honda Seaside,Direct Mail Q1,campaign,89,6,4,2,14752,5200
2024-01,Harbor Motor Group,Harbor Honda Seaside,Showroom,showroom,86,32,23,9,104369,
2024-01,Harbor Motor Group,Harbor Honda Seaside,Phone Up,phone,124,23,17,6,74649,
2024-01,Harbor Motor Group,Harbor Honda Seaside,Live Chat,chat,67,6,3,3,17646,720
2024-01,Harbor Motor Group,Harbor Honda Seaside,Facebook,internet,181,8,4,4,18397,1120
2024-01,Harbor Motor Group,Harbor Honda Seaside,TrueCar,internet,95,8,4,4,22602,2080
2024-01,Harbor Motor Group,Harbor Honda Seaside,Radio,campaign,2,0,0,0,0,320
2024-01,Harbor Motor Group,Harbor Jeep Ram Anchor,AutoTrader.com,internet,187,10,6,4,28362,2772
2024-01,Harbor Motor Group,Harbor Jeep Ram Anchor,Cars .com,internet,115,10,6,4,26693,2046
2024-01,Harbor Motor Group,Harbor Jeep Ram Anchor,cargurus.com,internet,184,16,9,7,44030,2508
2024-01,Harbor Motor Group,Harbor Jeep Ram Anchor,OEM Website,internet,308,37,20,17,121594,
2024-01,Harbor Motor Group,Harbor Jeep Ram Anchor,Lease Retention,campaign,53,15,11,4,26696,
2024-01,Harbor Motor Group,Harbor Jeep Ram Anchor,Svc Conquest,service,43,11,8,3,26244,
2024-01,Harbor Motor Group,Harbor Jeep Ram Anchor,Direct Mail,campaign,84,6,4,2,15783,4290
2024-01,Harbor Motor Group,Harbor Jeep Ram Anchor,Walk-In,showroom,53,22,16,6,70091,
2024-01,Harbor Motor Group,Harbor Jeep Ram Anchor,Phone Up,phone,80,12,9,3,41317,
2024-01,Harbor Motor Group,Harbor Jeep Ram Anchor,Chat,chat,60,2,1,1,5602,594
2024-01,Harbor Motor Group,Harbor Jeep Ram Anchor,Facebook,internet,152,6,3,3,13403,924
2024-01,Harbor Motor Group,Harbor Jeep Ram Anchor,TrueCar,internet,94,8,4,4,18298,1716
2024-01,Harbor Motor Group,Harbor Jeep Ram Anchor,Radio Spot,campaign,2,0,0,0,0,264
2024-01,Harbor Motor Group,Harbor Kia Lighthouse,ATC,internet,176,10,6,4,26296,2184
2024-01,Harbor Motor Group,Harbor Kia Lighthouse,CARS,internet,103,6,3,3,19840,1612
2024-01,Harbor Motor Group,Harbor Kia Lighthouse,CarGurus,internet,131,8,4,4,21686,1976
2024-01,Harbor Motor Group,Harbor Kia Lighthouse,Dealer Website,internet,229,30,16,14,114432,
2024-01,Harbor Motor Group,Harbor Kia Lighthouse,Lease Retention,campaign,43,15,11,4,22260,
2024-01,Harbor Motor Group,Harbor Kia Lighthouse,Svc Conquest,service,28,7,5,2,15206,
2024-01,Harbor Motor Group,Harbor Kia Lighthouse,Direct Mail,campaign,74,7,5,2,19357,3380
2024-01,Harbor Motor Group,Harbor Kia Lighthouse,Walk In,showroom,50,14,10,4,48186,
2024-01,Harbor Motor Group,Harbor Kia Lighthouse,Inbound Calls,phone,63,11,8,3,31862,
2024-01,Harbor Motor Group,Harbor Kia Lighthouse,Website Chat,chat,48,3,2,1,7742,468
2024-01,Harbor Motor Group,Harbor Kia Lighthouse,Facebook,internet,116,6,3,3,15156,728
2024-01,Harbor Motor Group,Harbor Kia Lighthouse,True Car,internet,71,6,3,3,15451,1352
2024-01,Harbor Motor Group,Harbor Kia Lighthouse,Radio Spot,campaign,1,0,0,0,0,208
2024-01,Harbor Motor Group,Harbor Subaru Tidewater,auto trader,internet,148,7,4,3,19088,1974
2024-01,Harbor Motor Group,Harbor Subaru Tidewater,Cars .com,internet,80,8,4,4,22478,1457
2024-01,Harbor Motor Group,Harbor Subaru Tidewater,Car Gurus,internet,116,10,6,4,23694,1786
2024-01,Harbor Motor Group,Harbor Subaru Tidewater,Dealer Website,internet,196,23,13,10,84467,
2024-01,Harbor Motor Group,Harbor Subaru Tidewater,Lease Return,campaign,38,9,6,3,14887,
2024-01,Harbor Motor Group,Harbor Subaru Tidewater,Service Conquest,service,25,2,1,1,3896,
2024-01,Harbor Motor Group,Harbor Subaru Tidewater,Direct Mail Q1,campaign,68,7,5,2,17185,3055
2024-01,Harbor Motor Group,Harbor Subaru Tidewater,Showroom,showroom,50,17,12,5,53599,
2024-01,Harbor Motor Group,Harbor Subaru Tidewater,Phone Up,phone,58,8,6,2,28547,
2024-01,Harbor Motor Group,Harbor Subaru Tidewater,Website Chat,chat,46,2,1,1,5920,423
2024-01,Harbor Motor Group,Harbor Subaru Tidewater,FB Marketplace,internet,110,3,2,1,6275,658
2024-01,Harbor Motor Group,Harbor Subaru Tidewater,True Car,internet,68,6,3,3,14667,1222
2024-01,Harbor Motor Group,Harbor Subaru Tidewater,Radio Spot,campaign,1,0,0,0,0,188
2024-01,Harbor Motor Group,Harbor Toyota Bayview,Autotrader,internet,336,20,11,9,55277,3990
2024-01,Harbor Motor Group,Harbor Toyota Bayview,Cars .com,internet,178,22,12,10,66722,2945
2024-01,Harbor Motor Group,Harbor Toyota Bayview,cargurus.com,internet,258,22,12,10,69114,3610
2024-01,Harbor Motor Group,Harbor Toyota Bayview,OEM Website,internet,381,43,24,19,154441,
2024-01,Harbor Motor Group,Harbor Toyota Bayview,Lease Return,campaign,70,17,12,5,26175,
2024-01,Harbor Motor Group,Harbor Toyota Bayview,Svc Conquest,service,60,15,11,4,29293,
2024-01,Harbor Motor Group,Harbor Toyota Bayview,Direct Mail,campaign,135,18,13,5,43936,6175
2024-01,Harbor Motor Group,Harbor Toyota Bayview,Walk In,showroom,101,34,24,10,116290,
2024-01,Harbor Motor Group,Harbor Toyota Bayview,Inbound Phone,phone,113,17,12,5,48534,
2024-01,Harbor Motor Group,Harbor Toyota Bayview,Website Chat,chat,94,9,5,4,24951,855
2024-01,Harbor Motor Group,Harbor Toyota Bayview,Facebook Marketplace,internet,230,12,7,5,30020,1330
2024-01,Harbor Motor Group,Harbor Toyota Bayview,True Car,internet,119,8,4,4,17628,2470
2024-01,Harbor Motor Group,Harbor Toyota Bayview,Radio Spot,campaign,3,0,0,0,0,380
2024-01,Summit Auto Group,Summit BMW,Autotrader,internet,267,21,12,9,90330,3486
2024-01,Summit Auto Group,Summit BMW,Cars .com,internet,136,10,6,4,46242,2573
2024-01,Summit Auto Group,Summit BMW,cargurus.com,internet,199,10,6,4,45433,3154
2024-01,Summit Auto Group,Summit BMW,Dealer Website,internet,368,52,29,23,294603,
2024-01,Summit Auto Group,Summit BMW,Lease Return,campaign,74,27,19,8,78334,
2024-01,Summit Auto Group,Summit BMW,Service Conquest,service,46,6,4,2,17275,
2024-01,Summit Auto Group,Summit BMW,Direct Mail,campaign,109,11,8,3,47570,5395
2024-01,Summit Auto Group,Summit BMW,Walk-In,showroom,90,30,22,8,177910,
2024-01,Summit Auto Group,Summit BMW,Inbound Phone,phone,126,28,20,8,137372,
2024-01,Summit Auto Group,Summit BMW,Chat,chat,69,6,3,3,24199,747
2024-01,Summit Auto Group,Summit BMW,Facebook,internet,178,6,3,3,18486,1162
2024-01,Summit Auto Group,Summit BMW,TrueCar,internet,99,4,2,2,15166,2158
2024-01,Summit Auto Group,Summit BMW,Radio,campaign,2,0,0,0,0,332
2024-01,Summit Auto Group,Summit Chevrolet Glenpark,ATC,internet,265,14,8,6,34920,3276
2024-01,Summit Auto Group,Summit Chevrolet Glenpark,Cars .com,internet,164,14,8,6,38298,2418
2024-01,Summit Auto Group,Summit Chevrolet Glenpark,cargurus.com,internet,233,15,8,7,46298,2964
2024-01,Summit Auto Group,Summit Chevrolet Glenpark,Dealer Website,internet,361,44,24,20,155768,
2024-01,Summit Auto Group,Summit Chevrolet Glenpark,Lease Return,campaign,63,10,7,3,18435,
2024-01,Summit Auto Group,Summit Chevrolet Glenpark,Svc Conquest,service,52,8,6,2,17217,
2024-01,Summit Auto Group,Summit Chevrolet Glenpark,Direct Mail,campaign,89,6,4,2,16241,5070
2024-01,Summit Auto Group,Summit Chevrolet Glenpark,Walk In,showroom,66,21,15,6,66532,
2024-01,Summit Auto Group,Summit Chevrolet Glenpark,Inbound Phone,phone,111,23,17,6,62265,
2024-01,Summit Auto Group,Summit Chevrolet Glenpark,Chat,chat,64,7,4,3,17965,702
2024-01,Summit Auto Group,Summit Chevrolet Glenpark,FB Marketplace,internet,167,9,5,4,18049,1092
2024-01,Summit Auto Group,Summit Chevrolet Glenpark,TrueCar,internet,101,6,3,3,16818,2028
2024-01,Summit Auto Group,Summit Chevrolet Glenpark,Radio Spot,campaign,2,0,0,0,0,312
2024-01,Summit Auto Group,Summit Ford Rivera,ATC,internet,295,22,12,10,72351,3864
2024-01,Summit Auto Group,Summit Ford Rivera,Cars.com,internet,190,19,10,9,65091,2852
2024-01,Summit Auto Group,Summit Ford Rivera,cargurus.com,internet,279,21,12,9,65832,3496
2024-01,Summit Auto Group,Summit Ford Rivera,Website,internet,369,46,25,21,137644,
2024-01,Summit Auto Group,Summit Ford Rivera,Lease Retention,campaign,71,23,17,6,35916,
2024-01,Summit Auto Group,Summit Ford Rivera,Service Conquest,service,48,11,8,3,19651,
2024-01,Summit Auto Group,Summit Ford Rivera,Direct Mail Q1,campaign,104,13,9,4,36366,5980
2024-01,Summit Auto Group,Summit Ford Rivera,Showroom,showroom,82,32,23,9,125832,
2024-01,Summit Auto Group,Summit Ford Rivera,Inbound Phone,phone,139,24,17,7,71701,
2024-01,Summit Auto Group,Summit Ford Rivera,Live Chat,chat,79,6,3,3,13912,828
2024-01,Summit Auto Group,Summit Ford Rivera,Facebook,internet,219,10,6,4,20504,1288
2024-01,Summit Auto Group,Summit Ford Rivera,TrueCar,internet,101,6,3,3,15918,2392
2024-01,Summit Auto Group,Summit Ford Rivera,Radio,campaign,2,0,0,0,0,368
2024-01,Summit Auto Group,Summit Honda Westland,auto trader,internet,277,18,10,8,52173,3612
2024-01,Summit Auto Group,Summit Honda Westland,Cars.com,internet,164,13,7,6,44291,2666
2024-01,Summit Auto Group,Summit Honda Westland,CarGurus,internet,269,18,10,8,49111,3268
2024-01,Summit Auto Group,Summit Honda Westland,Dealer Website,internet,352,46,25,21,162985,
2024-01,Summit Auto Group,Summit Honda Westland,Lease Return,campaign,69,14,10,4,26043,
2024-01,Summit Auto Group,Summit Honda Westland,Svc Conquest,service,56,10,7,3,20778,
2024-01,Summit Auto Group,Summit Honda Westland,Direct Mail Q1,campaign,128,9,6,3,19070,5590
2024-01,Summit Auto Group,Summit Honda Westland,Walk In,showroom,92,31,22,9,102966,
2024-01,Summit Auto Group,Summit Honda Westland,Inbound Calls,phone,133,16,12,4,56132,
2024-01,Summit Auto Group,Summit Honda Westland,Website Chat,chat,85,5,3,2,14926,774
2024-01,Summit Auto Group,Summit Honda Westland,Facebook,internet,211,7,4,3,15387,1204
2024-01,Summit Auto Group,Summit Honda Westland,True Car,internet,112,5,3,2,11751,2236
2024-01,Summit Auto Group,Summit Honda Westland,Radio Spot,campaign,2,0,0,0,0,344
2024-01,Summit Auto Group,Summit Hyundai Oakhurst,ATC,internet,165,8,4,4,20874,2436
2024-01,Summit Auto Group,Summit Hyundai Oakhurst,Cars .com,internet,117,4,2,2,12258,1797
2024-01,Summit Auto Group,Summit Hyundai Oakhurst,CarGurus,internet,166,9,5,4,21773,2204
2024-01,Summit Auto Group,Summit Hyundai Oakhurst,Website,internet,241,22,12,10,83906,
2024-01,Summit Auto Group,Summit Hyundai Oakhurst,Lease Return,campaign,41,8,6,2,12993,
2024-01,Summit Auto Group,Summit Hyundai Oakhurst,Svc Conquest,service,32,7,5,2,15841,
2024-01,Summit Auto Group,Summit Hyundai Oakhurst,Direct Mail Q1,campaign,74,8,6,2,21464,3769
2024-01,Summit Auto Group,Summit Hyundai Oakhurst,Showroom,showroom,51,19,14,5,63700,
2024-01,Summit Auto Group,Summit Hyundai Oakhurst,Inbound Calls,phone,72,15,11,4,50311,
2024-01,Summit Auto Group,Summit Hyundai Oakhurst,Live Chat,chat,56,4,2,2,8876,522
2024-01,Summit Auto Group,Summit Hyundai Oakhurst,Facebook,internet,136,5,3,2,10184,812
2024-01,Summit Auto Group,Summit Hyundai Oakhurst,True Car,internet,80,4,2,2,11024,1508
2024-01,Summit Auto Group,Summit Hyundai Oakhurst,Radio,campaign,1,0,0,0,0,231
2024-01,Summit Auto Group,Summit Jeep Ram Clearwater,AutoTrader.com,internet,230,20,11,9,59888,2982
2024-01,Summit Auto Group,Summit Jeep Ram Clearwater,Cars .com,internet,131,12,7,5,39359,2201
2024-01,Summit Auto Group,Summit Jeep Ram Clearwater,Car Gurus,internet,213,14,8,6,40030,2698
2024-01,Summit Auto Group,Summit Jeep Ram Clearwater,Website,internet,305,29,16,13,97423,
2024-01,Summit Auto Group,Summit Jeep Ram Clearwater,Lease Return,campaign,53,12,9,3,20631,
2024-01,Summit Auto Group,Summit Jeep Ram Clearwater,Svc Conquest,service,43,7,5,2,14780,
2024-01,Summit Auto Group,Summit Jeep Ram Clearwater,Direct Mail,campaign,97,7,5,2,17782,4615
2024-01,Summit Auto Group,Summit Jeep Ram Clearwater,Walk In,showroom,63,15,11,4,58562,
2024-01,Summit Auto Group,Summit Jeep Ram Clearwater,Inbound Calls,phone,89,19,14,5,54875,
2024-01,Summit Auto Group,Summit Jeep Ram Clearwater,Live Chat,chat,64,6,3,3,14136,639
2024-01,Summit Auto Group,Summit Jeep Ram Clearwater,Facebook,internet,174,6,3,3,12075,994
2024-01,Summit Auto Group,Summit Jeep Ram Clearwater,True Car,internet,92,4,2,2,9732,1846
2024-01,Summit Auto Group,Summit Jeep Ram Clearwater,Radio,campaign,2,0,0,0,0,284
2024-01,Summit Auto Group,Summit Kia Brookfield,AutoTrader.com,internet,177,12,7,5,38545,2310
2024-01,Summit Auto Group,Summit Kia Brookfield,CARS,internet,101,7,4,3,19184,1705
2024-01,Summit Auto Group,Summit Kia Brookfield,Car Gurus,internet,167,11,6,5,32867,2090
2024-01,Summit Auto Group,Summit Kia Brookfield,OEM Website,internet,194,16,9,7,50428,
2024-01,Summit Auto Group,Summit Kia Brookfield,Lease Return,campaign,39,12,9,3,17722,
2024-01,Summit Auto Group,Summit Kia Brookfield,Service Conquest,service,28,6,4,2,12605,
2024-01,Summit Auto Group,Summit Kia Brookfield,Direct Mail Q1,campaign,68,3,2,1,6475,3575
2024-01,Summit Auto Group,Summit Kia Brookfield,Showroom,showroom,46,19,14,5,58549,
2024-01,Summit Auto Group,Summit Kia Brookfield,Inbound Calls,phone,69,14,10,4,44813,
2024-01,Summit Auto Group,Summit Kia Brookfield,Live Chat,chat,43,2,1,1,5041,495
2024-01,Summit Auto Group,Summit Kia Brookfield,Facebook,internet,120,6,3,3,14976,770
2024-01,Summit Auto Group,Summit Kia Brookfield,True Car,internet,76,2,1,1,5218,1430
2024-01,Summit Auto Group,Summit Kia Brookfield,Radio Spot,campaign,1,0,0,0,0,220
2024-01,Summit Auto Group,Summit Mazda Lakeside,AutoTrader.com,internet,128,10,6,4,31926,1848
2024-01,Summit Auto Group,Summit Mazda Lakeside,Cars.com,internet,94,5,3,2,15253,1364
2024-01,Summit Auto Group,Summit Mazda Lakeside,CarGurus,internet,112,6,3,3,15603,1672
2024-01,Summit Auto Group,Summit Mazda Lakeside,Dealer Website,internet,166,14,8,6,44273,
2024-01,Summit Auto Group,Summit Mazda Lakeside,Lease Return,campaign,34,14,10,4,26794,
2024-01,Summit Auto Group,Summit Mazda Lakeside,Svc Conquest,service,24,6,4,2,12470,
2024-01,Summit Auto Group,Summit Mazda Lakeside,Direct Mail,campaign,51,6,4,2,13198,2860
2024-01,Summit Auto Group,Summit Mazda Lakeside,Walk In,showroom,42,14,10,4,51150,
2024-01,Summit Auto Group,Summit Mazda Lakeside,Phone Up,phone,67,13,9,4,37362,
2024-01,Summit Auto Group,Summit Mazda Lakeside,Website Chat,chat,34,3,2,1,7398,396
2024-01,Summit Auto Group,Summit Mazda Lakeside,Facebook,internet,102,8,4,4,17405,616
2024-01,Summit Auto Group,Summit Mazda Lakeside,True Car,internet,49,3,2,1,7830,1144
2024-01,Summit Auto Group,Summit Mazda Lakeside,Radio Spot,campaign,1,0,0,0,0,176
2024-01,Summit Auto Group,Summit Nissan Ridgemont,auto trader,internet,183,12,7,5,37558,2688
2024-01,Summit Auto Group,Summit Nissan Ridgemont,CARS,internet,109,9,5,4,26716,1984
2024-01,Summit Auto Group,Summit Nissan Ridgemont,CarGurus,internet,187,14,8,6,37206,2432
2024-01,Summit Auto Group,Summit Nissan Ridgemont,Dealer Website,internet,256,33,18,15,126265,
2024-01,Summit Auto Group,Summit Nissan Ridgemont,Lease Retention,campaign,56,23,17,6,37004,
2024-01,Summit Auto Group,Summit Nissan Ridgemont,Svc Conquest,service,39,13,9,4,26905,
2024-01,Summit Auto Group,Summit Nissan Ridgemont,Direct Mail Q1,campaign,84,6,4,2,12749,4160
2024-01,Summit Auto Group,Summit Nissan Ridgemont,Walk-In,showroom,65,25,18,7,97162,
2024-01,Summit Auto Group,Summit Nissan Ridgemont,Inbound Calls,phone,76,15,11,4,51975,
2024-01,Summit Auto Group,Summit Nissan Ridgemont,Live Chat,chat,52,2,1,1,5136,576
2024-01,Summit Auto Group,Summit Nissan Ridgemont,Facebook,internet,156,6,3,3,14735,896
2024-01,Summit Auto Group,Summit Nissan Ridgemont,TrueCar,internet,89,7,4,3,16876,1664
2024-01,Summit Auto Group,Summit Nissan Ridgemont,Radio,campaign,2,1,1,0,2591,256
2024-01,Summit Auto Group,Summit Subaru Northgate,Autotrader,internet,158,7,4,3,20916,2058
2024-01,Summit Auto Group,Summit Subaru Northgate,CARS,internet,84,8,4,4,23974,1519
2024-01,Summit Auto Group,Summit Subaru Northgate,CarGurus,internet,144,10,6,4,31365,1862
2024-01,Summit Auto Group,Summit Subaru Northgate,OEM Website,internet,220,26,14,12,98677,
2024-01,Summit Auto Group,Summit Subaru Northgate,Lease Return,campaign,38,12,9,3,19599,
2024-01,Summit Auto Group,Summit Subaru Northgate,Svc Conquest,service,29,6,4,2,14055,
2024-01,Summit Auto Group,Summit Subaru Northgate,Direct Mail Q1,campaign,67,7,5,2,17993,3185
2024-01,Summit Auto Group,Summit Subaru Northgate,Walk-In,showroom,42,11,8,3,42038,
2024-01,Summit Auto Group,Summit Subaru Northgate,Phone Up,phone,69,10,7,3,33066,
2024-01,Summit Auto Group,Summit Subaru Northgate,Website Chat,chat,39,4,2,2,10584,441
2024-01,Summit Auto Group,Summit Subaru Northgate,Facebook Marketplace,internet,108,2,1,1,4190,686
2024-01,Summit Auto Group,Summit Subaru Northgate,True Car,internet,69,4,2,2,9235,1274
2024-01,Summit Auto Group,Summit Subaru Northgate,Radio,campaign,1,0,0,0,0,196
2024-01,Summit Auto Group,Summit Toyota of Fairview,auto trader,internet,324,21,12,9,61102,4200
2024-01,Summit Auto Group,Summit Toyota of Fairview,CARS,internet,210,17,9,8,51648,3100
2024-01,Summit Auto Group,Summit Toyota of Fairview,Car Gurus,internet,320,15,8,7,39717,3800
2024-01,Summit Auto Group,Summit Toyota of Fairview,Dealer Website,internet,414,42,23,19,137761,
2024-01,Summit Auto Group,Summit Toyota of Fairview,Lease Retention,campaign,90,21,15,6,33928,
2024-01,Summit Auto Group,Summit Toyota of Fairview,Svc Conquest,service,50,8,6,2,16502,
2024-01,Summit Auto Group,Summit Toyota of Fairview,Direct Mail Q1,campaign,133,12,9,3,27114,6500
2024-01,Summit Auto Group,Summit Toyota of Fairview,Showroom,showroom,82,29,21,8,111135,
2024-01,Summit Auto Group,Summit Toyota of Fairview,Inbound Calls,phone,130,17,12,5,53551,
2024-01,Summit Auto Group,Summit Toyota of Fairview,Chat,chat,76,9,5,4,23493,900
2024-01,Summit Auto Group,Summit Toyota of Fairview,FB Marketplace,internet,232,14,8,6,33674,1400
2024-01,Summit Auto Group,Summit Toyota of Fairview,True Car,internet,112,11,6,5,28432,2600
2024-01,Summit Auto Group,Summit Toyota of Fairview,Radio Spot,campaign,3,0,0,0,0,400
2024-01,Summit Auto Group,Summit Volkswagen Eastdale,auto trader,internet,115,2,1,1,4981,1680
2024-01,Summit Auto Group,Summit Volkswagen Eastdale,Cars .com,internet,75,8,4,4,27959,1240
2024-01,Summit Auto Group,Summit Volkswagen Eastdale,Car Gurus,internet,118,9,5,4,23459,1520
2024-01,Summit Auto Group,Summit Volkswagen Eastdale,Dealer Website,internet,171,18,10,8,55348,
2024-01,Summit Auto Group,Summit Volkswagen Eastdale,Lease Retention,campaign,27,8,6,2,12749,
2024-01,Summit Auto Group,Summit Volkswagen Eastdale,Service Conquest,service,22,2,1,1,3654,
2024-01,Summit Auto Group,Summit Volkswagen Eastdale,Direct Mail Q1,campaign,48,5,4,1,11123,2600
2024-01,Summit Auto Group,Summit Volkswagen Eastdale,Walk-In,showroom,37,14,10,4,57590,
2024-01,Summit Auto Group,Summit Volkswagen Eastdale,Phone Up,phone,60,3,2,1,9463,
2024-01,Summit Auto Group,Summit Volkswagen Eastdale,Chat,chat,37,3,2,1,7955,360
2024-01,Summit Auto Group,Summit Volkswagen Eastdale,Facebook,internet,95,4,2,2,9010,560
2024-01,Summit Auto Group,Summit Volkswagen Eastdale,True Car,internet,55,3,2,1,8335,1040
2024-01,Summit Auto Group,Summit Volkswagen Eastdale,Radio Spot,campaign,1,0,0,0,0,160
2024-02,Harbor Motor Group,Harbor BMW,auto trader,internet,222,18,10,8,74071,3276
2024-02,Harbor Motor Group,Harbor BMW,Cars.com,internet,160,11,6,5,56775,2418
2024-02,Harbor Motor Group,Harbor BMW,Car Gurus,internet,192,8,4,4,39701,2964
2024-02,Harbor Motor Group,Harbor BMW,Dealer Website,internet,347,41,23,18,245275,
2024-02,Harbor Motor Group,Harbor BMW,Lease Retention,campaign,66,18,13,5,46725,
2024-02,Harbor Motor Group,Harbor BMW,Svc Conquest,service,38,10,7,3,29248,
2024-02,Harbor Motor Group,Harbor BMW,Direct Mail Q1,campaign,106,9,6,3,37895,5070
2024-02,Harbor Motor Group,Harbor BMW,Walk In,showroom,80,25,18,7,129376,
2024-02,Harbor Motor Group,Harbor BMW,Phone Up,phone,110,22,16,6,123036,
2024-02,Harbor Motor Group,Harbor BMW,Website Chat,chat,64,4,2,2,17844,702
2024-02,Harbor Motor Group,Harbor BMW,Facebook Marketplace,internet,185,13,7,6,44725,1092
2024-02,Harbor Motor Group,Harbor BMW,True Car,internet,91,9,5,4,32480,2028
2024-02,Harbor Motor Group,Harbor BMW,Radio Spot,campaign,2,0,0,0,0,312
2024-02,Harbor Motor Group,Harbor Chevrolet Marina,auto trader,internet,224,14,8,6,45411,2940
2024-02,Harbor Motor Group,Harbor Chevrolet Marina,Cars.com,internet,119,11,6,5,29456,2170
2024-02,Harbor Motor Group,Harbor Chevrolet Marina,Car Gurus,internet,174,12,7,5,34926,2660
2024-02,Harbor Motor Group,Harbor Chevrolet Marina,OEM Website,internet,314,39,21,18,152162,
2024-02,Harbor Motor Group,Harbor Chevrolet Marina,Lease Retention,campaign,56,14,10,4,24677,
2024-02,Harbor Motor Group,Harbor Chevrolet Marina,Service Conquest,service,44,16,12,4,34441,
2024-02,Harbor Motor Group,Harbor Chevrolet Marina,Direct Mail Q1,campaign,79,5,4,1,12671,4550
2024-02,Harbor Motor Group,Harbor Chevrolet Marina,Walk-In,showroom,67,23,17,6,86980,
2024-02,Harbor Motor Group,Harbor Chevrolet Marina,Inbound Calls,phone,87,20,14,6,70136,
2024-02,Harbor Motor Group,Harbor Chevrolet Marina,Live Chat,chat,67,6,3,3,15412,630
2024-02,Harbor Motor Group,Harbor Chevrolet Marina,FB Marketplace,internet,164,7,4,3,13197,979
2024-02,Harbor Motor Group,Harbor Chevrolet Marina,True Car,internet,83,5,3,2,12389,1819
2024-02,Harbor Motor Group,Harbor Chevrolet Marina,Radio Spot,campaign,2,0,0,0,0,280
2024-02,Harbor Motor Group,Harbor Ford Portside,auto trader,internet,271,19,10,9,49046,3696
2024-02,Harbor Motor Group,Harbor Ford Portside,Cars .com,internet,170,18,10,8,52508,2728
2024-02,Harbor Motor Group,Harbor Ford Portside,CarGurus,internet,259,17,9,8,53867,3344
2024-02,Harbor Motor Group,Harbor Ford Portside,OEM Website,internet,399,48,26,22,165874,
2024-02,Harbor Motor Group,Harbor Ford Portside,Lease Return,campaign,71,23,17,6,41221,
2024-02,Harbor Motor Group,Harbor Ford Portside,Svc Conquest,service,46,10,7,3,21368,
2024-02,Harbor Motor Group,Harbor Ford Portside,Direct Mail,campaign,124,9,6,3,24486,5720
2024-02,Harbor Motor Group,Harbor Ford Portside,Showroom,showroom,93,35,25,10,129930,
2024-02,Harbor Motor Group,Harbor Ford Portside,Inbound Calls,phone,125,18,13,5,62106,
2024-02,Harbor Motor Group,Harbor Ford Portside,Live Chat,chat,81,11,6,5,31435,792
2024-02,Harbor Motor Group,Harbor Ford Portside,Facebook Marketplace,internet,210,8,4,4,18584,1232
2024-02,Harbor Motor Group,Harbor Ford Portside,TrueCar,internet,119,4,2,2,8618,2288
2024-02,Harbor Motor Group,Harbor Ford Portside,Radio Spot,campaign,3,0,0,0,0,352
2024-02,Harbor Motor Group,Harbor Honda Seaside,ATC,internet,261,13,7,6,38825,3360
2024-02,Harbor Motor Group,Harbor Honda Seaside,Cars .com,internet,151,10,6,4,34867,2480
2024-02,Harbor Motor Group,Harbor Honda Seaside,CarGurus,internet,241,13,7,6,40258,3040
2024-02,Harbor Motor Group,Harbor Honda Seaside,Dealer Website,internet,334,45,25,20,134059,
2024-02,Harbor Motor Group,Harbor Honda Seaside,Lease Retention,campaign,57,19,14,5,29473,
2024-02,Harbor Motor Group,Harbor Honda Seaside,Svc Conquest,service,51,6,4,2,14261,
2024-02,Harbor Motor Group,Harbor Honda Seaside,Direct Mail Q1,campaign,114,9,6,3,20991,5200
2024-02,Harbor Motor Group,Harbor Honda Seaside,Showroom,showroom,84,23,17,6,87092,
2024-02,Harbor Motor Group,Harbor Honda Seaside,Phone Up,phone,121,20,14,6,55425,
2024-02,Harbor Motor Group,Harbor Honda Seaside,Live Chat,chat,79,6,3,3,16129,720
2024-02,Harbor Motor Group,Harbor Honda Seaside,Facebook,internet,182,7,4,3,13989,1120
2024-02,Harbor Motor Group,Harbor Honda Seaside,TrueCar,internet,113,6,3,3,16159,2080
2024-02,Harbor Motor Group,Harbor Honda Seaside,Radio,campaign,2,0,0,0,0,320
2024-02,Harbor Motor Group,Harbor Jeep Ram Anchor,AutoTrader.com,internet,193,17,9,8,47645,2772
2024-02,Harbor Motor Group,Harbor Jeep Ram Anchor,Cars .com,internet,116,13,7,6,35504,2046
2024-02,Harbor Motor Group,Harbor Jeep Ram Anchor,cargurus.com,internet,177,10,6,4,28667,2508
2024-02,Harbor Motor Group,Harbor Jeep Ram Anchor,OEM Website,internet,234,22,12,10,81278,
2024-02,Harbor Motor Group,Harbor Jeep Ram Anchor,Lease Retention,campaign,59,20,14,6,37469,
2024-02,Harbor Motor Group,Harbor Jeep Ram Anchor,Svc Conquest,service,38,7,5,2,16633,
2024-02,Harbor Motor Group,Harbor Jeep Ram Anchor,Direct Mail,campaign,77,5,4,1,12711,4290
2024-02,Harbor Motor Group,Harbor Jeep Ram Anchor,Walk-In,showroom,53,15,11,4,54530,
2024-02,Harbor Motor Group,Harbor Jeep Ram Anchor,Phone Up,phone,78,19,14,5,51494,
2024-02,Harbor Motor Group,Harbor Jeep Ram Anchor,Chat,chat,57,3,2,1,7503,594
2024-02,Harbor Motor Group,Harbor Jeep Ram Anchor,Facebook,internet,156,5,3,2,10075,924
2024-02,Harbor Motor Group,Harbor Jeep Ram Anchor,TrueCar,internet,89,6,3,3,12984,1716
2024-02,Harbor Motor Group,Harbor Jeep Ram Anchor,Radio Spot,campaign,2,0,0,0,0,264
2024-02,Harbor Motor Group,Harbor Kia Lighthouse,ATC,internet,187,15,8,7,42999,2184
2024-02,Harbor Motor Group,Harbor Kia Lighthouse,CARS,internet,96,11,6,5,30151,1612
2024-02,Harbor Motor Group,Harbor Kia Lighthouse,CarGurus,internet,127,9,5,4,24131,1976
2024-02,Harbor Motor Group,Harbor Kia Lighthouse,Dealer Website,internet,186,16,9,7,59846,
2024-02,Harbor Motor Group,Harbor Kia Lighthouse,Lease Retention,campaign,42,13,9,4,23079,
2024-02,Harbor Motor Group,Harbor Kia Lighthouse,Svc Conquest,service,30,10,7,3,22435,
2024-02,Harbor Motor Group,Harbor Kia Lighthouse,Direct Mail,campaign,64,6,4,2,15858,3380
2024-02,Harbor Motor Group,Harbor Kia Lighthouse,Walk In,showroom,47,19,14,5,72968,
2024-02,Harbor Motor Group,Harbor Kia Lighthouse,Inbound Calls,phone,71,8,6,2,21579,
2024-02,Harbor Motor Group,Harbor Kia Lighthouse,Website Chat,chat,47,5,3,2,11614,468
2024-02,Harbor Motor Group,Harbor Kia Lighthouse,Facebook,internet,117,8,4,4,16501,728
2024-02,Harbor Motor Group,Harbor Kia Lighthouse,True Car,internet,67,9,5,4,24202,1352
2024-02,Harbor Motor Group,Harbor Kia Lighthouse,Radio Spot,campaign,1,0,0,0,0,208
2024-02,Harbor Motor Group,Harbor Subaru Tidewater,auto trader,internet,158,7,4,3,17295,1974
2024-02,Harbor Motor Group,Harbor Subaru Tidewater,Cars .com,internet,78,10,6,4,30781,1457
2024-02,Harbor Motor Group,Harbor Subaru Tidewater,Car Gurus,internet,136,6,3,3,18215,1786
2024-02,Harbor Motor Group,Harbor Subaru Tidewater,Dealer Website,internet,164,15,8,7,46720,
2024-02,Harbor Motor Group,Harbor Subaru Tidewater,Lease Return,campaign,40,12,9,3,20699,
2024-02,Harbor Motor Group,Harbor Subaru Tidewater,Service Conquest,service,27,3,2,1,5962,
2024-02,Harbor Motor Group,Harbor Subaru Tidewater,Direct Mail Q1,campaign,53,2,1,1,5336,3055
2024-02,Harbor Motor Group,Harbor Subaru Tidewater,Showroom,showroom,40,15,11,4,54851,
2024-02,Harbor Motor Group,Harbor Subaru Tidewater,Phone Up,phone,61,13,9,4,45477,
2024-02,Harbor Motor Group,Harbor Subaru Tidewater,Website Chat,chat,37,0,0,0,0,423
2024-02,Harbor Motor Group,Harbor Subaru Tidewater,FB Marketplace,internet,114,4,2,2,8385,658
2024-02,Harbor Motor Group,Harbor Subaru Tidewater,True Car,internet,62,1,1,0,2162,1222
2024-02,Harbor Motor Group,Harbor Subaru Tidewater,Radio Spot,campaign,1,0,0,0,0,188
2024-02,Harbor Motor Group,Harbor Toyota Bayview,Autotrader,internet,288,21,12,9,63798,3990
2024-02,Harbor Motor Group,Harbor Toyota Bayview,Cars .com,internet,187,16,9,7,55676,2945
2024-02,Harbor Motor Group,Harbor Toyota Bayview,cargurus.com,internet,260,21,12,9,56314,3610
2024-02,Harbor Motor Group,Harbor Toyota Bayview,OEM Website,internet,375,54,30,24,157568,
2024-02,Harbor Motor Group,Harbor Toyota Bayview,Lease Return,campaign,77,19,14,5,34284,
2024-02,Harbor Motor Group,Harbor Toyota Bayview,Svc Conquest,service,52,11,8,3,23183,
2024-02,Harbor Motor Group,Harbor Toyota Bayview,Direct Mail,campaign,118,11,8,3,28717,6175
2024-02,Harbor Motor Group,Harbor Toyota Bayview,Walk In,showroom,89,30,22,8,94187,
2024-02,Harbor Motor Group,Harbor Toyota Bayview,Inbound Phone,phone,145,27,19,8,79958,
2024-02,Harbor Motor Group,Harbor Toyota Bayview,Website Chat,chat,82,2,1,1,5532,855
2024-02,Harbor Motor Group,Harbor Toyota Bayview,Facebook Marketplace,internet,215,8,4,4,15886,1330
2024-02,Harbor Motor Group,Harbor Toyota Bayview,True Car,internet,123,15,8,7,42934,2470
2024-02,Harbor Motor Group,Harbor Toyota Bayview,Radio Spot,campaign,3,0,0,0,0,380
2024-02,Summit Auto Group,Summit BMW,Autotrader,internet,287,23,13,10,115027,3486
2024-02,Summit Auto Group,Summit BMW,Cars .com,internet,155,15,8,7,74142,2573
2024-02,Summit Auto Group,Summit BMW,cargurus.com,internet,230,12,7,5,53399,3154
2024-02,Summit Auto Group,Summit BMW,Dealer Website,internet,291,29,16,13,178621,
2024-02,Summit Auto Group,Summit BMW,Lease Return,campaign,64,11,8,3,28986,
2024-02,Summit Auto Group,Summit BMW,Service Conquest,service,56,13,9,4,38904,
2024-02,Summit Auto Group,Summit BMW,Direct Mail,campaign,119,17,12,5,71244,5395
2024-02,Summit Auto Group,Summit BMW,Walk-In,showroom,89,34,24,10,168317,
2024-02,Summit Auto Group,Summit BMW,Inbound Phone,phone,99,17,12,5,79663,
2024-02,Summit Auto Group,Summit BMW,Chat,chat,73,8,4,4,32098,747
2024-02,Summit Auto Group,Summit BMW,Facebook,internet,194,7,4,3,26167,1162
2024-02,Summit Auto Group,Summit BMW,TrueCar,internet,112,10,6,4,45467,2158
2024-02,Summit Auto Group,Summit BMW,Radio,campaign,2,0,0,0,0,332
2024-02,Summit Auto Group,Summit Chevrolet Glenpark,ATC,internet,284,19,10,9,51148,3276
2024-02,Summit Auto Group,Summit Chevrolet Glenpark,Cars .com,internet,139,15,8,7,51588,2418
2024-02,Summit Auto Group,Summit Chevrolet Glenpark,cargurus.com,internet,224,8,4,4,21351,2964
2024-02,Summit Auto Group,Summit Chevrolet Glenpark,Dealer Website,internet,313,33,18,15,114149,
2024-02,Summit Auto Group,Summit Chevrolet Glenpark,Lease Return,campaign,59,20,14,6,30477,
2024-02,Summit Auto Group,Summit Chevrolet Glenpark,Svc Conquest,service,47,7,5,2,13687,
2024-02,Summit Auto Group,Summit Chevrolet Glenpark,Direct Mail,campaign,113,12,9,3,26294,5070
2024-02,Summit Auto Group,Summit Chevrolet Glenpark,Walk In,showroom,80,32,23,9,128698,
2024-02,Summit Auto Group,Summit Chevrolet Glenpark,Inbound Phone,phone,104,20,14,6,62872,
2024-02,Summit Auto Group,Summit Chevrolet Glenpark,Chat,chat,70,6,3,3,15384,702
2024-02,Summit Auto Group,Summit Chevrolet Glenpark,FB Marketplace,internet,180,13,7,6,26957,1092
2024-02,Summit Auto Group,Summit Chevrolet Glenpark,TrueCar,internet,85,7,4,3,17938,2028
2024-02,Summit Auto Group,Summit Chevrolet Glenpark,Radio Spot,campaign,2,0,0,0,0,312
2024-02,Summit Auto Group,Summit Ford Rivera,ATC,internet,310,19,10,9,54864,3864
2024-02,Summit Auto Group,Summit Ford Rivera,Cars.com,internet,151,9,5,4,23359,2852
2024-02,Summit Auto Group,Summit Ford Rivera,cargurus.com,internet,233,12,7,5,31749,3496
2024-02,Summit Auto Group,Summit Ford Rivera,Website,internet,337,45,25,20,165795,
2024-02,Summit Auto Group,Summit Ford Rivera,Lease Retention,campaign,81,19,14,5,32150,
2024-02,Summit Auto Group,Summit Ford Rivera,Service Conquest,service,59,14,10,4,31501,
2024-02,Summit Auto Group,Summit Ford Rivera,Direct Mail Q1,campaign,124,7,5,2,15233,5980
2024-02,Summit Auto Group,Summit Ford Rivera,Showroom,showroom,96,37,27,10,133994,
2024-02,Summit Auto Group,Summit Ford Rivera,Inbound Phone,phone,110,19,14,5,67720,
2024-02,Summit Auto Group,Summit Ford Rivera,Live Chat,chat,72,6,3,3,17702,828
2024-02,Summit Auto Group,Summit Ford Rivera,Facebook,internet,227,8,4,4,17458,1288
2024-02,Summit Auto Group,Summit Ford Rivera,TrueCar,internet,101,8,4,4,20225,2392
2024-02,Summit Auto Group,Summit Ford Rivera,Radio,campaign,3,0,0,0,0,368
2024-02,Summit Auto Group,Summit Honda Westland,auto trader,internet,269,21,12,9,53694,3612
2024-02,Summit Auto Group,Summit Honda Westland,Cars.com,internet,168,20,11,9,65058,2666
2024-02,Summit Auto Group,Summit Honda Westland,CarGurus,internet,207,17,9,8,42200,3268
2024-02,Summit Auto Group,Summit Honda Westland,Dealer Website,internet,382,51,28,23,153154,
2024-02,Summit Auto Group,Summit Honda Westland,Lease Return,campaign,61,11,8,3,17865,
2024-02,Summit Auto Group,Summit Honda Westland,Svc Conquest,service,57,9,6,3,17279,
2024-02,Summit Auto Group,Summit Honda Westland,Direct Mail Q1,campaign,97,7,5,2,15183,5590
2024-02,Summit Auto Group,Summit Honda Westland,Walk In,showroom,86,27,19,8,91892,
2024-02,Summit Auto Group,Summit Honda Westland,Inbound Calls,phone,125,25,18,7,87387,
2024-02,Summit Auto Group,Summit Honda Westland,Website Chat,chat,83,6,3,3,17841,774
2024-02,Summit Auto Group,Summit Honda Westland,Facebook,internet,203,7,4,3,14894,1204
2024-02,Summit Auto Group,Summit Honda Westland,True Car,internet,96,3,2,1,8488,2236
2024-02,Summit Auto Group,Summit Honda Westland,Radio Spot,campaign,2,0,0,0,0,344
2024-02,Summit Auto Group,Summit Hyundai Oakhurst,ATC,internet,168,18,10,8,55254,2436
2024-02,Summit Auto Group,Summit Hyundai Oakhurst,Cars .com,internet,111,11,6,5,34701,1797
2024-02,Summit Auto Group,Summit Hyundai Oakhurst,CarGurus,internet,149,8,4,4,25412,2204
2024-02,Summit Auto Group,Summit Hyundai Oakhurst,Website,internet,224,32,18,14,124076,
2024-02,Summit Auto Group,Summit Hyundai Oakhurst,Lease Return,campaign,47,15,11,4,23061,
2024-02,Summit Auto Group,Summit Hyundai Oakhurst,Svc Conquest,service,37,7,5,2,14007,
2024-02,Summit Auto Group,Summit Hyundai Oakhurst,Direct Mail Q1,campaign,64,7,5,2,16891,3769
2024-02,Summit Auto Group,Summit Hyundai Oakhurst,Showroom,showroom,49,13,9,4,42833,
2024-02,Summit Auto Group,Summit Hyundai Oakhurst,Inbound Calls,phone,76,9,6,3,31865,
2024-02,Summit Auto Group,Summit Hyundai Oakhurst,Live Chat,chat,54,3,2,1,7103,522
2024-02,Summit Auto Group,Summit Hyundai Oakhurst,Facebook,internet,126,8,4,4,17696,812
2024-02,Summit Auto Group,Summit Hyundai Oakhurst,True Car,internet,75,4,2,2,10298,1508
2024-02,Summit Auto Group,Summit Hyundai Oakhurst,Radio,campaign,1,0,0,0,0,231
2024-02,Summit Auto Group,Summit Jeep Ram Clearwater,AutoTrader.com,internet,237,27,15,12,88787,2982
2024-02,Summit Auto Group,Summit Jeep Ram Clearwater,Cars .com,internet,153,13,7,6,34656,2201
2024-02,Summit Auto Group,Summit Jeep Ram Clearwater,Car Gurus,internet,175,11,6,5,26831,2698
2024-02,Summit Auto Group,Summit Jeep Ram Clearwater,Website,internet,282,31,17,14,103045,
2024-02,Summit Auto Group,Summit Jeep Ram Clearwater,Lease Return,campaign,51,15,11,4,26574,
2024-02,Summit Auto Group,Summit Jeep Ram Clearwater,Svc Conquest,service,44,10,7,3,22723,
2024-02,Summit Auto Group,Summit Jeep Ram Clearwater,Direct Mail,campaign,88,6,4,2,16810,4615
2024-02,Summit Auto Group,Summit Jeep Ram Clearwater,Walk In,showroom,61,16,12,4,57240,
2024-02,Summit Auto Group,Summit Jeep Ram Clearwater,Inbound Calls,phone,90,11,8,3,30036,
2024-02,Summit Auto Group,Summit Jeep Ram Clearwater,Live Chat,chat,57,7,4,3,16213,639
2024-02,Summit Auto Group,Summit Jeep Ram Clearwater,Facebook,internet,154,10,6,4,19041,994
2024-02,Summit Auto Group,Summit Jeep Ram Clearwater,True Car,internet,94,5,3,2,13444,1846
2024-02,Summit Auto Group,Summit Jeep Ram Clearwater,Radio,campaign,2,0,0,0,0,284
2024-02,Summit Auto Group,Summit Kia Brookfield,AutoTrader.com,internet,200,10,6,4,29971,2310
2024-02,Summit Auto Group,Summit Kia Brookfield,CARS,internet,97,8,4,4,23167,1705
2024-02,Summit Auto Group,Summit Kia Brookfield,Car Gurus,internet,145,9,5,4,24160,2090
2024-02,Summit Auto Group,Summit Kia Brookfield,OEM Website,internet,237,23,13,10,87387,
2024-02,Summit Auto Group,Summit Kia Brookfield,Lease Return,campaign,44,19,14,5,34987,
2024-02,Summit Auto Group,Summit Kia Brookfield,Service Conquest,service,32,8,6,2,18726,
2024-02,Summit Auto Group,Summit Kia Brookfield,Direct Mail Q1,campaign,78,8,6,2,19580,3575
2024-02,Summit Auto Group,Summit Kia Brookfield,Showroom,showroom,51,20,14,6,63058,
2024-02,Summit Auto Group,Summit Kia Brookfield,Inbound Calls,phone,66,14,10,4,44363,
2024-02,Summit Auto Group,Summit Kia Brookfield,Live Chat,chat,54,4,2,2,9659,495
2024-02,Summit Auto Group,Summit Kia Brookfield,Facebook,internet,132,7,4,3,15866,770
2024-02,Summit Auto Group,Summit Kia Brookfield,True Car,internet,72,3,2,1,7102,1430
2024-02,Summit Auto Group,Summit Kia Brookfield,Radio Spot,campaign,1,0,0,0,0,220
2024-02,Summit Auto Group,Summit Mazda Lakeside,AutoTrader.com,internet,159,11,6,5,33790,1848
2024-02,Summit Auto Group,Summit Mazda Lakeside,Cars.com,internet,80,12,7,5,33986,1364
2024-02,Summit Auto Group,Summit Mazda Lakeside,CarGurus,internet,116,8,4,4,22412,1672
2024-02,Summit Auto Group,Summit Mazda Lakeside,Dealer Website,internet,167,15,8,7,57726,
2024-02,Summit Auto Group,Summit Mazda Lakeside,Lease Return,campaign,33,10,7,3,17620,
2024-02,Summit Auto Group,Summit Mazda Lakeside,Svc Conquest,service,28,4,3,1,9374,
2024-02,Summit Auto Group,Summit Mazda Lakeside,Direct Mail,campaign,63,4,3,1,9084,2860
2024-02,Summit Auto Group,Summit Mazda Lakeside,Walk In,showroom,37,11,8,3,45007,
2024-02,Summit Auto Group,Summit Mazda Lakeside,Phone Up,phone,62,14,10,4,38226,
2024-02,Summit Auto Group,Summit Mazda Lakeside,Website Chat,chat,41,2,1,1,4738,396
2024-02,Summit Auto Group,Summit Mazda Lakeside,Facebook,internet,107,7,4,3,14860,616
2024-02,Summit Auto Group,Summit Mazda Lakeside,True Car,internet,49,7,4,3,17721,1144
2024-02,Summit Auto Group,Summit Mazda Lakeside,Radio Spot,campaign,1,1,1,0,2301,176
2024-02,Summit Auto Group,Summit Nissan Ridgemont,auto trader,internet,178,9,5,4,28657,2688
2024-02,Summit Auto Group,Summit Nissan Ridgemont,CARS,internet,138,8,4,4,24559,1984
2024-02,Summit Auto Group,Summit Nissan Ridgemont,CarGurus,internet,196,8,4,4,20298,2432
2024-02,Summit Auto Group,Summit Nissan Ridgemont,Dealer Website,internet,276,25,14,11,84783,
2024-02,Summit Auto Group,Summit Nissan Ridgemont,Lease Retention,campaign,44,10,7,3,17793,
2024-02,Summit Auto Group,Summit Nissan Ridgemont,Svc Conquest,service,34,10,7,3,23229,
2024-02,Summit Auto Group,Summit Nissan Ridgemont,Direct Mail Q1,campaign,77,7,5,2,16791,4160
2024-02,Summit Auto Group,Summit Nissan Ridgemont,Walk-In,showroom,65,25,18,7,80730,
2024-02,Summit Auto Group,Summit Nissan Ridgemont,Inbound Calls,phone,88,11,8,3,30895,
2024-02,Summit Auto Group,Summit Nissan Ridgemont,Live Chat,chat,58,3,2,1,8566,576
2024-02,Summit Auto Group,Summit Nissan Ridgemont,Facebook,internet,157,11,6,5,23328,896
2024-02,Summit Auto Group,Summit Nissan Ridgemont,TrueCar,internet,75,4,2,2,9193,1664
2024-02,Summit Auto Group,Summit Nissan Ridgemont,Radio,campaign,2,0,0,0,0,256
2024-02,Summit Auto Group,Summit Subaru Northgate,Autotrader,internet,178,9,5,4,28980,2058
2024-02,Summit Auto Group,Summit Subaru Northgate,CARS,internet,82,8,4,4,22612,1519
2024-02,Summit Auto Group,Summit Subaru Northgate,CarGurus,internet,133,12,7,5,37138,1862
2024-02,Summit Auto Group,Summit Subaru Northgate,OEM Website,internet,209,26,14,12,76283,
2024-02,Summit Auto Group,Summit Subaru Northgate,Lease Return,campaign,40,15,11,4,22378,
2024-02,Summit Auto Group,Summit Subaru Northgate,Svc Conquest,service,24,4,3,1,9052,
2024-02,Summit Auto Group,Summit Subaru Northgate,Direct Mail Q1,campaign,58,3,2,1,6516,3185
2024-02,Summit Auto Group,Summit Subaru Northgate,Walk-In,showroom,47,17,12,5,66702,
2024-02,Summit Auto Group,Summit Subaru Northgate,Phone Up,phone,78,12,9,3,39515,
2024-02,Summit Auto Group,Summit Subaru Northgate,Website Chat,chat,37,4,2,2,9485,441
2024-02,Summit Auto Group,Summit Subaru Northgate,Facebook Marketplace,internet,114,4,2,2,9601,686
2024-02,Summit Auto Group,Summit Subaru Northgate,True Car,internet,67,9,5,4,24222,1274
2024-02,Summit Auto Group,Summit Subaru Northgate,Radio,campaign,1,0,0,0,0,196
2024-02,Summit Auto Group,Summit Toyota of Fairview,auto trader,internet,358,32,18,14,89455,4200
2024-02,Summit Auto Group,Summit Toyota of Fairview,CARS,internet,216,20,11,9,67601,3100
2024-02,Summit Auto Group,Summit Toyota of Fairview,Car Gurus,internet,294,19,10,9,59441,3800
2024-02,Summit Auto Group,Summit Toyota of Fairview,Dealer Website,internet,445,49,27,22,164064,
2024-02,Summit Auto Group,Summit Toyota of Fairview,Lease Retention,campaign,77,17,12,5,31518,
2024-02,Summit Auto Group,Summit Toyota of Fairview,Svc Conquest,service,52,11,8,3,19945,
2024-02,Summit Auto Group,Summit Toyota of Fairview,Direct Mail Q1,campaign,112,6,4,2,12986,6500
2024-02,Summit Auto Group,Summit Toyota of Fairview,Showroom,showroom,89,28,20,8,86034,
2024-02,Summit Auto Group,Summit Toyota of Fairview,Inbound Calls,phone,123,24,17,7,74934,
2024-02,Summit Auto Group,Summit Toyota of Fairview,Chat,chat,84,3,2,1,7383,900
2024-02,Summit Auto Group,Summit Toyota of Fairview,FB Marketplace,internet,238,7,4,3,14580,1400
2024-02,Summit Auto Group,Summit Toyota of Fairview,True Car,internet,140,8,4,4,18742,2600
2024-02,Summit Auto Group,Summit Toyota of Fairview,Radio Spot,campaign,3,0,0,0,0,400
2024-02,Summit Auto Group,Summit Volkswagen Eastdale,auto trader,internet,114,9,5,4,23040,1680
2024-02,Summit Auto Group,Summit Volkswagen Eastdale,Cars .com,internet,64,7,4,3,23975,1240
2024-02,Summit Auto Group,Summit Volkswagen Eastdale,Car Gurus,internet,106,4,2,2,10453,1520
2024-02,Summit Auto Group,Summit Volkswagen Eastdale,Dealer Website,internet,176,19,10,9,69191,
2024-02,Summit Auto Group,Summit Volkswagen Eastdale,Lease Retention,campaign,29,3,2,1,4911,
2024-02,Summit Auto Group,Summit Volkswagen Eastdale,Service Conquest,service,19,7,5,2,13334,
2024-02,Summit Auto Group,Summit Volkswagen Eastdale,Direct Mail Q1,campaign,52,6,4,2,15320,2600
2024-02,Summit Auto Group,Summit Volkswagen Eastdale,Walk-In,showroom,43,10,7,3,40674,
2024-02,Summit Auto Group,Summit Volkswagen Eastdale,Phone Up,phone,54,9,6,3,24143,
2024-02,Summit Auto Group,Summit Volkswagen Eastdale,Chat,chat,37,4,2,2,9153,360
2024-02,Summit Auto Group,Summit Volkswagen Eastdale,Facebook,internet,85,6,3,3,12482,560
2024-02,Summit Auto Group,Summit Volkswagen Eastdale,True Car,internet,55,1,1,0,2395,1040
2024-02,Summit Auto Group,Summit Volkswagen Eastdale,Radio Spot,campaign,1,0,0,0,0,160
2024-03,Harbor Motor Group,Harbor BMW,auto trader,internet,233,19,10,9,99870,3276
2024-03,Harbor Motor Group,Harbor BMW,Cars.com,internet,139,8,4,4,43953,2418
2024-03,Harbor Motor Group,Harbor BMW,Car Gurus,internet,182,9,5,4,41115,2964
2024-03,Harbor Motor Group,Harbor BMW,Dealer Website,internet,304,33,18,15,203071,
2024-03,Harbor Motor Group,Harbor BMW,Lease Retention,campaign,69,21,15,6,64875,
2024-03,Harbor Motor Group,Harbor BMW,Svc Conquest,service,52,16,12,4,56614,
2024-03,Harbor Motor Group,Harbor BMW,Direct Mail Q1,campaign,111,7,5,2,28958,5070
2024-03,Harbor Motor Group,Harbor BMW,Walk In,showroom,79,27,19,8,171783,
2024-03,Harbor Motor Group,Harbor BMW,Phone Up,phone,99,24,17,7,124864,
2024-03,Harbor Motor Group,Harbor BMW,Website Chat,chat,78,4,2,2,18216,702
2024-03,Harbor Motor Group,Harbor BMW,Facebook Marketplace,internet,170,9,5,4,27891,1092
2024-03,Harbor Motor Group,Harbor BMW,True Car,internet,106,7,4,3,23992,2028
2024-03,Harbor Motor Group,Harbor BMW,Radio Spot,campaign,2,0,0,0,0,312
2024-03,Harbor Motor Group,Harbor Chevrolet Marina,auto trader,internet,251,11,6,5,29492,2940
2024-03,Harbor Motor Group,Harbor Chevrolet Marina,Cars.com,internet,146,9,5,4,28356,2170
2024-03,Harbor Motor Group,Harbor Chevrolet Marina,Car Gurus,internet,178,5,3,2,12556,2660
2024-03,Harbor Motor Group,Harbor Chevrolet Marina,OEM Website,internet,254,28,15,13,104159,
2024-03,Harbor Motor Group,Harbor Chevrolet Marina,Lease Retention,campaign,55,20,14,6,32577,
2024-03,Harbor Motor Group,Harbor Chevrolet Marina,Service Conquest,service,47,13,9,4,29405,
2024-03,Harbor Motor Group,Harbor Chevrolet Marina,Direct Mail Q1,campaign,79,4,3,1,9456,4550
2024-03,Harbor Motor Group,Harbor Chevrolet Marina,Walk-In,showroom,75,19,14,5,72625,
2024-03,Harbor Motor Group,Harbor Chevrolet Marina,Inbound Calls,phone,96,21,15,6,72932,
2024-03,Harbor Motor Group,Harbor Chevrolet Marina,Live Chat,chat,65,5,3,2,12251,630
2024-03,Harbor Motor Group,Harbor Chevrolet Marina,FB Marketplace,internet,169,11,6,5,24669,979
2024-03,Harbor Motor Group,Harbor Chevrolet Marina,True Car,internet,75,4,2,2,10559,1819
2024-03,Harbor Motor Group,Harbor Chevrolet Marina,Radio Spot,campaign,2,0,0,0,0,280
2024-03,Harbor Motor Group,Harbor Ford Portside,auto trader,internet,300,17,9,8,44197,3696
2024-03,Harbor Motor Group,Harbor Ford Portside,Cars .com,internet,157,16,9,7,50141,2728
2024-03,Harbor Motor Group,Harbor Ford Portside,CarGurus,internet,266,13,7,6,34614,3344
2024-03,Harbor Motor Group,Harbor Ford Portside,OEM Website,internet,366,38,21,17,116394,
2024-03,Harbor Motor Group,Harbor Ford Portside,Lease Return,campaign,59,16,12,4,30619,
2024-03,Harbor Motor Group,Harbor Ford Portside,Svc Conquest,service,51,11,8,3,25599,
2024-03,Harbor Motor Group,Harbor Ford Portside,Direct Mail,campaign,122,6,4,2,14782,5720
2024-03,Harbor Motor Group,Harbor Ford Portside,Showroom,showroom,91,37,27,10,128479,
2024-03,Harbor Motor Group,Harbor Ford Portside,Inbound Calls,phone,140,33,24,9,94518,
2024-03,Harbor Motor Group,Harbor Ford Portside,Live Chat,chat,79,9,5,4,26643,792
2024-03,Harbor Motor Group,Harbor Ford Portside,Facebook Marketplace,internet,216,9,5,4,22003,1232
2024-03,Harbor Motor Group,Harbor Ford Portside,TrueCar,internet,91,5,3,2,12829,2288
2024-03,Harbor Motor Group,Harbor Ford Portside,Radio Spot,campaign,2,0,0,0,0,352
2024-03,Harbor Motor Group,Harbor Honda Seaside,ATC,internet,239,14,8,6,43730,3360
2024-03,Harbor Motor Group,Harbor Honda Seaside,Cars .com,internet,154,14,8,6,42387,2480
2024-03,Harbor Motor Group,Harbor Honda Seaside,CarGurus,internet,197,10,6,4,24354,3040
2024-03,Harbor Motor Group,Harbor Honda Seaside,Dealer Website,internet,356,40,22,18,124007,
2024-03,Harbor Motor Group,Harbor Honda Seaside,Lease Retention,campaign,63,14,10,4,24738,
2024-03,Harbor Motor Group,Harbor Honda Seaside,Svc Conquest,service,44,8,6,2,15612,
2024-03,Harbor Motor Group,Harbor Honda Seaside,Direct Mail Q1,campaign,91,8,6,2,18307,5200
2024-03,Harbor Motor Group,Harbor Honda Seaside,Showroom,showroom,85,24,17,7,96032,
2024-03,Harbor Motor Group,Harbor Honda Seaside,Phone Up,phone,125,25,18,7,86007,
2024-03,Harbor Motor Group,Harbor Honda Seaside,Live Chat,chat,70,5,3,2,14577,720
2024-03,Harbor Motor Group,Harbor Honda Seaside,Facebook,internet,170,6,3,3,11579,1120
2024-03,Harbor Motor Group,Harbor Honda Seaside,TrueCar,internet,107,7,4,3,18782,2080
2024-03,Harbor Motor Group,Harbor Honda Seaside,Radio,campaign,2,1,1,0,2241,320
2024-03,Harbor Motor Group,Harbor Jeep Ram Anchor,AutoTrader.com,internet,182,16,9,7,48006,2772
2024-03,Harbor Motor Group,Harbor Jeep Ram Anchor,Cars .com,internet,127,8,4,4,21211,2046
2024-03,Harbor Motor Group,Harbor Jeep Ram Anchor,cargurus.com,internet,161,6,3,3,16973,2508
2024-03,Harbor Motor Group,Harbor Jeep Ram Anchor,OEM Website,internet,288,31,17,14,104729,
2024-03,Harbor Motor Group,Harbor Jeep Ram Anchor,Lease Retention,campaign,49,12,9,3,19687,
2024-03,Harbor Motor Group,Harbor Jeep Ram Anchor,Svc Conquest,service,40,10,7,3,22827,
2024-03,Harbor Motor Group,Harbor Jeep Ram Anchor,Direct Mail,campaign,89,9,6,3,22886,4290
2024-03,Harbor Motor Group,Harbor Jeep Ram Anchor,Walk-In,showroom,66,26,19,7,99407,
2024-03,Harbor Motor Group,Harbor Jeep Ram Anchor,Phone Up,phone,79,12,9,3,39596,
2024-03,Harbor Motor Group,Harbor Jeep Ram Anchor,Chat,chat,51,6,3,3,16330,594
2024-03,Harbor Motor Group,Harbor Jeep Ram Anchor,Facebook,internet,162,10,6,4,20051,924
2024-03,Harbor Motor Group,Harbor Jeep Ram Anchor,TrueCar,internet,84,3,2,1,6848,1716
2024-03,Harbor Motor Group,Harbor Jeep Ram Anchor,Radio Spot,campaign,1,0,0,0,0,264
2024-03,Harbor Motor Group,Harbor Kia Lighthouse,ATC,internet,176,12,7,5,30435,2184
2024-03,Harbor Motor Group,Harbor Kia Lighthouse,CARS,internet,87,9,5,4,25367,1612
2024-03,Harbor Motor Group,Harbor Kia Lighthouse,CarGurus,internet,130,6,3,3,14852,1976
2024-03,Harbor Motor Group,Harbor Kia Lighthouse,Dealer Website,internet,236,29,16,13,98699,
2024-03,Harbor Motor Group,Harbor Kia Lighthouse,Lease Retention,campaign,45,18,13,5,30936,
2024-03,Harbor Motor Group,Harbor Kia Lighthouse,Svc Conquest,service,26,2,1,1,4223,
2024-03,Harbor Motor Group,Harbor Kia Lighthouse,Direct Mail,campaign,61,4,3,1,9148,3380
2024-03,Harbor Motor Group,Harbor Kia Lighthouse,Walk In,showroom,50,13,9,4,44086,
2024-03,Harbor Motor Group,Harbor Kia Lighthouse,Inbound Calls,phone,74,14,10,4,49381,
2024-03,Harbor Motor Group,Harbor Kia Lighthouse,Website Chat,chat,46,2,1,1,5179,468
2024-03,Harbor Motor Group,Harbor Kia Lighthouse,Facebook,internet,121,4,2,2,8382,728
2024-03,Harbor Motor Group,Harbor Kia Lighthouse,True Car,internet,67,7,4,3,19518,1352
2024-03,Harbor Motor Group,Harbor Kia Lighthouse,Radio Spot,campaign,1,1,1,0,2086,208
2024-03,Harbor Motor Group,Harbor Subaru Tidewater,auto trader,internet,133,9,5,4,25124,1974
2024-03,Harbor Motor Group,Harbor Subaru Tidewater,Cars .com,internet,76,6,3,3,15922,1457
2024-03,Harbor Motor Group,Harbor Subaru Tidewater,Car Gurus,internet,117,5,3,2,12590,1786
2024-03,Harbor Motor Group,Harbor Subaru Tidewater,Dealer Website,internet,205,29,16,13,102696,
2024-03,Harbor Motor Group,Harbor Subaru Tidewater,Lease Return,campaign,40,12,9,3,23363,
2024-03,Harbor Motor Group,Harbor Subaru Tidewater,Service Conquest,service,30,7,5,2,12863,
2024-03,Harbor Motor Group,Harbor Subaru Tidewater,Direct Mail Q1,campaign,57,10,7,3,27831,3055
2024-03,Harbor Motor Group,Harbor Subaru Tidewater,Showroom,showroom,42,15,11,4,59188,
2024-03,Harbor Motor Group,Harbor Subaru Tidewater,Phone Up,phone,59,17,12,5,47942,
2024-03,Harbor Motor Group,Harbor Subaru Tidewater,Website Chat,chat,47,1,1,0,2660,423
2024-03,Harbor Motor Group,Harbor Subaru Tidewater,FB Marketplace,internet,106,2,1,1,3920,658
2024-03,Harbor Motor Group,Harbor Subaru Tidewater,True Car,internet,49,1,1,0,2614,1222
2024-03,Harbor Motor Group,Harbor Subaru Tidewater,Radio Spot,campaign,1,0,0,0,0,188
2024-03,Harbor Motor Group,Harbor Toyota Bayview,Autotrader,internet,320,28,15,13,92662,3990
2024-03,Harbor Motor Group,Harbor Toyota Bayview,Cars .com,internet,206,15,8,7,39849,2945
2024-03,Harbor Motor Group,Harbor Toyota Bayview,cargurus.com,internet,279,12,7,5,35942,3610
2024-03,Harbor Motor Group,Harbor Toyota Bayview,OEM Website,internet,393,39,21,18,130417,
2024-03,Harbor Motor Group,Harbor Toyota Bayview,Lease Return,campaign,71,23,17,6,39130,
2024-03,Harbor Motor Group,Harbor Toyota Bayview,Svc Conquest,service,64,14,10,4,32845,
2024-03,Harbor Motor Group,Harbor Toyota Bayview,Direct Mail,campaign,126,12,9,3,25658,6175
2024-03,Harbor Motor Group,Harbor Toyota Bayview,Walk In,showroom,92,33,24,9,112785,
2024-03,Harbor Motor Group,Harbor Toyota Bayview,Inbound Phone,phone,132,22,16,6,74363,
2024-03,Harbor Motor Group,Harbor Toyota Bayview,Website Chat,chat,83,5,3,2,12431,855
2024-03,Harbor Motor Group,Harbor Toyota Bayview,Facebook Marketplace,internet,211,11,6,5,25660,1330
2024-03,Harbor Motor Group,Harbor Toyota Bayview,True Car,internet,101,3,2,1,8149,2470
2024-03,Harbor Motor Group,Harbor Toyota Bayview,Radio Spot,campaign,3,0,0,0,0,380
2024-03,Summit Auto Group,Summit BMW,Autotrader,internet,277,14,8,6,66303,3486
2024-03,Summit Auto Group,Summit BMW,Cars .com,internet,146,11,6,5,59128,2573
2024-03,Summit Auto Group,Summit BMW,cargurus.com,internet,225,17,9,8,73103,3154
2024-03,Summit Auto Group,Summit BMW,Dealer Website,internet,376,36,20,16,195391,
2024-03,Summit Auto Group,Summit BMW,Lease Return,campaign,64,28,20,8,72984,
2024-03,Summit Auto Group,Summit BMW,Service Conquest,service,52,12,9,3,44112,
2024-03,Summit Auto Group,Summit BMW,Direct Mail,campaign,95,5,4,1,19899,5395
2024-03,Summit Auto Group,Summit BMW,Walk-In,showroom,79,38,27,11,196762,
2024-03,Summit Auto Group,Summit BMW,Inbound Phone,phone,108,23,17,6,122567,
2024-03,Summit Auto Group,Summit BMW,Chat,chat,82,8,4,4,30719,747
2024-03,Summit Auto Group,Summit BMW,Facebook,internet,203,9,5,4,32610,1162
2024-03,Summit Auto Group,Summit BMW,TrueCar,internet,108,8,4,4,28072,2158
2024-03,Summit Auto Group,Summit BMW,Radio,campaign,2,0,0,0,0,332
2024-03,Summit Auto Group,Summit Chevrolet Glenpark,ATC,internet,238,14,8,6,38997,3276
2024-03,Summit Auto Group,Summit Chevrolet Glenpark,Cars .com,internet,132,10,6,4,26240,2418
2024-03,Summit Auto Group,Summit Chevrolet Glenpark,cargurus.com,internet,216,6,3,3,16915,2964
2024-03,Summit Auto Group,Summit Chevrolet Glenpark,Dealer Website,internet,292,35,19,16,123880,
2024-03,Summit Auto Group,Summit Chevrolet Glenpark,Lease Return,campaign,58,18,13,5,26524,
2024-03,Summit Auto Group,Summit Chevrolet Glenpark,Svc Conquest,service,53,10,7,3,23275,
2024-03,Summit Auto Group,Summit Chevrolet Glenpark,Direct Mail,campaign,96,4,3,1,9720,5070
2024-03,Summit Auto Group,Summit Chevrolet Glenpark,Walk In,showroom,65,16,12,4,55240,
2024-03,Summit Auto Group,Summit Chevrolet Glenpark,Inbound Phone,phone,111,18,13,5,50483,
2024-03,Summit Auto Group,Summit Chevrolet Glenpark,Chat,chat,67,3,2,1,7844,702
2024-03,Summit Auto Group,Summit Chevrolet Glenpark,FB Marketplace,internet,186,7,4,3,14047,1092
2024-03,Summit Auto Group,Summit Chevrolet Glenpark,TrueCar,internet,90,7,4,3,17709,2028
2024-03,Summit Auto Group,Summit Chevrolet Glenpark,Radio Spot,campaign,2,0,0,0,0,312
2024-03,Summit Auto Group,Summit Ford Rivera,ATC,internet,261,19,10,9,59656,3864
2024-03,Summit Auto Group,Summit Ford Rivera,Cars.com,internet,156,13,7,6,41834,2852
2024-03,Summit Auto Group,Summit Ford Rivera,cargurus.com,internet,227,16,9,7,46035,3496
2024-03,Summit Auto Group,Summit Ford Rivera,Website,internet,342,45,25,20,137889,
2024-03,Summit Auto Group,Summit Ford Rivera,Lease Retention,campaign,75,28,20,8,44477,
2024-03,Summit Auto Group,Summit Ford Rivera,Service Conquest,service,52,9,6,3,20527,
2024-03,Summit Auto Group,Summit Ford Rivera,Direct Mail Q1,campaign,108,16,12,4,42656,5980
2024-03,Summit Auto Group,Summit Ford Rivera,Showroom,showroom,87,33,24,9,127356,
2024-03,Summit Auto Group,Summit Ford Rivera,Inbound Phone,phone,137,29,21,8,79431,
2024-03,Summit Auto Group,Summit Ford Rivera,Live Chat,chat,71,2,1,1,5508,828
2024-03,Summit Auto Group,Summit Ford Rivera,Facebook,internet,203,5,3,2,11187,1288
2024-03,Summit Auto Group,Summit Ford Rivera,TrueCar,internet,115,5,3,2,13068,2392
2024-03,Summit Auto Group,Summit Ford Rivera,Radio,campaign,3,0,0,0,0,368
2024-03,Summit Auto Group,Summit Honda Westland,auto trader,internet,296,14,8,6,38585,3612
2024-03,Summit Auto Group,Summit Honda Westland,Cars.com,internet,145,13,7,6,34850,2666
2024-03,Summit Auto Group,Summit Honda Westland,CarGurus,internet,249,14,8,6,38891,3268
2024-03,Summit Auto Group,Summit Honda Westland,Dealer Website,internet,340,31,17,14,120723,
2024-03,Summit Auto Group,Summit Honda Westland,Lease Return,campaign,67,19,14,5,33841,
2024-03,Summit Auto Group,Summit Honda Westland,Svc Conquest,service,45,10,7,3,19386,
2024-03,Summit Auto Group,Summit Honda Westland,Direct Mail Q1,campaign,123,11,8,3,26655,5590
2024-03,Summit Auto Group,Summit Honda Westland,Walk In,showroom,82,23,17,6,81448,
2024-03,Summit Auto Group,Summit Honda Westland,Inbound Calls,phone,135,26,19,7,75534,
2024-03,Summit Auto Group,Summit Honda Westland,Website Chat,chat,76,8,4,4,23579,774
2024-03,Summit Auto Group,Summit Honda Westland,Facebook,internet,204,13,7,6,29101,1204
2024-03,Summit Auto Group,Summit Honda Westland,True Car,internet,108,7,4,3,15306,2236
2024-03,Summit Auto Group,Summit Honda Westland,Radio Spot,campaign,3,1,1,0,2341,344
2024-03,Summit Auto Group,Summit Hyundai Oakhurst,ATC,internet,160,19,10,9,47321,2436
2024-03,Summit Auto Group,Summit Hyundai Oakhurst,Cars .com,internet,126,10,6,4,29029,1797
2024-03,Summit Auto Group,Summit Hyundai Oakhurst,CarGurus,internet,159,9,5,4,22108,2204
2024-03,Summit Auto Group,Summit Hyundai Oakhurst,Website,internet,217,27,15,12,81025,
2024-03,Summit Auto Group,Summit Hyundai Oakhurst,Lease Return,campaign,49,15,11,4,25311,
2024-03,Summit Auto Group,Summit Hyundai Oakhurst,Svc Conquest,service,34,8,6,2,16110,
2024-03,Summit Auto Group,Summit Hyundai Oakhurst,Direct Mail Q1,campaign,77,3,2,1,6276,3769
2024-03,Summit Auto Group,Summit Hyundai Oakhurst,Showroom,showroom,51,20,14,6,66702,
2024-03,Summit Auto Group,Summit Hyundai Oakhurst,Inbound Calls,phone,86,15,11,4,51104,
2024-03,Summit Auto Group,Summit Hyundai Oakhurst,Live Chat,chat,56,6,3,3,16919,522
2024-03,Summit Auto Group,Summit Hyundai Oakhurst,Facebook,internet,124,7,4,3,15889,812
2024-03,Summit Auto Group,Summit Hyundai Oakhurst,True Car,internet,65,4,2,2,9547,1508
2024-03,Summit Auto Group,Summit Hyundai Oakhurst,Radio,campaign,1,0,0,0,0,231
2024-03,Summit Auto Group,Summit Jeep Ram Clearwater,AutoTrader.com,internet,202,18,10,8,52696,2982
2024-03,Summit Auto Group,Summit Jeep Ram Clearwater,Cars .com,internet,154,9,5,4,23561,2201
2024-03,Summit Auto Group,Summit Jeep Ram Clearwater,Car Gurus,internet,176,5,3,2,14075,2698
2024-03,Summit Auto Group,Summit Jeep Ram Clearwater,Website,internet,307,33,18,15,128864,
2024-03,Summit Auto Group,Summit Jeep Ram Clearwater,Lease Return,campaign,59,16,12,4,30971,
2024-03,Summit Auto Group,Summit Jeep Ram Clearwater,Svc Conquest,service,38,6,4,2,13882,
2024-03,Summit Auto Group,Summit Jeep Ram Clearwater,Direct Mail,campaign,77,8,6,2,22377,4615
2024-03,Summit Auto Group,Summit Jeep Ram Clearwater,Walk In,showroom,64,24,17,7,74707,
2024-03,Summit Auto Group,Summit Jeep Ram Clearwater,Inbound Calls,phone,93,16,12,4,52054,
2024-03,Summit Auto Group,Summit Jeep Ram Clearwater,Live Chat,chat,68,7,4,3,15701,639
2024-03,Summit Auto Group,Summit Jeep Ram Clearwater,Facebook,internet,160,6,3,3,12753,994
2024-03,Summit Auto Group,Summit Jeep Ram Clearwater,True Car,internet,76,4,2,2,10036,1846
2024-03,Summit Auto Group,Summit Jeep Ram Clearwater,Radio,campaign,2,1,1,0,2007,284
2024-03,Summit Auto Group,Summit Kia Brookfield,AutoTrader.com,internet,156,13,7,6,41365,2310
2024-03,Summit Auto Group,Summit Kia Brookfield,CARS,internet,99,6,3,3,15556,1705
2024-03,Summit Auto Group,Summit Kia Brookfield,Car Gurus,internet,139,9,5,4,26505,2090
2024-03,Summit Auto Group,Summit Kia Brookfield,OEM Website,internet,231,28,15,13,90719,
2024-03,Summit Auto Group,Summit Kia Brookfield,Lease Return,campaign,36,9,6,3,14192,
2024-03,Summit Auto Group,Summit Kia Brookfield,Service Conquest,service,29,5,4,1,10570,
2024-03,Summit Auto Group,Summit Kia Brookfield,Direct Mail Q1,campaign,66,4,3,1,11217,3575
2024-03,Summit Auto Group,Summit Kia Brookfield,Showroom,showroom,48,16,12,4,63809,
2024-03,Summit Auto Group,Summit Kia Brookfield,Inbound Calls,phone,73,17,12,5,51025,
2024-03,Summit Auto Group,Summit Kia Brookfield,Live Chat,chat,54,5,3,2,13878,495
2024-03,Summit Auto Group,Summit Kia Brookfield,Facebook,internet,121,5,3,2,9828,770
2024-03,Summit Auto Group,Summit Kia Brookfield,True Car,internet,63,6,3,3,14421,1430
2024-03,Summit Auto Group,Summit Kia Brookfield,Radio Spot,campaign,1,0,0,0,0,220
2024-03,Summit Auto Group,Summit Mazda Lakeside,AutoTrader.com,internet,148,19,10,9,48255,1848
2024-03,Summit Auto Group,Summit Mazda Lakeside,Cars.com,internet,80,8,4,4,21303,1364
2024-03,Summit Auto Group,Summit Mazda Lakeside,CarGurus,internet,132,12,7,5,34581,1672
2024-03,Summit Auto Group,Summit Mazda Lakeside,Dealer Website,internet,169,18,10,8,66897,
2024-03,Summit Auto Group,Summit Mazda Lakeside,Lease Return,campaign,34,13,9,4,19892,
2024-03,Summit Auto Group,Summit Mazda Lakeside,Svc Conquest,service,30,5,4,1,11908,
2024-03,Summit Auto Group,Summit Mazda Lakeside,Direct Mail,campaign,57,6,4,2,16382,2860
2024-03,Summit Auto Group,Summit Mazda Lakeside,Walk In,showroom,45,18,13,5,55616,
2024-03,Summit Auto Group,Summit Mazda Lakeside,Phone Up,phone,52,9,6,3,31951,
2024-03,Summit Auto Group,Summit Mazda Lakeside,Website Chat,chat,33,1,1,0,2812,396
2024-03,Summit Auto Group,Summit Mazda Lakeside,Facebook,internet,100,2,1,1,5002,616
2024-03,Summit Auto Group,Summit Mazda Lakeside,True Car,internet,51,4,2,2,9036,1144
2024-03,Summit Auto Group,Summit Mazda Lakeside,Radio Spot,campaign,1,0,0,0,0,176
2024-03,Summit Auto Group,Summit Nissan Ridgemont,auto trader,internet,179,10,6,4,24862,2688
2024-03,Summit Auto Group,Summit Nissan Ridgemont,CARS,internet,113,10,6,4,27351,1984
2024-03,Summit Auto Group,Summit Nissan Ridgemont,CarGurus,internet,148,9,5,4,25296,2432
2024-03,Summit Auto Group,Summit Nissan Ridgemont,Dealer Website,internet,264,31,17,14,107089,
2024-03,Summit Auto Group,Summit Nissan Ridgemont,Lease Retention,campaign,53,12,9,3,17534,
2024-03,Summit Auto Group,Summit Nissan Ridgemont,Svc Conquest,service,41,6,4,2,13351,
2024-03,Summit Auto Group,Summit Nissan Ridgemont,Direct Mail Q1,campaign,74,3,2,1,8027,4160
2024-03,Summit Auto Group,Summit Nissan Ridgemont,Walk-In,showroom,63,24,17,7,83990,
2024-03,Summit Auto Group,Summit Nissan Ridgemont,Inbound Calls,phone,100,21,15,6,57220,
2024-03,Summit Auto Group,Summit Nissan Ridgemont,Live Chat,chat,62,5,3,2,12094,576
2024-03,Summit Auto Group,Summit Nissan Ridgemont,Facebook,internet,145,6,3,3,11790,896
2024-03,Summit Auto Group,Summit Nissan Ridgemont,TrueCar,internet,76,5,3,2,11589,1664
2024-03,Summit Auto Group,Summit Nissan Ridgemont,Radio,campaign,1,0,0,0,0,256
2024-03,Summit Auto Group,Summit Subaru Northgate,Autotrader,internet,152,15,8,7,49065,2058
2024-03,Summit Auto Group,Summit Subaru Northgate,CARS,internet,82,8,4,4,26014,1519
2024-03,Summit Auto Group,Summit Subaru Northgate,CarGurus,internet,124,6,3,3,15660,1862
2024-03,Summit Auto Group,Summit Subaru Northgate,OEM Website,internet,224,20,11,9,64347,
2024-03,Summit Auto Group,Summit Subaru Northgate,Lease Return,campaign,32,5,4,1,9770,
2024-03,Summit Auto Group,Summit Subaru Northgate,Svc Conquest,service,25,5,4,1,10909,
2024-03,Summit Auto Group,Summit Subaru Northgate,Direct Mail Q1,campaign,67,5,4,1,11255,3185
2024-03,Summit Auto Group,Summit Subaru Northgate,Walk-In,showroom,41,16,12,4,61698,
2024-03,Summit Auto Group,Summit Subaru Northgate,Phone Up,phone,64,11,8,3,30476,
2024-03,Summit Auto Group,Summit Subaru Northgate,Website Chat,chat,46,4,2,2,9008,441
2024-03,Summit Auto Group,Summit Subaru Northgate,Facebook Marketplace,internet,114,2,1,1,3763,686
2024-03,Summit Auto Group,Summit Subaru Northgate,True Car,internet,53,6,3,3,14012,1274
2024-03,Summit Auto Group,Summit Subaru Northgate,Radio,campaign,1,0,0,0,0,196
2024-03,Summit Auto Group,Summit Toyota of Fairview,auto trader,internet,313,19,10,9,56070,4200
2024-03,Summit Auto Group,Summit Toyota of Fairview,CARS,internet,196,18,10,8,54215,3100
2024-03,Summit Auto Group,Summit Toyota of Fairview,Car Gurus,internet,277,18,10,8,53824,3800
2024-03,Summit Auto Group,Summit Toyota of Fairview,Dealer Website,internet,448,57,31,26,181407,
2024-03,Summit Auto Group,Summit Toyota of Fairview,Lease Retention,campaign,74,24,17,7,38096,
2024-03,Summit Auto Group,Summit Toyota of Fairview,Svc Conquest,service,55,17,12,5,36087,
2024-03,Summit Auto Group,Summit Toyota of Fairview,Direct Mail Q1,campaign,140,10,7,3,24893,6500
2024-03,Summit Auto Group,Summit Toyota of Fairview,Showroom,showroom,80,28,20,8,110046,
2024-03,Summit Auto Group,Summit Toyota of Fairview,Inbound Calls,phone,158,31,22,9,92062,
2024-03,Summit Auto Group,Summit Toyota of Fairview,Chat,chat,83,7,4,3,16075,900
2024-03,Summit Auto Group,Summit Toyota of Fairview,FB Marketplace,internet,233,13,7,6,29083,1400
2024-03,Summit Auto Group,Summit Toyota of Fairview,True Car,internet,106,5,3,2,13490,2600
2024-03,Summit Auto Group,Summit Toyota of Fairview,Radio Spot,campaign,3,0,0,0,0,400
2024-03,Summit Auto Group,Summit Volkswagen Eastdale,auto trader,internet,113,9,5,4,28597,1680
2024-03,Summit Auto Group,Summit Volkswagen Eastdale,Cars .com,internet,85,8,4,4,23459,1240
2024-03,Summit Auto Group,Summit Volkswagen Eastdale,Car Gurus,internet,97,7,4,3,17374,1520
2024-03,Summit Auto Group,Summit Volkswagen Eastdale,Dealer Website,internet,154,14,8,6,53999,
2024-03,Summit Auto Group,Summit Volkswagen Eastdale,Lease Retention,campaign,33,11,8,3,17596,
2024-03,Summit Auto Group,Summit Volkswagen Eastdale,Service Conquest,service,20,8,6,2,15955,
2024-03,Summit Auto Group,Summit Volkswagen Eastdale,Direct Mail Q1,campaign,53,8,6,2,20090,2600
2024-03,Summit Auto Group,Summit Volkswagen Eastdale,Walk-In,showroom,34,8,6,2,32614,
2024-03,Summit Auto Group,Summit Volkswagen Eastdale,Phone Up,phone,50,10,7,3,31401,
2024-03,Summit Auto Group,Summit Volkswagen Eastdale,Chat,chat,36,1,1,0,2891,360
2024-03,Summit Auto Group,Summit Volkswagen Eastdale,Facebook,internet,97,5,3,2,10798,560
2024-03,Summit Auto Group,Summit Volkswagen Eastdale,True Car,internet,47,4,2,2,8599,1040
2024-03,Summit Auto Group,Summit Volkswagen Eastdale,Radio Spot,campaign,1,0,0,0,0,160
2024-04,Harbor Motor Group,Harbor BMW,auto trader,internet,215,12,7,5,60511,3276
2024-04,Harbor Motor Group,Harbor BMW,Cars.com,internet,166,18,10,8,86690,2418
2024-04,Harbor Motor Group,Harbor BMW,Car Gurus,internet,230,7,4,3,34077,2964
2024-04,Harbor Motor Group,Harbor BMW,Dealer Website,internet,313,44,24,20,246269,
2024-04,Harbor Motor Group,Harbor BMW,Lease Retention,campaign,60,16,12,4,47098,
2024-04,Harbor Motor Group,Harbor BMW,Svc Conquest,service,50,12,9,3,41991,
2024-04,Harbor Motor Group,Harbor BMW,Direct Mail Q1,campaign,113,12,9,3,43522,5070
2024-04,Harbor Motor Group,Harbor BMW,Walk In,showroom,65,29,21,8,171289,
2024-04,Harbor Motor Group,Harbor BMW,Phone Up,phone,107,17,12,5,95949,
2024-04,Harbor Motor Group,Harbor BMW,Website Chat,chat,65,4,2,2,17028,702
2024-04,Harbor Motor Group,Harbor BMW,Facebook Marketplace,internet,180,9,5,4,29373,1092
2024-04,Harbor Motor Group,Harbor BMW,True Car,internet,94,6,3,3,24170,2028
2024-04,Harbor Motor Group,Harbor BMW,Radio Spot,campaign,2,0,0,0,0,312
2024-04,Harbor Motor Group,Harbor Chevrolet Marina,auto trader,internet,232,21,12,9,60034,2940
2024-04,Harbor Motor Group,Harbor Chevrolet Marina,Cars.com,internet,122,11,6,5,37562,2170
2024-04,Harbor Motor Group,Harbor Chevrolet Marina,Car Gurus,internet,161,14,8,6,37643,2660
2024-04,Harbor Motor Group,Harbor Chevrolet Marina,OEM Website,internet,313,39,21,18,121027,
2024-04,Harbor Motor Group,Harbor Chevrolet Marina,Lease Retention,campaign,60,16,12,4,30582,
2024-04,Harbor Motor Group,Harbor Chevrolet Marina,Service Conquest,service,40,12,9,3,26496,
2024-04,Harbor Motor Group,Harbor Chevrolet Marina,Direct Mail Q1,campaign,84,12,9,3,31921,4550
2024-04,Harbor Motor Group,Harbor Chevrolet Marina,Walk-In,showroom,71,25,18,7,89291,
2024-04,Harbor Motor Group,Harbor Chevrolet Marina,Inbound Calls,phone,101,17,12,5,50005,
2024-04,Harbor Motor Group,Harbor Chevrolet Marina,Live Chat,chat,56,2,1,1,4616,630
2024-04,Harbor Motor Group,Harbor Chevrolet Marina,FB Marketplace,internet,161,9,5,4,18202,979
2024-04,Harbor Motor Group,Harbor Chevrolet Marina,True Car,internet,85,7,4,3,15503,1819
2024-04,Harbor Motor Group,Harbor Chevrolet Marina,Radio Spot,campaign,2,0,0,0,0,280
2024-04,Harbor Motor Group,Harbor Ford Portside,auto trader,internet,285,20,11,9,62540,3696
2024-04,Harbor Motor Group,Harbor Ford Portside,Cars .com,internet,157,14,8,6,36904,2728
2024-04,Harbor Motor Group,Harbor Ford Portside,CarGurus,internet,253,20,11,9,56503,3344
2024-04,Harbor Motor Group,Harbor Ford Portside,OEM Website,internet,327,39,21,18,125685,
2024-04,Harbor Motor Group,Harbor Ford Portside,Lease Return,campaign,68,18,13,5,33879,
2024-04,Harbor Motor Group,Harbor Ford Portside,Svc Conquest,service,48,11,8,3,20930,
2024-04,Harbor Motor Group,Harbor Ford Portside,Direct Mail,campaign,122,10,7,3,25546,5720
2024-04,Harbor Motor Group,Harbor Ford Portside,Showroom,showroom,82,23,17,6,95002,
2024-04,Harbor Motor Group,Harbor Ford Portside,Inbound Calls,phone,113,25,18,7,72529,
2024-04,Harbor Motor Group,Harbor Ford Portside,Live Chat,chat,70,7,4,3,16693,792
2024-04,Harbor Motor Group,Harbor Ford Portside,Facebook Marketplace,internet,191,12,7,5,28449,1232
2024-04,Harbor Motor Group,Harbor Ford Portside,TrueCar,internet,96,8,4,4,22426,2288
2024-04,Harbor Motor Group,Harbor Ford Portside,Radio Spot,campaign,2,0,0,0,0,352
2024-04,Harbor Motor Group,Harbor Honda Seaside,ATC,internet,279,10,6,4,31056,3360
2024-04,Harbor Motor Group,Harbor Honda Seaside,Cars .com,internet,136,13,7,6,34773,2480
2024-04,Harbor Motor Group,Harbor Honda Seaside,CarGurus,internet,194,14,8,6,38860,3040
2024-04,Harbor Motor Group,Harbor Honda Seaside,Dealer Website,internet,333,35,19,16,118147,
2024-04,Harbor Motor Group,Harbor Honda Seaside,Lease Retention,campaign,68,20,14,6,35078,
2024-04,Harbor Motor Group,Harbor Honda Seaside,Svc Conquest,service,49,9,6,3,17572,
2024-04,Harbor Motor Group,Harbor Honda Seaside,Direct Mail Q1,campaign,114,8,6,2,20291,5200
2024-04,Harbor Motor Group,Harbor Honda Seaside,Showroom,showroom,77,35,25,10,134120,
2024-04,Harbor Motor Group,Harbor Honda Seaside,Phone Up,phone,123,18,13,5,65138,
2024-04,Harbor Motor Group,Harbor Honda Seaside,Live Chat,chat,66,6,3,3,14731,720
2024-04,Harbor Motor Group,Harbor Honda Seaside,Facebook,internet,187,2,1,1,4100,1120
2024-04,Harbor Motor Group,Harbor Honda Seaside,TrueCar,internet,85,2,1,1,4538,2080
2024-04,Harbor Motor Group,Harbor Honda Seaside,Radio,campaign,2,0,0,0,0,320
2024-04,Harbor Motor Group,Harbor Jeep Ram Anchor,AutoTrader.com,internet,189,17,9,8,47768,2772
2024-04,Harbor Motor Group,Harbor Jeep Ram Anchor,Cars .com,internet,133,11,6,5,34744,2046
2024-04,Harbor Motor Group,Harbor Jeep Ram Anchor,cargurus.com,internet,159,10,6,4,28123,2508
2024-04,Harbor Motor Group,Harbor Jeep Ram Anchor,OEM Website,internet,303,32,18,14,99319,
2024-04,Harbor Motor Group,Harbor Jeep Ram Anchor,Lease Retention,campaign,43,10,7,3,15853,
2024-04,Harbor Motor Group,Harbor Jeep Ram Anchor,Svc Conquest,service,35,10,7,3,23029,
2024-04,Harbor Motor Group,Harbor Jeep Ram Anchor,Direct Mail,campaign,85,6,4,2,16757,4290
2024-04,Harbor Motor Group,Harbor Jeep Ram Anchor,Walk-In,showroom,69,30,22,8,111159,
2024-04,Harbor Motor Group,Harbor Jeep Ram Anchor,Phone Up,phone,88,15,11,4,43759,
2024-04,Harbor Motor Group,Harbor Jeep Ram Anchor,Chat,chat,65,2,1,1,5676,594
2024-04,Harbor Motor Group,Harbor Jeep Ram Anchor,Facebook,internet,162,9,5,4,17514,924
2024-04,Harbor Motor Group,Harbor Jeep Ram Anchor,TrueCar,internet,88,9,5,4,23559,1716
2024-04,Harbor Motor Group,Harbor Jeep Ram Anchor,Radio Spot,campaign,2,0,0,0,0,264
2024-04,Harbor Motor Group,Harbor Kia Lighthouse,ATC,internet,161,12,7,5,37837,2184
2024-04,Harbor Motor Group,Harbor Kia Lighthouse,CARS,internet,112,4,2,2,12775,1612
2024-04,Harbor Motor Group,Harbor Kia Lighthouse,CarGurus,internet,145,5,3,2,12773,1976
2024-04,Harbor Motor Group,Harbor Kia Lighthouse,Dealer Website,internet,231,28,15,13,108120,
2024-04,Harbor Motor Group,Harbor Kia Lighthouse,Lease Retention,campaign,34,14,10,4,25185,
2024-04,Harbor Motor Group,Harbor Kia Lighthouse,Svc Conquest,service,34,6,4,2,13579,
2024-04,Harbor Motor Group,Harbor Kia Lighthouse,Direct Mail,campaign,62,4,3,1,8722,3380
2024-04,Harbor Motor Group,Harbor Kia Lighthouse,Walk In,showroom,56,22,16,6,85141,
2024-04,Harbor Motor Group,Harbor Kia Lighthouse,Inbound Calls,phone,81,11,8,3,37950,
2024-04,Harbor Motor Group,Harbor Kia Lighthouse,Website Chat,chat,39,3,2,1,8389,468
2024-04,Harbor Motor Group,Harbor Kia Lighthouse,Facebook,internet,119,9,5,4,20061,728
2024-04,Harbor Motor Group,Harbor Kia Lighthouse,True Car,internet,62,3,2,1,6811,1352
2024-04,Harbor Motor Group,Harbor Kia Lighthouse,Radio Spot,campaign,1,0,0,0,0,208
2024-04,Harbor Motor Group,Harbor Subaru Tidewater,auto trader,internet,151,11,6,5,28110,1974
2024-04,Harbor Motor Group,Harbor Subaru Tidewater,Cars .com,internet,87,6,3,3,17586,1457
2024-04,Harbor Motor Group,Harbor Subaru Tidewater,Car Gurus,internet,114,3,2,1,8636,1786
2024-04,Harbor Motor Group,Harbor Subaru Tidewater,Dealer Website,internet,198,21,12,9,78481,
2024-04,Harbor Motor Group,Harbor Subaru Tidewater,Lease Return,campaign,38,11,8,3,19336,
2024-04,Harbor Motor Group,Harbor Subaru Tidewater,Service Conquest,service,27,6,4,2,13471,
2024-04,Harbor Motor Group,Harbor Subaru Tidewater,Direct Mail Q1,campaign,54,3,2,1,7582,3055
2024-04,Harbor Motor Group,Harbor Subaru Tidewater,Showroom,showroom,45,13,9,4,46848,
2024-04,Harbor Motor Group,Harbor Subaru Tidewater,Phone Up,phone,68,13,9,4,36876,
2024-04,Harbor Motor Group,Harbor Subaru Tidewater,Website Chat,chat,41,4,2,2,9258,423
2024-04,Harbor Motor Group,Harbor Subaru Tidewater,FB Marketplace,internet,100,4,2,2,9436,658
2024-04,Harbor Motor Group,Harbor Subaru Tidewater,True Car,internet,53,1,1,0,2846,1222
2024-04,Harbor Motor Group,Harbor Subaru Tidewater,Radio Spot,campaign,1,0,0,0,0,188
2024-04,Harbor Motor Group,Harbor Toyota Bayview,Autotrader,internet,347,22,12,10,56429,3990
2024-04,Harbor Motor Group,Harbor Toyota Bayview,Cars .com,internet,186,15,8,7,39522,2945
2024-04,Harbor Motor Group,Harbor Toyota Bayview,cargurus.com,internet,262,13,7,6,41269,3610
2024-04,Harbor Motor Group,Harbor Toyota Bayview,OEM Website,internet,367,46,25,21,153294,
2024-04,Harbor Motor Group,Harbor Toyota Bayview,Lease Return,campaign,76,27,19,8,46592,
2024-04,Harbor Motor Group,Harbor Toyota Bayview,Svc Conquest,service,48,11,8,3,22023,
2024-04,Harbor Motor Group,Harbor Toyota Bayview,Direct Mail,campaign,123,6,4,2,13244,6175
2024-04,Harbor Motor Group,Harbor Toyota Bayview,Walk In,showroom,86,23,17,6,91435,
2024-04,Harbor Motor Group,Harbor Toyota Bayview,Inbound Phone,phone,124,27,19,8,97049,
2024-04,Harbor Motor Group,Harbor Toyota Bayview,Website Chat,chat,92,8,4,4,20162,855
2024-04,Harbor Motor Group,Harbor Toyota Bayview,Facebook Marketplace,internet,221,17,9,8,32952,1330
2024-04,Harbor Motor Group,Harbor Toyota Bayview,True Car,internet,103,2,1,1,5561,2470
2024-04,Harbor Motor Group,Harbor Toyota Bayview,Radio Spot,campaign,3,0,0,0,0,380
2024-04,Summit Auto Group,Summit BMW,Autotrader,internet,298,24,13,11,115452,3486
2024-04,Summit Auto Group,Summit BMW,Cars .com,internet,155,18,10,8,82720,2573
2024-04,Summit Auto Group,Summit BMW,cargurus.com,internet,186,7,4,3,27546,3154
2024-04,Summit Auto Group,Summit BMW,Dealer Website,internet,317,36,20,16,202883,
2024-04,Summit Auto Group,Summit BMW,Lease Return,campaign,60,21,15,6,52000,
2024-04,Summit Auto Group,Summit BMW,Service Conquest,service,55,8,6,2,27727,
2024-04,Summit Auto Group,Summit BMW,Direct Mail,campaign,94,7,5,2,26392,5395
2024-04,Summit Auto Group,Summit BMW,Walk-In,showroom,85,28,20,8,137286,
2024-04,Summit Auto Group,Summit BMW,Inbound Phone,phone,111,25,18,7,117251,
2024-04,Summit Auto Group,Summit BMW,Chat,chat,69,6,3,3,25972,747
2024-04,Summit Auto Group,Summit BMW,Facebook,internet,179,8,4,4,30580,1162
2024-04,Summit Auto Group,Summit BMW,TrueCar,internet,95,10,6,4,42768,2158
2024-04,Summit Auto Group,Summit BMW,Radio,campaign,2,0,0,0,0,332
2024-04,Summit Auto Group,Summit Chevrolet Glenpark,ATC,internet,247,9,5,4,26847,3276
2024-04,Summit Auto Group,Summit Chevrolet Glenpark,Cars .com,internet,148,15,8,7,44195,2418
2024-04,Summit Auto Group,Summit Chevrolet Glenpark,cargurus.com,internet,202,19,10,9,52848,2964
2024-04,Summit Auto Group,Summit Chevrolet Glenpark,Dealer Website,internet,300,30,16,14,86792,
2024-04,Summit Auto Group,Summit Chevrolet Glenpark,Lease Return,campaign,50,17,12,5,31297,
2024-04,Summit Auto Group,Summit Chevrolet Glenpark,Svc Conquest,service,41,7,5,2,13675,
2024-04,Summit Auto Group,Summit Chevrolet Glenpark,Direct Mail,campaign,103,4,3,1,10887,5070
2024-04,Summit Auto Group,Summit Chevrolet Glenpark,Walk In,showroom,64,26,19,7,88274,
2024-04,Summit Auto Group,Summit Chevrolet Glenpark,Inbound Phone,phone,100,17,12,5,56882,
2024-04,Summit Auto Group,Summit Chevrolet Glenpark,Chat,chat,60,3,2,1,8826,702
2024-04,Summit Auto Group,Summit Chevrolet Glenpark,FB Marketplace,internet,183,10,6,4,22310,1092
2024-04,Summit Auto Group,Summit Chevrolet Glenpark,TrueCar,internet,89,6,3,3,13019,2028
2024-04,Summit Auto Group,Summit Chevrolet Glenpark,Radio Spot,campaign,2,0,0,0,0,312
2024-04,Summit Auto Group,Summit Ford Rivera,ATC,internet,325,16,9,7,44878,3864
2024-04,Summit Auto Group,Summit Ford Rivera,Cars.com,internet,197,28,15,13,89132,2852
2024-04,Summit Auto Group,Summit Ford Rivera,cargurus.com,internet,260,7,4,3,19748,3496
2024-04,Summit Auto Group,Summit Ford Rivera,Website,internet,352,26,14,12,90098,
2024-04,Summit Auto Group,Summit Ford Rivera,Lease Retention,campaign,65,19,14,5,33345,
2024-04,Summit Auto Group,Summit Ford Rivera,Service Conquest,service,61,11,8,3,22820,
2024-04,Summit Auto Group,Summit Ford Rivera,Direct Mail Q1,campaign,115,12,9,3,27074,5980
2024-04,Summit Auto Group,Summit Ford Rivera,Showroom,showroom,99,36,26,10,120205,
2024-04,Summit Auto Group,Summit Ford Rivera,Inbound Phone,phone,136,29,21,8,78181,
2024-04,Summit Auto Group,Summit Ford Rivera,Live Chat,chat,80,6,3,3,15844,828
2024-04,Summit Auto Group,Summit Ford Rivera,Facebook,internet,196,3,2,1,7387,1288
2024-04,Summit Auto Group,Summit Ford Rivera,TrueCar,internet,121,7,4,3,17085,2392
2024-04,Summit Auto Group,Summit Ford Rivera,Radio,campaign,2,0,0,0,0,368
2024-04,Summit Auto Group,Summit Honda Westland,auto trader,internet,284,21,12,9,68163,3612
2024-04,Summit Auto Group,Summit Honda Westland,Cars.com,internet,170,15,8,7,41772,2666
2024-04,Summit Auto Group,Summit Honda Westland,CarGurus,internet,199,13,7,6,33835,3268
2024-04,Summit Auto Group,Summit Honda Westland,Dealer Website,internet,366,34,19,15,117198,
2024-04,Summit Auto Group,Summit Honda Westland,Lease Return,campaign,74,34,24,10,60801,
2024-04,Summit Auto Group,Summit Honda Westland,Svc Conquest,service,59,10,7,3,22868,
2024-04,Summit Auto Group,Summit Honda Westland,Direct Mail Q1,campaign,119,13,9,4,36133,5590
2024-04,Summit Auto Group,Summit Honda Westland,Walk In,showroom,78,27,19,8,88917,
2024-04,Summit Auto Group,Summit Honda Westland,Inbound Calls,phone,106,26,19,7,79963,
2024-04,Summit Auto Group,Summit Honda Westland,Website Chat,chat,68,4,2,2,10662,774
2024-04,Summit Auto Group,Summit Honda Westland,Facebook,internet,203,12,7,5,29975,1204
2024-04,Summit Auto Group,Summit Honda Westland,True Car,internet,88,7,4,3,19298,2236
2024-04,Summit Auto Group,Summit Honda Westland,Radio Spot,campaign,3,0,0,0,0,344
2024-04,Summit Auto Group,Summit Hyundai Oakhurst,ATC,internet,176,16,9,7,50439,2436
2024-04,Summit Auto Group,Summit Hyundai Oakhurst,Cars .com,internet,110,9,5,4,28067,1797
2024-04,Summit Auto Group,Summit Hyundai Oakhurst,CarGurus,internet,147,9,5,4,25624,2204
2024-04,Summit Auto Group,Summit Hyundai Oakhurst,Website,internet,207,31,17,14,98337,
2024-04,Summit Auto Group,Summit Hyundai Oakhurst,Lease Return,campaign,43,11,8,3,19728,
2024-04,Summit Auto Group,Summit Hyundai Oakhurst,Svc Conquest,service,30,10,7,3,22057,
2024-04,Summit Auto Group,Summit Hyundai Oakhurst,Direct Mail Q1,campaign,63,6,4,2,15218,3769
2024-04,Summit Auto Group,Summit Hyundai Oakhurst,Showroom,showroom,50,20,14,6,79121,
2024-04,Summit Auto Group,Summit Hyundai Oakhurst,Inbound Calls,phone,84,21,15,6,65749,
2024-04,Summit Auto Group,Summit Hyundai Oakhurst,Live Chat,chat,57,2,1,1,5755,522
2024-04,Summit Auto Group,Summit Hyundai Oakhurst,Facebook,internet,133,9,5,4,19278,812
2024-04,Summit Auto Group,Summit Hyundai Oakhurst,True Car,internet,78,4,2,2,11340,1508
2024-04,Summit Auto Group,Summit Hyundai Oakhurst,Radio,campaign,2,0,0,0,0,231
2024-04,Summit Auto Group,Summit Jeep Ram Clearwater,AutoTrader.com,internet,202,12,7,5,36669,2982
2024-04,Summit Auto Group,Summit Jeep Ram Clearwater,Cars .com,internet,123,7,4,3,20464,2201
2024-04,Summit Auto Group,Summit Jeep Ram Clearwater,Car Gurus,internet,205,2,1,1,5733,2698
2024-04,Summit Auto Group,Summit Jeep Ram Clearwater,Website,internet,327,49,27,22,152319,
2024-04,Summit Auto Group,Summit Jeep Ram Clearwater,Lease Return,campaign,58,15,11,4,25862,
2024-04,Summit Auto Group,Summit Jeep Ram Clearwater,Svc Conquest,service,45,7,5,2,16775,
2024-04,Summit Auto Group,Summit Jeep Ram Clearwater,Direct Mail,campaign,80,11,8,3,28242,4615
2024-04,Summit Auto Group,Summit Jeep Ram Clearwater,Walk In,showroom,72,26,19,7,92898,
2024-04,Summit Auto Group,Summit Jeep Ram Clearwater,Inbound Calls,phone,112,17,12,5,53844,
2024-04,Summit Auto Group,Summit Jeep Ram Clearwater,Live Chat,chat,58,2,1,1,5702,639
2024-04,Summit Auto Group,Summit Jeep Ram Clearwater,Facebook,internet,157,3,2,1,5997,994
2024-04,Summit Auto Group,Summit Jeep Ram Clearwater,True Car,internet,80,4,2,2,9005,1846
2024-04,Summit Auto Group,Summit Jeep Ram Clearwater,Radio,campaign,2,0,0,0,0,284
2024-04,Summit Auto Group,Summit Kia Brookfield,AutoTrader.com,internet,158,14,8,6,42253,2310
2024-04,Summit Auto Group,Summit Kia Brookfield,CARS,internet,112,8,4,4,27007,1705
2024-04,Summit Auto Group,Summit Kia Brookfield,Car Gurus,internet,126,8,4,4,23682,2090
2024-04,Summit Auto Group,Summit Kia Brookfield,OEM Website,internet,241,27,15,12,105098,
2024-04,Summit Auto Group,Summit Kia Brookfield,Lease Return,campaign,43,14,10,4,21912,
2024-04,Summit Auto Group,Summit Kia Brookfield,Service Conquest,service,29,4,3,1,9560,
2024-04,Summit Auto Group,Summit Kia Brookfield,Direct Mail Q1,campaign,64,10,7,3,26442,3575
2024-04,Summit Auto Group,Summit Kia Brookfield,Showroom,showroom,51,20,14,6,71323,
2024-04,Summit Auto Group,Summit Kia Brookfield,Inbound Calls,phone,68,17,12,5,60073,
2024-04,Summit Auto Group,Summit Kia Brookfield,Live Chat,chat,53,4,2,2,9456,495
2024-04,Summit Auto Group,Summit Kia Brookfield,Facebook,internet,135,6,3,3,15108,770
2024-04,Summit Auto Group,Summit Kia Brookfield,True Car,internet,58,2,1,1,5022,1430
2024-04,Summit Auto Group,Summit Kia Brookfield,Radio Spot,campaign,1,0,0,0,0,220
2024-04,Summit Auto Group,Summit Mazda Lakeside,AutoTrader.com,internet,126,9,5,4,22926,1848
2024-04,Summit Auto Group,Summit Mazda Lakeside,Cars.com,internet,92,4,2,2,10795,1364
2024-04,Summit Auto Group,Summit Mazda Lakeside,CarGurus,internet,123,12,7,5,37729,1672
2024-04,Summit Auto Group,Summit Mazda Lakeside,Dealer Website,internet,172,16,9,7,57297,
2024-04,Summit Auto Group,Summit Mazda Lakeside,Lease Return,campaign,30,6,4,2,9041,
2024-04,Summit Auto Group,Summit Mazda Lakeside,Svc Conquest,service,29,7,5,2,14223,
2024-04,Summit Auto Group,Summit Mazda Lakeside,Direct Mail,campaign,60,5,4,1,11345,2860
2024-04,Summit Auto Group,Summit Mazda Lakeside,Walk In,showroom,38,12,9,3,46630,
2024-04,Summit Auto Group,Summit Mazda Lakeside,Phone Up,phone,64,13,9,4,38814,
2024-04,Summit Auto Group,Summit Mazda Lakeside,Website Chat,chat,34,5,3,2,14685,396
2024-04,Summit Auto Group,Summit Mazda Lakeside,Facebook,internet,104,6,3,3,13287,616
2024-04,Summit Auto Group,Summit Mazda Lakeside,True Car,internet,48,2,1,1,5563,1144
2024-04,Summit Auto Group,Summit Mazda Lakeside,Radio Spot,campaign,1,0,0,0,0,176
2024-04,Summit Auto Group,Summit Nissan Ridgemont,auto trader,internet,208,18,10,8,46184,2688
2024-04,Summit Auto Group,Summit Nissan Ridgemont,CARS,internet,133,13,7,6,39683,1984
2024-04,Summit Auto Group,Summit Nissan Ridgemont,CarGurus,internet,163,13,7,6,38655,2432
2024-04,Summit Auto Group,Summit Nissan Ridgemont,Dealer Website,internet,301,27,15,12,89307,
2024-04,Summit Auto Group,Summit Nissan Ridgemont,Lease Retention,campaign,48,12,9,3,21483,
2024-04,Summit Auto Group,Summit Nissan Ridgemont,Svc Conquest,service,42,9,6,3,21329,
2024-04,Summit Auto Group,Summit Nissan Ridgemont,Direct Mail Q1,campaign,86,10,7,3,26116,4160
2024-04,Summit Auto Group,Summit Nissan Ridgemont,Walk-In,showroom,69,20,14,6,68480,
2024-04,Summit Auto Group,Summit Nissan Ridgemont,Inbound Calls,phone,89,16,12,4,57248,
2024-04,Summit Auto Group,Summit Nissan Ridgemont,Live Chat,chat,48,5,3,2,12011,576
2024-04,Summit Auto Group,Summit Nissan Ridgemont,Facebook,internet,151,2,1,1,4669,896
2024-04,Summit Auto Group,Summit Nissan Ridgemont,TrueCar,internet,68,3,2,1,7776,1664
2024-04,Summit Auto Group,Summit Nissan Ridgemont,Radio,campaign,1,0,0,0,0,256
2024-04,Summit Auto Group,Summit Subaru Northgate,Autotrader,internet,170,14,8,6,35345,2058
2024-04,Summit Auto Group,Summit Subaru Northgate,CARS,internet,92,4,2,2,12235,1519
2024-04,Summit Auto Group,Summit Subaru Northgate,CarGurus,internet,135,12,7,5,34830,1862
2024-04,Summit Auto Group,Summit Subaru Northgate,OEM Website,internet,211,26,14,12,90287,
2024-04,Summit Auto Group,Summit Subaru Northgate,Lease Return,campaign,41,12,9,3,21957,
2024-04,Summit Auto Group,Summit Subaru Northgate,Svc Conquest,service,28,7,5,2,14179,
2024-04,Summit Auto Group,Summit Subaru Northgate,Direct Mail Q1,campaign,59,3,2,1,8443,3185
2024-04,Summit Auto Group,Summit Subaru Northgate,Walk-In,showroom,45,11,8,3,41603,
2024-04,Summit Auto Group,Summit Subaru Northgate,Phone Up,phone,58,10,7,3,28251,
2024-04,Summit Auto Group,Summit Subaru Northgate,Website Chat,chat,47,5,3,2,14398,441
2024-04,Summit Auto Group,Summit Subaru Northgate,Facebook Marketplace,internet,107,8,4,4,18212,686
2024-04,Summit Auto Group,Summit Subaru Northgate,True Car,internet,65,8,4,4,19529,1274
2024-04,Summit Auto Group,Summit Subaru Northgate,Radio,campaign,1,0,0,0,0,196
2024-04,Summit Auto Group,Summit Toyota of Fairview,auto trader,internet,367,21,12,9,53028,4200
2024-04,Summit Auto Group,Summit Toyota of Fairview,CARS,internet,169,13,7,6,41902,3100
2024-04,Summit Auto Group,Summit Toyota of Fairview,Car Gurus,internet,245,8,4,4,24145,3800
2024-04,Summit Auto Group,Summit Toyota of Fairview,Dealer Website,internet,464,40,22,18,132911,
2024-04,Summit Auto Group,Summit Toyota of Fairview,Lease Retention,campaign,78,25,18,7,44240,
2024-04,Summit Auto Group,Summit Toyota of Fairview,Svc Conquest,service,58,16,12,4,34717,
2024-04,Summit Auto Group,Summit Toyota of Fairview,Direct Mail Q1,campaign,137,10,7,3,26612,6500
2024-04,Summit Auto Group,Summit Toyota of Fairview,Showroom,showroom,107,32,23,9,111889,
2024-04,Summit Auto Group,Summit Toyota of Fairview,Inbound Calls,phone,128,23,17,6,74304,
2024-04,Summit Auto Group,Summit Toyota of Fairview,Chat,chat,78,6,3,3,13697,900
2024-04,Summit Auto Group,Summit Toyota of Fairview,FB Marketplace,internet,235,11,6,5,22969,1400
2024-04,Summit Auto Group,Summit Toyota of Fairview,True Car,internet,118,15,8,7,34970,2600
2024-04,Summit Auto Group,Summit Toyota of Fairview,Radio Spot,campaign,3,0,0,0,0,400
2024-04,Summit Auto Group,Summit Volkswagen Eastdale,auto trader,internet,123,8,4,4,22234,1680
2024-04,Summit Auto Group,Summit Volkswagen Eastdale,Cars .com,internet,70,6,3,3,20466,1240
2024-04,Summit Auto Group,Summit Volkswagen Eastdale,Car Gurus,internet,96,9,5,4,26825,1520
2024-04,Summit Auto Group,Summit Volkswagen Eastdale,Dealer Website,internet,182,26,14,12,78837,
2024-04,Summit Auto Group,Summit Volkswagen Eastdale,Lease Retention,campaign,26,9,6,3,13243,
2024-04,Summit Auto Group,Summit Volkswagen Eastdale,Service Conquest,service,26,6,4,2,11975,
2024-04,Summit Auto Group,Summit Volkswagen Eastdale,Direct Mail Q1,campaign,45,2,1,1,4463,2600
2024-04,Summit Auto Group,Summit Volkswagen Eastdale,Walk-In,showroom,38,14,10,4,49879,
2024-04,Summit Auto Group,Summit Volkswagen Eastdale,Phone Up,phone,59,9,6,3,28273,
2024-04,Summit Auto Group,Summit Volkswagen Eastdale,Chat,chat,40,4,2,2,8893,360
2024-04,Summit Auto Group,Summit Volkswagen Eastdale,Facebook,internet,91,3,2,1,6241,560
2024-04,Summit Auto Group,Summit Volkswagen Eastdale,True Car,internet,46,3,2,1,7136,1040
2024-04,Summit Auto Group,Summit Volkswagen Eastdale,Radio Spot,campaign,1,0,0,0,0,160
2024-05,Harbor Motor Group,Harbor BMW,auto trader,internet,230,16,9,7,83721,3276
2024-05,Harbor Motor Group,Harbor BMW,Cars.com,internet,169,11,6,5,58545,2418
2024-05,Harbor Motor Group,Harbor BMW,Car Gurus,internet,195,16,9,7,68433,2964
2024-05,Harbor Motor Group,Harbor BMW,Dealer Website,internet,328,32,18,14,153148,
2024-05,Harbor Motor Group,Harbor BMW,Lease Retention,campaign,58,17,12,5,40707,
2024-05,Harbor Motor Group,Harbor BMW,Svc Conquest,service,48,11,8,3,39299,
2024-05,Harbor Motor Group,Harbor BMW,Direct Mail Q1,campaign,109,7,5,2,24309,5070
2024-05,Harbor Motor Group,Harbor BMW,Walk In,showroom,81,34,24,10,176743,
2024-05,Harbor Motor Group,Harbor BMW,Phone Up,phone,101,17,12,5,77566,
2024-05,Harbor Motor Group,Harbor BMW,Website Chat,chat,76,10,6,4,44173,702
2024-05,Harbor Motor Group,Harbor BMW,Facebook Marketplace,internet,184,9,5,4,27620,1092
2024-05,Harbor Motor Group,Harbor BMW,True Car,internet,100,9,5,4,40699,2028
2024-05,Harbor Motor Group,Harbor BMW,Radio Spot,campaign,2,0,0,0,0,312
2024-05,Harbor Motor Group,Harbor Chevrolet Marina,auto trader,internet,243,15,8,7,46134,2940
2024-05,Harbor Motor Group,Harbor Chevrolet Marina,Cars.com,internet,129,14,8,6,39952,2170
2024-05,Harbor Motor Group,Harbor Chevrolet Marina,Car Gurus,internet,156,11,6,5,30485,2660
2024-05,Harbor Motor Group,Harbor Chevrolet Marina,OEM Website,internet,270,25,14,11,88261,
2024-05,Harbor Motor Group,Harbor Chevrolet Marina,Lease Retention,campaign,52,15,11,4,23481,
2024-05,Harbor Motor Group,Harbor Chevrolet Marina,Service Conquest,service,41,10,7,3,19605,
2024-05,Harbor Motor Group,Harbor Chevrolet Marina,Direct Mail Q1,campaign,92,9,6,3,22433,4550
2024-05,Harbor Motor Group,Harbor Chevrolet Marina,Walk-In,showroom,72,24,17,7,98318,
2024-05,Harbor Motor Group,Harbor Chevrolet Marina,Inbound Calls,phone,95,17,12,5,50404,
2024-05,Harbor Motor Group,Harbor Chevrolet Marina,Live Chat,chat,59,3,2,1,8012,630
2024-05,Harbor Motor Group,Harbor Chevrolet Marina,FB Marketplace,internet,158,6,3,3,12941,979
2024-05,Harbor Motor Group,Harbor Chevrolet Marina,True Car,internet,75,4,2,2,8986,1819
2024-05,Harbor Motor Group,Harbor Chevrolet Marina,Radio Spot,campaign,2,0,0,0,0,280
2024-05,Harbor Motor Group,Harbor Ford Portside,auto trader,internet,254,16,9,7,42537,3696
2024-05,Harbor Motor Group,Harbor Ford Portside,Cars .com,internet,146,11,6,5,29002,2728
2024-05,Harbor Motor Group,Harbor Ford Portside,CarGurus,internet,220,13,7,6,33386,3344
2024-05,Harbor Motor Group,Harbor Ford Portside,OEM Website,internet,385,40,22,18,125409,
2024-05,Harbor Motor Group,Harbor Ford Portside,Lease Return,campaign,56,14,10,4,26520,
2024-05,Harbor Motor Group,Harbor Ford Portside,Svc Conquest,service,50,10,7,3,18831,
2024-05,Harbor Motor Group,Harbor Ford Portside,Direct Mail,campaign,100,10,7,3,24835,5720
2024-05,Harbor Motor Group,Harbor Ford Portside,Showroom,showroom,95,33,24,9,115795,
2024-05,Harbor Motor Group,Harbor Ford Portside,Inbound Calls,phone,113,24,17,7,71728,
2024-05,Harbor Motor Group,Harbor Ford Portside,Live Chat,chat,84,3,2,1,7531,792
2024-05,Harbor Motor Group,Harbor Ford Portside,Facebook Marketplace,internet,198,6,3,3,13201,1232
2024-05,Harbor Motor Group,Harbor Ford Portside,TrueCar,internet,106,11,6,5,27300,2288
2024-05,Harbor Motor Group,Harbor Ford Portside,Radio Spot,campaign,2,0,0,0,0,352
2024-05,Harbor Motor Group,Harbor Honda Seaside,ATC,internet,245,19,10,9,60388,3360
2024-05,Harbor Motor Group,Harbor Honda Seaside,Cars .com,internet,165,18,10,8,60215,2480
2024-05,Harbor Motor Group,Harbor Honda Seaside,CarGurus,internet,180,11,6,5,28146,3040
2024-05,Harbor Motor Group,Harbor Honda Seaside,Dealer Website,internet,294,27,15,12,98600,
2024-05,Harbor Motor Group,Harbor Honda Seaside,Lease Retention,campaign,66,23,17,6,36876,
2024-05,Harbor Motor Group,Harbor Honda Seaside,Svc Conquest,service,39,9,6,3,17528,
2024-05,Harbor Motor Group,Harbor Honda Seaside,Direct Mail Q1,campaign,119,10,7,3,27961,5200
2024-05,Harbor Motor Group,Harbor Honda Seaside,Showroom,showroom,64,22,16,6,70784,
2024-05,Harbor Motor Group,Harbor Honda Seaside,Phone Up,phone,109,21,15,6,64714,
2024-05,Harbor Motor Group,Harbor Honda Seaside,Live Chat,chat,74,5,3,2,12352,720
2024-05,Harbor Motor Group,Harbor Honda Seaside,Facebook,internet,176,7,4,3,16998,1120
2024-05,Harbor Motor Group,Harbor Honda Seaside,TrueCar,internet,93,9,5,4,19391,2080
2024-05,Harbor Motor Group,Harbor Honda Seaside,Radio,campaign,2,0,0,0,0,320
2024-05,Harbor Motor Group,Harbor Jeep Ram Anchor,AutoTrader.com,internet,221,21,12,9,68804,2772
2024-05,Harbor Motor Group,Harbor Jeep Ram Anchor,Cars .com,internet,114,9,5,4,28897,2046
2024-05,Harbor Motor Group,Harbor Jeep Ram Anchor,cargurus.com,internet,158,8,4,4,22822,2508
2024-05,Harbor Motor Group,Harbor Jeep Ram Anchor,OEM Website,internet,289,36,20,16,139946,
2024-05,Harbor Motor Group,Harbor Jeep Ram Anchor,Lease Retention,campaign,54,10,7,3,18487,
2024-05,Harbor Motor Group,Harbor Jeep Ram Anchor,Svc Conquest,service,35,6,4,2,11656,
2024-05,Harbor Motor Group,Harbor Jeep Ram Anchor,Direct Mail,campaign,84,4,3,1,10200,4290
2024-05,Harbor Motor Group,Harbor Jeep Ram Anchor,Walk-In,showroom,56,15,11,4,46102,
2024-05,Harbor Motor Group,Harbor Jeep Ram Anchor,Phone Up,phone,89,19,14,5,57213,
2024-05,Harbor Motor Group,Harbor Jeep Ram Anchor,Chat,chat,63,4,2,2,10451,594
2024-05,Harbor Motor Group,Harbor Jeep Ram Anchor,Facebook,internet,141,8,4,4,18988,924
2024-05,Harbor Motor Group,Harbor Jeep Ram Anchor,TrueCar,internet,79,2,1,1,5347,1716
2024-05,Harbor Motor Group,Harbor Jeep Ram Anchor,Radio Spot,campaign,2,0,0,0,0,264
2024-05,Harbor Motor Group,Harbor Kia Lighthouse,ATC,internet,190,11,6,5,31172,2184
2024-05,Harbor Motor Group,Harbor Kia Lighthouse,CARS,internet,110,8,4,4,27696,1612
2024-05,Harbor Motor Group,Harbor Kia Lighthouse,CarGurus,internet,121,9,5,4,23223,1976
2024-05,Harbor Motor Group,Harbor Kia Lighthouse,Dealer Website,internet,202,25,14,11,86959,
2024-05,Harbor Motor Group,Harbor Kia Lighthouse,Lease Retention,campaign,41,12,9,3,21966,
2024-05,Harbor Motor Group,Harbor Kia Lighthouse,Svc Conquest,service,27,12,9,3,25397,
2024-05,Harbor Motor Group,Harbor Kia Lighthouse,Direct Mail,campaign,72,10,7,3,23033,3380
2024-05,Harbor Motor Group,Harbor Kia Lighthouse,Walk In,showroom,53,19,14,5,58719,
2024-05,Harbor Motor Group,Harbor Kia Lighthouse,Inbound Calls,phone,65,15,11,4,44417,
2024-05,Harbor Motor Group,Harbor Kia Lighthouse,Website Chat,chat,47,5,3,2,11372,468
2024-05,Harbor Motor Group,Harbor Kia Lighthouse,Facebook,internet,116,8,4,4,19998,728
2024-05,Harbor Motor Group,Harbor Kia Lighthouse,True Car,internet,66,8,4,4,22962,1352
2024-05,Harbor Motor Group,Harbor Kia Lighthouse,Radio Spot,campaign,1,0,0,0,0,208
2024-05,Harbor Motor Group,Harbor Subaru Tidewater,auto trader,internet,160,10,6,4,31627,1974
2024-05,Harbor Motor Group,Harbor Subaru Tidewater,Cars .com,internet,97,9,5,4,29465,1457
2024-05,Harbor Motor Group,Harbor Subaru Tidewater,Car Gurus,internet,122,5,3,2,15456,1786
2024-05,Harbor Motor Group,Harbor Subaru Tidewater,Dealer Website,internet,213,27,15,12,84148,
2024-05,Harbor Motor Group,Harbor Subaru Tidewater,Lease Return,campaign,38,12,9,3,19582,
2024-05,Harbor Motor Group,Harbor Subaru Tidewater,Service Conquest,service,24,4,3,1,7436,
2024-05,Harbor Motor Group,Harbor Subaru Tidewater,Direct Mail Q1,campaign,56,8,6,2,17769,3055
2024-05,Harbor Motor Group,Harbor Subaru Tidewater,Showroom,showroom,42,20,14,6,82491,
2024-05,Harbor Motor Group,Harbor Subaru Tidewater,Phone Up,phone,67,14,10,4,42993,
2024-05,Harbor Motor Group,Harbor Subaru Tidewater,Website Chat,chat,45,3,2,1,8718,423
2024-05,Harbor Motor Group,Harbor Subaru Tidewater,FB Marketplace,internet,106,5,3,2,10931,658
2024-05,Harbor Motor Group,Harbor Subaru Tidewater,True Car,internet,59,4,2,2,9026,1222
2024-05,Harbor Motor Group,Harbor Subaru Tidewater,Radio Spot,campaign,1,0,0,0,0,188
2024-05,Harbor Motor Group,Harbor Toyota Bayview,Autotrader,internet,299,23,13,10,60301,3990
2024-05,Harbor Motor Group,Harbor Toyota Bayview,Cars .com,internet,190,11,6,5,32300,2945
2024-05,Harbor Motor Group,Harbor Toyota Bayview,cargurus.com,internet,265,22,12,10,57286,3610
2024-05,Harbor Motor Group,Harbor Toyota Bayview,OEM Website,internet,332,29,16,13,107016,
2024-05,Harbor Motor Group,Harbor Toyota Bayview,Lease Return,campaign,74,24,17,7,39989,
2024-05,Harbor Motor Group,Harbor Toyota Bayview,Svc Conquest,service,57,13,9,4,24173,
2024-05,Harbor Motor Group,Harbor Toyota Bayview,Direct Mail,campaign,116,11,8,3,24522,6175
2024-05,Harbor Motor Group,Harbor Toyota Bayview,Walk In,showroom,77,25,18,7,80099,
2024-05,Harbor Motor Group,Harbor Toyota Bayview,Inbound Phone,phone,142,30,22,8,90996,
2024-05,Harbor Motor Group,Harbor Toyota Bayview,Website Chat,chat,72,3,2,1,8641,855
2024-05,Harbor Motor Group,Harbor Toyota Bayview,Facebook Marketplace,internet,215,7,4,3,15053,1330
2024-05,Harbor Motor Group,Harbor Toyota Bayview,True Car,internet,120,6,3,3,14701,2470
2024-05,Harbor Motor Group,Harbor Toyota Bayview,Radio Spot,campaign,3,0,0,0,0,380
2024-05,Summit Auto Group,Summit BMW,Autotrader,internet,295,21,12,9,111652,3486
2024-05,Summit Auto Group,Summit BMW,Cars .com,internet,163,12,7,5,52303,2573
2024-05,Summit Auto Group,Summit BMW,cargurus.com,internet,232,18,10,8,80861,3154
2024-05,Summit Auto Group,Summit BMW,Dealer Website,internet,316,28,15,13,159751,
2024-05,Summit Auto Group,Summit BMW,Lease Return,campaign,55,22,16,6,55053,
2024-05,Summit Auto Group,Summit BMW,Service Conquest,service,41,9,6,3,27522,
2024-05,Summit Auto Group,Summit BMW,Direct Mail,campaign,100,7,5,2,26043,5395
2024-05,Summit Auto Group,Summit BMW,Walk-In,showroom,72,28,20,8,174834,
2024-05,Summit Auto Group,Summit BMW,Inbound Phone,phone,128,27,19,8,119279,
2024-05,Summit Auto Group,Summit BMW,Chat,chat,63,5,3,2,21655,747
2024-05,Summit Auto Group,Summit BMW,Facebook,internet,188,8,4,4,25840,1162
2024-05,Summit Auto Group,Summit BMW,TrueCar,internet,86,6,3,3,25834,2158
2024-05,Summit Auto Group,Summit BMW,Radio,campaign,2,0,0,0,0,332
2024-05,Summit Auto Group,Summit Chevrolet Glenpark,ATC,internet,285,23,13,10,65442,3276
2024-05,Summit Auto Group,Summit Chevrolet Glenpark,Cars .com,internet,168,8,4,4,24741,2418
2024-05,Summit Auto Group,Summit Chevrolet Glenpark,cargurus.com,internet,181,12,7,5,30159,2964
2024-05,Summit Auto Group,Summit Chevrolet Glenpark,Dealer Website,internet,288,32,18,14,100538,
2024-05,Summit Auto Group,Summit Chevrolet Glenpark,Lease Return,campaign,63,21,15,6,31091,
2024-05,Summit Auto Group,Summit Chevrolet Glenpark,Svc Conquest,service,45,11,8,3,20797,
2024-05,Summit Auto Group,Summit Chevrolet Glenpark,Direct Mail,campaign,111,9,6,3,20749,5070
2024-05,Summit Auto Group,Summit Chevrolet Glenpark,Walk In,showroom,73,18,13,5,70913,
2024-05,Summit Auto Group,Summit Chevrolet Glenpark,Inbound Phone,phone,95,20,14,6,60252,
2024-05,Summit Auto Group,Summit Chevrolet Glenpark,Chat,chat,69,2,1,1,4614,702
2024-05,Summit Auto Group,Summit Chevrolet Glenpark,FB Marketplace,internet,186,5,3,2,10964,1092
2024-05,Summit Auto Group,Summit Chevrolet Glenpark,TrueCar,internet,102,6,3,3,12955,2028
2024-05,Summit Auto Group,Summit Chevrolet Glenpark,Radio Spot,campaign,2,0,0,0,0,312
2024-05,Summit Auto Group,Summit Ford Rivera,ATC,internet,303,16,9,7,42380,3864
2024-05,Summit Auto Group,Summit Ford Rivera,Cars.com,internet,163,13,7,6,41431,2852
2024-05,Summit Auto Group,Summit Ford Rivera,cargurus.com,internet,210,16,9,7,41387,3496
2024-05,Summit Auto Group,Summit Ford Rivera,Website,internet,415,45,25,20,172142,
2024-05,Summit Auto Group,Summit Ford Rivera,Lease Retention,campaign,67,22,16,6,32952,
2024-05,Summit Auto Group,Summit Ford Rivera,Service Conquest,service,57,10,7,3,23874,
2024-05,Summit Auto Group,Summit Ford Rivera,Direct Mail Q1,campaign,133,13,9,4,27732,5980
2024-05,Summit Auto Group,Summit Ford Rivera,Showroom,showroom,75,24,17,7,98602,
2024-05,Summit Auto Group,Summit Ford Rivera,Inbound Phone,phone,110,19,14,5,53723,
2024-05,Summit Auto Group,Summit Ford Rivera,Live Chat,chat,76,5,3,2,12888,828
2024-05,Summit Auto Group,Summit Ford Rivera,Facebook,internet,213,9,5,4,19031,1288
2024-05,Summit Auto Group,Summit Ford Rivera,TrueCar,internet,93,3,2,1,6919,2392
2024-05,Summit Auto Group,Summit Ford Rivera,Radio,campaign,3,0,0,0,0,368
2024-05,Summit Auto Group,Summit Honda Westland,auto trader,internet,316,15,8,7,48510,3612
2024-05,Summit Auto Group,Summit Honda Westland,Cars.com,internet,165,19,10,9,59564,2666
2024-05,Summit Auto Group,Summit Honda Westland,CarGurus,internet,189,9,5,4,25280,3268
2024-05,Summit Auto Group,Summit Honda Westland,Dealer Website,internet,369,37,20,17,132507,
2024-05,Summit Auto Group,Summit Honda Westland,Lease Return,campaign,58,16,12,4,30046,
2024-05,Summit Auto Group,Summit Honda Westland,Svc Conquest,service,43,11,8,3,19971,
2024-05,Summit Auto Group,Summit Honda Westland,Direct Mail Q1,campaign,96,15,11,4,40811,5590
2024-05,Summit Auto Group,Summit Honda Westland,Walk In,showroom,83,25,18,7,100426,
2024-05,Summit Auto Group,Summit Honda Westland,Inbound Calls,phone,118,21,15,6,58719,
2024-05,Summit Auto Group,Summit Honda Westland,Website Chat,chat,73,9,5,4,26320,774
2024-05,Summit Auto Group,Summit Honda Westland,Facebook,internet,204,9,5,4,17758,1204
2024-05,Summit Auto Group,Summit Honda Westland,True Car,internet,112,6,3,3,14261,2236
2024-05,Summit Auto Group,Summit Honda Westland,Radio Spot,campaign,2,0,0,0,0,344
2024-05,Summit Auto Group,Summit Hyundai Oakhurst,ATC,internet,162,14,8,6,46169,2436
2024-05,Summit Auto Group,Summit Hyundai Oakhurst,Cars .com,internet,98,4,2,2,10396,1797
2024-05,Summit Auto Group,Summit Hyundai Oakhurst,CarGurus,internet,162,6,3,3,16093,2204
2024-05,Summit Auto Group,Summit Hyundai Oakhurst,Website,internet,236,26,14,12,89610,
2024-05,Summit Auto Group,Summit Hyundai Oakhurst,Lease Return,campaign,41,11,8,3,20335,
2024-05,Summit Auto Group,Summit Hyundai Oakhurst,Svc Conquest,service,37,8,6,2,15295,
2024-05,Summit Auto Group,Summit Hyundai Oakhurst,Direct Mail Q1,campaign,73,8,6,2,20416,3769
2024-05,Summit Auto Group,Summit Hyundai Oakhurst,Showroom,showroom,48,20,14,6,73180,
2024-05,Summit Auto Group,Summit Hyundai Oakhurst,Inbound Calls,phone,83,22,16,6,77811,
2024-05,Summit Auto Group,Summit Hyundai Oakhurst,Live Chat,chat,53,6,3,3,14076,522
2024-05,Summit Auto Group,Summit Hyundai Oakhurst,Facebook,internet,141,1,1,0,2058,812
2024-05,Summit Auto Group,Summit Hyundai Oakhurst,True Car,internet,65,3,2,1,8187,1508
2024-05,Summit Auto Group,Summit Hyundai Oakhurst,Radio,campaign,2,0,0,0,0,231
2024-05,Summit Auto Group,Summit Jeep Ram Clearwater,AutoTrader.com,internet,257,17,9,8,55408,2982
2024-05,Summit Auto Group,Summit Jeep Ram Clearwater,Cars .com,internet,141,15,8,7,47955,2201
2024-05,Summit Auto Group,Summit Jeep Ram Clearwater,Car Gurus,internet,155,11,6,5,35028,2698
2024-05,Summit Auto Group,Summit Jeep Ram Clearwater,Website,internet,276,28,15,13,100948,
2024-05,Summit Auto Group,Summit Jeep Ram Clearwater,Lease Return,campaign,47,16,12,4,23911,
2024-05,Summit Auto Group,Summit Jeep Ram Clearwater,Svc Conquest,service,39,11,8,3,20586,
2024-05,Summit Auto Group,Summit Jeep Ram Clearwater,Direct Mail,campaign,104,10,7,3,23149,4615
2024-05,Summit Auto Group,Summit Jeep Ram Clearwater,Walk In,showroom,72,26,19,7,106105,
2024-05,Summit Auto Group,Summit Jeep Ram Clearwater,Inbound Calls,phone,93,13,9,4,34975,
2024-05,Summit Auto Group,Summit Jeep Ram Clearwater,Live Chat,chat,70,4,2,2,10757,639
2024-05,Summit Auto Group,Summit Jeep Ram Clearwater,Facebook,internet,154,5,3,2,10327,994
2024-05,Summit Auto Group,Summit Jeep Ram Clearwater,True Car,internet,77,6,3,3,15051,1846
2024-05,Summit Auto Group,Summit Jeep Ram Clearwater,Radio,campaign,2,0,0,0,0,284
2024-05,Summit Auto Group,Summit Kia Brookfield,AutoTrader.com,internet,165,8,4,4,22631,2310
2024-05,Summit Auto Group,Summit Kia Brookfield,CARS,internet,106,8,4,4,23668,1705
2024-05,Summit Auto Group,Summit Kia Brookfield,Car Gurus,internet,138,3,2,1,9140,2090
2024-05,Summit Auto Group,Summit Kia Brookfield,OEM Website,internet,258,29,16,13,109066,
2024-05,Summit Auto Group,Summit Kia Brookfield,Lease Return,campaign,41,19,14,5,28931,
2024-05,Summit Auto Group,Summit Kia Brookfield,Service Conquest,service,33,7,5,2,15031,
2024-05,Summit Auto Group,Summit Kia Brookfield,Direct Mail Q1,campaign,72,5,4,1,13943,3575
2024-05,Summit Auto Group,Summit Kia Brookfield,Showroom,showroom,57,22,16,6,73115,
2024-05,Summit Auto Group,Summit Kia Brookfield,Inbound Calls,phone,65,8,6,2,24096,
2024-05,Summit Auto Group,Summit Kia Brookfield,Live Chat,chat,55,1,1,0,2980,495
2024-05,Summit Auto Group,Summit Kia Brookfield,Facebook,internet,120,4,2,2,8432,770
2024-05,Summit Auto Group,Summit Kia Brookfield,True Car,internet,60,3,2,1,7590,1430
2024-05,Summit Auto Group,Summit Kia Brookfield,Radio Spot,campaign,1,0,0,0,0,220
2024-05,Summit Auto Group,Summit Mazda Lakeside,AutoTrader.com,internet,158,8,4,4,24615,1848
2024-05,Summit Auto Group,Summit Mazda Lakeside,Cars.com,internet,90,2,1,1,6277,1364
2024-05,Summit Auto Group,Summit Mazda Lakeside,CarGurus,internet,119,9,5,4,24744,1672
2024-05,Summit Auto Group,Summit Mazda Lakeside,Dealer Website,internet,169,24,13,11,71811,
2024-05,Summit Auto Group,Summit Mazda Lakeside,Lease Return,campaign,31,7,5,2,13450,
2024-05,Summit Auto Group,Summit Mazda Lakeside,Svc Conquest,service,23,5,4,1,10986,
2024-05,Summit Auto Group,Summit Mazda Lakeside,Direct Mail,campaign,64,4,3,1,9443,2860
2024-05,Summit Auto Group,Summit Mazda Lakeside,Walk In,showroom,39,12,9,3,40985,
2024-05,Summit Auto Group,Summit Mazda Lakeside,Phone Up,phone,65,7,5,2,20765,
2024-05,Summit Auto Group,Summit Mazda Lakeside,Website Chat,chat,36,0,0,0,0,396
2024-05,Summit Auto Group,Summit Mazda Lakeside,Facebook,internet,96,2,1,1,4181,616
2024-05,Summit Auto Group,Summit Mazda Lakeside,True Car,internet,57,4,2,2,11389,1144
2024-05,Summit Auto Group,Summit Mazda Lakeside,Radio Spot,campaign,1,0,0,0,0,176
2024-05,Summit Auto Group,Summit Nissan Ridgemont,auto trader,internet,182,17,9,8,47571,2688
2024-05,Summit Auto Group,Summit Nissan Ridgemont,CARS,internet,130,15,8,7,42137,1984
2024-05,Summit Auto Group,Summit Nissan Ridgemont,CarGurus,internet,169,8,4,4,21570,2432
2024-05,Summit Auto Group,Summit Nissan Ridgemont,Dealer Website,internet,265,31,17,14,89736,
2024-05,Summit Auto Group,Summit Nissan Ridgemont,Lease Retention,campaign,43,11,8,3,19209,
2024-05,Summit Auto Group,Summit Nissan Ridgemont,Svc Conquest,service,37,6,4,2,10771,
2024-05,Summit Auto Group,Summit Nissan Ridgemont,Direct Mail Q1,campaign,71,7,5,2,15450,4160
2024-05,Summit Auto Group,Summit Nissan Ridgemont,Walk-In,showroom,60,22,16,6,72623,
2024-05,Summit Auto Group,Summit Nissan Ridgemont,Inbound Calls,phone,86,21,15,6,57229,
2024-05,Summit Auto Group,Summit Nissan Ridgemont,Live Chat,chat,58,4,2,2,10676,576
2024-05,Summit Auto Group,Summit Nissan Ridgemont,Facebook,internet,149,3,2,1,6127,896
2024-05,Summit Auto Group,Summit Nissan Ridgemont,TrueCar,internet,82,2,1,1,4758,1664
2024-05,Summit Auto Group,Summit Nissan Ridgemont,Radio,campaign,2,0,0,0,0,256
2024-05,Summit Auto Group,Summit Subaru Northgate,Autotrader,internet,152,9,5,4,25968,2058
2024-05,Summit Auto Group,Summit Subaru Northgate,CARS,internet,92,9,5,4,27100,1519
2024-05,Summit Auto Group,Summit Subaru Northgate,CarGurus,internet,121,4,2,2,12125,1862
2024-05,Summit Auto Group,Summit Subaru Northgate,OEM Website,internet,175,19,10,9,67573,
2024-05,Summit Auto Group,Summit Subaru Northgate,Lease Return,campaign,35,10,7,3,17363,
2024-05,Summit Auto Group,Summit Subaru Northgate,Svc Conquest,service,31,3,2,1,6038,
2024-05,Summit Auto Group,Summit Subaru Northgate,Direct Mail Q1,campaign,54,4,3,1,8449,3185
2024-05,Summit Auto Group,Summit Subaru Northgate,Walk-In,showroom,43,12,9,3,38514,
2024-05,Summit Auto Group,Summit Subaru Northgate,Phone Up,phone,74,13,9,4,42278,
2024-05,Summit Auto Group,Summit Subaru Northgate,Website Chat,chat,48,1,1,0,2964,441
2024-05,Summit Auto Group,Summit Subaru Northgate,Facebook Marketplace,internet,120,6,3,3,13940,686
2024-05,Summit Auto Group,Summit Subaru Northgate,True Car,internet,59,1,1,0,2170,1274
2024-05,Summit Auto Group,Summit Subaru Northgate,Radio,campaign,1,1,1,0,2526,196
2024-05,Summit Auto Group,Summit Toyota of Fairview,auto trader,internet,293,21,12,9,54218,4200
2024-05,Summit Auto Group,Summit Toyota of Fairview,CARS,internet,188,19,10,9,58910,3100
2024-05,Summit Auto Group,Summit Toyota of Fairview,Car Gurus,internet,243,16,9,7,46479,3800
2024-05,Summit Auto Group,Summit Toyota of Fairview,Dealer Website,internet,431,45,25,20,170496,
2024-05,Summit Auto Group,Summit Toyota of Fairview,Lease Retention,campaign,84,28,20,8,42145,
2024-05,Summit Auto Group,Summit Toyota of Fairview,Svc Conquest,service,52,8,6,2,14748,
2024-05,Summit Auto Group,Summit Toyota of Fairview,Direct Mail Q1,campaign,115,11,8,3,25364,6500
2024-05,Summit Auto Group,Summit Toyota of Fairview,Showroom,showroom,84,28,20,8,98911,
2024-05,Summit Auto Group,Summit Toyota of Fairview,Inbound Calls,phone,157,36,26,10,109962,
2024-05,Summit Auto Group,Summit Toyota of Fairview,Chat,chat,90,7,4,3,17224,900
2024-05,Summit Auto Group,Summit Toyota of Fairview,FB Marketplace,internet,229,8,4,4,16996,1400
2024-05,Summit Auto Group,Summit Toyota of Fairview,True Car,internet,131,4,2,2,8553,2600
2024-05,Summit Auto Group,Summit Toyota of Fairview,Radio Spot,campaign,3,0,0,0,0,400
2024-05,Summit Auto Group,Summit Volkswagen Eastdale,auto trader,internet,146,10,6,4,29652,1680
2024-05,Summit Auto Group,Summit Volkswagen Eastdale,Cars .com,internet,69,5,3,2,17266,1240
2024-05,Summit Auto Group,Summit Volkswagen Eastdale,Car Gurus,internet,97,7,4,3,20237,1520
2024-05,Summit Auto Group,Summit Volkswagen Eastdale,Dealer Website,internet,183,22,12,10,79762,
2024-05,Summit Auto Group,Summit Volkswagen Eastdale,Lease Retention,campaign,28,9,6,3,13449,
2024-05,Summit Auto Group,Summit Volkswagen Eastdale,Service Conquest,service,23,5,4,1,9529,
2024-05,Summit Auto Group,Summit Volkswagen Eastdale,Direct Mail Q1,campaign,54,6,4,2,15882,2600
2024-05,Summit Auto Group,Summit Volkswagen Eastdale,Walk-In,showroom,39,12,9,3,47882,
2024-05,Summit Auto Group,Summit Volkswagen Eastdale,Phone Up,phone,59,6,4,2,16459,
2024-05,Summit Auto Group,Summit Volkswagen Eastdale,Chat,chat,36,5,3,2,13876,360
2024-05,Summit Auto Group,Summit Volkswagen Eastdale,Facebook,internet,90,5,3,2,12370,560
2024-05,Summit Auto Group,Summit Volkswagen Eastdale,True Car,internet,47,4,2,2,10323,1040
2024-05,Summit Auto Group,Summit Volkswagen Eastdale,Radio Spot,campaign,1,0,0,0,0,160
2024-06,Harbor Motor Group,Harbor BMW,auto trader,internet,228,13,7,6,63347,3276
2024-06,Harbor Motor Group,Harbor BMW,Cars.com,internet,138,7,4,3,37757,2418
2024-06,Harbor Motor Group,Harbor BMW,Car Gurus,internet,188,18,10,8,83780,2964
2024-06,Harbor Motor Group,Harbor BMW,Dealer Website,internet,285,34,19,15,159138,
2024-06,Harbor Motor Group,Harbor BMW,Lease Retention,campaign,56,18,13,5,46982,
2024-06,Harbor Motor Group,Harbor BMW,Svc Conquest,service,46,8,6,2,25528,
2024-06,Harbor Motor Group,Harbor BMW,Direct Mail Q1,campaign,104,10,7,3,35530,5070
2024-06,Harbor Motor Group,Harbor BMW,Walk In,showroom,69,18,13,5,115814,
2024-06,Harbor Motor Group,Harbor BMW,Phone Up,phone,109,26,19,7,149704,
2024-06,Harbor Motor Group,Harbor BMW,Website Chat,chat,69,7,4,3,26499,702
2024-06,Harbor Motor Group,Harbor BMW,Facebook Marketplace,internet,62,4,2,2,12679,1092
2024-06,Harbor Motor Group,Harbor BMW,True Car,internet,92,6,3,3,25644,2028
2024-06,Harbor Motor Group,Harbor BMW,Radio Spot,campaign,2,0,0,0,0,312
2024-06,Harbor Motor Group,Harbor Chevrolet Marina,auto trader,internet,247,14,8,6,35304,2940
2024-06,Harbor Motor Group,Harbor Chevrolet Marina,Cars.com,internet,150,9,5,4,24810,2170
2024-06,Harbor Motor Group,Harbor Chevrolet Marina,Car Gurus,internet,175,18,10,8,48896,2660
2024-06,Harbor Motor Group,Harbor Chevrolet Marina,OEM Website,internet,314,37,20,17,135197,
2024-06,Harbor Motor Group,Harbor Chevrolet Marina,Lease Retention,campaign,56,23,17,6,41275,
2024-06,Harbor Motor Group,Harbor Chevrolet Marina,Service Conquest,service,46,15,11,4,33049,
2024-06,Harbor Motor Group,Harbor Chevrolet Marina,Direct Mail Q1,campaign,75,8,6,2,20040,4550
2024-06,Harbor Motor Group,Harbor Chevrolet Marina,Walk-In,showroom,61,21,15,6,71360,
2024-06,Harbor Motor Group,Harbor Chevrolet Marina,Inbound Calls,phone,90,19,14,5,66871,
2024-06,Harbor Motor Group,Harbor Chevrolet Marina,Live Chat,chat,56,4,2,2,9923,630
2024-06,Harbor Motor Group,Harbor Chevrolet Marina,FB Marketplace,internet,68,9,5,4,17405,979
2024-06,Harbor Motor Group,Harbor Chevrolet Marina,True Car,internet,82,7,4,3,17061,1819
2024-06,Harbor Motor Group,Harbor Chevrolet Marina,Radio Spot,campaign,2,0,0,0,0,280
2024-06,Harbor Motor Group,Harbor Ford Portside,auto trader,internet,317,12,7,5,30820,3696
2024-06,Harbor Motor Group,Harbor Ford Portside,Cars .com,internet,148,16,9,7,43381,2728
2024-06,Harbor Motor Group,Harbor Ford Portside,CarGurus,internet,183,8,4,4,23283,3344
2024-06,Harbor Motor Group,Harbor Ford Portside,OEM Website,internet,309,28,15,13,96859,
2024-06,Harbor Motor Group,Harbor Ford Portside,Lease Return,campaign,71,27,19,8,46071,
2024-06,Harbor Motor Group,Harbor Ford Portside,Svc Conquest,service,53,20,14,6,46101,
2024-06,Harbor Motor Group,Harbor Ford Portside,Direct Mail,campaign,126,9,6,3,21377,5720
2024-06,Harbor Motor Group,Harbor Ford Portside,Showroom,showroom,88,21,15,6,65460,
2024-06,Harbor Motor Group,Harbor Ford Portside,Inbound Calls,phone,124,35,25,10,104607,
2024-06,Harbor Motor Group,Harbor Ford Portside,Live Chat,chat,68,6,3,3,15286,792
2024-06,Harbor Motor Group,Harbor Ford Portside,Facebook Marketplace,internet,70,0,0,0,0,1232
2024-06,Harbor Motor Group,Harbor Ford Portside,TrueCar,internet,84,6,3,3,15817,2288
2024-06,Harbor Motor Group,Harbor Ford Portside,Radio Spot,campaign,3,0,0,0,0,352
2024-06,Harbor Motor Group,Harbor Honda Seaside,ATC,internet,275,22,12,10,54481,3360
2024-06,Harbor Motor Group,Harbor Honda Seaside,Cars .com,internet,145,10,6,4,28054,2480
2024-06,Harbor Motor Group,Harbor Honda Seaside,CarGurus,internet,170,10,6,4,29766,3040
2024-06,Harbor Motor Group,Harbor Honda Seaside,Dealer Website,internet,293,35,19,16,126775,
2024-06,Harbor Motor Group,Harbor Honda Seaside,Lease Retention,campaign,57,19,14,5,29707,
2024-06,Harbor Motor Group,Harbor Honda Seaside,Svc Conquest,service,43,12,9,3,28955,
2024-06,Harbor Motor Group,Harbor Honda Seaside,Direct Mail Q1,campaign,118,11,8,3,27049,5200
2024-06,Harbor Motor Group,Harbor Honda Seaside,Showroom,showroom,66,24,17,7,94722,
2024-06,Harbor Motor Group,Harbor Honda Seaside,Phone Up,phone,104,26,19,7,85353,
2024-06,Harbor Motor Group,Harbor Honda Seaside,Live Chat,chat,66,7,4,3,19738,720
2024-06,Harbor Motor Group,Harbor Honda Seaside,Facebook,internet,71,5,3,2,11568,1120
2024-06,Harbor Motor Group,Harbor Honda Seaside,TrueCar,internet,81,6,3,3,16486,2080
2024-06,Harbor Motor Group,Harbor Honda Seaside,Radio,campaign,2,0,0,0,0,320
2024-06,Harbor Motor Group,Harbor Jeep Ram Anchor,AutoTrader.com,internet,213,12,7,5,30986,2772
2024-06,Harbor Motor Group,Harbor Jeep Ram Anchor,Cars .com,internet,107,7,4,3,23161,2046
2024-06,Harbor Motor Group,Harbor Jeep Ram Anchor,cargurus.com,internet,143,7,4,3,18605,2508
2024-06,Harbor Motor Group,Harbor Jeep Ram Anchor,OEM Website,internet,266,27,15,12,87453,
2024-06,Harbor Motor Group,Harbor Jeep Ram Anchor,Lease Retention,campaign,41,13,9,4,19449,
2024-06,Harbor Motor Group,Harbor Jeep Ram Anchor,Svc Conquest,service,39,10,7,3,23670,
2024-06,Harbor Motor Group,Harbor Jeep Ram Anchor,Direct Mail,campaign,87,10,7,3,24700,4290
2024-06,Harbor Motor Group,Harbor Jeep Ram Anchor,Walk-In,showroom,62,25,18,7,78360,
2024-06,Harbor Motor Group,Harbor Jeep Ram Anchor,Phone Up,phone,84,11,8,3,34432,
2024-06,Harbor Motor Group,Harbor Jeep Ram Anchor,Chat,chat,56,6,3,3,17529,594
2024-06,Harbor Motor Group,Harbor Jeep Ram Anchor,Facebook,internet,65,2,1,1,3977,924
2024-06,Harbor Motor Group,Harbor Jeep Ram Anchor,TrueCar,internet,83,7,4,3,16078,1716
2024-06,Harbor Motor Group,Harbor Jeep Ram Anchor,Radio Spot,campaign,1,0,0,0,0,264
2024-06,Harbor Motor Group,Harbor Kia Lighthouse,ATC,internet,180,17,9,8,53543,2184
2024-06,Harbor Motor Group,Harbor Kia Lighthouse,CARS,internet,94,10,6,4,31187,1612
2024-06,Harbor Motor Group,Harbor Kia Lighthouse,CarGurus,internet,133,7,4,3,19912,1976
2024-06,Harbor Motor Group,Harbor Kia Lighthouse,Dealer Website,internet,229,27,15,12,97040,
2024-06,Harbor Motor Group,Harbor Kia Lighthouse,Lease Retention,campaign,35,13,9,4,19028,
2024-06,Harbor Motor Group,Harbor Kia Lighthouse,Svc Conquest,service,28,4,3,1,7480,
2024-06,Harbor Motor Group,Harbor Kia Lighthouse,Direct Mail,campaign,67,7,5,2,17983,3380
2024-06,Harbor Motor Group,Harbor Kia Lighthouse,Walk In,showroom,45,23,17,6,84095,
2024-06,Harbor Motor Group,Harbor Kia Lighthouse,Inbound Calls,phone,75,17,12,5,53543,
2024-06,Harbor Motor Group,Harbor Kia Lighthouse,Website Chat,chat,51,5,3,2,12282,468
2024-06,Harbor Motor Group,Harbor Kia Lighthouse,Facebook,internet,51,1,1,0,1950,728
2024-06,Harbor Motor Group,Harbor Kia Lighthouse,True Car,internet,67,5,3,2,12521,1352
2024-06,Harbor Motor Group,Harbor Kia Lighthouse,Radio Spot,campaign,1,0,0,0,0,208
2024-06,Harbor Motor Group,Harbor Subaru Tidewater,auto trader,internet,133,7,4,3,23163,1974
2024-06,Harbor Motor Group,Harbor Subaru Tidewater,Cars .com,internet,88,6,3,3,16971,1457
2024-06,Harbor Motor Group,Harbor Subaru Tidewater,Car Gurus,internet,119,6,3,3,15459,1786
2024-06,Harbor Motor Group,Harbor Subaru Tidewater,Dealer Website,internet,175,23,13,10,74529,
2024-06,Harbor Motor Group,Harbor Subaru Tidewater,Lease Return,campaign,32,7,5,2,10215,
2024-06,Harbor Motor Group,Harbor Subaru Tidewater,Service Conquest,service,29,3,2,1,5358,
2024-06,Harbor Motor Group,Harbor Subaru Tidewater,Direct Mail Q1,campaign,67,9,6,3,19528,3055
2024-06,Harbor Motor Group,Harbor Subaru Tidewater,Showroom,showroom,47,12,9,3,49527,
2024-06,Harbor Motor Group,Harbor Subaru Tidewater,Phone Up,phone,56,9,6,3,28830,
2024-06,Harbor Motor Group,Harbor Subaru Tidewater,Website Chat,chat,42,3,2,1,7190,423
2024-06,Harbor Motor Group,Harbor Subaru Tidewater,FB Marketplace,internet,49,4,2,2,9616,658
2024-06,Harbor Motor Group,Harbor Subaru Tidewater,True Car,internet,57,1,1,0,2699,1222
2024-06,Harbor Motor Group,Harbor Subaru Tidewater,Radio Spot,campaign,1,0,0,0,0,188
2024-06,Harbor Motor Group,Harbor Toyota Bayview,Autotrader,internet,278,14,8,6,41161,3990
2024-06,Harbor Motor Group,Harbor Toyota Bayview,Cars .com,internet,194,16,9,7,49189,2945
2024-06,Harbor Motor Group,Harbor Toyota Bayview,cargurus.com,internet,248,6,3,3,17465,3610
2024-06,Harbor Motor Group,Harbor Toyota Bayview,OEM Website,internet,356,45,25,20,164735,
2024-06,Harbor Motor Group,Harbor Toyota Bayview,Lease Return,campaign,74,28,20,8,47622,
2024-06,Harbor Motor Group,Harbor Toyota Bayview,Svc Conquest,service,54,13,9,4,25485,
2024-06,Harbor Motor Group,Harbor Toyota Bayview,Direct Mail,campaign,138,13,9,4,27964,6175
2024-06,Harbor Motor Group,Harbor Toyota Bayview,Walk In,showroom,97,33,24,9,114097,
2024-06,Harbor Motor Group,Harbor Toyota Bayview,Inbound Phone,phone,133,26,19,7,92806,
2024-06,Harbor Motor Group,Harbor Toyota Bayview,Website Chat,chat,92,8,4,4,17847,855
2024-06,Harbor Motor Group,Harbor Toyota Bayview,Facebook Marketplace,internet,90,4,2,2,7734,1330
2024-06,Harbor Motor Group,Harbor Toyota Bayview,True Car,internet,109,4,2,2,9191,2470
2024-06,Harbor Motor Group,Harbor Toyota Bayview,Radio Spot,campaign,3,0,0,0,0,380
2024-06,Summit Auto Group,Summit BMW,Autotrader,internet,264,19,10,9,83589,3486
2024-06,Summit Auto Group,Summit BMW,Cars .com,internet,166,16,9,7,69848,2573
2024-06,Summit Auto Group,Summit BMW,cargurus.com,internet,232,13,7,6,65181,3154
2024-06,Summit Auto Group,Summit BMW,Dealer Website,internet,339,44,24,20,268930,
2024-06,Summit Auto Group,Summit BMW,Lease Return,campaign,55,16,12,4,41315,
2024-06,Summit Auto Group,Summit BMW,Service Conquest,service,48,10,7,3,33711,
2024-06,Summit Auto Group,Summit BMW,Direct Mail,campaign,90,8,6,2,34148,5395
2024-06,Summit Auto Group,Summit BMW,Walk-In,showroom,72,30,22,8,183073,
2024-06,Summit Auto Group,Summit BMW,Inbound Phone,phone,133,30,22,8,172822,
2024-06,Summit Auto Group,Summit BMW,Chat,chat,69,5,3,2,19697,747
2024-06,Summit Auto Group,Summit BMW,Facebook,internet,88,2,1,1,7060,1162
2024-06,Summit Auto Group,Summit BMW,TrueCar,internet,103,10,6,4,42618,2158
2024-06,Summit Auto Group,Summit BMW,Radio,campaign,2,0,0,0,0,332
2024-06,Summit Auto Group,Summit Chevrolet Glenpark,ATC,internet,285,33,18,15,92836,3276
2024-06,Summit Auto Group,Summit Chevrolet Glenpark,Cars .com,internet,153,14,8,6,40467,2418
2024-06,Summit Auto Group,Summit Chevrolet Glenpark,cargurus.com,internet,205,12,7,5,34272,2964
2024-06,Summit Auto Group,Summit Chevrolet Glenpark,Dealer Website,internet,319,36,20,16,125383,
2024-06,Summit Auto Group,Summit Chevrolet Glenpark,Lease Return,campaign,58,19,14,5,34658,
2024-06,Summit Auto Group,Summit Chevrolet Glenpark,Svc Conquest,service,44,9,6,3,19384,
2024-06,Summit Auto Group,Summit Chevrolet Glenpark,Direct Mail,campaign,110,18,13,5,44326,5070
2024-06,Summit Auto Group,Summit Chevrolet Glenpark,Walk In,showroom,82,32,23,9,130114,
2024-06,Summit Auto Group,Summit Chevrolet Glenpark,Inbound Phone,phone,101,16,12,4,50701,
2024-06,Summit Auto Group,Summit Chevrolet Glenpark,Chat,chat,66,5,3,2,14013,702
2024-06,Summit Auto Group,Summit Chevrolet Glenpark,FB Marketplace,internet,71,1,1,0,2079,1092
2024-06,Summit Auto Group,Summit Chevrolet Glenpark,TrueCar,internet,81,6,3,3,13239,2028
2024-06,Summit Auto Group,Summit Chevrolet Glenpark,Radio Spot,campaign,2,0,0,0,0,312
2024-06,Summit Auto Group,Summit Ford Rivera,ATC,internet,301,22,12,10,65617,3864
2024-06,Summit Auto Group,Summit Ford Rivera,Cars.com,internet,153,11,6,5,32408,2852
2024-06,Summit Auto Group,Summit Ford Rivera,cargurus.com,internet,232,10,6,4,28616,3496
2024-06,Summit Auto Group,Summit Ford Rivera,Website,internet,345,32,18,14,120237,
2024-06,Summit Auto Group,Summit Ford Rivera,Lease Retention,campaign,74,21,15,6,33212,
2024-06,Summit Auto Group,Summit Ford Rivera,Service Conquest,service,60,18,13,5,39043,
2024-06,Summit Auto Group,Summit Ford Rivera,Direct Mail Q1,campaign,113,8,6,2,20033,5980
2024-06,Summit Auto Group,Summit Ford Rivera,Showroom,showroom,93,26,19,7,104532,
2024-06,Summit Auto Group,Summit Ford Rivera,Inbound Phone,phone,139,24,17,7,76697,
2024-06,Summit Auto Group,Summit Ford Rivera,Live Chat,chat,81,7,4,3,20559,828
2024-06,Summit Auto Group,Summit Ford Rivera,Facebook,internet,76,3,2,1,6797,1288
2024-06,Summit Auto Group,Summit Ford Rivera,TrueCar,internet,112,11,6,5,25087,2392
2024-06,Summit Auto Group,Summit Ford Rivera,Radio,campaign,2,0,0,0,0,368
2024-06,Summit Auto Group,Summit Honda Westland,auto trader,internet,308,16,9,7,46159,3612
2024-06,Summit Auto Group,Summit Honda Westland,Cars.com,internet,183,17,9,8,46491,2666
2024-06,Summit Auto Group,Summit Honda Westland,CarGurus,internet,188,9,5,4,24855,3268
2024-06,Summit Auto Group,Summit Honda Westland,Dealer Website,internet,310,40,22,18,125951,
2024-06,Summit Auto Group,Summit Honda Westland,Lease Return,campaign,60,8,6,2,13149,
2024-06,Summit Auto Group,Summit Honda Westland,Svc Conquest,service,45,9,6,3,21626,
2024-06,Summit Auto Group,Summit Honda Westland,Direct Mail Q1,campaign,110,7,5,2,15297,5590
2024-06,Summit Auto Group,Summit Honda Westland,Walk In,showroom,89,35,25,10,144429,
2024-06,Summit Auto Group,Summit Honda Westland,Inbound Calls,phone,107,21,15,6,74444,
2024-06,Summit Auto Group,Summit Honda Westland,Website Chat,chat,76,5,3,2,11851,774
2024-06,Summit Auto Group,Summit Honda Westland,Facebook,internet,64,0,0,0,0,1204
2024-06,Summit Auto Group,Summit Honda Westland,True Car,internet,90,8,4,4,18347,2236
2024-06,Summit Auto Group,Summit Honda Westland,Radio Spot,campaign,2,0,0,0,0,344
2024-06,Summit Auto Group,Summit Hyundai Oakhurst,ATC,internet,195,9,5,4,25307,2436
2024-06,Summit Auto Group,Summit Hyundai Oakhurst,Cars .com,internet,122,9,5,4,27131,1797
2024-06,Summit Auto Group,Summit Hyundai Oakhurst,CarGurus,internet,131,11,6,5,33446,2204
2024-06,Summit Auto Group,Summit Hyundai Oakhurst,Website,internet,245,26,14,12,90852,
2024-06,Summit Auto Group,Summit Hyundai Oakhurst,Lease Return,campaign,37,9,6,3,14952,
2024-06,Summit Auto Group,Summit Hyundai Oakhurst,Svc Conquest,service,34,4,3,1,9563,
2024-06,Summit Auto Group,Summit Hyundai Oakhurst,Direct Mail Q1,campaign,69,7,5,2,14903,3769
2024-06,Summit Auto Group,Summit Hyundai Oakhurst,Showroom,showroom,58,17,12,5,63378,
2024-06,Summit Auto Group,Summit Hyundai Oakhurst,Inbound Calls,phone,86,24,17,7,65078,
2024-06,Summit Auto Group,Summit Hyundai Oakhurst,Live Chat,chat,45,5,3,2,14761,522
2024-06,Summit Auto Group,Summit Hyundai Oakhurst,Facebook,internet,58,4,2,2,8854,812
2024-06,Summit Auto Group,Summit Hyundai Oakhurst,True Car,internet,67,6,3,3,13063,1508
2024-06,Summit Auto Group,Summit Hyundai Oakhurst,Radio,campaign,1,0,0,0,0,231
2024-06,Summit Auto Group,Summit Jeep Ram Clearwater,AutoTrader.com,internet,243,18,10,8,45071,2982
2024-06,Summit Auto Group,Summit Jeep Ram Clearwater,Cars .com,internet,151,13,7,6,40453,2201
2024-06,Summit Auto Group,Summit Jeep Ram Clearwater,Car Gurus,internet,158,11,6,5,32427,2698
2024-06,Summit Auto Group,Summit Jeep Ram Clearwater,Website,internet,281,26,14,12,79039,
2024-06,Summit Auto Group,Summit Jeep Ram Clearwater,Lease Return,campaign,48,7,5,2,11304,
2024-06,Summit Auto Group,Summit Jeep Ram Clearwater,Svc Conquest,service,44,11,8,3,21249,
2024-06,Summit Auto Group,Summit Jeep Ram Clearwater,Direct Mail,campaign,86,8,6,2,17832,4615
2024-06,Summit Auto Group,Summit Jeep Ram Clearwater,Walk In,showroom,62,19,14,5,73408,
2024-06,Summit Auto Group,Summit Jeep Ram Clearwater,Inbound Calls,phone,87,19,14,5,55712,
2024-06,Summit Auto Group,Summit Jeep Ram Clearwater,Live Chat,chat,62,4,2,2,10790,639
2024-06,Summit Auto Group,Summit Jeep Ram Clearwater,Facebook,internet,55,0,0,0,0,994
2024-06,Summit Auto Group,Summit Jeep Ram Clearwater,True Car,internet,91,6,3,3,15332,1846
2024-06,Summit Auto Group,Summit Jeep Ram Clearwater,Radio,campaign,2,0,0,0,0,284
2024-06,Summit Auto Group,Summit Kia Brookfield,AutoTrader.com,internet,186,17,9,8,53006,2310
2024-06,Summit Auto Group,Summit Kia Brookfield,CARS,internet,110,13,7,6,34541,1705
2024-06,Summit Auto Group,Summit Kia Brookfield,Car Gurus,internet,154,11,6,5,31344,2090
2024-06,Summit Auto Group,Summit Kia Brookfield,OEM Website,internet,256,34,19,15,126832,
2024-06,Summit Auto Group,Summit Kia Brookfield,Lease Return,campaign,45,15,11,4,24458,
2024-06,Summit Auto Group,Summit Kia Brookfield,Service Conquest,service,30,6,4,2,12551,
2024-06,Summit Auto Group,Summit Kia Brookfield,Direct Mail Q1,campaign,78,7,5,2,18982,3575
2024-06,Summit Auto Group,Summit Kia Brookfield,Showroom,showroom,51,14,10,4,50643,
2024-06,Summit Auto Group,Summit Kia Brookfield,Inbound Calls,phone,72,13,9,4,40824,
2024-06,Summit Auto Group,Summit Kia Brookfield,Live Chat,chat,48,4,2,2,10299,495
2024-06,Summit Auto Group,Summit Kia Brookfield,Facebook,internet,40,0,0,0,0,770
2024-06,Summit Auto Group,Summit Kia Brookfield,True Car,internet,55,6,3,3,14774,1430
2024-06,Summit Auto Group,Summit Kia Brookfield,Radio Spot,campaign,1,0,0,0,0,220
2024-06,Summit Auto Group,Summit Mazda Lakeside,AutoTrader.com,internet,122,5,3,2,12437,1848
2024-06,Summit Auto Group,Summit Mazda Lakeside,Cars.com,internet,82,5,3,2,15401,1364
2024-06,Summit Auto Group,Summit Mazda Lakeside,CarGurus,internet,121,11,6,5,32110,1672
2024-06,Summit Auto Group,Summit Mazda Lakeside,Dealer Website,internet,187,21,12,9,65176,
2024-06,Summit Auto Group,Summit Mazda Lakeside,Lease Return,campaign,29,12,9,3,21597,
2024-06,Summit Auto Group,Summit Mazda Lakeside,Svc Conquest,service,26,4,3,1,8408,
2024-06,Summit Auto Group,Summit Mazda Lakeside,Direct Mail,campaign,59,8,6,2,22413,2860
2024-06,Summit Auto Group,Summit Mazda Lakeside,Walk In,showroom,43,15,11,4,60846,
2024-06,Summit Auto Group,Summit Mazda Lakeside,Phone Up,phone,64,11,8,3,29885,
2024-06,Summit Auto Group,Summit Mazda Lakeside,Website Chat,chat,38,3,2,1,8310,396
2024-06,Summit Auto Group,Summit Mazda Lakeside,Facebook,internet,36,0,0,0,0,616
2024-06,Summit Auto Group,Summit Mazda Lakeside,True Car,internet,51,4,2,2,8584,1144
2024-06,Summit Auto Group,Summit Mazda Lakeside,Radio Spot,campaign,1,0,0,0,0,176
2024-06,Summit Auto Group,Summit Nissan Ridgemont,auto trader,internet,212,8,4,4,19911,2688
2024-06,Summit Auto Group,Summit Nissan Ridgemont,CARS,internet,105,5,3,2,12968,1984
2024-06,Summit Auto Group,Summit Nissan Ridgemont,CarGurus,internet,160,15,8,7,37002,2432
2024-06,Summit Auto Group,Summit Nissan Ridgemont,Dealer Website,internet,263,31,17,14,117681,
2024-06,Summit Auto Group,Summit Nissan Ridgemont,Lease Retention,campaign,48,13,9,4,21868,
2024-06,Summit Auto Group,Summit Nissan Ridgemont,Svc Conquest,service,34,8,6,2,18758,
2024-06,Summit Auto Group,Summit Nissan Ridgemont,Direct Mail Q1,campaign,88,6,4,2,13400,4160
2024-06,Summit Auto Group,Summit Nissan Ridgemont,Walk-In,showroom,56,24,17,7,79176,
2024-06,Summit Auto Group,Summit Nissan Ridgemont,Inbound Calls,phone,102,18,13,5,55025,
2024-06,Summit Auto Group,Summit Nissan Ridgemont,Live Chat,chat,51,2,1,1,4842,576
2024-06,Summit Auto Group,Summit Nissan Ridgemont,Facebook,internet,61,4,2,2,7575,896
2024-06,Summit Auto Group,Summit Nissan Ridgemont,TrueCar,internet,71,6,3,3,14425,1664
2024-06,Summit Auto Group,Summit Nissan Ridgemont,Radio,campaign,1,0,0,0,0,256
2024-06,Summit Auto Group,Summit Subaru Northgate,Autotrader,internet,150,12,7,5,34279,2058
2024-06,Summit Auto Group,Summit Subaru Northgate,CARS,internet,105,14,8,6,45255,1519
2024-06,Summit Auto Group,Summit Subaru Northgate,CarGurus,internet,136,7,4,3,20036,1862
2024-06,Summit Auto Group,Summit Subaru Northgate,OEM Website,internet,213,27,15,12,103225,
2024-06,Summit Auto Group,Summit Subaru Northgate,Lease Return,campaign,37,11,8,3,17713,
2024-06,Summit Auto Group,Summit Subaru Northgate,Svc Conquest,service,27,5,4,1,11930,
2024-06,Summit Auto Group,Summit Subaru Northgate,Direct Mail Q1,campaign,68,11,8,3,25289,3185
2024-06,Summit Auto Group,Summit Subaru Northgate,Walk-In,showroom,46,15,11,4,52732,
2024-06,Summit Auto Group,Summit Subaru Northgate,Phone Up,phone,73,9,6,3,27351,
2024-06,Summit Auto Group,Summit Subaru Northgate,Website Chat,chat,48,6,3,3,17211,441
2024-06,Summit Auto Group,Summit Subaru Northgate,Facebook Marketplace,internet,51,0,0,0,0,686
2024-06,Summit Auto Group,Summit Subaru Northgate,True Car,internet,53,8,4,4,18691,1274
2024-06,Summit Auto Group,Summit Subaru Northgate,Radio,campaign,1,0,0,0,0,196
2024-06,Summit Auto Group,Summit Toyota of Fairview,auto trader,internet,303,20,11,9,53875,4200
2024-06,Summit Auto Group,Summit Toyota of Fairview,CARS,internet,198,17,9,8,51888,3100
2024-06,Summit Auto Group,Summit Toyota of Fairview,Car Gurus,internet,263,11,6,5,30728,3800
2024-06,Summit Auto Group,Summit Toyota of Fairview,Dealer Website,internet,471,63,35,28,218786,
2024-06,Summit Auto Group,Summit Toyota of Fairview,Lease Retention,campaign,62,16,12,4,26334,
2024-06,Summit Auto Group,Summit Toyota of Fairview,Svc Conquest,service,65,15,11,4,34911,
2024-06,Summit Auto Group,Summit Toyota of Fairview,Direct Mail Q1,campaign,129,15,11,4,37889,6500
2024-06,Summit Auto Group,Summit Toyota of Fairview,Showroom,showroom,102,32,23,9,124722,
2024-06,Summit Auto Group,Summit Toyota of Fairview,Inbound Calls,phone,159,32,23,9,87686,
2024-06,Summit Auto Group,Summit Toyota of Fairview,Chat,chat,97,6,3,3,14130,900
2024-06,Summit Auto Group,Summit Toyota of Fairview,FB Marketplace,internet,80,4,2,2,9668,1400
2024-06,Summit Auto Group,Summit Toyota of Fairview,True Car,internet,99,7,4,3,19800,2600
2024-06,Summit Auto Group,Summit Toyota of Fairview,Radio Spot,campaign,2,0,0,0,0,400
2024-06,Summit Auto Group,Summit Volkswagen Eastdale,auto trader,internet,128,11,6,5,27673,1680
2024-06,Summit Auto Group,Summit Volkswagen Eastdale,Cars .com,internet,76,5,3,2,17153,1240
2024-06,Summit Auto Group,Summit Volkswagen Eastdale,Car Gurus,internet,92,7,4,3,19717,1520
2024-06,Summit Auto Group,Summit Volkswagen Eastdale,Dealer Website,internet,143,16,9,7,61953,
2024-06,Summit Auto Group,Summit Volkswagen Eastdale,Lease Retention,campaign,24,7,5,2,12113,
2024-06,Summit Auto Group,Summit Volkswagen Eastdale,Service Conquest,service,23,6,4,2,13190,
2024-06,Summit Auto Group,Summit Volkswagen Eastdale,Direct Mail Q1,campaign,57,3,2,1,7167,2600
2024-06,Summit Auto Group,Summit Volkswagen Eastdale,Walk-In,showroom,36,11,8,3,38837,
2024-06,Summit Auto Group,Summit Volkswagen Eastdale,Phone Up,phone,61,17,12,5,54845,
2024-06,Summit Auto Group,Summit Volkswagen Eastdale,Chat,chat,36,2,1,1,5670,360
2024-06,Summit Auto Group,Summit Volkswagen Eastdale,Facebook,internet,32,2,1,1,3911,560
2024-06,Summit Auto Group,Summit Volkswagen Eastdale,True Car,internet,38,2,1,1,4658,1040
2024-06,Summit Auto Group,Summit Volkswagen Eastdale,Radio Spot,campaign,1,0,0,0,0,160
2024-07,Harbor Motor Group,Harbor BMW,auto trader,internet,264,9,5,4,43562,3276
2024-07,Harbor Motor Group,Harbor BMW,Cars.com,internet,141,10,6,4,54214,2418
2024-07,Harbor Motor Group,Harbor BMW,Car Gurus,internet,180,10,6,4,41173,2964
2024-07,Harbor Motor Group,Harbor BMW,Dealer Website,internet,291,38,21,17,230072,
2024-07,Harbor Motor Group,Harbor BMW,Lease Retention,campaign,51,17,12,5,48734,
2024-07,Harbor Motor Group,Harbor BMW,Svc Conquest,service,47,7,5,2,25214,
2024-07,Harbor Motor Group,Harbor BMW,Direct Mail Q1,campaign,99,11,8,3,45243,5070
2024-07,Harbor Motor Group,Harbor BMW,Walk In,showroom,84,31,22,9,194095,
2024-07,Harbor Motor Group,Harbor BMW,Phone Up,phone,100,12,9,3,55921,
2024-07,Harbor Motor Group,Harbor BMW,Website Chat,chat,62,6,3,3,25226,702
2024-07,Harbor Motor Group,Harbor BMW,Facebook Marketplace,internet,63,3,2,1,10741,1092
2024-07,Harbor Motor Group,Harbor BMW,True Car,internet,74,6,3,3,27299,2028
2024-07,Harbor Motor Group,Harbor BMW,Radio Spot,campaign,2,0,0,0,0,312
2024-07,Harbor Motor Group,Harbor Chevrolet Marina,auto trader,internet,244,19,10,9,57100,2940
2024-07,Harbor Motor Group,Harbor Chevrolet Marina,Cars.com,internet,141,9,5,4,26306,2170
2024-07,Harbor Motor Group,Harbor Chevrolet Marina,Car Gurus,internet,151,13,7,6,36562,2660
2024-07,Harbor Motor Group,Harbor Chevrolet Marina,OEM Website,internet,300,39,21,18,137872,
2024-07,Harbor Motor Group,Harbor Chevrolet Marina,Lease Retention,campaign,53,16,12,4,28819,
2024-07,Harbor Motor Group,Harbor Chevrolet Marina,Service Conquest,service,40,11,8,3,20065,
2024-07,Harbor Motor Group,Harbor Chevrolet Marina,Direct Mail Q1,campaign,102,10,7,3,25743,4550
2024-07,Harbor Motor Group,Harbor Chevrolet Marina,Walk-In,showroom,68,32,23,9,132044,
2024-07,Harbor Motor Group,Harbor Chevrolet Marina,Inbound Calls,phone,89,16,12,4,52145,
2024-07,Harbor Motor Group,Harbor Chevrolet Marina,Live Chat,chat,65,2,1,1,5018,630
2024-07,Harbor Motor Group,Harbor Chevrolet Marina,FB Marketplace,internet,61,3,2,1,7399,979
2024-07,Harbor Motor Group,Harbor Chevrolet Marina,True Car,internet,83,7,4,3,15003,1819
2024-07,Harbor Motor Group,Harbor Chevrolet Marina,Radio Spot,campaign,2,0,0,0,0,280
2024-07,Harbor Motor Group,Harbor Ford Portside,auto trader,internet,285,19,10,9,54965,3696
2024-07,Harbor Motor Group,Harbor Ford Portside,Cars .com,internet,176,17,9,8,57714,2728
2024-07,Harbor Motor Group,Harbor Ford Portside,CarGurus,internet,207,10,6,4,31472,3344
2024-07,Harbor Motor Group,Harbor Ford Portside,OEM Website,internet,316,36,20,16,132884,
2024-07,Harbor Motor Group,Harbor Ford Portside,Lease Return,campaign,68,18,13,5,31266,
2024-07,Harbor Motor Group,Harbor Ford Portside,Svc Conquest,service,55,13,9,4,25715,
2024-07,Harbor Motor Group,Harbor Ford Portside,Direct Mail,campaign,124,13,9,4,32903,5720
2024-07,Harbor Motor Group,Harbor Ford Portside,Showroom,showroom,83,36,26,10,121566,
2024-07,Harbor Motor Group,Harbor Ford Portside,Inbound Calls,phone,108,22,16,6,63263,
2024-07,Harbor Motor Group,Harbor Ford Portside,Live Chat,chat,72,5,3,2,14050,792
2024-07,Harbor Motor Group,Harbor Ford Portside,Facebook Marketplace,internet,89,5,3,2,12217,1232
2024-07,Harbor Motor Group,Harbor Ford Portside,TrueCar,internet,96,4,2,2,9894,2288
2024-07,Harbor Motor Group,Harbor Ford Portside,Radio Spot,campaign,2,0,0,0,0,352
2024-07,Harbor Motor Group,Harbor Honda Seaside,ATC,internet,289,17,9,8,55864,3360
2024-07,Harbor Motor Group,Harbor Honda Seaside,Cars .com,internet,144,6,3,3,19971,2480
2024-07,Harbor Motor Group,Harbor Honda Seaside,CarGurus,internet,165,19,10,9,45631,3040
2024-07,Harbor Motor Group,Harbor Honda Seaside,Dealer Website,internet,354,36,20,16,120255,
2024-07,Harbor Motor Group,Harbor Honda Seaside,Lease Retention,campaign,53,12,9,3,18824,
2024-07,Harbor Motor Group,Harbor Honda Seaside,Svc Conquest,service,51,12,9,3,28291,
2024-07,Harbor Motor Group,Harbor Honda Seaside,Direct Mail Q1,campaign,109,12,9,3,29357,5200
2024-07,Harbor Motor Group,Harbor Honda Seaside,Showroom,showroom,66,22,16,6,74177,
2024-07,Harbor Motor Group,Harbor Honda Seaside,Phone Up,phone,112,29,21,8,88872,
2024-07,Harbor Motor Group,Harbor Honda Seaside,Live Chat,chat,69,4,2,2,10259,720
2024-07,Harbor Motor Group,Harbor Honda Seaside,Facebook,internet,79,6,3,3,14679,1120
2024-07,Harbor Motor Group,Harbor Honda Seaside,TrueCar,internet,96,8,4,4,21083,2080
2024-07,Harbor Motor Group,Harbor Honda Seaside,Radio,campaign,2,0,0,0,0,320
2024-07,Harbor Motor Group,Harbor Jeep Ram Anchor,AutoTrader.com,internet,223,16,9,7,45600,2772
2024-07,Harbor Motor Group,Harbor Jeep Ram Anchor,Cars .com,internet,127,8,4,4,21226,2046
2024-07,Harbor Motor Group,Harbor Jeep Ram Anchor,cargurus.com,internet,166,8,4,4,24653,2508
2024-07,Harbor Motor Group,Harbor Jeep Ram Anchor,OEM Website,internet,263,36,20,16,119147,
2024-07,Harbor Motor Group,Harbor Jeep Ram Anchor,Lease Retention,campaign,49,18,13,5,31784,
2024-07,Harbor Motor Group,Harbor Jeep Ram Anchor,Svc Conquest,service,35,9,6,3,19018,
2024-07,Harbor Motor Group,Harbor Jeep Ram Anchor,Direct Mail,campaign,92,9,6,3,21400,4290
2024-07,Harbor Motor Group,Harbor Jeep Ram Anchor,Walk-In,showroom,61,19,14,5,58805,
2024-07,Harbor Motor Group,Harbor Jeep Ram Anchor,Phone Up,phone,97,19,14,5,54021,
2024-07,Harbor Motor Group,Harbor Jeep Ram Anchor,Chat,chat,59,6,3,3,15853,594
2024-07,Harbor Motor Group,Harbor Jeep Ram Anchor,Facebook,internet,66,2,1,1,3989,924
2024-07,Harbor Motor Group,Harbor Jeep Ram Anchor,TrueCar,internet,82,8,4,4,21915,1716
2024-07,Harbor Motor Group,Harbor Jeep Ram Anchor,Radio Spot,campaign,2,0,0,0,0,264
2024-07,Harbor Motor Group,Harbor Kia Lighthouse,ATC,internet,163,12,7,5,32471,2184
2024-07,Harbor Motor Group,Harbor Kia Lighthouse,CARS,internet,89,6,3,3,16421,1612
2024-07,Harbor Motor Group,Harbor Kia Lighthouse,CarGurus,internet,111,6,3,3,14987,1976
2024-07,Harbor Motor Group,Harbor Kia Lighthouse,Dealer Website,internet,206,22,12,10,69720,
2024-07,Harbor Motor Group,Harbor Kia Lighthouse,Lease Retention,campaign,31,6,4,2,10085,
2024-07,Harbor Motor Group,Harbor Kia Lighthouse,Svc Conquest,service,29,6,4,2,13406,
2024-07,Harbor Motor Group,Harbor Kia Lighthouse,Direct Mail,campaign,57,4,3,1,9596,3380
2024-07,Harbor Motor Group,Harbor Kia Lighthouse,Walk In,showroom,43,15,11,4,49181,
2024-07,Harbor Motor Group,Harbor Kia Lighthouse,Inbound Calls,phone,70,18,13,5,61267,
2024-07,Harbor Motor Group,Harbor Kia Lighthouse,Website Chat,chat,48,2,1,1,5500,468
2024-07,Harbor Motor Group,Harbor Kia Lighthouse,Facebook,internet,41,2,1,1,3962,728
2024-07,Harbor Motor Group,Harbor Kia Lighthouse,True Car,internet,60,4,2,2,10842,1352
2024-07,Harbor Motor Group,Harbor Kia Lighthouse,Radio Spot,campaign,1,0,0,0,0,208
2024-07,Harbor Motor Group,Harbor Subaru Tidewater,auto trader,internet,138,8,4,4,26462,1974
2024-07,Harbor Motor Group,Harbor Subaru Tidewater,Cars .com,internet,91,8,4,4,27184,1457
2024-07,Harbor Motor Group,Harbor Subaru Tidewater,Car Gurus,internet,115,6,3,3,16982,1786
2024-07,Harbor Motor Group,Harbor Subaru Tidewater,Dealer Website,internet,219,26,14,12,97094,
2024-07,Harbor Motor Group,Harbor Subaru Tidewater,Lease Return,campaign,34,12,9,3,21397,
2024-07,Harbor Motor Group,Harbor Subaru Tidewater,Service Conquest,service,29,6,4,2,13052,
2024-07,Harbor Motor Group,Harbor Subaru Tidewater,Direct Mail Q1,campaign,59,3,2,1,7992,3055
2024-07,Harbor Motor Group,Harbor Subaru Tidewater,Showroom,showroom,41,13,9,4,44933,
2024-07,Harbor Motor Group,Harbor Subaru Tidewater,Phone Up,phone,71,13,9,4,35552,
2024-07,Harbor Motor Group,Harbor Subaru Tidewater,Website Chat,chat,47,5,3,2,11520,423
2024-07,Harbor Motor Group,Harbor Subaru Tidewater,FB Marketplace,internet,36,2,1,1,4174,658
2024-07,Harbor Motor Group,Harbor Subaru Tidewater,True Car,internet,43,3,2,1,7747,1222
2024-07,Harbor Motor Group,Harbor Subaru Tidewater,Radio Spot,campaign,1,0,0,0,0,188
2024-07,Harbor Motor Group,Harbor Toyota Bayview,Autotrader,internet,294,23,13,10,57966,3990
2024-07,Harbor Motor Group,Harbor Toyota Bayview,Cars .com,internet,175,14,8,6,45397,2945
2024-07,Harbor Motor Group,Harbor Toyota Bayview,cargurus.com,internet,234,12,7,5,35730,3610
2024-07,Harbor Motor Group,Harbor Toyota Bayview,OEM Website,internet,377,49,27,22,188483,
2024-07,Harbor Motor Group,Harbor Toyota Bayview,Lease Return,campaign,73,21,15,6,40990,
2024-07,Harbor Motor Group,Harbor Toyota Bayview,Svc Conquest,service,53,7,5,2,13516,
2024-07,Harbor Motor Group,Harbor Toyota Bayview,Direct Mail,campaign,140,11,8,3,28549,6175
2024-07,Harbor Motor Group,Harbor Toyota Bayview,Walk In,showroom,78,21,15,6,75799,
2024-07,Harbor Motor Group,Harbor Toyota Bayview,Inbound Phone,phone,127,24,17,7,72242,
2024-07,Harbor Motor Group,Harbor Toyota Bayview,Website Chat,chat,91,10,6,4,24526,855
2024-07,Harbor Motor Group,Harbor Toyota Bayview,Facebook Marketplace,internet,91,3,2,1,7225,1330
2024-07,Harbor Motor Group,Harbor Toyota Bayview,True Car,internet,119,7,4,3,16226,2470
2024-07,Harbor Motor Group,Harbor Toyota Bayview,Radio Spot,campaign,3,1,1,0,2079,380
2024-07,Summit Auto Group,Summit BMW,Autotrader,internet,237,11,6,5,52194,3486
2024-07,Summit Auto Group,Summit BMW,Cars .com,internet,169,11,6,5,51352,2573
2024-07,Summit Auto Group,Summit BMW,cargurus.com,internet,216,10,6,4,42840,3154
2024-07,Summit Auto Group,Summit BMW,Dealer Website,internet,337,45,25,20,275463,
2024-07,Summit Auto Group,Summit BMW,Lease Return,campaign,49,6,4,2,18407,
2024-07,Summit Auto Group,Summit BMW,Service Conquest,service,44,12,9,3,42379,
2024-07,Summit Auto Group,Summit BMW,Direct Mail,campaign,97,14,10,4,58386,5395
2024-07,Summit Auto Group,Summit BMW,Walk-In,showroom,71,17,12,5,111592,
2024-07,Summit Auto Group,Summit BMW,Inbound Phone,phone,114,28,20,8,137949,
2024-07,Summit Auto Group,Summit BMW,Chat,chat,64,3,2,1,12400,747
2024-07,Summit Auto Group,Summit BMW,Facebook,internet,81,6,3,3,22957,1162
2024-07,Summit Auto Group,Summit BMW,TrueCar,internet,100,4,2,2,14580,2158
2024-07,Summit Auto Group,Summit BMW,Radio,campaign,2,0,0,0,0,332
2024-07,Summit Auto Group,Summit Chevrolet Glenpark,ATC,internet,222,17,9,8,50389,3276
2024-07,Summit Auto Group,Summit Chevrolet Glenpark,Cars .com,internet,128,10,6,4,32360,2418
2024-07,Summit Auto Group,Summit Chevrolet Glenpark,cargurus.com,internet,159,6,3,3,14315,2964
2024-07,Summit Auto Group,Summit Chevrolet Glenpark,Dealer Website,internet,297,33,18,15,102265,
2024-07,Summit Auto Group,Summit Chevrolet Glenpark,Lease Return,campaign,49,17,12,5,27379,
2024-07,Summit Auto Group,Summit Chevrolet Glenpark,Svc Conquest,service,53,13,9,4,31008,
2024-07,Summit Auto Group,Summit Chevrolet Glenpark,Direct Mail,campaign,84,4,3,1,8411,5070
2024-07,Summit Auto Group,Summit Chevrolet Glenpark,Walk In,showroom,77,33,24,9,132564,
2024-07,Summit Auto Group,Summit Chevrolet Glenpark,Inbound Phone,phone,107,18,13,5,53251,
2024-07,Summit Auto Group,Summit Chevrolet Glenpark,Chat,chat,78,9,5,4,25843,702
2024-07,Summit Auto Group,Summit Chevrolet Glenpark,FB Marketplace,internet,62,1,1,0,1984,1092
2024-07,Summit Auto Group,Summit Chevrolet Glenpark,TrueCar,internet,81,4,2,2,10586,2028
2024-07,Summit Auto Group,Summit Chevrolet Glenpark,Radio Spot,campaign,2,0,0,0,0,312
2024-07,Summit Auto Group,Summit Ford Rivera,ATC,internet,282,22,12,10,71393,3864
2024-07,Summit Auto Group,Summit Ford Rivera,Cars.com,internet,152,9,5,4,28042,2852
2024-07,Summit Auto Group,Summit Ford Rivera,cargurus.com,internet,217,13,7,6,32245,3496
2024-07,Summit Auto Group,Summit Ford Rivera,Website,internet,364,43,24,19,138113,
2024-07,Summit Auto Group,Summit Ford Rivera,Lease Retention,campaign,67,16,12,4,24847,
2024-07,Summit Auto Group,Summit Ford Rivera,Service Conquest,service,62,12,9,3,24433,
2024-07,Summit Auto Group,Summit Ford Rivera,Direct Mail Q1,campaign,109,9,6,3,18880,5980
2024-07,Summit Auto Group,Summit Ford Rivera,Showroom,showroom,82,19,14,5,69168,
2024-07,Summit Auto Group,Summit Ford Rivera,Inbound Phone,phone,117,27,19,8,89345,
2024-07,Summit Auto Group,Summit Ford Rivera,Live Chat,chat,87,8,4,4,20758,828
2024-07,Summit Auto Group,Summit Ford Rivera,Facebook,internet,80,3,2,1,7346,1288
2024-07,Summit Auto Group,Summit Ford Rivera,TrueCar,internet,112,4,2,2,11306,2392
2024-07,Summit Auto Group,Summit Ford Rivera,Radio,campaign,3,0,0,0,0,368
2024-07,Summit Auto Group,Summit Honda Westland,auto trader,internet,295,23,13,10,76464,3612
2024-07,Summit Auto Group,Summit Honda Westland,Cars.com,internet,169,16,9,7,55306,2666
2024-07,Summit Auto Group,Summit Honda Westland,CarGurus,internet,217,11,6,5,34783,3268
2024-07,Summit Auto Group,Summit Honda Westland,Dealer Website,internet,385,43,24,19,136342,
2024-07,Summit Auto Group,Summit Honda Westland,Lease Return,campaign,60,15,11,4,21981,
2024-07,Summit Auto Group,Summit Honda Westland,Svc Conquest,service,48,11,8,3,22897,
2024-07,Summit Auto Group,Summit Honda Westland,Direct Mail Q1,campaign,120,8,6,2,17896,5590
2024-07,Summit Auto Group,Summit Honda Westland,Walk In,showroom,78,24,17,7,78917,
2024-07,Summit Auto Group,Summit Honda Westland,Inbound Calls,phone,110,24,17,7,68121,
2024-07,Summit Auto Group,Summit Honda Westland,Website Chat,chat,78,4,2,2,9960,774
2024-07,Summit Auto Group,Summit Honda Westland,Facebook,internet,90,6,3,3,11527,1204
2024-07,Summit Auto Group,Summit Honda Westland,True Car,internet,86,7,4,3,18643,2236
2024-07,Summit Auto Group,Summit Honda Westland,Radio Spot,campaign,2,0,0,0,0,344
2024-07,Summit Auto Group,Summit Hyundai Oakhurst,ATC,internet,165,10,6,4,28075,2436
2024-07,Summit Auto Group,Summit Hyundai Oakhurst,Cars .com,internet,124,9,5,4,24246,1797
2024-07,Summit Auto Group,Summit Hyundai Oakhurst,CarGurus,internet,119,7,4,3,21538,2204
2024-07,Summit Auto Group,Summit Hyundai Oakhurst,Website,internet,225,23,13,10,74632,
2024-07,Summit Auto Group,Summit Hyundai Oakhurst,Lease Return,campaign,46,18,13,5,30066,
2024-07,Summit Auto Group,Summit Hyundai Oakhurst,Svc Conquest,service,39,8,6,2,14666,
2024-07,Summit Auto Group,Summit Hyundai Oakhurst,Direct Mail Q1,campaign,72,3,2,1,8426,3769
2024-07,Summit Auto Group,Summit Hyundai Oakhurst,Showroom,showroom,61,18,13,5,70305,
2024-07,Summit Auto Group,Summit Hyundai Oakhurst,Inbound Calls,phone,84,15,11,4,50420,
2024-07,Summit Auto Group,Summit Hyundai Oakhurst,Live Chat,chat,54,4,2,2,10376,522
2024-07,Summit Auto Group,Summit Hyundai Oakhurst,Facebook,internet,42,1,1,0,2414,812
2024-07,Summit Auto Group,Summit Hyundai Oakhurst,True Car,internet,67,5,3,2,11064,1508
2024-07,Summit Auto Group,Summit Hyundai Oakhurst,Radio,campaign,2,0,0,0,0,231
2024-07,Summit Auto Group,Summit Jeep Ram Clearwater,AutoTrader.com,internet,210,12,7,5,37291,2982
2024-07,Summit Auto Group,Summit Jeep Ram Clearwater,Cars .com,internet,118,14,8,6,45912,2201
2024-07,Summit Auto Group,Summit Jeep Ram Clearwater,Car Gurus,internet,149,16,9,7,41771,2698
2024-07,Summit Auto Group,Summit Jeep Ram Clearwater,Website,internet,316,40,22,18,140410,
2024-07,Summit Auto Group,Summit Jeep Ram Clearwater,Lease Return,campaign,54,18,13,5,35167,
2024-07,Summit Auto Group,Summit Jeep Ram Clearwater,Svc Conquest,service,40,9,6,3,21230,
2024-07,Summit Auto Group,Summit Jeep Ram Clearwater,Direct Mail,campaign,99,7,5,2,17112,4615
2024-07,Summit Auto Group,Summit Jeep Ram Clearwater,Walk In,showroom,77,24,17,7,95446,
2024-07,Summit Auto Group,Summit Jeep Ram Clearwater,Inbound Calls,phone,94,23,17,6,82622,
2024-07,Summit Auto Group,Summit Jeep Ram Clearwater,Live Chat,chat,66,2,1,1,5464,639
2024-07,Summit Auto Group,Summit Jeep Ram Clearwater,Facebook,internet,72,3,2,1,7352,994
2024-07,Summit Auto Group,Summit Jeep Ram Clearwater,True Car,internet,68,5,3,2,13532,1846
2024-07,Summit Auto Group,Summit Jeep Ram Clearwater,Radio,campaign,2,0,0,0,0,284
2024-07,Summit Auto Group,Summit Kia Brookfield,AutoTrader.com,internet,179,11,6,5,27551,2310
2024-07,Summit Auto Group,Summit Kia Brookfield,CARS,internet,115,2,1,1,6574,1705
2024-07,Summit Auto Group,Summit Kia Brookfield,Car Gurus,internet,138,9,5,4,28171,2090
2024-07,Summit Auto Group,Summit Kia Brookfield,OEM Website,internet,258,29,16,13,95030,
2024-07,Summit Auto Group,Summit Kia Brookfield,Lease Return,campaign,43,8,6,2,14339,
2024-07,Summit Auto Group,Summit Kia Brookfield,Service Conquest,service,27,5,4,1,10042,
2024-07,Summit Auto Group,Summit Kia Brookfield,Direct Mail Q1,campaign,74,6,4,2,12643,3575
2024-07,Summit Auto Group,Summit Kia Brookfield,Showroom,showroom,47,17,12,5,52497,
2024-07,Summit Auto Group,Summit Kia Brookfield,Inbound Calls,phone,78,16,12,4,43671,
2024-07,Summit Auto Group,Summit Kia Brookfield,Live Chat,chat,51,3,2,1,7399,495
2024-07,Summit Auto Group,Summit Kia Brookfield,Facebook,internet,49,1,1,0,2424,770
2024-07,Summit Auto Group,Summit Kia Brookfield,True Car,internet,68,6,3,3,13500,1430
2024-07,Summit Auto Group,Summit Kia Brookfield,Radio Spot,campaign,1,0,0,0,0,220
2024-07,Summit Auto Group,Summit Mazda Lakeside,AutoTrader.com,internet,141,3,2,1,8242,1848
2024-07,Summit Auto Group,Summit Mazda Lakeside,Cars.com,internet,88,8,4,4,25384,1364
2024-07,Summit Auto Group,Summit Mazda Lakeside,CarGurus,internet,96,7,4,3,17005,1672
2024-07,Summit Auto Group,Summit Mazda Lakeside,Dealer Website,internet,204,22,12,10,69400,
2024-07,Summit Auto Group,Summit Mazda Lakeside,Lease Return,campaign,31,6,4,2,11548,
2024-07,Summit Auto Group,Summit Mazda Lakeside,Svc Conquest,service,29,8,6,2,18960,
2024-07,Summit Auto Group,Summit Mazda Lakeside,Direct Mail,campaign,63,11,8,3,28680,2860
2024-07,Summit Auto Group,Summit Mazda Lakeside,Walk In,showroom,39,13,9,4,40937,
2024-07,Summit Auto Group,Summit Mazda Lakeside,Phone Up,phone,57,16,12,4,55699,
2024-07,Summit Auto Group,Summit Mazda Lakeside,Website Chat,chat,33,3,2,1,6984,396
2024-07,Summit Auto Group,Summit Mazda Lakeside,Facebook,internet,32,2,1,1,4854,616
2024-07,Summit Auto Group,Summit Mazda Lakeside,True Car,internet,52,5,3,2,12113,1144
2024-07,Summit Auto Group,Summit Mazda Lakeside,Radio Spot,campaign,1,0,0,0,0,176
2024-07,Summit Auto Group,Summit Nissan Ridgemont,auto trader,internet,222,15,8,7,44630,2688
2024-07,Summit Auto Group,Summit Nissan Ridgemont,CARS,internet,115,4,2,2,12290,1984
2024-07,Summit Auto Group,Summit Nissan Ridgemont,CarGurus,internet,155,6,3,3,17861,2432
2024-07,Summit Auto Group,Summit Nissan Ridgemont,Dealer Website,internet,246,25,14,11,95631,
2024-07,Summit Auto Group,Summit Nissan Ridgemont,Lease Retention,campaign,38,11,8,3,16598,
2024-07,Summit Auto Group,Summit Nissan Ridgemont,Svc Conquest,service,43,9,6,3,18532,
2024-07,Summit Auto Group,Summit Nissan Ridgemont,Direct Mail Q1,campaign,84,10,7,3,27285,4160
2024-07,Summit Auto Group,Summit Nissan Ridgemont,Walk-In,showroom,62,25,18,7,76879,
2024-07,Summit Auto Group,Summit Nissan Ridgemont,Inbound Calls,phone,98,16,12,4,46641,
2024-07,Summit Auto Group,Summit Nissan Ridgemont,Live Chat,chat,58,4,2,2,11932,576
2024-07,Summit Auto Group,Summit Nissan Ridgemont,Facebook,internet,52,0,0,0,0,896
2024-07,Summit Auto Group,Summit Nissan Ridgemont,TrueCar,internet,80,9,5,4,22140,1664
2024-07,Summit Auto Group,Summit Nissan Ridgemont,Radio,campaign,2,0,0,0,0,256
2024-07,Summit Auto Group,Summit Subaru Northgate,Autotrader,internet,178,13,7,6,35407,2058
2024-07,Summit Auto Group,Summit Subaru Northgate,CARS,internet,96,7,4,3,20617,1519
2024-07,Summit Auto Group,Summit Subaru Northgate,CarGurus,internet,107,13,7,6,33267,1862
2024-07,Summit Auto Group,Summit Subaru Northgate,OEM Website,internet,221,21,12,9,72508,
2024-07,Summit Auto Group,Summit Subaru Northgate,Lease Return,campaign,29,8,6,2,12150,
2024-07,Summit Auto Group,Summit Subaru Northgate,Svc Conquest,service,27,8,6,2,17366,
2024-07,Summit Auto Group,Summit Subaru Northgate,Direct Mail Q1,campaign,69,6,4,2,14565,3185
2024-07,Summit Auto Group,Summit Subaru Northgate,Walk-In,showroom,52,11,8,3,37180,
2024-07,Summit Auto Group,Summit Subaru Northgate,Phone Up,phone,62,15,11,4,41538,
2024-07,Summit Auto Group,Summit Subaru Northgate,Website Chat,chat,44,4,2,2,10719,441
2024-07,Summit Auto Group,Summit Subaru Northgate,Facebook Marketplace,internet,44,1,1,0,2483,686
2024-07,Summit Auto Group,Summit Subaru Northgate,True Car,internet,51,2,1,1,5726,1274
2024-07,Summit Auto Group,Summit Subaru Northgate,Radio,campaign,1,0,0,0,0,196
2024-07,Summit Auto Group,Summit Toyota of Fairview,auto trader,internet,302,29,16,13,78237,4200
2024-07,Summit Auto Group,Summit Toyota of Fairview,CARS,internet,188,13,7,6,36506,3100
2024-07,Summit Auto Group,Summit Toyota of Fairview,Car Gurus,internet,203,12,7,5,36796,3800
2024-07,Summit Auto Group,Summit Toyota of Fairview,Dealer Website,internet,450,65,36,29,204356,
2024-07,Summit Auto Group,Summit Toyota of Fairview,Lease Retention,campaign,74,16,12,4,24311,
2024-07,Summit Auto Group,Summit Toyota of Fairview,Svc Conquest,service,54,11,8,3,21572,
2024-07,Summit Auto Group,Summit Toyota of Fairview,Direct Mail Q1,campaign,115,8,6,2,19096,6500
2024-07,Summit Auto Group,Summit Toyota of Fairview,Showroom,showroom,98,27,19,8,103318,
2024-07,Summit Auto Group,Summit Toyota of Fairview,Inbound Calls,phone,141,25,18,7,72523,
2024-07,Summit Auto Group,Summit Toyota of Fairview,Chat,chat,83,5,3,2,14458,900
2024-07,Summit Auto Group,Summit Toyota of Fairview,FB Marketplace,internet,106,6,3,3,12150,1400
2024-07,Summit Auto Group,Summit Toyota of Fairview,True Car,internet,112,5,3,2,11626,2600
2024-07,Summit Auto Group,Summit Toyota of Fairview,Radio Spot,campaign,2,0,0,0,0,400
2024-07,Summit Auto Group,Summit Volkswagen Eastdale,auto trader,internet,113,4,2,2,11588,1680
2024-07,Summit Auto Group,Summit Volkswagen Eastdale,Cars .com,internet,67,6,3,3,17985,1240
2024-07,Summit Auto Group,Summit Volkswagen Eastdale,Car Gurus,internet,81,2,1,1,6310,1520
2024-07,Summit Auto Group,Summit Volkswagen Eastdale,Dealer Website,internet,167,18,10,8,54432,
2024-07,Summit Auto Group,Summit Volkswagen Eastdale,Lease Retention,campaign,29,5,4,1,7991,
2024-07,Summit Auto Group,Summit Volkswagen Eastdale,Service Conquest,service,26,6,4,2,11132,
2024-07,Summit Auto Group,Summit Volkswagen Eastdale,Direct Mail Q1,campaign,53,2,1,1,5047,2600
2024-07,Summit Auto Group,Summit Volkswagen Eastdale,Walk-In,showroom,37,7,5,2,22171,
2024-07,Summit Auto Group,Summit Volkswagen Eastdale,Phone Up,phone,53,17,12,5,55286,
2024-07,Summit Auto Group,Summit Volkswagen Eastdale,Chat,chat,32,1,1,0,2597,360
2024-07,Summit Auto Group,Summit Volkswagen Eastdale,Facebook,internet,40,1,1,0,2376,560
2024-07,Summit Auto Group,Summit Volkswagen Eastdale,True Car,internet,37,4,2,2,10502,1040
2024-07,Summit Auto Group,Summit Volkswagen Eastdale,Radio Spot,campaign,1,0,0,0,0,160
2024-08,Harbor Motor Group,Harbor BMW,auto trader,internet,219,10,6,4,50864,3276
2024-08,Harbor Motor Group,Harbor BMW,Cars.com,internet,164,15,8,7,64171,2418
2024-08,Harbor Motor Group,Harbor BMW,Car Gurus,internet,198,17,9,8,83060,2964
2024-08,Harbor Motor Group,Harbor BMW,Dealer Website,internet,353,37,20,17,197492,
2024-08,Harbor Motor Group,Harbor BMW,Lease Retention,campaign,49,14,10,4,42812,
2024-08,Harbor Motor Group,Harbor BMW,Svc Conquest,service,52,13,9,4,48757,
2024-08,Harbor Motor Group,Harbor BMW,Direct Mail Q1,campaign,112,8,6,2,35728,5070
2024-08,Harbor Motor Group,Harbor BMW,Walk In,showroom,63,20,14,6,128867,
2024-08,Harbor Motor Group,Harbor BMW,Phone Up,phone,120,24,17,7,107042,
2024-08,Harbor Motor Group,Harbor BMW,Website Chat,chat,65,6,3,3,22141,702
2024-08,Harbor Motor Group,Harbor BMW,Facebook Marketplace,internet,62,4,2,2,13424,1092
2024-08,Harbor Motor Group,Harbor BMW,True Car,internet,89,8,4,4,35241,2028
2024-08,Harbor Motor Group,Harbor BMW,Radio Spot,campaign,2,0,0,0,0,312
2024-08,Harbor Motor Group,Harbor Chevrolet Marina,auto trader,internet,196,17,9,8,43469,2940
2024-08,Harbor Motor Group,Harbor Chevrolet Marina,Cars.com,internet,115,13,7,6,44063,2170
2024-08,Harbor Motor Group,Harbor Chevrolet Marina,Car Gurus,internet,153,12,7,5,30704,2660
2024-08,Harbor Motor Group,Harbor Chevrolet Marina,OEM Website,internet,312,34,19,15,125951,
2024-08,Harbor Motor Group,Harbor Chevrolet Marina,Lease Retention,campaign,45,14,10,4,25810,
2024-08,Harbor Motor Group,Harbor Chevrolet Marina,Service Conquest,service,41,10,7,3,22819,
2024-08,Harbor Motor Group,Harbor Chevrolet Marina,Direct Mail Q1,campaign,95,6,4,2,14313,4550
2024-08,Harbor Motor Group,Harbor Chevrolet Marina,Walk-In,showroom,61,22,16,6,78674,
2024-08,Harbor Motor Group,Harbor Chevrolet Marina,Inbound Calls,phone,107,15,11,4,41998,
2024-08,Harbor Motor Group,Harbor Chevrolet Marina,Live Chat,chat,56,3,2,1,7380,630
2024-08,Harbor Motor Group,Harbor Chevrolet Marina,FB Marketplace,internet,71,2,1,1,4417,979
2024-08,Harbor Motor Group,Harbor Chevrolet Marina,True Car,internet,76,3,2,1,8320,1819
2024-08,Harbor Motor Group,Harbor Chevrolet Marina,Radio Spot,campaign,2,2,1,1,4715,280
2024-08,Harbor Motor Group,Harbor Ford Portside,auto trader,internet,289,23,13,10,72751,3696
2024-08,Harbor Motor Group,Harbor Ford Portside,Cars .com,internet,172,17,9,8,57443,2728
2024-08,Harbor Motor Group,Harbor Ford Portside,CarGurus,internet,199,14,8,6,34779,3344
2024-08,Harbor Motor Group,Harbor Ford Portside,OEM Website,internet,398,46,25,21,162079,
2024-08,Harbor Motor Group,Harbor Ford Portside,Lease Return,campaign,67,20,14,6,35919,
2024-08,Harbor Motor Group,Harbor Ford Portside,Svc Conquest,service,53,9,6,3,21508,
2024-08,Harbor Motor Group,Harbor Ford Portside,Direct Mail,campaign,102,8,6,2,19259,5720
2024-08,Harbor Motor Group,Harbor Ford Portside,Showroom,showroom,84,28,20,8,115449,
2024-08,Harbor Motor Group,Harbor Ford Portside,Inbound Calls,phone,108,19,14,5,53671,
2024-08,Harbor Motor Group,Harbor Ford Portside,Live Chat,chat,67,4,2,2,11429,792
2024-08,Harbor Motor Group,Harbor Ford Portside,Facebook Marketplace,internet,83,8,4,4,16227,1232
2024-08,Harbor Motor Group,Harbor Ford Portside,TrueCar,internet,90,3,2,1,6715,2288
2024-08,Harbor Motor Group,Harbor Ford Portside,Radio Spot,campaign,3,1,1,0,2042,352
2024-08,Harbor Motor Group,Harbor Honda Seaside,ATC,internet,247,13,7,6,37756,3360
2024-08,Harbor Motor Group,Harbor Honda Seaside,Cars .com,internet,156,13,7,6,34414,2480
2024-08,Harbor Motor Group,Harbor Honda Seaside,CarGurus,internet,186,16,9,7,38182,3040
2024-08,Harbor Motor Group,Harbor Honda Seaside,Dealer Website,internet,306,45,25,20,131497,
2024-08,Harbor Motor Group,Harbor Honda Seaside,Lease Retention,campaign,51,13,9,4,22139,
2024-08,Harbor Motor Group,Harbor Honda Seaside,Svc Conquest,service,50,11,8,3,23373,
2024-08,Harbor Motor Group,Harbor Honda Seaside,Direct Mail Q1,campaign,104,11,8,3,23483,5200
2024-08,Harbor Motor Group,Harbor Honda Seaside,Showroom,showroom,84,26,19,7,104085,
2024-08,Harbor Motor Group,Harbor Honda Seaside,Phone Up,phone,105,20,14,6,55216,
2024-08,Harbor Motor Group,Harbor Honda Seaside,Live Chat,chat,73,6,3,3,17684,720
2024-08,Harbor Motor Group,Harbor Honda Seaside,Facebook,internet,63,2,1,1,4912,1120
2024-08,Harbor Motor Group,Harbor Honda Seaside,TrueCar,internet,91,3,2,1,6605,2080
2024-08,Harbor Motor Group,Harbor Honda Seaside,Radio,campaign,2,1,1,0,2402,320
2024-08,Harbor Motor Group,Harbor Jeep Ram Anchor,AutoTrader.com,internet,217,13,7,6,42829,2772
2024-08,Harbor Motor Group,Harbor Jeep Ram Anchor,Cars .com,internet,110,10,6,4,28448,2046
2024-08,Harbor Motor Group,Harbor Jeep Ram Anchor,cargurus.com,internet,166,10,6,4,29958,2508
2024-08,Harbor Motor Group,Harbor Jeep Ram Anchor,OEM Website,internet,243,23,13,10,86643,
2024-08,Harbor Motor Group,Harbor Jeep Ram Anchor,Lease Retention,campaign,38,12,9,3,22454,
2024-08,Harbor Motor Group,Harbor Jeep Ram Anchor,Svc Conquest,service,38,4,3,1,7299,
2024-08,Harbor Motor Group,Harbor Jeep Ram Anchor,Direct Mail,campaign,77,10,7,3,23637,4290
2024-08,Harbor Motor Group,Harbor Jeep Ram Anchor,Walk-In,showroom,62,21,15,6,84591,
2024-08,Harbor Motor Group,Harbor Jeep Ram Anchor,Phone Up,phone,96,13,9,4,46387,
2024-08,Harbor Motor Group,Harbor Jeep Ram Anchor,Chat,chat,64,5,3,2,12201,594
2024-08,Harbor Motor Group,Harbor Jeep Ram Anchor,Facebook,internet,49,2,1,1,3818,924
2024-08,Harbor Motor Group,Harbor Jeep Ram Anchor,TrueCar,internet,66,0,0,0,0,1716
2024-08,Harbor Motor Group,Harbor Jeep Ram Anchor,Radio Spot,campaign,1,0,0,0,0,264
2024-08,Harbor Motor Group,Harbor Kia Lighthouse,ATC,internet,148,13,7,6,42319,2184
2024-08,Harbor Motor Group,Harbor Kia Lighthouse,CARS,internet,92,5,3,2,15840,1612
2024-08,Harbor Motor Group,Harbor Kia Lighthouse,CarGurus,internet,136,9,5,4,23330,1976
2024-08,Harbor Motor Group,Harbor Kia Lighthouse,Dealer Website,internet,229,25,14,11,85876,
2024-08,Harbor Motor Group,Harbor Kia Lighthouse,Lease Retention,campaign,36,15,11,4,25620,
2024-08,Harbor Motor Group,Harbor Kia Lighthouse,Svc Conquest,service,31,5,4,1,11003,
2024-08,Harbor Motor Group,Harbor Kia Lighthouse,Direct Mail,campaign,72,1,1,0,2169,3380
2024-08,Harbor Motor Group,Harbor Kia Lighthouse,Walk In,showroom,49,19,14,5,74138,
2024-08,Harbor Motor Group,Harbor Kia Lighthouse,Inbound Calls,phone,74,11,8,3,32506,
2024-08,Harbor Motor Group,Harbor Kia Lighthouse,Website Chat,chat,42,3,2,1,8645,468
2024-08,Harbor Motor Group,Harbor Kia Lighthouse,Facebook,internet,52,3,2,1,5894,728
2024-08,Harbor Motor Group,Harbor Kia Lighthouse,True Car,internet,49,2,1,1,4509,1352
2024-08,Harbor Motor Group,Harbor Kia Lighthouse,Radio Spot,campaign,1,0,0,0,0,208
2024-08,Harbor Motor Group,Harbor Subaru Tidewater,auto trader,internet,132,6,3,3,18997,1974
2024-08,Harbor Motor Group,Harbor Subaru Tidewater,Cars .com,internet,86,8,4,4,21448,1457
2024-08,Harbor Motor Group,Harbor Subaru Tidewater,Car Gurus,internet,96,4,2,2,10817,1786
2024-08,Harbor Motor Group,Harbor Subaru Tidewater,Dealer Website,internet,217,19,10,9,69092,
2024-08,Harbor Motor Group,Harbor Subaru Tidewater,Lease Return,campaign,28,3,2,1,5242,
2024-08,Harbor Motor Group,Harbor Subaru Tidewater,Service Conquest,service,29,3,2,1,6746,
2024-08,Harbor Motor Group,Harbor Subaru Tidewater,Direct Mail Q1,campaign,57,4,3,1,8454,3055
2024-08,Harbor Motor Group,Harbor Subaru Tidewater,Showroom,showroom,44,17,12,5,62056,
2024-08,Harbor Motor Group,Harbor Subaru Tidewater,Phone Up,phone,68,14,10,4,39258,
2024-08,Harbor Motor Group,Harbor Subaru Tidewater,Website Chat,chat,41,2,1,1,4868,423
2024-08,Harbor Motor Group,Harbor Subaru Tidewater,FB Marketplace,internet,43,2,1,1,4316,658
2024-08,Harbor Motor Group,Harbor Subaru Tidewater,True Car,internet,49,1,1,0,2473,1222
2024-08,Harbor Motor Group,Harbor Subaru Tidewater,Radio Spot,campaign,1,0,0,0,0,188
2024-08,Harbor Motor Group,Harbor Toyota Bayview,Autotrader,internet,315,17,9,8,50074,3990
2024-08,Harbor Motor Group,Harbor Toyota Bayview,Cars .com,internet,156,10,6,4,29640,2945
2024-08,Harbor Motor Group,Harbor Toyota Bayview,cargurus.com,internet,218,13,7,6,34414,3610
2024-08,Harbor Motor Group,Harbor Toyota Bayview,OEM Website,internet,387,44,24,20,149174,
2024-08,Harbor Motor Group,Harbor Toyota Bayview,Lease Return,campaign,63,17,12,5,32928,
2024-08,Harbor Motor Group,Harbor Toyota Bayview,Svc Conquest,service,58,15,11,4,29000,
2024-08,Harbor Motor Group,Harbor Toyota Bayview,Direct Mail,campaign,127,10,7,3,24304,6175
2024-08,Harbor Motor Group,Harbor Toyota Bayview,Walk In,showroom,91,32,23,9,102782,
2024-08,Harbor Motor Group,Harbor Toyota Bayview,Inbound Phone,phone,150,31,22,9,107578,
2024-08,Harbor Motor Group,Harbor Toyota Bayview,Website Chat,chat,73,7,4,3,17543,855
2024-08,Harbor Motor Group,Harbor Toyota Bayview,Facebook Marketplace,internet,78,3,2,1,6127,1330
2024-08,Harbor Motor Group,Harbor Toyota Bayview,True Car,internet,89,6,3,3,15062,2470
2024-08,Harbor Motor Group,Harbor Toyota Bayview,Radio Spot,campaign,2,0,0,0,0,380
2024-08,Summit Auto Group,Summit BMW,Autotrader,internet,244,16,9,7,74388,3486
2024-08,Summit Auto Group,Summit BMW,Cars .com,internet,181,17,9,8,94400,2573
2024-08,Summit Auto Group,Summit BMW,cargurus.com,internet,184,16,9,7,71957,3154
2024-08,Summit Auto Group,Summit BMW,Dealer Website,internet,374,48,26,22,259116,
2024-08,Summit Auto Group,Summit BMW,Lease Return,campaign,52,20,14,6,50607,
2024-08,Summit Auto Group,Summit BMW,Service Conquest,service,42,13,9,4,42225,
2024-08,Summit Auto Group,Summit BMW,Direct Mail,campaign,116,12,9,3,42002,5395
2024-08,Summit Auto Group,Summit BMW,Walk-In,showroom,88,35,25,10,227141,
2024-08,Summit Auto Group,Summit BMW,Inbound Phone,phone,108,22,16,6,109847,
2024-08,Summit Auto Group,Summit BMW,Chat,chat,70,5,3,2,22651,747
2024-08,Summit Auto Group,Summit BMW,Facebook,internet,60,4,2,2,13626,1162
2024-08,Summit Auto Group,Summit BMW,TrueCar,internet,83,6,3,3,24408,2158
2024-08,Summit Auto Group,Summit BMW,Radio,campaign,2,0,0,0,0,332
2024-08,Summit Auto Group,Summit Chevrolet Glenpark,ATC,internet,236,12,7,5,32690,3276
2024-08,Summit Auto Group,Summit Chevrolet Glenpark,Cars .com,internet,157,16,9,7,53906,2418
2024-08,Summit Auto Group,Summit Chevrolet Glenpark,cargurus.com,internet,168,6,3,3,16229,2964
2024-08,Summit Auto Group,Summit Chevrolet Glenpark,Dealer Website,internet,367,39,21,18,145846,
2024-08,Summit Auto Group,Summit Chevrolet Glenpark,Lease Return,campaign,53,9,6,3,14390,
2024-08,Summit Auto Group,Summit Chevrolet Glenpark,Svc Conquest,service,50,9,6,3,19154,
2024-08,Summit Auto Group,Summit Chevrolet Glenpark,Direct Mail,campaign,89,13,9,4,31105,5070
2024-08,Summit Auto Group,Summit Chevrolet Glenpark,Walk In,showroom,66,21,15,6,73679,
2024-08,Summit Auto Group,Summit Chevrolet Glenpark,Inbound Phone,phone,120,23,17,6,71918,
2024-08,Summit Auto Group,Summit Chevrolet Glenpark,Chat,chat,64,1,1,0,2472,702
2024-08,Summit Auto Group,Summit Chevrolet Glenpark,FB Marketplace,internet,75,4,2,2,10034,1092
2024-08,Summit Auto Group,Summit Chevrolet Glenpark,TrueCar,internet,73,7,4,3,18892,2028
2024-08,Summit Auto Group,Summit Chevrolet Glenpark,Radio Spot,campaign,2,0,0,0,0,312
2024-08,Summit Auto Group,Summit Ford Rivera,ATC,internet,284,24,13,11,61953,3864
2024-08,Summit Auto Group,Summit Ford Rivera,Cars.com,internet,148,10,6,4,34596,2852
2024-08,Summit Auto Group,Summit Ford Rivera,cargurus.com,internet,224,17,9,8,40266,3496
2024-08,Summit Auto Group,Summit Ford Rivera,Website,internet,333,49,27,22,143053,
2024-08,Summit Auto Group,Summit Ford Rivera,Lease Retention,campaign,60,18,13,5,29569,
2024-08,Summit Auto Group,Summit Ford Rivera,Service Conquest,service,50,13,9,4,29726,
2024-08,Summit Auto Group,Summit Ford Rivera,Direct Mail Q1,campaign,120,11,8,3,28049,5980
2024-08,Summit Auto Group,Summit Ford Rivera,Showroom,showroom,91,24,17,7,81306,
2024-08,Summit Auto Group,Summit Ford Rivera,Inbound Phone,phone,130,24,17,7,72856,
2024-08,Summit Auto Group,Summit Ford Rivera,Live Chat,chat,78,10,6,4,22541,828
2024-08,Summit Auto Group,Summit Ford Rivera,Facebook,internet,74,4,2,2,10039,1288
2024-08,Summit Auto Group,Summit Ford Rivera,TrueCar,internet,103,5,3,2,12577,2392
2024-08,Summit Auto Group,Summit Ford Rivera,Radio,campaign,2,1,1,0,2371,368
2024-08,Summit Auto Group,Summit Honda Westland,auto trader,internet,311,16,9,7,52017,3612
2024-08,Summit Auto Group,Summit Honda Westland,Cars.com,internet,184,22,12,10,67028,2666
2024-08,Summit Auto Group,Summit Honda Westland,CarGurus,internet,179,13,7,6,33231,3268
2024-08,Summit Auto Group,Summit Honda Westland,Dealer Website,internet,322,31,17,14,99587,
2024-08,Summit Auto Group,Summit Honda Westland,Lease Return,campaign,60,21,15,6,40631,
2024-08,Summit Auto Group,Summit Honda Westland,Svc Conquest,service,46,6,4,2,13951,
2024-08,Summit Auto Group,Summit Honda Westland,Direct Mail Q1,campaign,119,7,5,2,18409,5590
2024-08,Summit Auto Group,Summit Honda Westland,Walk In,showroom,69,30,22,8,122290,
2024-08,Summit Auto Group,Summit Honda Westland,Inbound Calls,phone,106,22,16,6,59369,
2024-08,Summit Auto Group,Summit Honda Westland,Website Chat,chat,85,6,3,3,17544,774
2024-08,Summit Auto Group,Summit Honda Westland,Facebook,internet,85,1,1,0,2321,1204
2024-08,Summit Auto Group,Summit Honda Westland,True Car,internet,83,5,3,2,14321,2236
2024-08,Summit Auto Group,Summit Honda Westland,Radio Spot,campaign,3,0,0,0,0,344
2024-08,Summit Auto Group,Summit Hyundai Oakhurst,ATC,internet,206,18,10,8,56606,2436
2024-08,Summit Auto Group,Summit Hyundai Oakhurst,Cars .com,internet,114,12,7,5,35046,1797
2024-08,Summit Auto Group,Summit Hyundai Oakhurst,CarGurus,internet,132,8,4,4,20624,2204
2024-08,Summit Auto Group,Summit Hyundai Oakhurst,Website,internet,215,25,14,11,74316,
2024-08,Summit Auto Group,Summit Hyundai Oakhurst,Lease Return,campaign,38,11,8,3,18069,
2024-08,Summit Auto Group,Summit Hyundai Oakhurst,Svc Conquest,service,32,8,6,2,17552,
2024-08,Summit Auto Group,Summit Hyundai Oakhurst,Direct Mail Q1,campaign,70,5,4,1,12828,3769
2024-08,Summit Auto Group,Summit Hyundai Oakhurst,Showroom,showroom,61,19,14,5,77887,
2024-08,Summit Auto Group,Summit Hyundai Oakhurst,Inbound Calls,phone,87,19,14,5,57827,
2024-08,Summit Auto Group,Summit Hyundai Oakhurst,Live Chat,chat,49,3,2,1,8590,522
2024-08,Summit Auto Group,Summit Hyundai Oakhurst,Facebook,internet,51,2,1,1,4541,812
2024-08,Summit Auto Group,Summit Hyundai Oakhurst,True Car,internet,60,5,3,2,10820,1508
2024-08,Summit Auto Group,Summit Hyundai Oakhurst,Radio,campaign,1,0,0,0,0,231
2024-08,Summit Auto Group,Summit Jeep Ram Clearwater,AutoTrader.com,internet,232,16,9,7,41734,2982
2024-08,Summit Auto Group,Summit Jeep Ram Clearwater,Cars .com,internet,134,8,4,4,23830,2201
2024-08,Summit Auto Group,Summit Jeep Ram Clearwater,Car Gurus,internet,151,7,4,3,21999,2698
2024-08,Summit Auto Group,Summit Jeep Ram Clearwater,Website,internet,267,22,12,10,66881,
2024-08,Summit Auto Group,Summit Jeep Ram Clearwater,Lease Return,campaign,44,11,8,3,16998,
2024-08,Summit Auto Group,Summit Jeep Ram Clearwater,Svc Conquest,service,35,6,4,2,11491,
2024-08,Summit Auto Group,Summit Jeep Ram Clearwater,Direct Mail,campaign,104,10,7,3,21014,4615
2024-08,Summit Auto Group,Summit Jeep Ram Clearwater,Walk In,showroom,72,22,16,6,83636,
2024-08,Summit Auto Group,Summit Jeep Ram Clearwater,Inbound Calls,phone,102,16,12,4,45880,
2024-08,Summit Auto Group,Summit Jeep Ram Clearwater,Live Chat,chat,63,6,3,3,13385,639
2024-08,Summit Auto Group,Summit Jeep Ram Clearwater,Facebook,internet,73,2,1,1,5019,994
2024-08,Summit Auto Group,Summit Jeep Ram Clearwater,True Car,internet,83,2,1,1,4977,1846
2024-08,Summit Auto Group,Summit Jeep Ram Clearwater,Radio,campaign,2,0,0,0,0,284
2024-08,Summit Auto Group,Summit Kia Brookfield,AutoTrader.com,internet,165,16,9,7,43425,2310
2024-08,Summit Auto Group,Summit Kia Brookfield,CARS,internet,102,7,4,3,22132,1705
2024-08,Summit Auto Group,Summit Kia Brookfield,Car Gurus,internet,114,7,4,3,20059,2090
2024-08,Summit Auto Group,Summit Kia Brookfield,OEM Website,internet,215,31,17,14,115446,
2024-08,Summit Auto Group,Summit Kia Brookfield,Lease Return,campaign,41,12,9,3,18476,
2024-08,Summit Auto Group,Summit Kia Brookfield,Service Conquest,service,36,8,6,2,19190,
2024-08,Summit Auto Group,Summit Kia Brookfield,Direct Mail Q1,campaign,61,7,5,2,18933,3575
2024-08,Summit Auto Group,Summit Kia Brookfield,Showroom,showroom,47,19,14,5,71102,
2024-08,Summit Auto Group,Summit Kia Brookfield,Inbound Calls,phone,65,16,12,4,46853,
2024-08,Summit Auto Group,Summit Kia Brookfield,Live Chat,chat,51,4,2,2,10970,495
2024-08,Summit Auto Group,Summit Kia Brookfield,Facebook,internet,51,1,1,0,2041,770
2024-08,Summit Auto Group,Summit Kia Brookfield,True Car,internet,54,3,2,1,8569,1430
2024-08,Summit Auto Group,Summit Kia Brookfield,Radio Spot,campaign,2,0,0,0,0,220
2024-08,Summit Auto Group,Summit Mazda Lakeside,AutoTrader.com,internet,158,15,8,7,40544,1848
2024-08,Summit Auto Group,Summit Mazda Lakeside,Cars.com,internet,92,7,4,3,21075,1364
2024-08,Summit Auto Group,Summit Mazda Lakeside,CarGurus,internet,94,7,4,3,19851,1672
2024-08,Summit Auto Group,Summit Mazda Lakeside,Dealer Website,internet,189,18,10,8,54446,
2024-08,Summit Auto Group,Summit Mazda Lakeside,Lease Return,campaign,33,14,10,4,26015,
2024-08,Summit Auto Group,Summit Mazda Lakeside,Svc Conquest,service,26,7,5,2,13572,
2024-08,Summit Auto Group,Summit Mazda Lakeside,Direct Mail,campaign,65,7,5,2,19534,2860
2024-08,Summit Auto Group,Summit Mazda Lakeside,Walk In,showroom,46,13,9,4,48697,
2024-08,Summit Auto Group,Summit Mazda Lakeside,Phone Up,phone,69,12,9,3,35374,
2024-08,Summit Auto Group,Summit Mazda Lakeside,Website Chat,chat,38,2,1,1,4770,396
2024-08,Summit Auto Group,Summit Mazda Lakeside,Facebook,internet,33,1,1,0,2038,616
2024-08,Summit Auto Group,Summit Mazda Lakeside,True Car,internet,40,2,1,1,4674,1144
2024-08,Summit Auto Group,Summit Mazda Lakeside,Radio Spot,campaign,1,0,0,0,0,176
2024-08,Summit Auto Group,Summit Nissan Ridgemont,auto trader,internet,223,21,12,9,57859,2688
2024-08,Summit Auto Group,Summit Nissan Ridgemont,CARS,internet,135,10,6,4,27360,1984
2024-08,Summit Auto Group,Summit Nissan Ridgemont,CarGurus,internet,159,6,3,3,14399,2432
2024-08,Summit Auto Group,Summit Nissan Ridgemont,Dealer Website,internet,231,27,15,12,96025,
2024-08,Summit Auto Group,Summit Nissan Ridgemont,Lease Retention,campaign,38,6,4,2,9662,
2024-08,Summit Auto Group,Summit Nissan Ridgemont,Svc Conquest,service,39,8,6,2,17774,
2024-08,Summit Auto Group,Summit Nissan Ridgemont,Direct Mail Q1,campaign,76,9,6,3,19711,4160
2024-08,Summit Auto Group,Summit Nissan Ridgemont,Walk-In,showroom,56,19,14,5,67633,
2024-08,Summit Auto Group,Summit Nissan Ridgemont,Inbound Calls,phone,100,19,14,5,55258,
2024-08,Summit Auto Group,Summit Nissan Ridgemont,Live Chat,chat,61,4,2,2,9045,576
2024-08,Summit Auto Group,Summit Nissan Ridgemont,Facebook,internet,60,2,1,1,3804,896
2024-08,Summit Auto Group,Summit Nissan Ridgemont,TrueCar,internet,70,2,1,1,4571,1664
2024-08,Summit Auto Group,Summit Nissan Ridgemont,Radio,campaign,2,0,0,0,0,256
2024-08,Summit Auto Group,Summit Subaru Northgate,Autotrader,internet,165,3,2,1,8588,2058
2024-08,Summit Auto Group,Summit Subaru Northgate,CARS,internet,95,11,6,5,35571,1519
2024-08,Summit Auto Group,Summit Subaru Northgate,CarGurus,internet,103,8,4,4,20865,1862
2024-08,Summit Auto Group,Summit Subaru Northgate,OEM Website,internet,201,21,12,9,74866,
2024-08,Summit Auto Group,Summit Subaru Northgate,Lease Return,campaign,28,7,5,2,11165,
2024-08,Summit Auto Group,Summit Subaru Northgate,Svc Conquest,service,25,6,4,2,13661,
2024-08,Summit Auto Group,Summit Subaru Northgate,Direct Mail Q1,campaign,53,6,4,2,16856,3185
2024-08,Summit Auto Group,Summit Subaru Northgate,Walk-In,showroom,44,12,9,3,42828,
2024-08,Summit Auto Group,Summit Subaru Northgate,Phone Up,phone,76,18,13,5,62511,
2024-08,Summit Auto Group,Summit Subaru Northgate,Website Chat,chat,42,3,2,1,7315,441
2024-08,Summit Auto Group,Summit Subaru Northgate,Facebook Marketplace,internet,38,3,2,1,6726,686
2024-08,Summit Auto Group,Summit Subaru Northgate,True Car,internet,50,4,2,2,8886,1274
2024-08,Summit Auto Group,Summit Subaru Northgate,Radio,campaign,1,0,0,0,0,196
2024-08,Summit Auto Group,Summit Toyota of Fairview,auto trader,internet,365,23,13,10,62800,4200
2024-08,Summit Auto Group,Summit Toyota of Fairview,CARS,internet,206,18,10,8,47350,3100
2024-08,Summit Auto Group,Summit Toyota of Fairview,Car Gurus,internet,253,18,10,8,56097,3800
2024-08,Summit Auto Group,Summit Toyota of Fairview,Dealer Website,internet,388,53,29,24,201353,
2024-08,Summit Auto Group,Summit Toyota of Fairview,Lease Retention,campaign,65,19,14,5,31757,
2024-08,Summit Auto Group,Summit Toyota of Fairview,Svc Conquest,service,62,8,6,2,16992,
2024-08,Summit Auto Group,Summit Toyota of Fairview,Direct Mail Q1,campaign,126,13,9,4,27842,6500
2024-08,Summit Auto Group,Summit Toyota of Fairview,Showroom,showroom,102,34,24,10,130884,
2024-08,Summit Auto Group,Summit Toyota of Fairview,Inbound Calls,phone,154,28,20,8,88053,
2024-08,Summit Auto Group,Summit Toyota of Fairview,Chat,chat,80,4,2,2,10632,900
2024-08,Summit Auto Group,Summit Toyota of Fairview,FB Marketplace,internet,98,3,2,1,6257,1400
2024-08,Summit Auto Group,Summit Toyota of Fairview,True Car,internet,93,8,4,4,22477,2600
2024-08,Summit Auto Group,Summit Toyota of Fairview,Radio Spot,campaign,2,1,1,0,2272,400
2024-08,Summit Auto Group,Summit Volkswagen Eastdale,auto trader,internet,121,11,6,5,36197,1680
2024-08,Summit Auto Group,Summit Volkswagen Eastdale,Cars .com,internet,71,5,3,2,14997,1240
2024-08,Summit Auto Group,Summit Volkswagen Eastdale,Car Gurus,internet,80,4,2,2,10540,1520
2024-08,Summit Auto Group,Summit Volkswagen Eastdale,Dealer Website,internet,177,20,11,9,62832,
2024-08,Summit Auto Group,Summit Volkswagen Eastdale,Lease Retention,campaign,27,10,7,3,19269,
2024-08,Summit Auto Group,Summit Volkswagen Eastdale,Service Conquest,service,20,2,1,1,4115,
2024-08,Summit Auto Group,Summit Volkswagen Eastdale,Direct Mail Q1,campaign,56,9,6,3,24942,2600
2024-08,Summit Auto Group,Summit Volkswagen Eastdale,Walk-In,showroom,42,15,11,4,50397,
2024-08,Summit Auto Group,Summit Volkswagen Eastdale,Phone Up,phone,52,11,8,3,39336,
2024-08,Summit Auto Group,Summit Volkswagen Eastdale,Chat,chat,34,5,3,2,12622,360
2024-08,Summit Auto Group,Summit Volkswagen Eastdale,Facebook,internet,36,3,2,1,5755,560
2024-08,Summit Auto Group,Summit Volkswagen Eastdale,True Car,internet,46,3,2,1,7946,1040
2024-08,Summit Auto Group,Summit Volkswagen Eastdale,Radio Spot,campaign,1,0,0,0,0,160
2024-09,Harbor Motor Group,Harbor BMW,auto trader,internet,249,21,12,9,110077,3276
2024-09,Harbor Motor Group,Harbor BMW,Cars.com,internet,137,7,4,3,29881,2418
2024-09,Harbor Motor Group,Harbor BMW,Car Gurus,internet,160,13,7,6,51043,2964
2024-09,Harbor Motor Group,Harbor BMW,Dealer Website,internet,293,40,22,18,228437,
2024-09,Harbor Motor Group,Harbor BMW,Lease Retention,campaign,45,11,8,3,28333,
2024-09,Harbor Motor Group,Harbor BMW,Svc Conquest,service,49,9,6,3,30720,
2024-09,Harbor Motor Group,Harbor BMW,Direct Mail Q1,campaign,112,11,8,3,49429,5070
2024-09,Harbor Motor Group,Harbor BMW,Walk In,showroom,81,26,19,7,163403,
2024-09,Harbor Motor Group,Harbor BMW,Phone Up,phone,93,18,13,5,88027,
2024-09,Harbor Motor Group,Harbor BMW,Website Chat,chat,58,3,2,1,11920,702
2024-09,Harbor Motor Group,Harbor BMW,Facebook Marketplace,internet,78,4,2,2,12147,1092
2024-09,Harbor Motor Group,Harbor BMW,True Car,internet,89,2,1,1,7834,2028
2024-09,Harbor Motor Group,Harbor BMW,Radio Spot,campaign,2,0,0,0,0,312
2024-09,Harbor Motor Group,Harbor Chevrolet Marina,auto trader,internet,216,22,12,10,70703,2940
2024-09,Harbor Motor Group,Harbor Chevrolet Marina,Cars.com,internet,126,14,8,6,41553,2170
2024-09,Harbor Motor Group,Harbor Chevrolet Marina,Car Gurus,internet,167,8,4,4,20906,2660
2024-09,Harbor Motor Group,Harbor Chevrolet Marina,OEM Website,internet,278,33,18,15,118114,
2024-09,Harbor Motor Group,Harbor Chevrolet Marina,Lease Retention,campaign,44,11,8,3,19149,
2024-09,Harbor Motor Group,Harbor Chevrolet Marina,Service Conquest,service,39,8,6,2,17154,
2024-09,Harbor Motor Group,Harbor Chevrolet Marina,Direct Mail Q1,campaign,89,16,12,4,34660,4550
2024-09,Harbor Motor Group,Harbor Chevrolet Marina,Walk-In,showroom,71,25,18,7,83273,
2024-09,Harbor Motor Group,Harbor Chevrolet Marina,Inbound Calls,phone,84,12,9,3,36412,
2024-09,Harbor Motor Group,Harbor Chevrolet Marina,Live Chat,chat,69,2,1,1,5650,630
2024-09,Harbor Motor Group,Harbor Chevrolet Marina,FB Marketplace,internet,66,1,1,0,1945,979
2024-09,Harbor Motor Group,Harbor Chevrolet Marina,True Car,internet,62,6,3,3,15080,1819
2024-09,Harbor Motor Group,Harbor Chevrolet Marina,Radio Spot,campaign,1,0,0,0,0,280
2024-09,Harbor Motor Group,Harbor Ford Portside,auto trader,internet,272,13,7,6,39055,3696
2024-09,Harbor Motor Group,Harbor Ford Portside,Cars .com,internet,150,19,10,9,52843,2728
2024-09,Harbor Motor Group,Harbor Ford Portside,CarGurus,internet,183,12,7,5,28929,3344
2024-09,Harbor Motor Group,Harbor Ford Portside,OEM Website,internet,324,31,17,14,89605,
2024-09,Harbor Motor Group,Harbor Ford Portside,Lease Return,campaign,58,16,12,4,30246,
2024-09,Harbor Motor Group,Harbor Ford Portside,Svc Conquest,service,46,6,4,2,11891,
2024-09,Harbor Motor Group,Harbor Ford Portside,Direct Mail,campaign,95,6,4,2,12758,5720
2024-09,Harbor Motor Group,Harbor Ford Portside,Showroom,showroom,80,27,19,8,96634,
2024-09,Harbor Motor Group,Harbor Ford Portside,Inbound Calls,phone,116,26,19,7,83426,
2024-09,Harbor Motor Group,Harbor Ford Portside,Live Chat,chat,68,7,4,3,18846,792
2024-09,Harbor Motor Group,Harbor Ford Portside,Facebook Marketplace,internet,65,4,2,2,8686,1232
2024-09,Harbor Motor Group,Harbor Ford Portside,TrueCar,internet,84,3,2,1,7378,2288
2024-09,Harbor Motor Group,Harbor Ford Portside,Radio Spot,campaign,2,0,0,0,0,352
2024-09,Harbor Motor Group,Harbor Honda Seaside,ATC,internet,235,15,8,7,38209,3360
2024-09,Harbor Motor Group,Harbor Honda Seaside,Cars .com,internet,149,9,5,4,30634,2480
2024-09,Harbor Motor Group,Harbor Honda Seaside,CarGurus,internet,154,8,4,4,22660,3040
2024-09,Harbor Motor Group,Harbor Honda Seaside,Dealer Website,internet,297,36,20,16,126411,
2024-09,Harbor Motor Group,Harbor Honda Seaside,Lease Retention,campaign,57,17,12,5,25878,
2024-09,Harbor Motor Group,Harbor Honda Seaside,Svc Conquest,service,54,14,10,4,29922,
2024-09,Harbor Motor Group,Harbor Honda Seaside,Direct Mail Q1,campaign,112,8,6,2,20310,5200
2024-09,Harbor Motor Group,Harbor Honda Seaside,Showroom,showroom,83,22,16,6,79200,
2024-09,Harbor Motor Group,Harbor Honda Seaside,Phone Up,phone,113,23,17,6,73878,
2024-09,Harbor Motor Group,Harbor Honda Seaside,Live Chat,chat,72,7,4,3,18480,720
2024-09,Harbor Motor Group,Harbor Honda Seaside,Facebook,internet,71,5,3,2,9486,1120
2024-09,Harbor Motor Group,Harbor Honda Seaside,TrueCar,internet,87,4,2,2,10281,2080
2024-09,Harbor Motor Group,Harbor Honda Seaside,Radio,campaign,2,0,0,0,0,320
2024-09,Harbor Motor Group,Harbor Jeep Ram Anchor,AutoTrader.com,internet,191,11,6,5,35537,2772
2024-09,Harbor Motor Group,Harbor Jeep Ram Anchor,Cars .com,internet,143,8,4,4,22693,2046
2024-09,Harbor Motor Group,Harbor Jeep Ram Anchor,cargurus.com,internet,149,10,6,4,24924,2508
2024-09,Harbor Motor Group,Harbor Jeep Ram Anchor,OEM Website,internet,283,37,20,17,116607,
2024-09,Harbor Motor Group,Harbor Jeep Ram Anchor,Lease Retention,campaign,47,17,12,5,28164,
2024-09,Harbor Motor Group,Harbor Jeep Ram Anchor,Svc Conquest,service,38,6,4,2,12598,
2024-09,Harbor Motor Group,Harbor Jeep Ram Anchor,Direct Mail,campaign,88,9,6,3,25292,4290
2024-09,Harbor Motor Group,Harbor Jeep Ram Anchor,Walk-In,showroom,60,20,14,6,75911,
2024-09,Harbor Motor Group,Harbor Jeep Ram Anchor,Phone Up,phone,102,18,13,5,55853,
2024-09,Harbor Motor Group,Harbor Jeep Ram Anchor,Chat,chat,63,4,2,2,10711,594
2024-09,Harbor Motor Group,Harbor Jeep Ram Anchor,Facebook,internet,57,2,1,1,3840,924
2024-09,Harbor Motor Group,Harbor Jeep Ram Anchor,TrueCar,internet,77,5,3,2,13363,1716
2024-09,Harbor Motor Group,Harbor Jeep Ram Anchor,Radio Spot,campaign,2,1,1,0,2146,264
2024-09,Harbor Motor Group,Harbor Kia Lighthouse,ATC,internet,153,9,5,4,23540,2184
2024-09,Harbor Motor Group,Harbor Kia Lighthouse,CARS,internet,110,15,8,7,44085,1612
2024-09,Harbor Motor Group,Harbor Kia Lighthouse,CarGurus,internet,129,10,6,4,25647,1976
2024-09,Harbor Motor Group,Harbor Kia Lighthouse,Dealer Website,internet,209,21,12,9,64855,
2024-09,Harbor Motor Group,Harbor Kia Lighthouse,Lease Retention,campaign,31,11,8,3,20127,
2024-09,Harbor Motor Group,Harbor Kia Lighthouse,Svc Conquest,service,28,7,5,2,12914,
2024-09,Harbor Motor Group,Harbor Kia Lighthouse,Direct Mail,campaign,68,6,4,2,12913,3380
2024-09,Harbor Motor Group,Harbor Kia Lighthouse,Walk In,showroom,42,13,9,4,48002,
2024-09,Harbor Motor Group,Harbor Kia Lighthouse,Inbound Calls,phone,63,12,9,3,37554,
2024-09,Harbor Motor Group,Harbor Kia Lighthouse,Website Chat,chat,45,8,4,4,20597,468
2024-09,Harbor Motor Group,Harbor Kia Lighthouse,Facebook,internet,39,1,1,0,1904,728
2024-09,Harbor Motor Group,Harbor Kia Lighthouse,True Car,internet,54,4,2,2,11154,1352
2024-09,Harbor Motor Group,Harbor Kia Lighthouse,Radio Spot,campaign,1,0,0,0,0,208
2024-09,Harbor Motor Group,Harbor Subaru Tidewater,auto trader,internet,137,13,7,6,33467,1974
2024-09,Harbor Motor Group,Harbor Subaru Tidewater,Cars .com,internet,82,10,6,4,27026,1457
2024-09,Harbor Motor Group,Harbor Subaru Tidewater,Car Gurus,internet,120,5,3,2,13612,1786
2024-09,Harbor Motor Group,Harbor Subaru Tidewater,Dealer Website,internet,168,16,9,7,57568,
2024-09,Harbor Motor Group,Harbor Subaru Tidewater,Lease Return,campaign,34,9,6,3,14166,
2024-09,Harbor Motor Group,Harbor Subaru Tidewater,Service Conquest,service,28,7,5,2,14288,
2024-09,Harbor Motor Group,Harbor Subaru Tidewater,Direct Mail Q1,campaign,66,4,3,1,8988,3055
2024-09,Harbor Motor Group,Harbor Subaru Tidewater,Showroom,showroom,44,19,14,5,74851,
2024-09,Harbor Motor Group,Harbor Subaru Tidewater,Phone Up,phone,59,15,11,4,45329,
2024-09,Harbor Motor Group,Harbor Subaru Tidewater,Website Chat,chat,46,3,2,1,6797,423
2024-09,Harbor Motor Group,Harbor Subaru Tidewater,FB Marketplace,internet,38,1,1,0,1887,658
2024-09,Harbor Motor Group,Harbor Subaru Tidewater,True Car,internet,50,3,2,1,7363,1222
2024-09,Harbor Motor Group,Harbor Subaru Tidewater,Radio Spot,campaign,1,1,1,0,2015,188
2024-09,Harbor Motor Group,Harbor Toyota Bayview,Autotrader,internet,331,29,16,13,94446,3990
2024-09,Harbor Motor Group,Harbor Toyota Bayview,Cars .com,internet,193,23,13,10,80263,2945
2024-09,Harbor Motor Group,Harbor Toyota Bayview,cargurus.com,internet,213,17,9,8,46022,3610
2024-09,Harbor Motor Group,Harbor Toyota Bayview,OEM Website,internet,408,53,29,24,190341,
2024-09,Harbor Motor Group,Harbor Toyota Bayview,Lease Return,campaign,69,15,11,4,23148,
2024-09,Harbor Motor Group,Harbor Toyota Bayview,Svc Conquest,service,55,12,9,3,23664,
2024-09,Harbor Motor Group,Harbor Toyota Bayview,Direct Mail,campaign,132,8,6,2,20706,6175
2024-09,Harbor Motor Group,Harbor Toyota Bayview,Walk In,showroom,91,28,20,8,95099,
2024-09,Harbor Motor Group,Harbor Toyota Bayview,Inbound Phone,phone,116,16,12,4,53955,
2024-09,Harbor Motor Group,Harbor Toyota Bayview,Website Chat,chat,83,7,4,3,16349,855
2024-09,Harbor Motor Group,Harbor Toyota Bayview,Facebook Marketplace,internet,92,5,3,2,12283,1330
2024-09,Harbor Motor Group,Harbor Toyota Bayview,True Car,internet,88,9,5,4,20417,2470
2024-09,Harbor Motor Group,Harbor Toyota Bayview,Radio Spot,campaign,2,0,0,0,0,380
2024-09,Summit Auto Group,Summit BMW,Autotrader,internet,248,15,8,7,64529,3486
2024-09,Summit Auto Group,Summit BMW,Cars .com,internet,163,12,7,5,64366,2573
2024-09,Summit Auto Group,Summit BMW,cargurus.com,internet,162,13,7,6,59481,3154
2024-09,Summit Auto Group,Summit BMW,Dealer Website,internet,387,46,25,21,247910,
2024-09,Summit Auto Group,Summit BMW,Lease Return,campaign,53,13,9,4,34862,
2024-09,Summit Auto Group,Summit BMW,Service Conquest,service,44,13,9,4,40379,
2024-09,Summit Auto Group,Summit BMW,Direct Mail,campaign,97,7,5,2,28771,5395
2024-09,Summit Auto Group,Summit BMW,Walk-In,showroom,75,27,19,8,174255,
2024-09,Summit Auto Group,Summit BMW,Inbound Phone,phone,102,16,12,4,73765,
2024-09,Summit Auto Group,Summit BMW,Chat,chat,77,7,4,3,25202,747
2024-09,Summit Auto Group,Summit BMW,Facebook,internet,78,4,2,2,16103,1162
2024-09,Summit Auto Group,Summit BMW,TrueCar,internet,75,5,3,2,18438,2158
2024-09,Summit Auto Group,Summit BMW,Radio,campaign,2,0,0,0,0,332
2024-09,Summit Auto Group,Summit Chevrolet Glenpark,ATC,internet,243,23,13,10,69682,3276
2024-09,Summit Auto Group,Summit Chevrolet Glenpark,Cars .com,internet,145,12,7,5,39964,2418
2024-09,Summit Auto Group,Summit Chevrolet Glenpark,cargurus.com,internet,183,7,4,3,17813,2964
2024-09,Summit Auto Group,Summit Chevrolet Glenpark,Dealer Website,internet,307,33,18,15,106552,
2024-09,Summit Auto Group,Summit Chevrolet Glenpark,Lease Return,campaign,48,12,9,3,22803,
2024-09,Summit Auto Group,Summit Chevrolet Glenpark,Svc Conquest,service,39,9,6,3,16508,
2024-09,Summit Auto Group,Summit Chevrolet Glenpark,Direct Mail,campaign,103,13,9,4,34514,5070
2024-09,Summit Auto Group,Summit Chevrolet Glenpark,Walk In,showroom,72,29,21,8,97664,
2024-09,Summit Auto Group,Summit Chevrolet Glenpark,Inbound Phone,phone,116,22,16,6,62573,
2024-09,Summit Auto Group,Summit Chevrolet Glenpark,Chat,chat,59,4,2,2,9385,702
2024-09,Summit Auto Group,Summit Chevrolet Glenpark,FB Marketplace,internet,72,4,2,2,7834,1092
2024-09,Summit Auto Group,Summit Chevrolet Glenpark,TrueCar,internet,83,5,3,2,12953,2028
2024-09,Summit Auto Group,Summit Chevrolet Glenpark,Radio Spot,campaign,2,1,1,0,2581,312
2024-09,Summit Auto Group,Summit Ford Rivera,ATC,internet,337,27,15,12,75968,3864
2024-09,Summit Auto Group,Summit Ford Rivera,Cars.com,internet,190,20,11,9,61755,2852
2024-09,Summit Auto Group,Summit Ford Rivera,cargurus.com,internet,232,19,10,9,49085,3496
2024-09,Summit Auto Group,Summit Ford Rivera,Website,internet,333,35,19,16,115827,
2024-09,Summit Auto Group,Summit Ford Rivera,Lease Retention,campaign,54,9,6,3,13134,
2024-09,Summit Auto Group,Summit Ford Rivera,Service Conquest,service,60,10,7,3,19201,
2024-09,Summit Auto Group,Summit Ford Rivera,Direct Mail Q1,campaign,108,15,11,4,38303,5980
2024-09,Summit Auto Group,Summit Ford Rivera,Showroom,showroom,81,29,21,8,93172,
2024-09,Summit Auto Group,Summit Ford Rivera,Inbound Phone,phone,140,23,17,6,67160,
2024-09,Summit Auto Group,Summit Ford Rivera,Live Chat,chat,74,7,4,3,19360,828
2024-09,Summit Auto Group,Summit Ford Rivera,Facebook,internet,66,3,2,1,6468,1288
2024-09,Summit Auto Group,Summit Ford Rivera,TrueCar,internet,105,8,4,4,17670,2392
2024-09,Summit Auto Group,Summit Ford Rivera,Radio,campaign,3,0,0,0,0,368
2024-09,Summit Auto Group,Summit Honda Westland,auto trader,internet,238,15,8,7,40956,3612
2024-09,Summit Auto Group,Summit Honda Westland,Cars.com,internet,175,10,6,4,31765,2666
2024-09,Summit Auto Group,Summit Honda Westland,CarGurus,internet,177,5,3,2,11960,3268
2024-09,Summit Auto Group,Summit Honda Westland,Dealer Website,internet,373,33,18,15,104923,
2024-09,Summit Auto Group,Summit Honda Westland,Lease Return,campaign,51,13,9,4,21406,
2024-09,Summit Auto Group,Summit Honda Westland,Svc Conquest,service,56,12,9,3,28651,
2024-09,Summit Auto Group,Summit Honda Westland,Direct Mail Q1,campaign,108,5,4,1,12086,5590
2024-09,Summit Auto Group,Summit Honda Westland,Walk In,showroom,83,28,20,8,103992,
2024-09,Summit Auto Group,Summit Honda Westland,Inbound Calls,phone,119,16,12,4,45840,
2024-09,Summit Auto Group,Summit Honda Westland,Website Chat,chat,84,6,3,3,15228,774
2024-09,Summit Auto Group,Summit Honda Westland,Facebook,internet,91,8,4,4,19486,1204
2024-09,Summit Auto Group,Summit Honda Westland,True Car,internet,78,10,6,4,27974,2236
2024-09,Summit Auto Group,Summit Honda Westland,Radio Spot,campaign,2,0,0,0,0,344
2024-09,Summit Auto Group,Summit Hyundai Oakhurst,ATC,internet,201,16,9,7,48207,2436
2024-09,Summit Auto Group,Summit Hyundai Oakhurst,Cars .com,internet,118,8,4,4,21190,1797
2024-09,Summit Auto Group,Summit Hyundai Oakhurst,CarGurus,internet,131,4,2,2,12639,2204
2024-09,Summit Auto Group,Summit Hyundai Oakhurst,Website,internet,232,30,16,14,103037,
2024-09,Summit Auto Group,Summit Hyundai Oakhurst,Lease Return,campaign,36,4,3,1,7018,
2024-09,Summit Auto Group,Summit Hyundai Oakhurst,Svc Conquest,service,33,8,6,2,19279,
2024-09,Summit Auto Group,Summit Hyundai Oakhurst,Direct Mail Q1,campaign,80,6,4,2,15854,3769
2024-09,Summit Auto Group,Summit Hyundai Oakhurst,Showroom,showroom,50,20,14,6,70644,
2024-09,Summit Auto Group,Summit Hyundai Oakhurst,Inbound Calls,phone,69,15,11,4,41715,
2024-09,Summit Auto Group,Summit Hyundai Oakhurst,Live Chat,chat,52,0,0,0,0,522
2024-09,Summit Auto Group,Summit Hyundai Oakhurst,Facebook,internet,45,3,2,1,5614,812
2024-09,Summit Auto Group,Summit Hyundai Oakhurst,True Car,internet,56,4,2,2,9837,1508
2024-09,Summit Auto Group,Summit Hyundai Oakhurst,Radio,campaign,1,0,0,0,0,231
2024-09,Summit Auto Group,Summit Jeep Ram Clearwater,AutoTrader.com,internet,206,18,10,8,51292,2982
2024-09,Summit Auto Group,Summit Jeep Ram Clearwater,Cars .com,internet,117,10,6,4,30551,2201
2024-09,Summit Auto Group,Summit Jeep Ram Clearwater,Car Gurus,internet,172,9,5,4,24955,2698
2024-09,Summit Auto Group,Summit Jeep Ram Clearwater,Website,internet,322,39,21,18,150739,
2024-09,Summit Auto Group,Summit Jeep Ram Clearwater,Lease Return,campaign,45,17,12,5,26773,
2024-09,Summit Auto Group,Summit Jeep Ram Clearwater,Svc Conquest,service,37,9,6,3,17540,
2024-09,Summit Auto Group,Summit Jeep Ram Clearwater,Direct Mail,campaign,89,11,8,3,23307,4615
2024-09,Summit Auto Group,Summit Jeep Ram Clearwater,Walk In,showroom,68,27,19,8,111080,
2024-09,Summit Auto Group,Summit Jeep Ram Clearwater,Inbound Calls,phone,99,18,13,5,63643,
2024-09,Summit Auto Group,Summit Jeep Ram Clearwater,Live Chat,chat,54,0,0,0,0,639
2024-09,Summit Auto Group,Summit Jeep Ram Clearwater,Facebook,internet,57,2,1,1,4597,994
2024-09,Summit Auto Group,Summit Jeep Ram Clearwater,True Car,internet,81,3,2,1,6582,1846
2024-09,Summit Auto Group,Summit Jeep Ram Clearwater,Radio,campaign,2,0,0,0,0,284
2024-09,Summit Auto Group,Summit Kia Brookfield,AutoTrader.com,internet,161,9,5,4,23158,2310
2024-09,Summit Auto Group,Summit Kia Brookfield,CARS,internet,99,9,5,4,30344,1705
2024-09,Summit Auto Group,Summit Kia Brookfield,Car Gurus,internet,126,7,4,3,19715,2090
2024-09,Summit Auto Group,Summit Kia Brookfield,OEM Website,internet,223,27,15,12,82467,
2024-09,Summit Auto Group,Summit Kia Brookfield,Lease Return,campaign,39,13,9,4,19311,
2024-09,Summit Auto Group,Summit Kia Brookfield,Service Conquest,service,30,4,3,1,8947,
2024-09,Summit Auto Group,Summit Kia Brookfield,Direct Mail Q1,campaign,60,1,1,0,2316,3575
2024-09,Summit Auto Group,Summit Kia Brookfield,Showroom,showroom,57,22,16,6,89654,
2024-09,Summit Auto Group,Summit Kia Brookfield,Inbound Calls,phone,78,19,14,5,63587,
2024-09,Summit Auto Group,Summit Kia Brookfield,Live Chat,chat,55,4,2,2,9186,495
2024-09,Summit Auto Group,Summit Kia Brookfield,Facebook,internet,51,3,2,1,6374,770
2024-09,Summit Auto Group,Summit Kia Brookfield,True Car,internet,50,2,1,1,5586,1430
2024-09,Summit Auto Group,Summit Kia Brookfield,Radio Spot,campaign,1,0,0,0,0,220
2024-09,Summit Auto Group,Summit Mazda Lakeside,AutoTrader.com,internet,145,10,6,4,32993,1848
2024-09,Summit Auto Group,Summit Mazda Lakeside,Cars.com,internet,92,10,6,4,34943,1364
2024-09,Summit Auto Group,Summit Mazda Lakeside,CarGurus,internet,108,7,4,3,19823,1672
2024-09,Summit Auto Group,Summit Mazda Lakeside,Dealer Website,internet,195,25,14,11,77210,
2024-09,Summit Auto Group,Summit Mazda Lakeside,Lease Return,campaign,31,11,8,3,20323,
2024-09,Summit Auto Group,Summit Mazda Lakeside,Svc Conquest,service,28,8,6,2,18608,
2024-09,Summit Auto Group,Summit Mazda Lakeside,Direct Mail,campaign,51,6,4,2,14387,2860
2024-09,Summit Auto Group,Summit Mazda Lakeside,Walk In,showroom,40,15,11,4,48107,
2024-09,Summit Auto Group,Summit Mazda Lakeside,Phone Up,phone,66,12,9,3,38028,
2024-09,Summit Auto Group,Summit Mazda Lakeside,Website Chat,chat,35,2,1,1,5520,396
2024-09,Summit Auto Group,Summit Mazda Lakeside,Facebook,internet,37,2,1,1,4903,616
2024-09,Summit Auto Group,Summit Mazda Lakeside,True Car,internet,49,2,1,1,5350,1144
2024-09,Summit Auto Group,Summit Mazda Lakeside,Radio Spot,campaign,1,0,0,0,0,176
2024-09,Summit Auto Group,Summit Nissan Ridgemont,auto trader,internet,221,18,10,8,55020,2688
2024-09,Summit Auto Group,Summit Nissan Ridgemont,CARS,internet,124,7,4,3,22437,1984
2024-09,Summit Auto Group,Summit Nissan Ridgemont,CarGurus,internet,150,14,8,6,42786,2432
2024-09,Summit Auto Group,Summit Nissan Ridgemont,Dealer Website,internet,261,31,17,14,97680,
2024-09,Summit Auto Group,Summit Nissan Ridgemont,Lease Retention,campaign,37,13,9,4,20431,
2024-09,Summit Auto Group,Summit Nissan Ridgemont,Svc Conquest,service,34,12,9,3,25711,
2024-09,Summit Auto Group,Summit Nissan Ridgemont,Direct Mail Q1,campaign,72,7,5,2,15445,4160
2024-09,Summit Auto Group,Summit Nissan Ridgemont,Walk-In,showroom,65,15,11,4,49342,
2024-09,Summit Auto Group,Summit Nissan Ridgemont,Inbound Calls,phone,82,9,6,3,26811,
2024-09,Summit Auto Group,Summit Nissan Ridgemont,Live Chat,chat,55,4,2,2,10218,576
2024-09,Summit Auto Group,Summit Nissan Ridgemont,Facebook,internet,47,1,1,0,2347,896
2024-09,Summit Auto Group,Summit Nissan Ridgemont,TrueCar,internet,57,7,4,3,18499,1664
2024-09,Summit Auto Group,Summit Nissan Ridgemont,Radio,campaign,2,0,0,0,0,256
2024-09,Summit Auto Group,Summit Subaru Northgate,Autotrader,internet,167,16,9,7,43158,2058
2024-09,Summit Auto Group,Summit Subaru Northgate,CARS,internet,81,7,4,3,20666,1519
2024-09,Summit Auto Group,Summit Subaru Northgate,CarGurus,internet,113,5,3,2,15911,1862
2024-09,Summit Auto Group,Summit Subaru Northgate,OEM Website,internet,223,21,12,9,78541,
2024-09,Summit Auto Group,Summit Subaru Northgate,Lease Return,campaign,32,14,10,4,22478,
2024-09,Summit Auto Group,Summit Subaru Northgate,Svc Conquest,service,25,7,5,2,16661,
2024-09,Summit Auto Group,Summit Subaru Northgate,Direct Mail Q1,campaign,58,4,3,1,10827,3185
2024-09,Summit Auto Group,Summit Subaru Northgate,Walk-In,showroom,41,14,10,4,45403,
2024-09,Summit Auto Group,Summit Subaru Northgate,Phone Up,phone,59,13,9,4,41720,
2024-09,Summit Auto Group,Summit Subaru Northgate,Website Chat,chat,37,8,4,4,19709,441
2024-09,Summit Auto Group,Summit Subaru Northgate,Facebook Marketplace,internet,39,0,0,0,0,686
2024-09,Summit Auto Group,Summit Subaru Northgate,True Car,internet,53,6,3,3,15951,1274
2024-09,Summit Auto Group,Summit Subaru Northgate,Radio,campaign,1,0,0,0,0,196
2024-09,Summit Auto Group,Summit Toyota of Fairview,auto trader,internet,357,29,16,13,79283,4200
2024-09,Summit Auto Group,Summit Toyota of Fairview,CARS,internet,165,11,6,5,29762,3100
2024-09,Summit Auto Group,Summit Toyota of Fairview,Car Gurus,internet,252,16,9,7,46700,3800
2024-09,Summit Auto Group,Summit Toyota of Fairview,Dealer Website,internet,417,52,29,23,151998,
2024-09,Summit Auto Group,Summit Toyota of Fairview,Lease Retention,campaign,68,22,16,6,36547,
2024-09,Summit Auto Group,Summit Toyota of Fairview,Svc Conquest,service,64,10,7,3,18530,
2024-09,Summit Auto Group,Summit Toyota of Fairview,Direct Mail Q1,campaign,108,8,6,2,19910,6500
2024-09,Summit Auto Group,Summit Toyota of Fairview,Showroom,showroom,97,31,22,9,100032,
2024-09,Summit Auto Group,Summit Toyota of Fairview,Inbound Calls,phone,155,33,24,9,113354,
2024-09,Summit Auto Group,Summit Toyota of Fairview,Chat,chat,81,9,5,4,20533,900
2024-09,Summit Auto Group,Summit Toyota of Fairview,FB Marketplace,internet,93,3,2,1,6569,1400
2024-09,Summit Auto Group,Summit Toyota of Fairview,True Car,internet,112,6,3,3,14150,2600
2024-09,Summit Auto Group,Summit Toyota of Fairview,Radio Spot,campaign,3,1,1,0,2442,400
2024-09,Summit Auto Group,Summit Volkswagen Eastdale,auto trader,internet,112,16,9,7,52709,1680
2024-09,Summit Auto Group,Summit Volkswagen Eastdale,Cars .com,internet,75,7,4,3,22448,1240
2024-09,Summit Auto Group,Summit Volkswagen Eastdale,Car Gurus,internet,76,4,2,2,9858,1520
2024-09,Summit Auto Group,Summit Volkswagen Eastdale,Dealer Website,internet,162,22,12,10,73698,
2024-09,Summit Auto Group,Summit Volkswagen Eastdale,Lease Retention,campaign,23,9,6,3,16033,
2024-09,Summit Auto Group,Summit Volkswagen Eastdale,Service Conquest,service,21,7,5,2,14463,
2024-09,Summit Auto Group,Summit Volkswagen Eastdale,Direct Mail Q1,campaign,58,2,1,1,4320,2600
2024-09,Summit Auto Group,Summit Volkswagen Eastdale,Walk-In,showroom,32,9,6,3,33354,
2024-09,Summit Auto Group,Summit Volkswagen Eastdale,Phone Up,phone,62,11,8,3,29574,
2024-09,Summit Auto Group,Summit Volkswagen Eastdale,Chat,chat,39,2,1,1,4798,360
2024-09,Summit Auto Group,Summit Volkswagen Eastdale,Facebook,internet,40,1,1,0,2148,560
2024-09,Summit Auto Group,Summit Volkswagen Eastdale,True Car,internet,35,2,1,1,4367,1040
2024-09,Summit Auto Group,Summit Volkswagen Eastdale,Radio Spot,campaign,1,0,0,0,0,160
2024-10,Harbor Motor Group,Harbor BMW,auto trader,internet,251,19,10,9,83921,3276
2024-10,Harbor Motor Group,Harbor BMW,Cars.com,internet,166,19,10,9,97158,2418
2024-10,Harbor Motor Group,Harbor BMW,Car Gurus,internet,161,15,8,7,72310,2964
2024-10,Harbor Motor Group,Harbor BMW,Dealer Website,internet,321,37,20,17,223088,
2024-10,Harbor Motor Group,Harbor BMW,Lease Retention,campaign,48,17,12,5,50821,
2024-10,Harbor Motor Group,Harbor BMW,Svc Conquest,service,45,8,6,2,25868,
2024-10,Harbor Motor Group,Harbor BMW,Direct Mail Q1,campaign,102,9,6,3,37426,5070
2024-10,Harbor Motor Group,Harbor BMW,Walk In,showroom,64,27,19,8,132465,
2024-10,Harbor Motor Group,Harbor BMW,Phone Up,phone,106,17,12,5,95432,
2024-10,Harbor Motor Group,Harbor BMW,Website Chat,chat,76,7,4,3,30697,702
2024-10,Harbor Motor Group,Harbor BMW,Facebook Marketplace,internet,61,7,4,3,25871,1092
2024-10,Harbor Motor Group,Harbor BMW,True Car,internet,77,6,3,3,25157,2028
2024-10,Harbor Motor Group,Harbor BMW,Radio Spot,campaign,2,0,0,0,0,312
2024-10,Harbor Motor Group,Harbor Chevrolet Marina,auto trader,internet,236,17,9,8,53770,2940
2024-10,Harbor Motor Group,Harbor Chevrolet Marina,Cars.com,internet,129,9,5,4,25393,2170
2024-10,Harbor Motor Group,Harbor Chevrolet Marina,Car Gurus,internet,130,10,6,4,25638,2660
2024-10,Harbor Motor Group,Harbor Chevrolet Marina,OEM Website,internet,324,39,21,18,144477,
2024-10,Harbor Motor Group,Harbor Chevrolet Marina,Lease Retention,campaign,42,15,11,4,28997,
2024-10,Harbor Motor Group,Harbor Chevrolet Marina,Service Conquest,service,36,8,6,2,18147,
2024-10,Harbor Motor Group,Harbor Chevrolet Marina,Direct Mail Q1,campaign,88,10,7,3,23184,4550
2024-10,Harbor Motor Group,Harbor Chevrolet Marina,Walk-In,showroom,70,23,17,6,77158,
2024-10,Harbor Motor Group,Harbor Chevrolet Marina,Inbound Calls,phone,102,21,15,6,75988,
2024-10,Harbor Motor Group,Harbor Chevrolet Marina,Live Chat,chat,53,1,1,0,2607,630
2024-10,Harbor Motor Group,Harbor Chevrolet Marina,FB Marketplace,internet,67,1,1,0,2489,979
2024-10,Harbor Motor Group,Harbor Chevrolet Marina,True Car,internet,65,6,3,3,13906,1819
2024-10,Harbor Motor Group,Harbor Chevrolet Marina,Radio Spot,campaign,2,0,0,0,0,280
2024-10,Harbor Motor Group,Harbor Ford Portside,auto trader,internet,257,18,10,8,56928,3696
2024-10,Harbor Motor Group,Harbor Ford Portside,Cars .com,internet,164,9,5,4,25211,2728
2024-10,Harbor Motor Group,Harbor Ford Portside,CarGurus,internet,209,20,11,9,60198,3344
2024-10,Harbor Motor Group,Harbor Ford Portside,OEM Website,internet,333,46,25,21,139008,
2024-10,Harbor Motor Group,Harbor Ford Portside,Lease Return,campaign,63,22,16,6,39294,
2024-10,Harbor Motor Group,Harbor Ford Portside,Svc Conquest,service,48,10,7,3,22970,
2024-10,Harbor Motor Group,Harbor Ford Portside,Direct Mail,campaign,95,9,6,3,22613,5720
2024-10,Harbor Motor Group,Harbor Ford Portside,Showroom,showroom,81,33,24,9,104934,
2024-10,Harbor Motor Group,Harbor Ford Portside,Inbound Calls,phone,120,22,16,6,72762,
2024-10,Harbor Motor Group,Harbor Ford Portside,Live Chat,chat,75,3,2,1,7022,792
2024-10,Harbor Motor Group,Harbor Ford Portside,Facebook Marketplace,internet,80,1,1,0,2381,1232
2024-10,Harbor Motor Group,Harbor Ford Portside,TrueCar,internet,96,13,7,6,28903,2288
2024-10,Harbor Motor Group,Harbor Ford Portside,Radio Spot,campaign,2,0,0,0,0,352
2024-10,Harbor Motor Group,Harbor Honda Seaside,ATC,internet,232,18,10,8,53296,3360
2024-10,Harbor Motor Group,Harbor Honda Seaside,Cars .com,internet,135,25,14,11,71074,2480
2024-10,Harbor Motor Group,Harbor Honda Seaside,CarGurus,internet,150,8,4,4,24808,3040
2024-10,Harbor Motor Group,Harbor Honda Seaside,Dealer Website,internet,312,43,24,19,167207,
2024-10,Harbor Motor Group,Harbor Honda Seaside,Lease Retention,campaign,45,18,13,5,28814,
2024-10,Harbor Motor Group,Harbor Honda Seaside,Svc Conquest,service,44,8,6,2,17301,
2024-10,Harbor Motor Group,Harbor Honda Seaside,Direct Mail Q1,campaign,92,6,4,2,16282,5200
2024-10,Harbor Motor Group,Harbor Honda Seaside,Showroom,showroom,80,28,20,8,105348,
2024-10,Harbor Motor Group,Harbor Honda Seaside,Phone Up,phone,96,16,12,4,52881,
2024-10,Harbor Motor Group,Harbor Honda Seaside,Live Chat,chat,80,4,2,2,11446,720
2024-10,Harbor Motor Group,Harbor Honda Seaside,Facebook,internet,67,1,1,0,2355,1120
2024-10,Harbor Motor Group,Harbor Honda Seaside,TrueCar,internet,79,7,4,3,17849,2080
2024-10,Harbor Motor Group,Harbor Honda Seaside,Radio,campaign,2,0,0,0,0,320
2024-10,Harbor Motor Group,Harbor Jeep Ram Anchor,AutoTrader.com,internet,188,15,8,7,46156,2772
2024-10,Harbor Motor Group,Harbor Jeep Ram Anchor,Cars .com,internet,140,16,9,7,56003,2046
2024-10,Harbor Motor Group,Harbor Jeep Ram Anchor,cargurus.com,internet,132,9,5,4,23710,2508
2024-10,Harbor Motor Group,Harbor Jeep Ram Anchor,OEM Website,internet,265,28,15,13,92922,
2024-10,Harbor Motor Group,Harbor Jeep Ram Anchor,Lease Retention,campaign,47,16,12,4,23569,
2024-10,Harbor Motor Group,Harbor Jeep Ram Anchor,Svc Conquest,service,34,2,1,1,3982,
2024-10,Harbor Motor Group,Harbor Jeep Ram Anchor,Direct Mail,campaign,98,9,6,3,20512,4290
2024-10,Harbor Motor Group,Harbor Jeep Ram Anchor,Walk-In,showroom,61,21,15,6,80520,
2024-10,Harbor Motor Group,Harbor Jeep Ram Anchor,Phone Up,phone,92,17,12,5,53824,
2024-10,Harbor Motor Group,Harbor Jeep Ram Anchor,Chat,chat,57,2,1,1,4512,594
2024-10,Harbor Motor Group,Harbor Jeep Ram Anchor,Facebook,internet,62,0,0,0,0,924
2024-10,Harbor Motor Group,Harbor Jeep Ram Anchor,TrueCar,internet,58,6,3,3,16105,1716
2024-10,Harbor Motor Group,Harbor Jeep Ram Anchor,Radio Spot,campaign,1,0,0,0,0,264
2024-10,Harbor Motor Group,Harbor Kia Lighthouse,ATC,internet,147,7,4,3,21554,2184
2024-10,Harbor Motor Group,Harbor Kia Lighthouse,CARS,internet,86,9,5,4,29676,1612
2024-10,Harbor Motor Group,Harbor Kia Lighthouse,CarGurus,internet,126,4,2,2,11907,1976
2024-10,Harbor Motor Group,Harbor Kia Lighthouse,Dealer Website,internet,228,36,20,16,134752,
2024-10,Harbor Motor Group,Harbor Kia Lighthouse,Lease Retention,campaign,29,9,6,3,13449,
2024-10,Harbor Motor Group,Harbor Kia Lighthouse,Svc Conquest,service,28,8,6,2,15212,
2024-10,Harbor Motor Group,Harbor Kia Lighthouse,Direct Mail,campaign,61,6,4,2,15468,3380
2024-10,Harbor Motor Group,Harbor Kia Lighthouse,Walk In,showroom,45,14,10,4,48631,
2024-10,Harbor Motor Group,Harbor Kia Lighthouse,Inbound Calls,phone,76,14,10,4,48737,
2024-10,Harbor Motor Group,Harbor Kia Lighthouse,Website Chat,chat,51,2,1,1,4801,468
2024-10,Harbor Motor Group,Harbor Kia Lighthouse,Facebook,internet,54,2,1,1,4479,728
2024-10,Harbor Motor Group,Harbor Kia Lighthouse,True Car,internet,59,2,1,1,5726,1352
2024-10,Harbor Motor Group,Harbor Kia Lighthouse,Radio Spot,campaign,1,0,0,0,0,208
2024-10,Harbor Motor Group,Harbor Subaru Tidewater,auto trader,internet,158,12,7,5,35362,1974
2024-10,Harbor Motor Group,Harbor Subaru Tidewater,Cars .com,internet,87,6,3,3,18751,1457
2024-10,Harbor Motor Group,Harbor Subaru Tidewater,Car Gurus,internet,95,2,1,1,5765,1786
2024-10,Harbor Motor Group,Harbor Subaru Tidewater,Dealer Website,internet,221,25,14,11,85983,
2024-10,Harbor Motor Group,Harbor Subaru Tidewater,Lease Return,campaign,28,8,6,2,14088,
2024-10,Harbor Motor Group,Harbor Subaru Tidewater,Service Conquest,service,25,16,12,4,36733,
2024-10,Harbor Motor Group,Harbor Subaru Tidewater,Direct Mail Q1,campaign,59,2,1,1,5553,3055
2024-10,Harbor Motor Group,Harbor Subaru Tidewater,Showroom,showroom,40,11,8,3,39064,
2024-10,Harbor Motor Group,Harbor Subaru Tidewater,Phone Up,phone,68,11,8,3,31431,
2024-10,Harbor Motor Group,Harbor Subaru Tidewater,Website Chat,chat,46,6,3,3,15324,423
2024-10,Harbor Motor Group,Harbor Subaru Tidewater,FB Marketplace,internet,45,0,0,0,0,658
2024-10,Harbor Motor Group,Harbor Subaru Tidewater,True Car,internet,40,2,1,1,5631,1222
2024-10,Harbor Motor Group,Harbor Subaru Tidewater,Radio Spot,campaign,1,0,0,0,0,188
2024-10,Harbor Motor Group,Harbor Toyota Bayview,Autotrader,internet,262,19,10,9,58491,3990
2024-10,Harbor Motor Group,Harbor Toyota Bayview,Cars .com,internet,156,12,7,5,33426,2945
2024-10,Harbor Motor Group,Harbor Toyota Bayview,cargurus.com,internet,177,10,6,4,24677,3610
2024-10,Harbor Motor Group,Harbor Toyota Bayview,OEM Website,internet,382,43,24,19,157673,
2024-10,Harbor Motor Group,Harbor Toyota Bayview,Lease Return,campaign,68,24,17,7,43107,
2024-10,Harbor Motor Group,Harbor Toyota Bayview,Svc Conquest,service,64,11,8,3,20209,
2024-10,Harbor Motor Group,Harbor Toyota Bayview,Direct Mail,campaign,118,12,9,3,29903,6175
2024-10,Harbor Motor Group,Harbor Toyota Bayview,Walk In,showroom,92,32,23,9,105463,
2024-10,Harbor Motor Group,Harbor Toyota Bayview,Inbound Phone,phone,123,28,20,8,101188,
2024-10,Harbor Motor Group,Harbor Toyota Bayview,Website Chat,chat,95,5,3,2,12374,855
2024-10,Harbor Motor Group,Harbor Toyota Bayview,Facebook Marketplace,internet,97,4,2,2,9406,1330
2024-10,Harbor Motor Group,Harbor Toyota Bayview,True Car,internet,96,11,6,5,29919,2470
2024-10,Harbor Motor Group,Harbor Toyota Bayview,Radio Spot,campaign,3,0,0,0,0,380
2024-10,Summit Auto Group,Summit BMW,Autotrader,internet,245,14,8,6,67454,3486
2024-10,Summit Auto Group,Summit BMW,Cars .com,internet,151,17,9,8,74170,2573
2024-10,Summit Auto Group,Summit BMW,cargurus.com,internet,204,11,6,5,54263,3154
2024-10,Summit Auto Group,Summit BMW,Dealer Website,internet,373,44,24,20,206152,
2024-10,Summit Auto Group,Summit BMW,Lease Return,campaign,47,16,12,4,46496,
2024-10,Summit Auto Group,Summit BMW,Service Conquest,service,55,11,8,3,40082,
2024-10,Summit Auto Group,Summit BMW,Direct Mail,campaign,114,11,8,3,45729,5395
2024-10,Summit Auto Group,Summit BMW,Walk-In,showroom,72,27,19,8,176402,
2024-10,Summit Auto Group,Summit BMW,Inbound Phone,phone,98,15,11,4,64300,
2024-10,Summit Auto Group,Summit BMW,Chat,chat,82,5,3,2,21790,747
2024-10,Summit Auto Group,Summit BMW,Facebook,internet,85,2,1,1,6580,1162
2024-10,Summit Auto Group,Summit BMW,TrueCar,internet,73,5,3,2,18559,2158
2024-10,Summit Auto Group,Summit BMW,Radio,campaign,2,0,0,0,0,332
2024-10,Summit Auto Group,Summit Chevrolet Glenpark,ATC,internet,272,20,11,9,62983,3276
2024-10,Summit Auto Group,Summit Chevrolet Glenpark,Cars .com,internet,150,9,5,4,24355,2418
2024-10,Summit Auto Group,Summit Chevrolet Glenpark,cargurus.com,internet,165,6,3,3,16549,2964
2024-10,Summit Auto Group,Summit Chevrolet Glenpark,Dealer Website,internet,323,34,19,15,114084,
2024-10,Summit Auto Group,Summit Chevrolet Glenpark,Lease Return,campaign,48,12,9,3,22380,
2024-10,Summit Auto Group,Summit Chevrolet Glenpark,Svc Conquest,service,43,5,4,1,10461,
2024-10,Summit Auto Group,Summit Chevrolet Glenpark,Direct Mail,campaign,113,10,7,3,23836,5070
2024-10,Summit Auto Group,Summit Chevrolet Glenpark,Walk In,showroom,74,22,16,6,77182,
2024-10,Summit Auto Group,Summit Chevrolet Glenpark,Inbound Phone,phone,113,24,17,7,81328,
2024-10,Summit Auto Group,Summit Chevrolet Glenpark,Chat,chat,77,5,3,2,11589,702
2024-10,Summit Auto Group,Summit Chevrolet Glenpark,FB Marketplace,internet,74,7,4,3,16014,1092
2024-10,Summit Auto Group,Summit Chevrolet Glenpark,TrueCar,internet,74,5,3,2,12601,2028
2024-10,Summit Auto Group,Summit Chevrolet Glenpark,Radio Spot,campaign,2,0,0,0,0,312
2024-10,Summit Auto Group,Summit Ford Rivera,ATC,internet,256,17,9,8,55292,3864
2024-10,Summit Auto Group,Summit Ford Rivera,Cars.com,internet,156,12,7,5,37664,2852
2024-10,Summit Auto Group,Summit Ford Rivera,cargurus.com,internet,219,12,7,5,34246,3496
2024-10,Summit Auto Group,Summit Ford Rivera,Website,internet,332,39,21,18,151545,
2024-10,Summit Auto Group,Summit Ford Rivera,Lease Retention,campaign,50,9,6,3,13980,
2024-10,Summit Auto Group,Summit Ford Rivera,Service Conquest,service,62,15,11,4,32153,
2024-10,Summit Auto Group,Summit Ford Rivera,Direct Mail Q1,campaign,133,17,12,5,43680,5980
2024-10,Summit Auto Group,Summit Ford Rivera,Showroom,showroom,94,26,19,7,86601,
2024-10,Summit Auto Group,Summit Ford Rivera,Inbound Phone,phone,140,27,19,8,89456,
2024-10,Summit Auto Group,Summit Ford Rivera,Live Chat,chat,78,2,1,1,5117,828
2024-10,Summit Auto Group,Summit Ford Rivera,Facebook,internet,85,2,1,1,4356,1288
2024-10,Summit Auto Group,Summit Ford Rivera,TrueCar,internet,90,5,3,2,11722,2392
2024-10,Summit Auto Group,Summit Ford Rivera,Radio,campaign,2,0,0,0,0,368
2024-10,Summit Auto Group,Summit Honda Westland,auto trader,internet,240,22,12,10,55443,3612
2024-10,Summit Auto Group,Summit Honda Westland,Cars.com,internet,171,20,11,9,66919,2666
2024-10,Summit Auto Group,Summit Honda Westland,CarGurus,internet,214,15,8,7,42415,3268
2024-10,Summit Auto Group,Summit Honda Westland,Dealer Website,internet,393,43,24,19,133225,
2024-10,Summit Auto Group,Summit Honda Westland,Lease Return,campaign,61,19,14,5,36968,
2024-10,Summit Auto Group,Summit Honda Westland,Svc Conquest,service,59,13,9,4,30363,
2024-10,Summit Auto Group,Summit Honda Westland,Direct Mail Q1,campaign,118,13,9,4,33012,5590
2024-10,Summit Auto Group,Summit Honda Westland,Walk In,showroom,71,21,15,6,69251,
2024-10,Summit Auto Group,Summit Honda Westland,Inbound Calls,phone,124,23,17,6,62254,
2024-10,Summit Auto Group,Summit Honda Westland,Website Chat,chat,68,8,4,4,20097,774
2024-10,Summit Auto Group,Summit Honda Westland,Facebook,internet,83,1,1,0,1897,1204
2024-10,Summit Auto Group,Summit Honda Westland,True Car,internet,80,3,2,1,7771,2236
2024-10,Summit Auto Group,Summit Honda Westland,Radio Spot,campaign,2,0,0,0,0,344
2024-10,Summit Auto Group,Summit Hyundai Oakhurst,ATC,internet,172,18,10,8,52588,2436
2024-10,Summit Auto Group,Summit Hyundai Oakhurst,Cars .com,internet,108,10,6,4,28111,1797
2024-10,Summit Auto Group,Summit Hyundai Oakhurst,CarGurus,internet,136,15,8,7,46922,2204
2024-10,Summit Auto Group,Summit Hyundai Oakhurst,Website,internet,265,33,18,15,106874,
2024-10,Summit Auto Group,Summit Hyundai Oakhurst,Lease Return,campaign,33,10,7,3,18056,
2024-10,Summit Auto Group,Summit Hyundai Oakhurst,Svc Conquest,service,33,11,8,3,22121,
2024-10,Summit Auto Group,Summit Hyundai Oakhurst,Direct Mail Q1,campaign,76,4,3,1,10848,3769
2024-10,Summit Auto Group,Summit Hyundai Oakhurst,Showroom,showroom,51,18,13,5,67601,
2024-10,Summit Auto Group,Summit Hyundai Oakhurst,Inbound Calls,phone,78,15,11,4,51134,
2024-10,Summit Auto Group,Summit Hyundai Oakhurst,Live Chat,chat,58,3,2,1,7861,522
2024-10,Summit Auto Group,Summit Hyundai Oakhurst,Facebook,internet,52,2,1,1,4664,812
2024-10,Summit Auto Group,Summit Hyundai Oakhurst,True Car,internet,56,4,2,2,9739,1508
2024-10,Summit Auto Group,Summit Hyundai Oakhurst,Radio,campaign,2,0,0,0,0,231
2024-10,Summit Auto Group,Summit Jeep Ram Clearwater,AutoTrader.com,internet,211,17,9,8,56435,2982
2024-10,Summit Auto Group,Summit Jeep Ram Clearwater,Cars .com,internet,154,19,10,9,63338,2201
2024-10,Summit Auto Group,Summit Jeep Ram Clearwater,Car Gurus,internet,139,9,5,4,24206,2698
2024-10,Summit Auto Group,Summit Jeep Ram Clearwater,Website,internet,247,27,15,12,100143,
2024-10,Summit Auto Group,Summit Jeep Ram Clearwater,Lease Return,campaign,47,14,10,4,24395,
2024-10,Summit Auto Group,Summit Jeep Ram Clearwater,Svc Conquest,service,48,13,9,4,25577,
2024-10,Summit Auto Group,Summit Jeep Ram Clearwater,Direct Mail,campaign,88,6,4,2,13137,4615
2024-10,Summit Auto Group,Summit Jeep Ram Clearwater,Walk In,showroom,63,24,17,7,91332,
2024-10,Summit Auto Group,Summit Jeep Ram Clearwater,Inbound Calls,phone,102,19,14,5,61997,
2024-10,Summit Auto Group,Summit Jeep Ram Clearwater,Live Chat,chat,53,8,4,4,22855,639
2024-10,Summit Auto Group,Summit Jeep Ram Clearwater,Facebook,internet,57,3,2,1,6538,994
2024-10,Summit Auto Group,Summit Jeep Ram Clearwater,True Car,internet,76,4,2,2,10237,1846
2024-10,Summit Auto Group,Summit Jeep Ram Clearwater,Radio,campaign,2,0,0,0,0,284
2024-10,Summit Auto Group,Summit Kia Brookfield,AutoTrader.com,internet,190,10,6,4,26451,2310
2024-10,Summit Auto Group,Summit Kia Brookfield,CARS,internet,107,5,3,2,15715,1705
2024-10,Summit Auto Group,Summit Kia Brookfield,Car Gurus,internet,132,6,3,3,17669,2090
2024-10,Summit Auto Group,Summit Kia Brookfield,OEM Website,internet,194,26,14,12,89792,
2024-10,Summit Auto Group,Summit Kia Brookfield,Lease Return,campaign,37,15,11,4,26564,
2024-10,Summit Auto Group,Summit Kia Brookfield,Service Conquest,service,32,1,1,0,2050,
2024-10,Summit Auto Group,Summit Kia Brookfield,Direct Mail Q1,campaign,59,1,1,0,2746,3575
2024-10,Summit Auto Group,Summit Kia Brookfield,Showroom,showroom,59,21,15,6,66339,
2024-10,Summit Auto Group,Summit Kia Brookfield,Inbound Calls,phone,65,12,9,3,35460,
2024-10,Summit Auto Group,Summit Kia Brookfield,Live Chat,chat,50,4,2,2,9024,495
2024-10,Summit Auto Group,Summit Kia Brookfield,Facebook,internet,50,3,2,1,6093,770
2024-10,Summit Auto Group,Summit Kia Brookfield,True Car,internet,54,1,1,0,2190,1430
2024-10,Summit Auto Group,Summit Kia Brookfield,Radio Spot,campaign,1,1,1,0,2145,220
2024-10,Summit Auto Group,Summit Mazda Lakeside,AutoTrader.com,internet,140,8,4,4,21711,1848
2024-10,Summit Auto Group,Summit Mazda Lakeside,Cars.com,internet,91,7,4,3,23000,1364
2024-10,Summit Auto Group,Summit Mazda Lakeside,CarGurus,internet,104,6,3,3,16464,1672
2024-10,Summit Auto Group,Summit Mazda Lakeside,Dealer Website,internet,194,25,14,11,85846,
2024-10,Summit Auto Group,Summit Mazda Lakeside,Lease Return,campaign,30,16,12,4,28358,
2024-10,Summit Auto Group,Summit Mazda Lakeside,Svc Conquest,service,24,5,4,1,9183,
2024-10,Summit Auto Group,Summit Mazda Lakeside,Direct Mail,campaign,59,5,4,1,11932,2860
2024-10,Summit Auto Group,Summit Mazda Lakeside,Walk In,showroom,43,16,12,4,51392,
2024-10,Summit Auto Group,Summit Mazda Lakeside,Phone Up,phone,70,11,8,3,34260,
2024-10,Summit Auto Group,Summit Mazda Lakeside,Website Chat,chat,33,6,3,3,13470,396
2024-10,Summit Auto Group,Summit Mazda Lakeside,Facebook,internet,35,0,0,0,0,616
2024-10,Summit Auto Group,Summit Mazda Lakeside,True Car,internet,45,4,2,2,9316,1144
2024-10,Summit Auto Group,Summit Mazda Lakeside,Radio Spot,campaign,1,0,0,0,0,176
2024-10,Summit Auto Group,Summit Nissan Ridgemont,auto trader,internet,206,18,10,8,47123,2688
2024-10,Summit Auto Group,Summit Nissan Ridgemont,CARS,internet,110,9,5,4,31098,1984
2024-10,Summit Auto Group,Summit Nissan Ridgemont,CarGurus,internet,150,11,6,5,33932,2432
2024-10,Summit Auto Group,Summit Nissan Ridgemont,Dealer Website,internet,248,35,19,16,135715,
2024-10,Summit Auto Group,Summit Nissan Ridgemont,Lease Retention,campaign,45,16,12,4,27540,
2024-10,Summit Auto Group,Summit Nissan Ridgemont,Svc Conquest,service,42,12,9,3,24358,
2024-10,Summit Auto Group,Summit Nissan Ridgemont,Direct Mail Q1,campaign,92,7,5,2,18267,4160
2024-10,Summit Auto Group,Summit Nissan Ridgemont,Walk-In,showroom,61,25,18,7,100583,
2024-10,Summit Auto Group,Summit Nissan Ridgemont,Inbound Calls,phone,85,10,7,3,29064,
2024-10,Summit Auto Group,Summit Nissan Ridgemont,Live Chat,chat,55,4,2,2,10594,576
2024-10,Summit Auto Group,Summit Nissan Ridgemont,Facebook,internet,63,1,1,0,2406,896
2024-10,Summit Auto Group,Summit Nissan Ridgemont,TrueCar,internet,60,5,3,2,13786,1664
2024-10,Summit Auto Group,Summit Nissan Ridgemont,Radio,campaign,1,0,0,0,0,256
2024-10,Summit Auto Group,Summit Subaru Northgate,Autotrader,internet,136,10,6,4,32232,2058
2024-10,Summit Auto Group,Summit Subaru Northgate,CARS,internet,104,8,4,4,25804,1519
2024-10,Summit Auto Group,Summit Subaru Northgate,CarGurus,internet,106,4,2,2,10746,1862
2024-10,Summit Auto Group,Summit Subaru Northgate,OEM Website,internet,173,25,14,11,75854,
2024-10,Summit Auto Group,Summit Subaru Northgate,Lease Return,campaign,28,8,6,2,14414,
2024-10,Summit Auto Group,Summit Subaru Northgate,Svc Conquest,service,24,6,4,2,13627,
2024-10,Summit Auto Group,Summit Subaru Northgate,Direct Mail Q1,campaign,53,2,1,1,4523,3185
2024-10,Summit Auto Group,Summit Subaru Northgate,Walk-In,showroom,40,10,7,3,35188,
2024-10,Summit Auto Group,Summit Subaru Northgate,Phone Up,phone,62,8,6,2,28470,
2024-10,Summit Auto Group,Summit Subaru Northgate,Website Chat,chat,44,2,1,1,4690,441
2024-10,Summit Auto Group,Summit Subaru Northgate,Facebook Marketplace,internet,38,0,0,0,0,686
2024-10,Summit Auto Group,Summit Subaru Northgate,True Car,internet,54,2,1,1,5092,1274
2024-10,Summit Auto Group,Summit Subaru Northgate,Radio,campaign,1,0,0,0,0,196
2024-10,Summit Auto Group,Summit Toyota of Fairview,auto trader,internet,367,23,13,10,75534,4200
2024-10,Summit Auto Group,Summit Toyota of Fairview,CARS,internet,180,15,8,7,44817,3100
2024-10,Summit Auto Group,Summit Toyota of Fairview,Car Gurus,internet,235,10,6,4,26332,3800
2024-10,Summit Auto Group,Summit Toyota of Fairview,Dealer Website,internet,424,41,23,18,156436,
2024-10,Summit Auto Group,Summit Toyota of Fairview,Lease Retention,campaign,54,13,9,4,24113,
2024-10,Summit Auto Group,Summit Toyota of Fairview,Svc Conquest,service,50,12,9,3,23983,
2024-10,Summit Auto Group,Summit Toyota of Fairview,Direct Mail Q1,campaign,145,11,8,3,25809,6500
2024-10,Summit Auto Group,Summit Toyota of Fairview,Showroom,showroom,97,34,24,10,128188,
2024-10,Summit Auto Group,Summit Toyota of Fairview,Inbound Calls,phone,150,22,16,6,67979,
2024-10,Summit Auto Group,Summit Toyota of Fairview,Chat,chat,89,3,2,1,7476,900
2024-10,Summit Auto Group,Summit Toyota of Fairview,FB Marketplace,internet,99,5,3,2,10774,1400
2024-10,Summit Auto Group,Summit Toyota of Fairview,True Car,internet,85,5,3,2,11247,2600
2024-10,Summit Auto Group,Summit Toyota of Fairview,Radio Spot,campaign,3,0,0,0,0,400
2024-10,Summit Auto Group,Summit Volkswagen Eastdale,auto trader,internet,140,12,7,5,34911,1680
2024-10,Summit Auto Group,Summit Volkswagen Eastdale,Cars .com,internet,75,4,2,2,12285,1240
2024-10,Summit Auto Group,Summit Volkswagen Eastdale,Car Gurus,internet,87,10,6,4,24028,1520
2024-10,Summit Auto Group,Summit Volkswagen Eastdale,Dealer Website,internet,156,16,9,7,58623,
2024-10,Summit Auto Group,Summit Volkswagen Eastdale,Lease Retention,campaign,28,3,2,1,5156,
2024-10,Summit Auto Group,Summit Volkswagen Eastdale,Service Conquest,service,20,3,2,1,6278,
2024-10,Summit Auto Group,Summit Volkswagen Eastdale,Direct Mail Q1,campaign,44,4,3,1,10619,2600
2024-10,Summit Auto Group,Summit Volkswagen Eastdale,Walk-In,showroom,32,13,9,4,47164,
2024-10,Summit Auto Group,Summit Volkswagen Eastdale,Phone Up,phone,61,15,11,4,41962,
2024-10,Summit Auto Group,Summit Volkswagen Eastdale,Chat,chat,39,5,3,2,11593,360
2024-10,Summit Auto Group,Summit Volkswagen Eastdale,Facebook,internet,42,1,1,0,2487,560
2024-10,Summit Auto Group,Summit Volkswagen Eastdale,True Car,internet,38,2,1,1,4768,1040
2024-10,Summit Auto Group,Summit Volkswagen Eastdale,Radio Spot,campaign,1,0,0,0,0,160
2024-11,Harbor Motor Group,Harbor BMW,auto trader,internet,255,11,6,5,52229,3276
2024-11,Harbor Motor Group,Harbor BMW,Cars.com,internet,156,16,9,7,85167,2418
2024-11,Harbor Motor Group,Harbor BMW,Car Gurus,internet,185,10,6,4,48722,2964
2024-11,Harbor Motor Group,Harbor BMW,Dealer Website,internet,342,37,20,17,177833,
2024-11,Harbor Motor Group,Harbor BMW,Lease Retention,campaign,42,12,9,3,29613,
2024-11,Harbor Motor Group,Harbor BMW,Svc Conquest,service,50,16,12,4,53869,
2024-11,Harbor Motor Group,Harbor BMW,Direct Mail Q1,campaign,103,14,10,4,48102,5070
2024-11,Harbor Motor Group,Harbor BMW,Walk In,showroom,81,32,23,9,184132,
2024-11,Harbor Motor Group,Harbor BMW,Phone Up,phone,116,28,20,8,160220,
2024-11,Harbor Motor Group,Harbor BMW,Website Chat,chat,78,4,2,2,17092,702
2024-11,Harbor Motor Group,Harbor BMW,Facebook Marketplace,internet,60,3,2,1,9010,1092
2024-11,Harbor Motor Group,Harbor BMW,True Car,internet,71,5,3,2,18441,2028
2024-11,Harbor Motor Group,Harbor BMW,Radio Spot,campaign,2,1,1,0,3909,312
2024-11,Harbor Motor Group,Harbor Chevrolet Marina,auto trader,internet,235,16,9,7,45853,2940
2024-11,Harbor Motor Group,Harbor Chevrolet Marina,Cars.com,internet,137,7,4,3,21590,2170
2024-11,Harbor Motor Group,Harbor Chevrolet Marina,Car Gurus,internet,140,8,4,4,20327,2660
2024-11,Harbor Motor Group,Harbor Chevrolet Marina,OEM Website,internet,287,38,21,17,131711,
2024-11,Harbor Motor Group,Harbor Chevrolet Marina,Lease Retention,campaign,37,6,4,2,9061,
2024-11,Harbor Motor Group,Harbor Chevrolet Marina,Service Conquest,service,35,6,4,2,14237,
2024-11,Harbor Motor Group,Harbor Chevrolet Marina,Direct Mail Q1,campaign,78,12,9,3,26411,4550
2024-11,Harbor Motor Group,Harbor Chevrolet Marina,Walk-In,showroom,70,29,21,8,105497,
2024-11,Harbor Motor Group,Harbor Chevrolet Marina,Inbound Calls,phone,110,23,17,6,83017,
2024-11,Harbor Motor Group,Harbor Chevrolet Marina,Live Chat,chat,62,5,3,2,12274,630
2024-11,Harbor Motor Group,Harbor Chevrolet Marina,FB Marketplace,internet,65,4,2,2,9257,979
2024-11,Harbor Motor Group,Harbor Chevrolet Marina,True Car,internet,70,6,3,3,13493,1819
2024-11,Harbor Motor Group,Harbor Chevrolet Marina,Radio Spot,campaign,1,0,0,0,0,280
2024-11,Harbor Motor Group,Harbor Ford Portside,auto trader,internet,273,16,9,7,45418,3696
2024-11,Harbor Motor Group,Harbor Ford Portside,Cars .com,internet,174,17,9,8,50905,2728
2024-11,Harbor Motor Group,Harbor Ford Portside,CarGurus,internet,178,12,7,5,36004,3344
2024-11,Harbor Motor Group,Harbor Ford Portside,OEM Website,internet,329,42,23,19,139065,
2024-11,Harbor Motor Group,Harbor Ford Portside,Lease Return,campaign,52,16,12,4,30340,
2024-11,Harbor Motor Group,Harbor Ford Portside,Svc Conquest,service,59,9,6,3,17208,
2024-11,Harbor Motor Group,Harbor Ford Portside,Direct Mail,campaign,114,7,5,2,14898,5720
2024-11,Harbor Motor Group,Harbor Ford Portside,Showroom,showroom,80,37,27,10,117754,
2024-11,Harbor Motor Group,Harbor Ford Portside,Inbound Calls,phone,137,22,16,6,66911,
2024-11,Harbor Motor Group,Harbor Ford Portside,Live Chat,chat,70,6,3,3,16936,792
2024-11,Harbor Motor Group,Harbor Ford Portside,Facebook Marketplace,internet,86,5,3,2,9713,1232
2024-11,Harbor Motor Group,Harbor Ford Portside,TrueCar,internet,73,6,3,3,16965,2288
2024-11,Harbor Motor Group,Harbor Ford Portside,Radio Spot,campaign,2,0,0,0,0,352
2024-11,Harbor Motor Group,Harbor Honda Seaside,ATC,internet,251,21,12,9,54200,3360
2024-11,Harbor Motor Group,Harbor Honda Seaside,Cars .com,internet,139,16,9,7,53981,2480
2024-11,Harbor Motor Group,Harbor Honda Seaside,CarGurus,internet,145,6,3,3,17887,3040
2024-11,Harbor Motor Group,Harbor Honda Seaside,Dealer Website,internet,371,37,20,17,134138,
2024-11,Harbor Motor Group,Harbor Honda Seaside,Lease Retention,campaign,46,14,10,4,25514,
2024-11,Harbor Motor Group,Harbor Honda Seaside,Svc Conquest,service,51,6,4,2,13756,
2024-11,Harbor Motor Group,Harbor Honda Seaside,Direct Mail Q1,campaign,103,10,7,3,23596,5200
2024-11,Harbor Motor Group,Harbor Honda Seaside,Showroom,showroom,77,25,18,7,91402,
2024-11,Harbor Motor Group,Harbor Honda Seaside,Phone Up,phone,96,26,19,7,89401,
2024-11,Harbor Motor Group,Harbor Honda Seaside,Live Chat,chat,61,3,2,1,8396,720
2024-11,Harbor Motor Group,Harbor Honda Seaside,Facebook,internet,60,5,3,2,9709,1120
2024-11,Harbor Motor Group,Harbor Honda Seaside,TrueCar,internet,82,5,3,2,13970,2080
2024-11,Harbor Motor Group,Harbor Honda Seaside,Radio,campaign,2,0,0,0,0,320
2024-11,Harbor Motor Group,Harbor Jeep Ram Anchor,AutoTrader.com,internet,195,12,7,5,39203,2772
2024-11,Harbor Motor Group,Harbor Jeep Ram Anchor,Cars .com,internet,129,10,6,4,30732,2046
2024-11,Harbor Motor Group,Harbor Jeep Ram Anchor,cargurus.com,internet,124,10,6,4,31296,2508
2024-11,Harbor Motor Group,Harbor Jeep Ram Anchor,OEM Website,internet,241,23,13,10,79887,
2024-11,Harbor Motor Group,Harbor Jeep Ram Anchor,Lease Retention,campaign,35,15,11,4,23351,
2024-11,Harbor Motor Group,Harbor Jeep Ram Anchor,Svc Conquest,service,44,10,7,3,23664,
2024-11,Harbor Motor Group,Harbor Jeep Ram Anchor,Direct Mail,campaign,71,8,6,2,20875,4290
2024-11,Harbor Motor Group,Harbor Jeep Ram Anchor,Walk-In,showroom,57,20,14,6,73152,
2024-11,Harbor Motor Group,Harbor Jeep Ram Anchor,Phone Up,phone,99,30,22,8,97300,
2024-11,Harbor Motor Group,Harbor Jeep Ram Anchor,Chat,chat,54,3,2,1,8650,594
2024-11,Harbor Motor Group,Harbor Jeep Ram Anchor,Facebook,internet,47,0,0,0,0,924
2024-11,Harbor Motor Group,Harbor Jeep Ram Anchor,TrueCar,internet,65,6,3,3,16271,1716
2024-11,Harbor Motor Group,Harbor Jeep Ram Anchor,Radio Spot,campaign,2,0,0,0,0,264
2024-11,Harbor Motor Group,Harbor Kia Lighthouse,ATC,internet,143,13,7,6,42373,2184
2024-11,Harbor Motor Group,Harbor Kia Lighthouse,CARS,internet,110,4,2,2,12921,1612
2024-11,Harbor Motor Group,Harbor Kia Lighthouse,CarGurus,internet,125,12,7,5,37558,1976
2024-11,Harbor Motor Group,Harbor Kia Lighthouse,Dealer Website,internet,210,22,12,10,77054,
2024-11,Harbor Motor Group,Harbor Kia Lighthouse,Lease Retention,campaign,30,13,9,4,25311,
2024-11,Harbor Motor Group,Harbor Kia Lighthouse,Svc Conquest,service,34,7,5,2,15244,
2024-11,Harbor Motor Group,Harbor Kia Lighthouse,Direct Mail,campaign,63,4,3,1,10617,3380
2024-11,Harbor Motor Group,Harbor Kia Lighthouse,Walk In,showroom,46,17,12,5,69803,
2024-11,Harbor Motor Group,Harbor Kia Lighthouse,Inbound Calls,phone,71,11,8,3,30732,
2024-11,Harbor Motor Group,Harbor Kia Lighthouse,Website Chat,chat,43,6,3,3,15093,468
2024-11,Harbor Motor Group,Harbor Kia Lighthouse,Facebook,internet,37,2,1,1,3896,728
2024-11,Harbor Motor Group,Harbor Kia Lighthouse,True Car,internet,54,4,2,2,9888,1352
2024-11,Harbor Motor Group,Harbor Kia Lighthouse,Radio Spot,campaign,1,0,0,0,0,208
2024-11,Harbor Motor Group,Harbor Subaru Tidewater,auto trader,internet,148,14,8,6,38112,1974
2024-11,Harbor Motor Group,Harbor Subaru Tidewater,Cars .com,internet,81,13,7,6,34665,1457
2024-11,Harbor Motor Group,Harbor Subaru Tidewater,Car Gurus,internet,109,9,5,4,23309,1786
2024-11,Harbor Motor Group,Harbor Subaru Tidewater,Dealer Website,internet,197,21,12,9,80756,
2024-11,Harbor Motor Group,Harbor Subaru Tidewater,Lease Return,campaign,27,8,6,2,11651,
2024-11,Harbor Motor Group,Harbor Subaru Tidewater,Service Conquest,service,26,3,2,1,5431,
2024-11,Harbor Motor Group,Harbor Subaru Tidewater,Direct Mail Q1,campaign,58,5,4,1,12186,3055
2024-11,Harbor Motor Group,Harbor Subaru Tidewater,Showroom,showroom,42,16,12,4,64912,
2024-11,Harbor Motor Group,Harbor Subaru Tidewater,Phone Up,phone,72,13,9,4,44218,
2024-11,Harbor Motor Group,Harbor Subaru Tidewater,Website Chat,chat,42,5,3,2,12126,423
2024-11,Harbor Motor Group,Harbor Subaru Tidewater,FB Marketplace,internet,36,1,1,0,2189,658
2024-11,Harbor Motor Group,Harbor Subaru Tidewater,True Car,internet,41,1,1,0,2446,1222
2024-11,Harbor Motor Group,Harbor Subaru Tidewater,Radio Spot,campaign,1,0,0,0,0,188
2024-11,Harbor Motor Group,Harbor Toyota Bayview,Autotrader,internet,325,31,17,14,79958,3990
2024-11,Harbor Motor Group,Harbor Toyota Bayview,Cars .com,internet,206,14,8,6,38418,2945
2024-11,Harbor Motor Group,Harbor Toyota Bayview,cargurus.com,internet,220,22,12,10,62248,3610
2024-11,Harbor Motor Group,Harbor Toyota Bayview,OEM Website,internet,386,53,29,24,181338,
2024-11,Harbor Motor Group,Harbor Toyota Bayview,Lease Return,campaign,62,20,14,6,35132,
2024-11,Harbor Motor Group,Harbor Toyota Bayview,Svc Conquest,service,53,13,9,4,29816,
2024-11,Harbor Motor Group,Harbor Toyota Bayview,Direct Mail,campaign,129,10,7,3,23975,6175
2024-11,Harbor Motor Group,Harbor Toyota Bayview,Walk In,showroom,80,28,20,8,112477,
2024-11,Harbor Motor Group,Harbor Toyota Bayview,Inbound Phone,phone,146,25,18,7,68201,
2024-11,Harbor Motor Group,Harbor Toyota Bayview,Website Chat,chat,74,4,2,2,10570,855
2024-11,Harbor Motor Group,Harbor Toyota Bayview,Facebook Marketplace,internet,71,5,3,2,11892,1330
2024-11,Harbor Motor Group,Harbor Toyota Bayview,True Car,internet,81,9,5,4,21741,2470
2024-11,Harbor Motor Group,Harbor Toyota Bayview,Radio Spot,campaign,2,0,0,0,0,380
2024-11,Summit Auto Group,Summit BMW,Autotrader,internet,294,17,9,8,85737,3486
2024-11,Summit Auto Group,Summit BMW,Cars .com,internet,159,17,9,8,72139,2573
2024-11,Summit Auto Group,Summit BMW,cargurus.com,internet,173,8,4,4,35199,3154
2024-11,Summit Auto Group,Summit BMW,Dealer Website,internet,371,41,23,18,193002,
2024-11,Summit Auto Group,Summit BMW,Lease Return,campaign,56,16,12,4,47344,
2024-11,Summit Auto Group,Summit BMW,Service Conquest,service,43,6,4,2,21858,
2024-11,Summit Auto Group,Summit BMW,Direct Mail,campaign,105,13,9,4,56037,5395
2024-11,Summit Auto Group,Summit BMW,Walk-In,showroom,74,29,21,8,160139,
2024-11,Summit Auto Group,Summit BMW,Inbound Phone,phone,123,22,16,6,102635,
2024-11,Summit Auto Group,Summit BMW,Chat,chat,81,6,3,3,27525,747
2024-11,Summit Auto Group,Summit BMW,Facebook,internet,64,3,2,1,9929,1162
2024-11,Summit Auto Group,Summit BMW,TrueCar,internet,91,6,3,3,21564,2158
2024-11,Summit Auto Group,Summit BMW,Radio,campaign,2,0,0,0,0,332
2024-11,Summit Auto Group,Summit Chevrolet Glenpark,ATC,internet,252,16,9,7,40411,3276
2024-11,Summit Auto Group,Summit Chevrolet Glenpark,Cars .com,internet,138,10,6,4,26348,2418
2024-11,Summit Auto Group,Summit Chevrolet Glenpark,cargurus.com,internet,145,13,7,6,33926,2964
2024-11,Summit Auto Group,Summit Chevrolet Glenpark,Dealer Website,internet,321,33,18,15,99257,
2024-11,Summit Auto Group,Summit Chevrolet Glenpark,Lease Return,campaign,43,17,12,5,32857,
2024-11,Summit Auto Group,Summit Chevrolet Glenpark,Svc Conquest,service,53,5,4,1,11592,
2024-11,Summit Auto Group,Summit Chevrolet Glenpark,Direct Mail,campaign,87,4,3,1,11091,5070
2024-11,Summit Auto Group,Summit Chevrolet Glenpark,Walk In,showroom,70,26,19,7,101170,
2024-11,Summit Auto Group,Summit Chevrolet Glenpark,Inbound Phone,phone,119,36,26,10,101251,
2024-11,Summit Auto Group,Summit Chevrolet Glenpark,Chat,chat,63,5,3,2,11221,702
2024-11,Summit Auto Group,Summit Chevrolet Glenpark,FB Marketplace,internet,57,4,2,2,8873,1092
2024-11,Summit Auto Group,Summit Chevrolet Glenpark,TrueCar,internet,65,6,3,3,13226,2028
2024-11,Summit Auto Group,Summit Chevrolet Glenpark,Radio Spot,campaign,2,0,0,0,0,312
2024-11,Summit Auto Group,Summit Ford Rivera,ATC,internet,317,26,14,12,74445,3864
2024-11,Summit Auto Group,Summit Ford Rivera,Cars.com,internet,184,11,6,5,29004,2852
2024-11,Summit Auto Group,Summit Ford Rivera,cargurus.com,internet,210,11,6,5,30815,3496
2024-11,Summit Auto Group,Summit Ford Rivera,Website,internet,377,33,18,15,123607,
2024-11,Summit Auto Group,Summit Ford Rivera,Lease Retention,campaign,55,12,9,3,22145,
2024-11,Summit Auto Group,Summit Ford Rivera,Service Conquest,service,55,11,8,3,26287,
2024-11,Summit Auto Group,Summit Ford Rivera,Direct Mail Q1,campaign,101,8,6,2,20431,5980
2024-11,Summit Auto Group,Summit Ford Rivera,Showroom,showroom,97,35,25,10,130374,
2024-11,Summit Auto Group,Summit Ford Rivera,Inbound Phone,phone,131,27,19,8,91307,
2024-11,Summit Auto Group,Summit Ford Rivera,Live Chat,chat,75,6,3,3,14424,828
2024-11,Summit Auto Group,Summit Ford Rivera,Facebook,internet,82,7,4,3,16212,1288
2024-11,Summit Auto Group,Summit Ford Rivera,TrueCar,internet,77,5,3,2,13045,2392
2024-11,Summit Auto Group,Summit Ford Rivera,Radio,campaign,3,1,1,0,2452,368
2024-11,Summit Auto Group,Summit Honda Westland,auto trader,internet,295,20,11,9,65302,3612
2024-11,Summit Auto Group,Summit Honda Westland,Cars.com,internet,157,14,8,6,48126,2666
2024-11,Summit Auto Group,Summit Honda Westland,CarGurus,internet,158,12,7,5,33536,3268
2024-11,Summit Auto Group,Summit Honda Westland,Dealer Website,internet,369,37,20,17,133570,
2024-11,Summit Auto Group,Summit Honda Westland,Lease Return,campaign,58,18,13,5,34161,
2024-11,Summit Auto Group,Summit Honda Westland,Svc Conquest,service,46,10,7,3,23648,
2024-11,Summit Auto Group,Summit Honda Westland,Direct Mail Q1,campaign,97,4,3,1,9626,5590
2024-11,Summit Auto Group,Summit Honda Westland,Walk In,showroom,88,33,24,9,120567,
2024-11,Summit Auto Group,Summit Honda Westland,Inbound Calls,phone,106,20,14,6,61561,
2024-11,Summit Auto Group,Summit Honda Westland,Website Chat,chat,74,7,4,3,17382,774
2024-11,Summit Auto Group,Summit Honda Westland,Facebook,internet,66,2,1,1,4810,1204
2024-11,Summit Auto Group,Summit Honda Westland,True Car,internet,76,6,3,3,13895,2236
2024-11,Summit Auto Group,Summit Honda Westland,Radio Spot,campaign,2,0,0,0,0,344
2024-11,Summit Auto Group,Summit Hyundai Oakhurst,ATC,internet,166,15,8,7,45708,2436
2024-11,Summit Auto Group,Summit Hyundai Oakhurst,Cars .com,internet,107,14,8,6,46461,1797
2024-11,Summit Auto Group,Summit Hyundai Oakhurst,CarGurus,internet,123,8,4,4,25163,2204
2024-11,Summit Auto Group,Summit Hyundai Oakhurst,Website,internet,259,45,25,20,171529,
2024-11,Summit Auto Group,Summit Hyundai Oakhurst,Lease Return,campaign,32,12,9,3,19308,
2024-11,Summit Auto Group,Summit Hyundai Oakhurst,Svc Conquest,service,31,5,4,1,11318,
2024-11,Summit Auto Group,Summit Hyundai Oakhurst,Direct Mail Q1,campaign,78,3,2,1,8242,3769
2024-11,Summit Auto Group,Summit Hyundai Oakhurst,Showroom,showroom,51,21,15,6,79484,
2024-11,Summit Auto Group,Summit Hyundai Oakhurst,Inbound Calls,phone,70,13,9,4,45959,
2024-11,Summit Auto Group,Summit Hyundai Oakhurst,Live Chat,chat,44,6,3,3,14041,522
2024-11,Summit Auto Group,Summit Hyundai Oakhurst,Facebook,internet,43,1,1,0,2069,812
2024-11,Summit Auto Group,Summit Hyundai Oakhurst,True Car,internet,59,6,3,3,13126,1508
2024-11,Summit Auto Group,Summit Hyundai Oakhurst,Radio,campaign,1,0,0,0,0,231
2024-11,Summit Auto Group,Summit Jeep Ram Clearwater,AutoTrader.com,internet,237,18,10,8,49659,2982
2024-11,Summit Auto Group,Summit Jeep Ram Clearwater,Cars .com,internet,153,15,8,7,46265,2201
2024-11,Summit Auto Group,Summit Jeep Ram Clearwater,Car Gurus,internet,156,12,7,5,33123,2698
2024-11,Summit Auto Group,Summit Jeep Ram Clearwater,Website,internet,282,32,18,14,117020,
2024-11,Summit Auto Group,Summit Jeep Ram Clearwater,Lease Return,campaign,45,11,8,3,19238,
2024-11,Summit Auto Group,Summit Jeep Ram Clearwater,Svc Conquest,service,47,11,8,3,22375,
2024-11,Summit Auto Group,Summit Jeep Ram Clearwater,Direct Mail,campaign,93,10,7,3,25627,4615
2024-11,Summit Auto Group,Summit Jeep Ram Clearwater,Walk In,showroom,75,25,18,7,83726,
2024-11,Summit Auto Group,Summit Jeep Ram Clearwater,Inbound Calls,phone,85,16,12,4,52386,
2024-11,Summit Auto Group,Summit Jeep Ram Clearwater,Live Chat,chat,60,5,3,2,11430,639
2024-11,Summit Auto Group,Summit Jeep Ram Clearwater,Facebook,internet,73,3,2,1,6983,994
2024-11,Summit Auto Group,Summit Jeep Ram Clearwater,True Car,internet,68,4,2,2,10432,1846
2024-11,Summit Auto Group,Summit Jeep Ram Clearwater,Radio,campaign,2,0,0,0,0,284
2024-11,Summit Auto Group,Summit Kia Brookfield,AutoTrader.com,internet,157,12,7,5,39010,2310
2024-11,Summit Auto Group,Summit Kia Brookfield,CARS,internet,117,8,4,4,22607,1705
2024-11,Summit Auto Group,Summit Kia Brookfield,Car Gurus,internet,131,8,4,4,24523,2090
2024-11,Summit Auto Group,Summit Kia Brookfield,OEM Website,internet,243,30,16,14,90843,
2024-11,Summit Auto Group,Summit Kia Brookfield,Lease Return,campaign,34,15,11,4,23981,
2024-11,Summit Auto Group,Summit Kia Brookfield,Service Conquest,service,32,4,3,1,9461,
2024-11,Summit Auto Group,Summit Kia Brookfield,Direct Mail Q1,campaign,70,8,6,2,20979,3575
2024-11,Summit Auto Group,Summit Kia Brookfield,Showroom,showroom,58,20,14,6,75682,
2024-11,Summit Auto Group,Summit Kia Brookfield,Inbound Calls,phone,73,9,6,3,27714,
2024-11,Summit Auto Group,Summit Kia Brookfield,Live Chat,chat,49,3,2,1,8104,495
2024-11,Summit Auto Group,Summit Kia Brookfield,Facebook,internet,41,0,0,0,0,770
2024-11,Summit Auto Group,Summit Kia Brookfield,True Car,internet,53,3,2,1,6910,1430
2024-11,Summit Auto Group,Summit Kia Brookfield,Radio Spot,campaign,2,0,0,0,0,220
2024-11,Summit Auto Group,Summit Mazda Lakeside,AutoTrader.com,internet,137,8,4,4,21543,1848
2024-11,Summit Auto Group,Summit Mazda Lakeside,Cars.com,internet,95,3,2,1,10447,1364
2024-11,Summit Auto Group,Summit Mazda Lakeside,CarGurus,internet,96,10,6,4,28965,1672
2024-11,Summit Auto Group,Summit Mazda Lakeside,Dealer Website,internet,153,13,7,6,39513,
2024-11,Summit Auto Group,Summit Mazda Lakeside,Lease Return,campaign,26,7,5,2,11234,
2024-11,Summit Auto Group,Summit Mazda Lakeside,Svc Conquest,service,21,5,4,1,9685,
2024-11,Summit Auto Group,Summit Mazda Lakeside,Direct Mail,campaign,50,5,4,1,13046,2860
2024-11,Summit Auto Group,Summit Mazda Lakeside,Walk In,showroom,38,17,12,5,55345,
2024-11,Summit Auto Group,Summit Mazda Lakeside,Phone Up,phone,54,9,6,3,27520,
2024-11,Summit Auto Group,Summit Mazda Lakeside,Website Chat,chat,33,2,1,1,5806,396
2024-11,Summit Auto Group,Summit Mazda Lakeside,Facebook,internet,40,2,1,1,4782,616
2024-11,Summit Auto Group,Summit Mazda Lakeside,True Car,internet,41,2,1,1,5276,1144
2024-11,Summit Auto Group,Summit Mazda Lakeside,Radio Spot,campaign,1,0,0,0,0,176
2024-11,Summit Auto Group,Summit Nissan Ridgemont,auto trader,internet,187,12,7,5,35600,2688
2024-11,Summit Auto Group,Summit Nissan Ridgemont,CARS,internet,117,11,6,5,32390,1984
2024-11,Summit Auto Group,Summit Nissan Ridgemont,CarGurus,internet,152,11,6,5,31610,2432
2024-11,Summit Auto Group,Summit Nissan Ridgemont,Dealer Website,internet,264,25,14,11,76460,
2024-11,Summit Auto Group,Summit Nissan Ridgemont,Lease Retention,campaign,33,8,6,2,12083,
2024-11,Summit Auto Group,Summit Nissan Ridgemont,Svc Conquest,service,40,6,4,2,12068,
2024-11,Summit Auto Group,Summit Nissan Ridgemont,Direct Mail Q1,campaign,70,12,9,3,32637,4160
2024-11,Summit Auto Group,Summit Nissan Ridgemont,Walk-In,showroom,67,27,19,8,85503,
2024-11,Summit Auto Group,Summit Nissan Ridgemont,Inbound Calls,phone,80,16,12,4,48271,
2024-11,Summit Auto Group,Summit Nissan Ridgemont,Live Chat,chat,60,6,3,3,16575,576
2024-11,Summit Auto Group,Summit Nissan Ridgemont,Facebook,internet,62,2,1,1,4481,896
2024-11,Summit Auto Group,Summit Nissan Ridgemont,TrueCar,internet,59,5,3,2,13421,1664
2024-11,Summit Auto Group,Summit Nissan Ridgemont,Radio,campaign,2,0,0,0,0,256
2024-11,Summit Auto Group,Summit Subaru Northgate,Autotrader,internet,142,12,7,5,33469,2058
2024-11,Summit Auto Group,Summit Subaru Northgate,CARS,internet,100,7,4,3,23930,1519
2024-11,Summit Auto Group,Summit Subaru Northgate,CarGurus,internet,115,5,3,2,12796,1862
2024-11,Summit Auto Group,Summit Subaru Northgate,OEM Website,internet,185,19,10,9,59896,
2024-11,Summit Auto Group,Summit Subaru Northgate,Lease Return,campaign,28,10,7,3,17100,
2024-11,Summit Auto Group,Summit Subaru Northgate,Svc Conquest,service,24,4,3,1,8025,
2024-11,Summit Auto Group,Summit Subaru Northgate,Direct Mail Q1,campaign,63,6,4,2,13991,3185
2024-11,Summit Auto Group,Summit Subaru Northgate,Walk-In,showroom,49,16,12,4,49495,
2024-11,Summit Auto Group,Summit Subaru Northgate,Phone Up,phone,64,12,9,3,34719,
2024-11,Summit Auto Group,Summit Subaru Northgate,Website Chat,chat,43,4,2,2,11181,441
2024-11,Summit Auto Group,Summit Subaru Northgate,Facebook Marketplace,internet,41,1,1,0,2315,686
2024-11,Summit Auto Group,Summit Subaru Northgate,True Car,internet,40,0,0,0,0,1274
2024-11,Summit Auto Group,Summit Subaru Northgate,Radio,campaign,1,0,0,0,0,196
2024-11,Summit Auto Group,Summit Toyota of Fairview,auto trader,internet,285,16,9,7,40479,4200
2024-11,Summit Auto Group,Summit Toyota of Fairview,CARS,internet,215,19,10,9,51813,3100
2024-11,Summit Auto Group,Summit Toyota of Fairview,Car Gurus,internet,206,16,9,7,40346,3800
2024-11,Summit Auto Group,Summit Toyota of Fairview,Dealer Website,internet,435,48,26,22,173263,
2024-11,Summit Auto Group,Summit Toyota of Fairview,Lease Retention,campaign,63,17,12,5,27097,
2024-11,Summit Auto Group,Summit Toyota of Fairview,Svc Conquest,service,50,13,9,4,29089,
2024-11,Summit Auto Group,Summit Toyota of Fairview,Direct Mail Q1,campaign,132,10,7,3,22588,6500
2024-11,Summit Auto Group,Summit Toyota of Fairview,Showroom,showroom,85,30,22,8,95098,
2024-11,Summit Auto Group,Summit Toyota of Fairview,Inbound Calls,phone,135,25,18,7,88629,
2024-11,Summit Auto Group,Summit Toyota of Fairview,Chat,chat,94,12,7,5,34386,900
2024-11,Summit Auto Group,Summit Toyota of Fairview,FB Marketplace,internet,105,4,2,2,8207,1400
2024-11,Summit Auto Group,Summit Toyota of Fairview,True Car,internet,105,3,2,1,8251,2600
2024-11,Summit Auto Group,Summit Toyota of Fairview,Radio Spot,campaign,3,0,0,0,0,400
2024-11,Summit Auto Group,Summit Volkswagen Eastdale,auto trader,internet,127,5,3,2,12690,1680
2024-11,Summit Auto Group,Summit Volkswagen Eastdale,Cars .com,internet,83,7,4,3,24249,1240
2024-11,Summit Auto Group,Summit Volkswagen Eastdale,Car Gurus,internet,89,6,3,3,16551,1520
2024-11,Summit Auto Group,Summit Volkswagen Eastdale,Dealer Website,internet,144,20,11,9,61073,
2024-11,Summit Auto Group,Summit Volkswagen Eastdale,Lease Retention,campaign,26,8,6,2,13925,
2024-11,Summit Auto Group,Summit Volkswagen Eastdale,Service Conquest,service,25,4,3,1,7732,
2024-11,Summit Auto Group,Summit Volkswagen Eastdale,Direct Mail Q1,campaign,48,10,7,3,26794,2600
2024-11,Summit Auto Group,Summit Volkswagen Eastdale,Walk-In,showroom,34,14,10,4,54201,
2024-11,Summit Auto Group,Summit Volkswagen Eastdale,Phone Up,phone,48,16,12,4,53428,
2024-11,Summit Auto Group,Summit Volkswagen Eastdale,Chat,chat,40,2,1,1,5289,360
2024-11,Summit Auto Group,Summit Volkswagen Eastdale,Facebook,internet,30,3,2,1,7335,560
2024-11,Summit Auto Group,Summit Volkswagen Eastdale,True Car,internet,33,1,1,0,2394,1040
2024-11,Summit Auto Group,Summit Volkswagen Eastdale,Radio Spot,campaign,1,0,0,0,0,160
2024-12,Harbor Motor Group,Harbor BMW,auto trader,internet,249,14,8,6,59054,3276
2024-12,Harbor Motor Group,Harbor BMW,Cars.com,internet,169,14,8,6,65180,2418
2024-12,Harbor Motor Group,Harbor BMW,Car Gurus,internet,175,12,7,5,58224,2964
2024-12,Harbor Motor Group,Harbor BMW,Dealer Website,internet,288,35,19,16,214763,
2024-12,Harbor Motor Group,Harbor BMW,Lease Retention,campaign,44,7,5,2,17630,
2024-12,Harbor Motor Group,Harbor BMW,Svc Conquest,service,50,9,6,3,26509,
2024-12,Harbor Motor Group,Harbor BMW,Direct Mail Q1,campaign,99,4,3,1,14056,5070
2024-12,Harbor Motor Group,Harbor BMW,Walk In,showroom,73,35,25,10,217822,
2024-12,Harbor Motor Group,Harbor BMW,Phone Up,phone,111,25,18,7,118038,
2024-12,Harbor Motor Group,Harbor BMW,Website Chat,chat,59,6,3,3,22754,702
2024-12,Harbor Motor Group,Harbor BMW,Facebook Marketplace,internet,185,5,3,2,18997,1092
2024-12,Harbor Motor Group,Harbor BMW,True Car,internet,65,7,4,3,27003,2028
2024-12,Harbor Motor Group,Harbor BMW,Radio Spot,campaign,2,0,0,0,0,312
2024-12,Harbor Motor Group,Harbor Chevrolet Marina,auto trader,internet,205,9,5,4,23352,2940
2024-12,Harbor Motor Group,Harbor Chevrolet Marina,Cars.com,internet,151,13,7,6,44591,2170
2024-12,Harbor Motor Group,Harbor Chevrolet Marina,Car Gurus,internet,144,13,7,6,37358,2660
2024-12,Harbor Motor Group,Harbor Chevrolet Marina,OEM Website,internet,258,31,17,14,116719,
2024-12,Harbor Motor Group,Harbor Chevrolet Marina,Lease Retention,campaign,40,12,9,3,22921,
2024-12,Harbor Motor Group,Harbor Chevrolet Marina,Service Conquest,service,45,6,4,2,14197,
2024-12,Harbor Motor Group,Harbor Chevrolet Marina,Direct Mail Q1,campaign,97,10,7,3,27038,4550
2024-12,Harbor Motor Group,Harbor Chevrolet Marina,Walk-In,showroom,63,22,16,6,68639,
2024-12,Harbor Motor Group,Harbor Chevrolet Marina,Inbound Calls,phone,86,15,11,4,40683,
2024-12,Harbor Motor Group,Harbor Chevrolet Marina,Live Chat,chat,57,5,3,2,12238,630
2024-12,Harbor Motor Group,Harbor Chevrolet Marina,FB Marketplace,internet,170,10,6,4,24421,979
2024-12,Harbor Motor Group,Harbor Chevrolet Marina,True Car,internet,71,6,3,3,14616,1819
2024-12,Harbor Motor Group,Harbor Chevrolet Marina,Radio Spot,campaign,2,0,0,0,0,280
2024-12,Harbor Motor Group,Harbor Ford Portside,auto trader,internet,255,17,9,8,47118,3696
2024-12,Harbor Motor Group,Harbor Ford Portside,Cars .com,internet,180,23,13,10,78863,2728
2024-12,Harbor Motor Group,Harbor Ford Portside,CarGurus,internet,186,12,7,5,37943,3344
2024-12,Harbor Motor Group,Harbor Ford Portside,OEM Website,internet,309,35,19,16,122560,
2024-12,Harbor Motor Group,Harbor Ford Portside,Lease Return,campaign,59,19,14,5,31025,
2024-12,Harbor Motor Group,Harbor Ford Portside,Svc Conquest,service,49,15,11,4,28975,
2024-12,Harbor Motor Group,Harbor Ford Portside,Direct Mail,campaign,118,11,8,3,26221,5720
2024-12,Harbor Motor Group,Harbor Ford Portside,Showroom,showroom,77,29,21,8,102110,
2024-12,Harbor Motor Group,Harbor Ford Portside,Inbound Calls,phone,110,26,19,7,80829,
2024-12,Harbor Motor Group,Harbor Ford Portside,Live Chat,chat,88,7,4,3,18685,792
2024-12,Harbor Motor Group,Harbor Ford Portside,Facebook Marketplace,internet,191,12,7,5,24746,1232
2024-12,Harbor Motor Group,Harbor Ford Portside,TrueCar,internet,82,6,3,3,16806,2288
2024-12,Harbor Motor Group,Harbor Ford Portside,Radio Spot,campaign,3,0,0,0,0,352
2024-12,Harbor Motor Group,Harbor Honda Seaside,ATC,internet,246,24,13,11,67889,3360
2024-12,Harbor Motor Group,Harbor Honda Seaside,Cars .com,internet,147,6,3,3,18386,2480
2024-12,Harbor Motor Group,Harbor Honda Seaside,CarGurus,internet,166,15,8,7,45622,3040
2024-12,Harbor Motor Group,Harbor Honda Seaside,Dealer Website,internet,292,33,18,15,124090,
2024-12,Harbor Motor Group,Harbor Honda Seaside,Lease Retention,campaign,43,10,7,3,16377,
2024-12,Harbor Motor Group,Harbor Honda Seaside,Svc Conquest,service,48,7,5,2,13762,
2024-12,Harbor Motor Group,Harbor Honda Seaside,Direct Mail Q1,campaign,118,7,5,2,15381,5200
2024-12,Harbor Motor Group,Harbor Honda Seaside,Showroom,showroom,85,28,20,8,87530,
2024-12,Harbor Motor Group,Harbor Honda Seaside,Phone Up,phone,108,25,18,7,77315,
2024-12,Harbor Motor Group,Harbor Honda Seaside,Live Chat,chat,69,4,2,2,11219,720
2024-12,Harbor Motor Group,Harbor Honda Seaside,Facebook,internet,195,15,8,7,34716,1120
2024-12,Harbor Motor Group,Harbor Honda Seaside,TrueCar,internet,73,6,3,3,14546,2080
2024-12,Harbor Motor Group,Harbor Honda Seaside,Radio,campaign,2,0,0,0,0,320
2024-12,Harbor Motor Group,Harbor Jeep Ram Anchor,AutoTrader.com,internet,217,14,8,6,39752,2772
2024-12,Harbor Motor Group,Harbor Jeep Ram Anchor,Cars .com,internet,143,8,4,4,22356,2046
2024-12,Harbor Motor Group,Harbor Jeep Ram Anchor,cargurus.com,internet,137,8,4,4,21801,2508
2024-12,Harbor Motor Group,Harbor Jeep Ram Anchor,OEM Website,internet,310,32,18,14,97424,
2024-12,Harbor Motor Group,Harbor Jeep Ram Anchor,Lease Retention,campaign,42,16,12,4,23205,
2024-12,Harbor Motor Group,Harbor Jeep Ram Anchor,Svc Conquest,service,45,7,5,2,14264,
2024-12,Harbor Motor Group,Harbor Jeep Ram Anchor,Direct Mail,campaign,92,6,4,2,15558,4290
2024-12,Harbor Motor Group,Harbor Jeep Ram Anchor,Walk-In,showroom,56,13,9,4,52828,
2024-12,Harbor Motor Group,Harbor Jeep Ram Anchor,Phone Up,phone,105,14,10,4,42097,
2024-12,Harbor Motor Group,Harbor Jeep Ram Anchor,Chat,chat,52,2,1,1,5562,594
2024-12,Harbor Motor Group,Harbor Jeep Ram Anchor,Facebook,internet,152,7,4,3,16966,924
2024-12,Harbor Motor Group,Harbor Jeep Ram Anchor,TrueCar,internet,60,4,2,2,9253,1716
2024-12,Harbor Motor Group,Harbor Jeep Ram Anchor,Radio Spot,campaign,1,0,0,0,0,264
2024-12,Harbor Motor Group,Harbor Kia Lighthouse,ATC,internet,159,8,4,4,25925,2184
2024-12,Harbor Motor Group,Harbor Kia Lighthouse,CARS,internet,84,4,2,2,10957,1612
2024-12,Harbor Motor Group,Harbor Kia Lighthouse,CarGurus,internet,112,3,2,1,9237,1976
2024-12,Harbor Motor Group,Harbor Kia Lighthouse,Dealer Website,internet,244,21,12,9,81343,
2024-12,Harbor Motor Group,Harbor Kia Lighthouse,Lease Retention,campaign,30,7,5,2,12644,
2024-12,Harbor Motor Group,Harbor Kia Lighthouse,Svc Conquest,service,27,4,3,1,8447,
2024-12,Harbor Motor Group,Harbor Kia Lighthouse,Direct Mail,campaign,77,8,6,2,19807,3380
2024-12,Harbor Motor Group,Harbor Kia Lighthouse,Walk In,showroom,42,18,13,5,65556,
2024-12,Harbor Motor Group,Harbor Kia Lighthouse,Inbound Calls,phone,83,21,15,6,68241,
2024-12,Harbor Motor Group,Harbor Kia Lighthouse,Website Chat,chat,45,1,1,0,2231,468
2024-12,Harbor Motor Group,Harbor Kia Lighthouse,Facebook,internet,123,7,4,3,14443,728
2024-12,Harbor Motor Group,Harbor Kia Lighthouse,True Car,internet,50,2,1,1,4975,1352
2024-12,Harbor Motor Group,Harbor Kia Lighthouse,Radio Spot,campaign,1,0,0,0,0,208
2024-12,Harbor Motor Group,Harbor Subaru Tidewater,auto trader,internet,133,13,7,6,41743,1974
2024-12,Harbor Motor Group,Harbor Subaru Tidewater,Cars .com,internet,98,9,5,4,27721,1457
2024-12,Harbor Motor Group,Harbor Subaru Tidewater,Car Gurus,internet,107,9,5,4,28431,1786
2024-12,Harbor Motor Group,Harbor Subaru Tidewater,Dealer Website,internet,180,19,10,9,56918,
2024-12,Harbor Motor Group,Harbor Subaru Tidewater,Lease Return,campaign,29,8,6,2,12238,
2024-12,Harbor Motor Group,Harbor Subaru Tidewater,Service Conquest,service,25,5,4,1,11549,
2024-12,Harbor Motor Group,Harbor Subaru Tidewater,Direct Mail Q1,campaign,54,7,5,2,19495,3055
2024-12,Harbor Motor Group,Harbor Subaru Tidewater,Showroom,showroom,38,11,8,3,36033,
2024-12,Harbor Motor Group,Harbor Subaru Tidewater,Phone Up,phone,69,22,16,6,75786,
2024-12,Harbor Motor Group,Harbor Subaru Tidewater,Website Chat,chat,36,3,2,1,8002,423
2024-12,Harbor Motor Group,Harbor Subaru Tidewater,FB Marketplace,internet,116,9,5,4,19731,658
2024-12,Harbor Motor Group,Harbor Subaru Tidewater,True Car,internet,48,4,2,2,8999,1222
2024-12,Harbor Motor Group,Harbor Subaru Tidewater,Radio Spot,campaign,1,0,0,0,0,188
2024-12,Harbor Motor Group,Harbor Toyota Bayview,Autotrader,internet,339,30,16,14,94016,3990
2024-12,Harbor Motor Group,Harbor Toyota Bayview,Cars .com,internet,167,14,8,6,41399,2945
2024-12,Harbor Motor Group,Harbor Toyota Bayview,cargurus.com,internet,215,10,6,4,28491,3610
2024-12,Harbor Motor Group,Harbor Toyota Bayview,OEM Website,internet,425,51,28,23,181135,
2024-12,Harbor Motor Group,Harbor Toyota Bayview,Lease Return,campaign,48,18,13,5,34714,
2024-12,Harbor Motor Group,Harbor Toyota Bayview,Svc Conquest,service,64,11,8,3,20750,
2024-12,Harbor Motor Group,Harbor Toyota Bayview,Direct Mail,campaign,138,7,5,2,16454,6175
2024-12,Harbor Motor Group,Harbor Toyota Bayview,Walk In,showroom,79,22,16,6,71617,
2024-12,Harbor Motor Group,Harbor Toyota Bayview,Inbound Phone,phone,116,20,14,6,57246,
2024-12,Harbor Motor Group,Harbor Toyota Bayview,Website Chat,chat,92,9,5,4,22228,855
2024-12,Harbor Motor Group,Harbor Toyota Bayview,Facebook Marketplace,internet,214,9,5,4,20961,1330
2024-12,Harbor Motor Group,Harbor Toyota Bayview,True Car,internet,86,4,2,2,10344,2470
2024-12,Harbor Motor Group,Harbor Toyota Bayview,Radio Spot,campaign,3,0,0,0,0,380
2024-12,Summit Auto Group,Summit BMW,Autotrader,internet,260,20,11,9,93501,3486
2024-12,Summit Auto Group,Summit BMW,Cars .com,internet,154,14,8,6,65819,2573
2024-12,Summit Auto Group,Summit BMW,cargurus.com,internet,187,10,6,4,41545,3154
2024-12,Summit Auto Group,Summit BMW,Dealer Website,internet,389,43,24,19,206287,
2024-12,Summit Auto Group,Summit BMW,Lease Return,campaign,45,16,12,4,47272,
2024-12,Summit Auto Group,Summit BMW,Service Conquest,service,54,10,7,3,37424,
2024-12,Summit Auto Group,Summit BMW,Direct Mail,campaign,100,12,9,3,49305,5395
2024-12,Summit Auto Group,Summit BMW,Walk-In,showroom,85,27,19,8,161042,
2024-12,Summit Auto Group,Summit BMW,Inbound Phone,phone,104,19,14,5,106162,
2024-12,Summit Auto Group,Summit BMW,Chat,chat,62,6,3,3,21375,747
2024-12,Summit Auto Group,Summit BMW,Facebook,internet,182,5,3,2,16360,1162
2024-12,Summit Auto Group,Summit BMW,TrueCar,internet,79,4,2,2,16787,2158
2024-12,Summit Auto Group,Summit BMW,Radio,campaign,3,0,0,0,0,332
2024-12,Summit Auto Group,Summit Chevrolet Glenpark,ATC,internet,214,15,8,7,41762,3276
2024-12,Summit Auto Group,Summit Chevrolet Glenpark,Cars .com,internet,155,10,6,4,30401,2418
2024-12,Summit Auto Group,Summit Chevrolet Glenpark,cargurus.com,internet,166,10,6,4,29307,2964
2024-12,Summit Auto Group,Summit Chevrolet Glenpark,Dealer Website,internet,351,34,19,15,127077,
2024-12,Summit Auto Group,Summit Chevrolet Glenpark,Lease Return,campaign,47,14,10,4,23324,
2024-12,Summit Auto Group,Summit Chevrolet Glenpark,Svc Conquest,service,40,14,10,4,30507,
2024-12,Summit Auto Group,Summit Chevrolet Glenpark,Direct Mail,campaign,100,8,6,2,17823,5070
2024-12,Summit Auto Group,Summit Chevrolet Glenpark,Walk In,showroom,84,29,21,8,110496,
2024-12,Summit Auto Group,Summit Chevrolet Glenpark,Inbound Phone,phone,102,18,13,5,59967,
2024-12,Summit Auto Group,Summit Chevrolet Glenpark,Chat,chat,72,8,4,4,20062,702
2024-12,Summit Auto Group,Summit Chevrolet Glenpark,FB Marketplace,internet,184,15,8,7,29352,1092
2024-12,Summit Auto Group,Summit Chevrolet Glenpark,TrueCar,internet,67,1,1,0,2140,2028
2024-12,Summit Auto Group,Summit Chevrolet Glenpark,Radio Spot,campaign,2,0,0,0,0,312
2024-12,Summit Auto Group,Summit Ford Rivera,ATC,internet,259,16,9,7,41724,3864
2024-12,Summit Auto Group,Summit Ford Rivera,Cars.com,internet,168,19,10,9,66200,2852
2024-12,Summit Auto Group,Summit Ford Rivera,cargurus.com,internet,175,9,5,4,26888,3496
2024-12,Summit Auto Group,Summit Ford Rivera,Website,internet,364,33,18,15,97529,
2024-12,Summit Auto Group,Summit Ford Rivera,Lease Retention,campaign,47,16,12,4,29654,
2024-12,Summit Auto Group,Summit Ford Rivera,Service Conquest,service,53,10,7,3,23485,
2024-12,Summit Auto Group,Summit Ford Rivera,Direct Mail Q1,campaign,104,8,6,2,20667,5980
2024-12,Summit Auto Group,Summit Ford Rivera,Showroom,showroom,77,22,16,6,81448,
2024-12,Summit Auto Group,Summit Ford Rivera,Inbound Phone,phone,128,24,17,7,74260,
2024-12,Summit Auto Group,Summit Ford Rivera,Live Chat,chat,82,8,4,4,23359,828
2024-12,Summit Auto Group,Summit Ford Rivera,Facebook,internet,199,9,5,4,17624,1288
2024-12,Summit Auto Group,Summit Ford Rivera,TrueCar,internet,86,7,4,3,15119,2392
2024-12,Summit Auto Group,Summit Ford Rivera,Radio,campaign,2,1,1,0,2407,368
2024-12,Summit Auto Group,Summit Honda Westland,auto trader,internet,303,15,8,7,46165,3612
2024-12,Summit Auto Group,Summit Honda Westland,Cars.com,internet,157,19,10,9,62156,2666
2024-12,Summit Auto Group,Summit Honda Westland,CarGurus,internet,159,12,7,5,32320,3268
2024-12,Summit Auto Group,Summit Honda Westland,Dealer Website,internet,358,50,28,22,171590,
2024-12,Summit Auto Group,Summit Honda Westland,Lease Return,campaign,53,19,14,5,28698,
2024-12,Summit Auto Group,Summit Honda Westland,Svc Conquest,service,58,12,9,3,22107,
2024-12,Summit Auto Group,Summit Honda Westland,Direct Mail Q1,campaign,108,11,8,3,24317,5590
2024-12,Summit Auto Group,Summit Honda Westland,Walk In,showroom,86,28,20,8,108867,
2024-12,Summit Auto Group,Summit Honda Westland,Inbound Calls,phone,116,18,13,5,59237,
2024-12,Summit Auto Group,Summit Honda Westland,Website Chat,chat,81,12,7,5,29661,774
2024-12,Summit Auto Group,Summit Honda Westland,Facebook,internet,191,6,3,3,14158,1204
2024-12,Summit Auto Group,Summit Honda Westland,True Car,internet,68,3,2,1,7470,2236
2024-12,Summit Auto Group,Summit Honda Westland,Radio Spot,campaign,2,0,0,0,0,344
2024-12,Summit Auto Group,Summit Hyundai Oakhurst,ATC,internet,158,7,4,3,18137,2436
2024-12,Summit Auto Group,Summit Hyundai Oakhurst,Cars .com,internet,117,11,6,5,30216,1797
2024-12,Summit Auto Group,Summit Hyundai Oakhurst,CarGurus,internet,114,5,3,2,15489,2204
2024-12,Summit Auto Group,Summit Hyundai Oakhurst,Website,internet,217,25,14,11,75742,
2024-12,Summit Auto Group,Summit Hyundai Oakhurst,Lease Return,campaign,29,9,6,3,14291,
2024-12,Summit Auto Group,Summit Hyundai Oakhurst,Svc Conquest,service,35,11,8,3,21589,
2024-12,Summit Auto Group,Summit Hyundai Oakhurst,Direct Mail Q1,campaign,79,7,5,2,15939,3769
2024-12,Summit Auto Group,Summit Hyundai Oakhurst,Showroom,showroom,56,16,12,4,56161,
2024-12,Summit Auto Group,Summit Hyundai Oakhurst,Inbound Calls,phone,82,13,9,4,44180,
2024-12,Summit Auto Group,Summit Hyundai Oakhurst,Live Chat,chat,55,4,2,2,11853,522
2024-12,Summit Auto Group,Summit Hyundai Oakhurst,Facebook,internet,142,7,4,3,16600,812
2024-12,Summit Auto Group,Summit Hyundai Oakhurst,True Car,internet,56,3,2,1,7585,1508
2024-12,Summit Auto Group,Summit Hyundai Oakhurst,Radio,campaign,1,0,0,0,0,231
2024-12,Summit Auto Group,Summit Jeep Ram Clearwater,AutoTrader.com,internet,229,13,7,6,35799,2982
2024-12,Summit Auto Group,Summit Jeep Ram Clearwater,Cars .com,internet,138,12,7,5,31308,2201
2024-12,Summit Auto Group,Summit Jeep Ram Clearwater,Car Gurus,internet,135,9,5,4,27813,2698
2024-12,Summit Auto Group,Summit Jeep Ram Clearwater,Website,internet,271,37,20,17,141727,
2024-12,Summit Auto Group,Summit Jeep Ram Clearwater,Lease Return,campaign,37,11,8,3,21151,
2024-12,Summit Auto Group,Summit Jeep Ram Clearwater,Svc Conquest,service,46,11,8,3,26370,
2024-12,Summit Auto Group,Summit Jeep Ram Clearwater,Direct Mail,campaign,106,14,10,4,38143,4615
2024-12,Summit Auto Group,Summit Jeep Ram Clearwater,Walk In,showroom,70,24,17,7,78760,
2024-12,Summit Auto Group,Summit Jeep Ram Clearwater,Inbound Calls,phone,110,26,19,7,86316,
2024-12,Summit Auto Group,Summit Jeep Ram Clearwater,Live Chat,chat,55,2,1,1,5204,639
2024-12,Summit Auto Group,Summit Jeep Ram Clearwater,Facebook,internet,165,6,3,3,11220,994
2024-12,Summit Auto Group,Summit Jeep Ram Clearwater,True Car,internet,58,5,3,2,13352,1846
2024-12,Summit Auto Group,Summit Jeep Ram Clearwater,Radio,campaign,2,0,0,0,0,284
2024-12,Summit Auto Group,Summit Kia Brookfield,AutoTrader.com,internet,198,23,13,10,59606,2310
2024-12,Summit Auto Group,Summit Kia Brookfield,CARS,internet,111,9,5,4,31074,1705
2024-12,Summit Auto Group,Summit Kia Brookfield,Car Gurus,internet,118,10,6,4,25649,2090
2024-12,Summit Auto Group,Summit Kia Brookfield,OEM Website,internet,243,34,19,15,120132,
2024-12,Summit Auto Group,Summit Kia Brookfield,Lease Return,campaign,34,8,6,2,11931,
2024-12,Summit Auto Group,Summit Kia Brookfield,Service Conquest,service,30,9,6,3,19959,
2024-12,Summit Auto Group,Summit Kia Brookfield,Direct Mail Q1,campaign,80,5,4,1,12927,3575
2024-12,Summit Auto Group,Summit Kia Brookfield,Showroom,showroom,59,18,13,5,73790,
2024-12,Summit Auto Group,Summit Kia Brookfield,Inbound Calls,phone,75,8,6,2,28187,
2024-12,Summit Auto Group,Summit Kia Brookfield,Live Chat,chat,45,3,2,1,7461,495
2024-12,Summit Auto Group,Summit Kia Brookfield,Facebook,internet,127,5,3,2,10498,770
2024-12,Summit Auto Group,Summit Kia Brookfield,True Car,internet,57,3,2,1,7839,1430
2024-12,Summit Auto Group,Summit Kia Brookfield,Radio Spot,campaign,1,0,0,0,0,220
2024-12,Summit Auto Group,Summit Mazda Lakeside,AutoTrader.com,internet,126,17,9,8,45565,1848
2024-12,Summit Auto Group,Summit Mazda Lakeside,Cars.com,internet,83,7,4,3,23143,1364
2024-12,Summit Auto Group,Summit Mazda Lakeside,CarGurus,internet,86,4,2,2,10613,1672
2024-12,Summit Auto Group,Summit Mazda Lakeside,Dealer Website,internet,162,24,13,11,88515,
2024-12,Summit Auto Group,Summit Mazda Lakeside,Lease Return,campaign,24,8,6,2,14792,
2024-12,Summit Auto Group,Summit Mazda Lakeside,Svc Conquest,service,25,7,5,2,15028,
2024-12,Summit Auto Group,Summit Mazda Lakeside,Direct Mail,campaign,65,8,6,2,21472,2860
2024-12,Summit Auto Group,Summit Mazda Lakeside,Walk In,showroom,40,15,11,4,60085,
2024-12,Summit Auto Group,Summit Mazda Lakeside,Phone Up,phone,53,14,10,4,40480,
2024-12,Summit Auto Group,Summit Mazda Lakeside,Website Chat,chat,37,3,2,1,7969,396
2024-12,Summit Auto Group,Summit Mazda Lakeside,Facebook,internet,101,4,2,2,7679,616
2024-12,Summit Auto Group,Summit Mazda Lakeside,True Car,internet,36,3,2,1,7292,1144
2024-12,Summit Auto Group,Summit Mazda Lakeside,Radio Spot,campaign,1,0,0,0,0,176
2024-12,Summit Auto Group,Summit Nissan Ridgemont,auto trader,internet,206,13,7,6,36639,2688
2024-12,Summit Auto Group,Summit Nissan Ridgemont,CARS,internet,114,10,6,4,26940,1984
2024-12,Summit Auto Group,Summit Nissan Ridgemont,CarGurus,internet,129,4,2,2,10029,2432
2024-12,Summit Auto Group,Summit Nissan Ridgemont,Dealer Website,internet,282,32,18,14,108650,
2024-12,Summit Auto Group,Summit Nissan Ridgemont,Lease Retention,campaign,35,16,12,4,25533,
2024-12,Summit Auto Group,Summit Nissan Ridgemont,Svc Conquest,service,42,5,4,1,10302,
2024-12,Summit Auto Group,Summit Nissan Ridgemont,Direct Mail Q1,campaign,93,12,9,3,33350,4160
2024-12,Summit Auto Group,Summit Nissan Ridgemont,Walk-In,showroom,53,16,12,4,57897,
2024-12,Summit Auto Group,Summit Nissan Ridgemont,Inbound Calls,phone,96,14,10,4,45700,
2024-12,Summit Auto Group,Summit Nissan Ridgemont,Live Chat,chat,63,8,4,4,18211,576
2024-12,Summit Auto Group,Summit Nissan Ridgemont,Facebook,internet,148,5,3,2,10065,896
2024-12,Summit Auto Group,Summit Nissan Ridgemont,TrueCar,internet,51,5,3,2,12496,1664
2024-12,Summit Auto Group,Summit Nissan Ridgemont,Radio,campaign,2,0,0,0,0,256
2024-12,Summit Auto Group,Summit Subaru Northgate,Autotrader,internet,165,16,9,7,41308,2058
2024-12,Summit Auto Group,Summit Subaru Northgate,CARS,internet,103,12,7,5,40548,1519
2024-12,Summit Auto Group,Summit Subaru Northgate,CarGurus,internet,92,5,3,2,12281,1862
2024-12,Summit Auto Group,Summit Subaru Northgate,OEM Website,internet,221,22,12,10,71371,
2024-12,Summit Auto Group,Summit Subaru Northgate,Lease Return,campaign,31,4,3,1,6190,
2024-12,Summit Auto Group,Summit Subaru Northgate,Svc Conquest,service,28,4,3,1,8014,
2024-12,Summit Auto Group,Summit Subaru Northgate,Direct Mail Q1,campaign,62,7,5,2,14689,3185
2024-12,Summit Auto Group,Summit Subaru Northgate,Walk-In,showroom,48,11,8,3,40837,
2024-12,Summit Auto Group,Summit Subaru Northgate,Phone Up,phone,77,20,14,6,55827,
2024-12,Summit Auto Group,Summit Subaru Northgate,Website Chat,chat,48,4,2,2,11387,441
2024-12,Summit Auto Group,Summit Subaru Northgate,Facebook Marketplace,internet,111,4,2,2,8080,686
2024-12,Summit Auto Group,Summit Subaru Northgate,True Car,internet,42,6,3,3,17131,1274
2024-12,Summit Auto Group,Summit Subaru Northgate,Radio,campaign,1,0,0,0,0,196
2024-12,Summit Auto Group,Summit Toyota of Fairview,auto trader,internet,310,18,10,8,53288,4200
2024-12,Summit Auto Group,Summit Toyota of Fairview,CARS,internet,196,23,13,10,77805,3100
2024-12,Summit Auto Group,Summit Toyota of Fairview,Car Gurus,internet,196,6,3,3,17742,3800
2024-12,Summit Auto Group,Summit Toyota of Fairview,Dealer Website,internet,447,50,28,22,146271,
2024-12,Summit Auto Group,Summit Toyota of Fairview,Lease Retention,campaign,67,21,15,6,30605,
2024-12,Summit Auto Group,Summit Toyota of Fairview,Svc Conquest,service,66,14,10,4,25198,
2024-12,Summit Auto Group,Summit Toyota of Fairview,Direct Mail Q1,campaign,141,13,9,4,34975,6500
2024-12,Summit Auto Group,Summit Toyota of Fairview,Showroom,showroom,106,35,25,10,118111,
2024-12,Summit Auto Group,Summit Toyota of Fairview,Inbound Calls,phone,157,40,29,11,120272,
2024-12,Summit Auto Group,Summit Toyota of Fairview,Chat,chat,94,8,4,4,23505,900
2024-12,Summit Auto Group,Summit Toyota of Fairview,FB Marketplace,internet,230,11,6,5,26395,1400
2024-12,Summit Auto Group,Summit Toyota of Fairview,True Car,internet,93,9,5,4,21697,2600
2024-12,Summit Auto Group,Summit Toyota of Fairview,Radio Spot,campaign,3,0,0,0,0,400
2024-12,Summit Auto Group,Summit Volkswagen Eastdale,auto trader,internet,113,8,4,4,20393,1680
2024-12,Summit Auto Group,Summit Volkswagen Eastdale,Cars .com,internet,65,5,3,2,15605,1240
2024-12,Summit Auto Group,Summit Volkswagen Eastdale,Car Gurus,internet,82,4,2,2,10656,1520
2024-12,Summit Auto Group,Summit Volkswagen Eastdale,Dealer Website,internet,143,22,12,10,74374,
2024-12,Summit Auto Group,Summit Volkswagen Eastdale,Lease Retention,campaign,20,7,5,2,12430,
2024-12,Summit Auto Group,Summit Volkswagen Eastdale,Service Conquest,service,24,4,3,1,8744,
2024-12,Summit Auto Group,Summit Volkswagen Eastdale,Direct Mail Q1,campaign,43,2,1,1,5447,2600
2024-12,Summit Auto Group,Summit Volkswagen Eastdale,Walk-In,showroom,40,15,11,4,61264,
2024-12,Summit Auto Group,Summit Volkswagen Eastdale,Phone Up,phone,49,6,4,2,17598,
2024-12,Summit Auto Group,Summit Volkswagen Eastdale,Chat,chat,36,1,1,0,2491,360
2024-12,Summit Auto Group,Summit Volkswagen Eastdale,Facebook,internet,91,1,1,0,2479,560
2024-12,Summit Auto Group,Summit Volkswagen Eastdale,True Car,internet,38,3,2,1,6724,1040
2024-12,Summit Auto Group,Summit Volkswagen Eastdale,Radio Spot,campaign,1,0,0,0,0,160
2025-01,Harbor Motor Group,Harbor BMW,auto trader,internet,249,18,10,8,70996,3276
2025-01,Harbor Motor Group,Harbor BMW,Cars.com,internet,133,14,8,6,63072,2418
2025-01,Harbor Motor Group,Harbor BMW,Car Gurus,internet,142,13,7,6,61185,2964
2025-01,Harbor Motor Group,Harbor BMW,Dealer Website,internet,295,38,21,17,201817,
2025-01,Harbor Motor Group,Harbor BMW,Lease Retention,campaign,44,14,10,4,43548,
2025-01,Harbor Motor Group,Harbor BMW,Svc Conquest,service,47,15,11,4,51864,
2025-01,Harbor Motor Group,Harbor BMW,Direct Mail Q1,campaign,93,12,9,3,43822,5070
2025-01,Harbor Motor Group,Harbor BMW,Walk In,showroom,70,20,14,6,104280,
2025-01,Harbor Motor Group,Harbor BMW,Phone Up,phone,105,20,14,6,109800,
2025-01,Harbor Motor Group,Harbor BMW,Website Chat,chat,66,6,3,3,26601,702
2025-01,Harbor Motor Group,Harbor BMW,Facebook Marketplace,internet,178,5,3,2,19012,1092
2025-01,Harbor Motor Group,Harbor BMW,True Car,internet,66,7,4,3,29807,2028
2025-01,Harbor Motor Group,Harbor BMW,Radio Spot,campaign,2,0,0,0,0,312
2025-01,Harbor Motor Group,Harbor Chevrolet Marina,auto trader,internet,201,16,9,7,44676,2940
2025-01,Harbor Motor Group,Harbor Chevrolet Marina,Cars.com,internet,116,2,1,1,6521,2170
2025-01,Harbor Motor Group,Harbor Chevrolet Marina,Car Gurus,internet,133,6,3,3,15795,2660
2025-01,Harbor Motor Group,Harbor Chevrolet Marina,OEM Website,internet,302,28,15,13,88513,
2025-01,Harbor Motor Group,Harbor Chevrolet Marina,Lease Retention,campaign,38,8,6,2,13906,
2025-01,Harbor Motor Group,Harbor Chevrolet Marina,Service Conquest,service,34,6,4,2,13270,
2025-01,Harbor Motor Group,Harbor Chevrolet Marina,Direct Mail Q1,campaign,81,6,4,2,14671,4550
2025-01,Harbor Motor Group,Harbor Chevrolet Marina,Walk-In,showroom,65,24,17,7,81880,
2025-01,Harbor Motor Group,Harbor Chevrolet Marina,Inbound Calls,phone,99,24,17,7,79259,
2025-01,Harbor Motor Group,Harbor Chevrolet Marina,Live Chat,chat,54,4,2,2,9699,630
2025-01,Harbor Motor Group,Harbor Chevrolet Marina,FB Marketplace,internet,166,6,3,3,12243,979
2025-01,Harbor Motor Group,Harbor Chevrolet Marina,True Car,internet,63,6,3,3,15471,1819
2025-01,Harbor Motor Group,Harbor Chevrolet Marina,Radio Spot,campaign,2,0,0,0,0,280
2025-01,Harbor Motor Group,Harbor Ford Portside,auto trader,internet,242,20,11,9,54611,3696
2025-01,Harbor Motor Group,Harbor Ford Portside,Cars .com,internet,186,13,7,6,41929,2728
2025-01,Harbor Motor Group,Harbor Ford Portside,CarGurus,internet,170,17,9,8,46195,3344
2025-01,Harbor Motor Group,Harbor Ford Portside,OEM Website,internet,318,34,19,15,131030,
2025-01,Harbor Motor Group,Harbor Ford Portside,Lease Return,campaign,48,14,10,4,25629,
2025-01,Harbor Motor Group,Harbor Ford Portside,Svc Conquest,service,60,7,5,2,15963,
2025-01,Harbor Motor Group,Harbor Ford Portside,Direct Mail,campaign,103,14,10,4,36618,5720
2025-01,Harbor Motor Group,Harbor Ford Portside,Showroom,showroom,81,28,20,8,98770,
2025-01,Harbor Motor Group,Harbor Ford Portside,Inbound Calls,phone,139,26,19,7,77130,
2025-01,Harbor Motor Group,Harbor Ford Portside,Live Chat,chat,70,3,2,1,8160,792
2025-01,Harbor Motor Group,Harbor Ford Portside,Facebook Marketplace,internet,193,14,8,6,30044,1232
2025-01,Harbor Motor Group,Harbor Ford Portside,TrueCar,internet,86,7,4,3,19848,2288
2025-01,Harbor Motor Group,Harbor Ford Portside,Radio Spot,campaign,2,0,0,0,0,352
2025-01,Harbor Motor Group,Harbor Honda Seaside,ATC,internet,223,10,6,4,26391,3360
2025-01,Harbor Motor Group,Harbor Honda Seaside,Cars .com,internet,163,11,6,5,35591,2480
2025-01,Harbor Motor Group,Harbor Honda Seaside,CarGurus,internet,161,14,8,6,42940,3040
2025-01,Harbor Motor Group,Harbor Honda Seaside,Dealer Website,internet,346,37,20,17,136600,
2025-01,Harbor Motor Group,Harbor Honda Seaside,Lease Retention,campaign,43,17,12,5,27428,
2025-01,Harbor Motor Group,Harbor Honda Seaside,Svc Conquest,service,45,10,7,3,21678,
2025-01,Harbor Motor Group,Harbor Honda Seaside,Direct Mail Q1,campaign,111,13,9,4,29465,5200
2025-01,Harbor Motor Group,Harbor Honda Seaside,Showroom,showroom,70,21,15,6,64863,
2025-01,Harbor Motor Group,Harbor Honda Seaside,Phone Up,phone,100,20,14,6,66598,
2025-01,Harbor Motor Group,Harbor Honda Seaside,Live Chat,chat,75,8,4,4,20098,720
2025-01,Harbor Motor Group,Harbor Honda Seaside,Facebook,internet,194,9,5,4,20400,1120
2025-01,Harbor Motor Group,Harbor Honda Seaside,TrueCar,internet,66,2,1,1,5694,2080
2025-01,Harbor Motor Group,Harbor Honda Seaside,Radio,campaign,2,0,0,0,0,320
2025-01,Harbor Motor Group,Harbor Jeep Ram Anchor,AutoTrader.com,internet,230,14,8,6,38970,2772
2025-01,Harbor Motor Group,Harbor Jeep Ram Anchor,Cars .com,internet,138,10,6,4,33362,2046
2025-01,Harbor Motor Group,Harbor Jeep Ram Anchor,cargurus.com,internet,113,8,4,4,22361,2508
2025-01,Harbor Motor Group,Harbor Jeep Ram Anchor,OEM Website,internet,279,38,21,17,140997,
2025-01,Harbor Motor Group,Harbor Jeep Ram Anchor,Lease Retention,campaign,42,13,9,4,19293,
2025-01,Harbor Motor Group,Harbor Jeep Ram Anchor,Svc Conquest,service,36,4,3,1,7493,
2025-01,Harbor Motor Group,Harbor Jeep Ram Anchor,Direct Mail,campaign,88,6,4,2,14036,4290
2025-01,Harbor Motor Group,Harbor Jeep Ram Anchor,Walk-In,showroom,58,26,19,7,96124,
2025-01,Harbor Motor Group,Harbor Jeep Ram Anchor,Phone Up,phone,105,21,15,6,73465,
2025-01,Harbor Motor Group,Harbor Jeep Ram Anchor,Chat,chat,49,2,1,1,5343,594
2025-01,Harbor Motor Group,Harbor Jeep Ram Anchor,Facebook,internet,153,9,5,4,21643,924
2025-01,Harbor Motor Group,Harbor Jeep Ram Anchor,TrueCar,internet,63,8,4,4,19737,1716
2025-01,Harbor Motor Group,Harbor Jeep Ram Anchor,Radio Spot,campaign,1,0,0,0,0,264
2025-01,Harbor Motor Group,Harbor Kia Lighthouse,ATC,internet,175,15,8,7,47735,2184
2025-01,Harbor Motor Group,Harbor Kia Lighthouse,CARS,internet,103,10,6,4,26711,1612
2025-01,Harbor Motor Group,Harbor Kia Lighthouse,CarGurus,internet,103,2,1,1,6020,1976
2025-01,Harbor Motor Group,Harbor Kia Lighthouse,Dealer Website,internet,219,22,12,10,69844,
2025-01,Harbor Motor Group,Harbor Kia Lighthouse,Lease Retention,campaign,32,7,5,2,10329,
2025-01,Harbor Motor Group,Harbor Kia Lighthouse,Svc Conquest,service,32,6,4,2,13651,
2025-01,Harbor Motor Group,Harbor Kia Lighthouse,Direct Mail,campaign,60,4,3,1,10583,3380
2025-01,Harbor Motor Group,Harbor Kia Lighthouse,Walk In,showroom,56,24,17,7,89179,
2025-01,Harbor Motor Group,Harbor Kia Lighthouse,Inbound Calls,phone,62,13,9,4,37657,
2025-01,Harbor Motor Group,Harbor Kia Lighthouse,Website Chat,chat,44,5,3,2,13442,468
2025-01,Harbor Motor Group,Harbor Kia Lighthouse,Facebook,internet,128,11,6,5,23358,728
2025-01,Harbor Motor Group,Harbor Kia Lighthouse,True Car,internet,50,4,2,2,8697,1352
2025-01,Harbor Motor Group,Harbor Kia Lighthouse,Radio Spot,campaign,1,0,0,0,0,208
2025-01,Harbor Motor Group,Harbor Subaru Tidewater,auto trader,internet,148,5,3,2,12660,1974
2025-01,Harbor Motor Group,Harbor Subaru Tidewater,Cars .com,internet,102,7,4,3,24194,1457
2025-01,Harbor Motor Group,Harbor Subaru Tidewater,Car Gurus,internet,90,4,2,2,10036,1786
2025-01,Harbor Motor Group,Harbor Subaru Tidewater,Dealer Website,internet,176,27,15,12,78576,
2025-01,Harbor Motor Group,Harbor Subaru Tidewater,Lease Return,campaign,26,8,6,2,12459,
2025-01,Harbor Motor Group,Harbor Subaru Tidewater,Service Conquest,service,28,2,1,1,4410,
2025-01,Harbor Motor Group,Harbor Subaru Tidewater,Direct Mail Q1,campaign,62,6,4,2,16498,3055
2025-01,Harbor Motor Group,Harbor Subaru Tidewater,Showroom,showroom,47,14,10,4,55629,
2025-01,Harbor Motor Group,Harbor Subaru Tidewater,Phone Up,phone,67,13,9,4,40180,
2025-01,Harbor Motor Group,Harbor Subaru Tidewater,Website Chat,chat,42,1,1,0,2550,423
2025-01,Harbor Motor Group,Harbor Subaru Tidewater,FB Marketplace,internet,111,4,2,2,7923,658
2025-01,Harbor Motor Group,Harbor Subaru Tidewater,True Car,internet,39,2,1,1,4550,1222
2025-01,Harbor Motor Group,Harbor Subaru Tidewater,Radio Spot,campaign,1,0,0,0,0,188
2025-01,Harbor Motor Group,Harbor Toyota Bayview,Autotrader,internet,274,18,10,8,54262,3990
2025-01,Harbor Motor Group,Harbor Toyota Bayview,Cars .com,internet,182,23,13,10,74013,2945
2025-01,Harbor Motor Group,Harbor Toyota Bayview,cargurus.com,internet,159,11,6,5,26931,3610
2025-01,Harbor Motor Group,Harbor Toyota Bayview,OEM Website,internet,429,58,32,26,175490,
2025-01,Harbor Motor Group,Harbor Toyota Bayview,Lease Return,campaign,51,10,7,3,15609,
2025-01,Harbor Motor Group,Harbor Toyota Bayview,Svc Conquest,service,52,12,9,3,24705,
2025-01,Harbor Motor Group,Harbor Toyota Bayview,Direct Mail,campaign,125,11,8,3,25553,6175
2025-01,Harbor Motor Group,Harbor Toyota Bayview,Walk In,showroom,98,38,27,11,145802,
2025-01,Harbor Motor Group,Harbor Toyota Bayview,Inbound Phone,phone,140,34,24,10,102728,
2025-01,Harbor Motor Group,Harbor Toyota Bayview,Website Chat,chat,89,11,6,5,30466,855
2025-01,Harbor Motor Group,Harbor Toyota Bayview,Facebook Marketplace,internet,213,9,5,4,20005,1330
2025-01,Harbor Motor Group,Harbor Toyota Bayview,True Car,internet,85,7,4,3,17576,2470
2025-01,Harbor Motor Group,Harbor Toyota Bayview,Radio Spot,campaign,3,0,0,0,0,380
2025-01,Summit Auto Group,Summit BMW,Autotrader,internet,260,16,9,7,69122,3486
2025-01,Summit Auto Group,Summit BMW,Cars .com,internet,166,7,4,3,36677,2573
2025-01,Summit Auto Group,Summit BMW,cargurus.com,internet,151,10,6,4,49294,3154
2025-01,Summit Auto Group,Summit BMW,Dealer Website,internet,348,46,25,21,229712,
2025-01,Summit Auto Group,Summit BMW,Lease Return,campaign,51,16,12,4,48951,
2025-01,Summit Auto Group,Summit BMW,Service Conquest,service,47,7,5,2,24381,
2025-01,Summit Auto Group,Summit BMW,Direct Mail,campaign,90,9,6,3,33057,5395
2025-01,Summit Auto Group,Summit BMW,Walk-In,showroom,90,30,22,8,163890,
2025-01,Summit Auto Group,Summit BMW,Inbound Phone,phone,109,19,14,5,81461,
2025-01,Summit Auto Group,Summit BMW,Chat,chat,79,3,2,1,13562,747
2025-01,Summit Auto Group,Summit BMW,Facebook,internet,189,10,6,4,35492,1162
2025-01,Summit Auto Group,Summit BMW,TrueCar,internet,83,11,6,5,47652,2158
2025-01,Summit Auto Group,Summit BMW,Radio,campaign,2,0,0,0,0,332
2025-01,Summit Auto Group,Summit Chevrolet Glenpark,ATC,internet,260,17,9,8,54111,3276
2025-01,Summit Auto Group,Summit Chevrolet Glenpark,Cars .com,internet,149,17,9,8,47597,2418
2025-01,Summit Auto Group,Summit Chevrolet Glenpark,cargurus.com,internet,163,13,7,6,37460,2964
2025-01,Summit Auto Group,Summit Chevrolet Glenpark,Dealer Website,internet,354,36,20,16,124086,
2025-01,Summit Auto Group,Summit Chevrolet Glenpark,Lease Return,campaign,39,14,10,4,25921,
2025-01,Summit Auto Group,Summit Chevrolet Glenpark,Svc Conquest,service,51,14,10,4,25688,
2025-01,Summit Auto Group,Summit Chevrolet Glenpark,Direct Mail,campaign,88,7,5,2,17615,5070
2025-01,Summit Auto Group,Summit Chevrolet Glenpark,Walk In,showroom,67,23,17,6,74336,
2025-01,Summit Auto Group,Summit Chevrolet Glenpark,Inbound Phone,phone,110,21,15,6,65755,
2025-01,Summit Auto Group,Summit Chevrolet Glenpark,Chat,chat,64,3,2,1,7443,702
2025-01,Summit Auto Group,Summit Chevrolet Glenpark,FB Marketplace,internet,183,11,6,5,21542,1092
2025-01,Summit Auto Group,Summit Chevrolet Glenpark,TrueCar,internet,80,7,4,3,19512,2028
2025-01,Summit Auto Group,Summit Chevrolet Glenpark,Radio Spot,campaign,2,0,0,0,0,312
2025-01,Summit Auto Group,Summit Ford Rivera,ATC,internet,292,13,7,6,39203,3864
2025-01,Summit Auto Group,Summit Ford Rivera,Cars.com,internet,197,16,9,7,41795,2852
2025-01,Summit Auto Group,Summit Ford Rivera,cargurus.com,internet,164,11,6,5,26525,3496
2025-01,Summit Auto Group,Summit Ford Rivera,Website,internet,430,56,31,25,203944,
2025-01,Summit Auto Group,Summit Ford Rivera,Lease Retention,campaign,59,18,13,5,31456,
2025-01,Summit Auto Group,Summit Ford Rivera,Service Conquest,service,50,10,7,3,18236,
2025-01,Summit Auto Group,Summit Ford Rivera,Direct Mail Q1,campaign,113,14,10,4,31166,5980
2025-01,Summit Auto Group,Summit Ford Rivera,Showroom,showroom,80,34,24,10,111885,
2025-01,Summit Auto Group,Summit Ford Rivera,Inbound Phone,phone,115,24,17,7,86233,
2025-01,Summit Auto Group,Summit Ford Rivera,Live Chat,chat,88,6,3,3,16093,828
2025-01,Summit Auto Group,Summit Ford Rivera,Facebook,internet,197,11,6,5,26593,1288
2025-01,Summit Auto Group,Summit Ford Rivera,TrueCar,internet,88,13,7,6,33870,2392
2025-01,Summit Auto Group,Summit Ford Rivera,Radio,campaign,3,0,0,0,0,368
2025-01,Summit Auto Group,Summit Honda Westland,auto trader,internet,288,23,13,10,62191,3612
2025-01,Summit Auto Group,Summit Honda Westland,Cars.com,internet,165,6,3,3,18894,2666
2025-01,Summit Auto Group,Summit Honda Westland,CarGurus,internet,171,14,8,6,37694,3268
2025-01,Summit Auto Group,Summit Honda Westland,Dealer Website,internet,347,42,23,19,146228,
2025-01,Summit Auto Group,Summit Honda Westland,Lease Return,campaign,49,17,12,5,32837,
2025-01,Summit Auto Group,Summit Honda Westland,Svc Conquest,service,48,15,11,4,35043,
2025-01,Summit Auto Group,Summit Honda Westland,Direct Mail Q1,campaign,124,11,8,3,29563,5590
2025-01,Summit Auto Group,Summit Honda Westland,Walk In,showroom,77,26,19,7,100567,
2025-01,Summit Auto Group,Summit Honda Westland,Inbound Calls,phone,115,14,10,4,40082,
2025-01,Summit Auto Group,Summit Honda Westland,Website Chat,chat,86,8,4,4,22079,774
2025-01,Summit Auto Group,Summit Honda Westland,Facebook,internet,189,11,6,5,24157,1204
2025-01,Summit Auto Group,Summit Honda Westland,True Car,internet,85,4,2,2,11439,2236
2025-01,Summit Auto Group,Summit Honda Westland,Radio Spot,campaign,2,0,0,0,0,344
2025-01,Summit Auto Group,Summit Hyundai Oakhurst,ATC,internet,187,15,8,7,49996,2436
2025-01,Summit Auto Group,Summit Hyundai Oakhurst,Cars .com,internet,120,9,5,4,26174,1797
2025-01,Summit Auto Group,Summit Hyundai Oakhurst,CarGurus,internet,99,9,5,4,21927,2204
2025-01,Summit Auto Group,Summit Hyundai Oakhurst,Website,internet,246,28,15,13,106074,
2025-01,Summit Auto Group,Summit Hyundai Oakhurst,Lease Return,campaign,29,10,7,3,17221,
2025-01,Summit Auto Group,Summit Hyundai Oakhurst,Svc Conquest,service,37,8,6,2,16021,
2025-01,Summit Auto Group,Summit Hyundai Oakhurst,Direct Mail Q1,campaign,84,5,4,1,12759,3769
2025-01,Summit Auto Group,Summit Hyundai Oakhurst,Showroom,showroom,53,17,12,5,53919,
2025-01,Summit Auto Group,Summit Hyundai Oakhurst,Inbound Calls,phone,81,20,14,6,58293,
2025-01,Summit Auto Group,Summit Hyundai Oakhurst,Live Chat,chat,46,7,4,3,16935,522
2025-01,Summit Auto Group,Summit Hyundai Oakhurst,Facebook,internet,125,4,2,2,9329,812
2025-01,Summit Auto Group,Summit Hyundai Oakhurst,True Car,internet,51,1,1,0,2662,1508
2025-01,Summit Auto Group,Summit Hyundai Oakhurst,Radio,campaign,1,0,0,0,0,231
2025-01,Summit Auto Group,Summit Jeep Ram Clearwater,AutoTrader.com,internet,239,15,8,7,47268,2982
2025-01,Summit Auto Group,Summit Jeep Ram Clearwater,Cars .com,internet,140,15,8,7,49904,2201
2025-01,Summit Auto Group,Summit Jeep Ram Clearwater,Car Gurus,internet,148,6,3,3,17681,2698
2025-01,Summit Auto Group,Summit Jeep Ram Clearwater,Website,internet,253,22,12,10,72828,
2025-01,Summit Auto Group,Summit Jeep Ram Clearwater,Lease Return,campaign,35,15,11,4,26027,
2025-01,Summit Auto Group,Summit Jeep Ram Clearwater,Svc Conquest,service,38,9,6,3,19584,
2025-01,Summit Auto Group,Summit Jeep Ram Clearwater,Direct Mail,campaign,79,7,5,2,16455,4615
2025-01,Summit Auto Group,Summit Jeep Ram Clearwater,Walk In,showroom,76,27,19,8,103051,
2025-01,Summit Auto Group,Summit Jeep Ram Clearwater,Inbound Calls,phone,91,12,9,3,40597,
2025-01,Summit Auto Group,Summit Jeep Ram Clearwater,Live Chat,chat,69,5,3,2,12325,639
2025-01,Summit Auto Group,Summit Jeep Ram Clearwater,Facebook,internet,173,7,4,3,14700,994
2025-01,Summit Auto Group,Summit Jeep Ram Clearwater,True Car,internet,62,4,2,2,8686,1846
2025-01,Summit Auto Group,Summit Jeep Ram Clearwater,Radio,campaign,2,0,0,0,0,284
2025-01,Summit Auto Group,Summit Kia Brookfield,AutoTrader.com,internet,181,8,4,4,24433,2310
2025-01,Summit Auto Group,Summit Kia Brookfield,CARS,internet,102,7,4,3,23987,1705
2025-01,Summit Auto Group,Summit Kia Brookfield,Car Gurus,internet,97,10,6,4,30341,2090
2025-01,Summit Auto Group,Summit Kia Brookfield,OEM Website,internet,250,24,13,11,76249,
2025-01,Summit Auto Group,Summit Kia Brookfield,Lease Return,campaign,30,12,9,3,21590,
2025-01,Summit Auto Group,Summit Kia Brookfield,Service Conquest,service,34,8,6,2,18524,
2025-01,Summit Auto Group,Summit Kia Brookfield,Direct Mail Q1,campaign,67,7,5,2,14890,3575
2025-01,Summit Auto Group,Summit Kia Brookfield,Showroom,showroom,54,14,10,4,56873,
2025-01,Summit Auto Group,Summit Kia Brookfield,Inbound Calls,phone,80,16,12,4,52211,
2025-01,Summit Auto Group,Summit Kia Brookfield,Live Chat,chat,44,3,2,1,6849,495
2025-01,Summit Auto Group,Summit Kia Brookfield,Facebook,internet,133,7,4,3,14440,770
2025-01,Summit Auto Group,Summit Kia Brookfield,True Car,internet,51,4,2,2,10474,1430
2025-01,Summit Auto Group,Summit Kia Brookfield,Radio Spot,campaign,1,0,0,0,0,220
2025-01,Summit Auto Group,Summit Mazda Lakeside,AutoTrader.com,internet,145,6,3,3,15386,1848
2025-01,Summit Auto Group,Summit Mazda Lakeside,Cars.com,internet,85,2,1,1,5231,1364
2025-01,Summit Auto Group,Summit Mazda Lakeside,CarGurus,internet,95,4,2,2,11123,1672
2025-01,Summit Auto Group,Summit Mazda Lakeside,Dealer Website,internet,181,22,12,10,75033,
2025-01,Summit Auto Group,Summit Mazda Lakeside,Lease Return,campaign,23,6,4,2,9107,
2025-01,Summit Auto Group,Summit Mazda Lakeside,Svc Conquest,service,22,4,3,1,9351,
2025-01,Summit Auto Group,Summit Mazda Lakeside,Direct Mail,campaign,53,6,4,2,15353,2860
2025-01,Summit Auto Group,Summit Mazda Lakeside,Walk In,showroom,41,14,10,4,49805,
2025-01,Summit Auto Group,Summit Mazda Lakeside,Phone Up,phone,64,16,12,4,47187,
2025-01,Summit Auto Group,Summit Mazda Lakeside,Website Chat,chat,38,1,1,0,2916,396
2025-01,Summit Auto Group,Summit Mazda Lakeside,Facebook,internet,103,4,2,2,9273,616
2025-01,Summit Auto Group,Summit Mazda Lakeside,True Car,internet,45,3,2,1,6715,1144
2025-01,Summit Auto Group,Summit Mazda Lakeside,Radio Spot,campaign,1,0,0,0,0,176
2025-01,Summit Auto Group,Summit Nissan Ridgemont,auto trader,internet,216,21,12,9,61246,2688
2025-01,Summit Auto Group,Summit Nissan Ridgemont,CARS,internet,131,8,4,4,22917,1984
2025-01,Summit Auto Group,Summit Nissan Ridgemont,CarGurus,internet,141,6,3,3,14990,2432
2025-01,Summit Auto Group,Summit Nissan Ridgemont,Dealer Website,internet,270,40,22,18,138565,
2025-01,Summit Auto Group,Summit Nissan Ridgemont,Lease Retention,campaign,40,16,12,4,30573,
2025-01,Summit Auto Group,Summit Nissan Ridgemont,Svc Conquest,service,36,3,2,1,6529,
2025-01,Summit Auto Group,Summit Nissan Ridgemont,Direct Mail Q1,campaign,72,5,4,1,13669,4160
2025-01,Summit Auto Group,Summit Nissan Ridgemont,Walk-In,showroom,67,20,14,6,62023,
2025-01,Summit Auto Group,Summit Nissan Ridgemont,Inbound Calls,phone,90,22,16,6,70487,
2025-01,Summit Auto Group,Summit Nissan Ridgemont,Live Chat,chat,54,5,3,2,13971,576
2025-01,Summit Auto Group,Summit Nissan Ridgemont,Facebook,internet,156,4,2,2,8228,896
2025-01,Summit Auto Group,Summit Nissan Ridgemont,TrueCar,internet,63,7,4,3,19441,1664
2025-01,Summit Auto Group,Summit Nissan Ridgemont,Radio,campaign,2,1,1,0,2570,256
2025-01,Summit Auto Group,Summit Subaru Northgate,Autotrader,internet,164,13,7,6,32522,2058
2025-01,Summit Auto Group,Summit Subaru Northgate,CARS,internet,80,7,4,3,23403,1519
2025-01,Summit Auto Group,Summit Subaru Northgate,CarGurus,internet,98,6,3,3,17773,1862
2025-01,Summit Auto Group,Summit Subaru Northgate,OEM Website,internet,220,23,13,10,89808,
2025-01,Summit Auto Group,Summit Subaru Northgate,Lease Return,campaign,25,10,7,3,18492,
2025-01,Summit Auto Group,Summit Subaru Northgate,Svc Conquest,service,30,3,2,1,5576,
2025-01,Summit Auto Group,Summit Subaru Northgate,Direct Mail Q1,campaign,58,5,4,1,12607,3185
2025-01,Summit Auto Group,Summit Subaru Northgate,Walk-In,showroom,40,12,9,3,43982,
2025-01,Summit Auto Group,Summit Subaru Northgate,Phone Up,phone,73,15,11,4,45022,
2025-01,Summit Auto Group,Summit Subaru Northgate,Website Chat,chat,48,2,1,1,4456,441
2025-01,Summit Auto Group,Summit Subaru Northgate,Facebook Marketplace,internet,109,3,2,1,5752,686
2025-01,Summit Auto Group,Summit Subaru Northgate,True Car,internet,46,2,1,1,5544,1274
2025-01,Summit Auto Group,Summit Subaru Northgate,Radio,campaign,1,0,0,0,0,196
2025-01,Summit Auto Group,Summit Toyota of Fairview,auto trader,internet,308,21,12,9,69442,4200
2025-01,Summit Auto Group,Summit Toyota of Fairview,CARS,internet,208,22,12,10,61285,3100
2025-01,Summit Auto Group,Summit Toyota of Fairview,Car Gurus,internet,204,9,5,4,27425,3800
2025-01,Summit Auto Group,Summit Toyota of Fairview,Dealer Website,internet,445,48,26,22,158482,
2025-01,Summit Auto Group,Summit Toyota of Fairview,Lease Retention,campaign,52,16,12,4,25688,
2025-01,Summit Auto Group,Summit Toyota of Fairview,Svc Conquest,service,66,11,8,3,21522,
2025-01,Summit Auto Group,Summit Toyota of Fairview,Direct Mail Q1,campaign,109,12,9,3,31577,6500
2025-01,Summit Auto Group,Summit Toyota of Fairview,Showroom,showroom,96,30,22,8,94820,
2025-01,Summit Auto Group,Summit Toyota of Fairview,Inbound Calls,phone,160,30,22,8,83054,
2025-01,Summit Auto Group,Summit Toyota of Fairview,Chat,chat,82,4,2,2,10271,900
2025-01,Summit Auto Group,Summit Toyota of Fairview,FB Marketplace,internet,223,12,7,5,24783,1400
2025-01,Summit Auto Group,Summit Toyota of Fairview,True Car,internet,78,4,2,2,10046,2600
2025-01,Summit Auto Group,Summit Toyota of Fairview,Radio Spot,campaign,3,0,0,0,0,400
2025-01,Summit Auto Group,Summit Volkswagen Eastdale,auto trader,internet,146,12,7,5,38590,1680
2025-01,Summit Auto Group,Summit Volkswagen Eastdale,Cars .com,internet,71,7,4,3,23530,1240
2025-01,Summit Auto Group,Summit Volkswagen Eastdale,Car Gurus,internet,71,8,4,4,22614,1520
2025-01,Summit Auto Group,Summit Volkswagen Eastdale,Dealer Website,internet,175,20,11,9,69169,
2025-01,Summit Auto Group,Summit Volkswagen Eastdale,Lease Retention,campaign,25,7,5,2,10221,
2025-01,Summit Auto Group,Summit Volkswagen Eastdale,Service Conquest,service,20,7,5,2,12583,
2025-01,Summit Auto Group,Summit Volkswagen Eastdale,Direct Mail Q1,campaign,50,5,4,1,11970,2600
2025-01,Summit Auto Group,Summit Volkswagen Eastdale,Walk-In,showroom,41,14,10,4,47032,
2025-01,Summit Auto Group,Summit Volkswagen Eastdale,Phone Up,phone,57,14,10,4,43891,
2025-01,Summit Auto Group,Summit Volkswagen Eastdale,Chat,chat,40,3,2,1,8243,360
2025-01,Summit Auto Group,Summit Volkswagen Eastdale,Facebook,internet,96,5,3,2,9736,560
2025-01,Summit Auto Group,Summit Volkswagen Eastdale,True Car,internet,33,3,2,1,6576,1040
2025-01,Summit Auto Group,Summit Volkswagen Eastdale,Radio Spot,campaign,1,0,0,0,0,160
2025-02,Harbor Motor Group,Harbor BMW,auto trader,internet,262,8,4,4,38985,3276
2025-02,Harbor Motor Group,Harbor BMW,Cars.com,internet,155,15,8,7,74070,2418
2025-02,Harbor Motor Group,Harbor BMW,Car Gurus,internet,132,11,6,5,47559,2964
2025-02,Harbor Motor Group,Harbor BMW,Dealer Website,internet,314,41,23,18,194183,
2025-02,Harbor Motor Group,Harbor BMW,Lease Retention,campaign,37,8,6,2,23715,
2025-02,Harbor Motor Group,Harbor BMW,Svc Conquest,service,45,9,6,3,27362,
2025-02,Harbor Motor Group,Harbor BMW,Direct Mail Q1,campaign,110,9,6,3,30007,5070
2025-02,Harbor Motor Group,Harbor BMW,Walk In,showroom,79,27,19,8,156526,
2025-02,Harbor Motor Group,Harbor BMW,Phone Up,phone,118,23,17,6,106925,
2025-02,Harbor Motor Group,Harbor BMW,Website Chat,chat,68,6,3,3,23250,702
2025-02,Harbor Motor Group,Harbor BMW,Facebook Marketplace,internet,168,7,4,3,23326,1092
2025-02,Harbor Motor Group,Harbor BMW,True Car,internet,61,4,2,2,16244,2028
2025-02,Harbor Motor Group,Harbor BMW,Radio Spot,campaign,2,0,0,0,0,312
2025-02,Harbor Motor Group,Harbor Chevrolet Marina,auto trader,internet,199,12,7,5,32473,2940
2025-02,Harbor Motor Group,Harbor Chevrolet Marina,Cars.com,internet,116,11,6,5,36164,2170
2025-02,Harbor Motor Group,Harbor Chevrolet Marina,Car Gurus,internet,140,8,4,4,19508,2660
2025-02,Harbor Motor Group,Harbor Chevrolet Marina,OEM Website,internet,298,29,16,13,96841,
2025-02,Harbor Motor Group,Harbor Chevrolet Marina,Lease Retention,campaign,42,15,11,4,24713,
2025-02,Harbor Motor Group,Harbor Chevrolet Marina,Service Conquest,service,35,7,5,2,12990,
2025-02,Harbor Motor Group,Harbor Chevrolet Marina,Direct Mail Q1,campaign,97,6,4,2,13371,4550
2025-02,Harbor Motor Group,Harbor Chevrolet Marina,Walk-In,showroom,66,20,14,6,82127,
2025-02,Harbor Motor Group,Harbor Chevrolet Marina,Inbound Calls,phone,106,22,16,6,72861,
2025-02,Harbor Motor Group,Harbor Chevrolet Marina,Live Chat,chat,69,2,1,1,5603,630
2025-02,Harbor Motor Group,Harbor Chevrolet Marina,FB Marketplace,internet,167,10,6,4,24324,979
2025-02,Harbor Motor Group,Harbor Chevrolet Marina,True Car,internet,61,4,2,2,11229,1819
2025-02,Harbor Motor Group,Harbor Chevrolet Marina,Radio Spot,campaign,2,0,0,0,0,280
2025-02,Harbor Motor Group,Harbor Ford Portside,auto trader,internet,263,23,13,10,65794,3696
2025-02,Harbor Motor Group,Harbor Ford Portside,Cars .com,internet,187,9,5,4,29166,2728
2025-02,Harbor Motor Group,Harbor Ford Portside,CarGurus,internet,148,9,5,4,23558,3344
2025-02,Harbor Motor Group,Harbor Ford Portside,OEM Website,internet,353,45,25,20,136440,
2025-02,Harbor Motor Group,Harbor Ford Portside,Lease Return,campaign,52,18,13,5,30618,
2025-02,Harbor Motor Group,Harbor Ford Portside,Svc Conquest,service,43,10,7,3,20537,
2025-02,Harbor Motor Group,Harbor Ford Portside,Direct Mail,campaign,121,4,3,1,10471,5720
2025-02,Harbor Motor Group,Harbor Ford Portside,Showroom,showroom,86,36,26,10,115827,
2025-02,Harbor Motor Group,Harbor Ford Portside,Inbound Calls,phone,133,24,17,7,84704,
2025-02,Harbor Motor Group,Harbor Ford Portside,Live Chat,chat,74,3,2,1,8516,792
2025-02,Harbor Motor Group,Harbor Ford Portside,Facebook Marketplace,internet,198,9,5,4,17606,1232
2025-02,Harbor Motor Group,Harbor Ford Portside,TrueCar,internet,87,4,2,2,8600,2288
2025-02,Harbor Motor Group,Harbor Ford Portside,Radio Spot,campaign,3,0,0,0,0,352
2025-02,Harbor Motor Group,Harbor Honda Seaside,ATC,internet,287,28,15,13,72444,3360
2025-02,Harbor Motor Group,Harbor Honda Seaside,Cars .com,internet,135,10,6,4,32909,2480
2025-02,Harbor Motor Group,Harbor Honda Seaside,CarGurus,internet,161,9,5,4,28732,3040
2025-02,Harbor Motor Group,Harbor Honda Seaside,Dealer Website,internet,346,41,23,18,139187,
2025-02,Harbor Motor Group,Harbor Honda Seaside,Lease Retention,campaign,38,12,9,3,23081,
2025-02,Harbor Motor Group,Harbor Honda Seaside,Svc Conquest,service,40,10,7,3,21444,
2025-02,Harbor Motor Group,Harbor Honda Seaside,Direct Mail Q1,campaign,105,8,6,2,17750,5200
2025-02,Harbor Motor Group,Harbor Honda Seaside,Showroom,showroom,65,20,14,6,75082,
2025-02,Harbor Motor Group,Harbor Honda Seaside,Phone Up,phone,118,26,19,7,71344,
2025-02,Harbor Motor Group,Harbor Honda Seaside,Live Chat,chat,66,3,2,1,6998,720
2025-02,Harbor Motor Group,Harbor Honda Seaside,Facebook,internet,172,11,6,5,21969,1120
2025-02,Harbor Motor Group,Harbor Honda Seaside,TrueCar,internet,63,5,3,2,12394,2080
2025-02,Harbor Motor Group,Harbor Honda Seaside,Radio,campaign,2,0,0,0,0,320
2025-02,Harbor Motor Group,Harbor Jeep Ram Anchor,AutoTrader.com,internet,186,14,8,6,36629,2772
2025-02,Harbor Motor Group,Harbor Jeep Ram Anchor,Cars .com,internet,140,6,3,3,18087,2046
2025-02,Harbor Motor Group,Harbor Jeep Ram Anchor,cargurus.com,internet,129,4,2,2,10551,2508
2025-02,Harbor Motor Group,Harbor Jeep Ram Anchor,OEM Website,internet,263,24,13,11,70792,
2025-02,Harbor Motor Group,Harbor Jeep Ram Anchor,Lease Retention,campaign,31,7,5,2,10448,
2025-02,Harbor Motor Group,Harbor Jeep Ram Anchor,Svc Conquest,service,42,9,6,3,19564,
2025-02,Harbor Motor Group,Harbor Jeep Ram Anchor,Direct Mail,campaign,82,6,4,2,16639,4290
2025-02,Harbor Motor Group,Harbor Jeep Ram Anchor,Walk-In,showroom,69,24,17,7,90007,
2025-02,Harbor Motor Group,Harbor Jeep Ram Anchor,Phone Up,phone,96,17,12,5,49948,
2025-02,Harbor Motor Group,Harbor Jeep Ram Anchor,Chat,chat,61,5,3,2,14818,594
2025-02,Harbor Motor Group,Harbor Jeep Ram Anchor,Facebook,internet,148,4,2,2,8451,924
2025-02,Harbor Motor Group,Harbor Jeep Ram Anchor,TrueCar,internet,57,4,2,2,10571,1716
2025-02,Harbor Motor Group,Harbor Jeep Ram Anchor,Radio Spot,campaign,2,0,0,0,0,264
2025-02,Harbor Motor Group,Harbor Kia Lighthouse,ATC,internet,149,6,3,3,17293,2184
2025-02,Harbor Motor Group,Harbor Kia Lighthouse,CARS,internet,106,5,3,2,14888,1612
2025-02,Harbor Motor Group,Harbor Kia Lighthouse,CarGurus,internet,91,6,3,3,18777,1976
2025-02,Harbor Motor Group,Harbor Kia Lighthouse,Dealer Website,internet,214,26,14,12,92834,
2025-02,Harbor Motor Group,Harbor Kia Lighthouse,Lease Retention,campaign,27,7,5,2,13185,
2025-02,Harbor Motor Group,Harbor Kia Lighthouse,Svc Conquest,service,29,5,4,1,11559,
2025-02,Harbor Motor Group,Harbor Kia Lighthouse,Direct Mail,campaign,77,5,4,1,11405,3380
2025-02,Harbor Motor Group,Harbor Kia Lighthouse,Walk In,showroom,53,16,12,4,57933,
2025-02,Harbor Motor Group,Harbor Kia Lighthouse,Inbound Calls,phone,82,11,8,3,33891,
2025-02,Harbor Motor Group,Harbor Kia Lighthouse,Website Chat,chat,46,3,2,1,7775,468
2025-02,Harbor Motor Group,Harbor Kia Lighthouse,Facebook,internet,128,4,2,2,7621,728
2025-02,Harbor Motor Group,Harbor Kia Lighthouse,True Car,internet,47,1,1,0,2202,1352
2025-02,Harbor Motor Group,Harbor Kia Lighthouse,Radio Spot,campaign,1,0,0,0,0,208
2025-02,Harbor Motor Group,Harbor Subaru Tidewater,auto trader,internet,132,6,3,3,17659,1974
2025-02,Harbor Motor Group,Harbor Subaru Tidewater,Cars .com,internet,78,9,5,4,29799,1457
2025-02,Harbor Motor Group,Harbor Subaru Tidewater,Car Gurus,internet,97,6,3,3,14721,1786
2025-02,Harbor Motor Group,Harbor Subaru Tidewater,Dealer Website,internet,207,23,13,10,74041,
2025-02,Harbor Motor Group,Harbor Subaru Tidewater,Lease Return,campaign,27,7,5,2,13215,
2025-02,Harbor Motor Group,Harbor Subaru Tidewater,Service Conquest,service,31,7,5,2,16553,
2025-02,Harbor Motor Group,Harbor Subaru Tidewater,Direct Mail Q1,campaign,51,9,6,3,23020,3055
2025-02,Harbor Motor Group,Harbor Subaru Tidewater,Showroom,showroom,47,16,12,4,57387,
2025-02,Harbor Motor Group,Harbor Subaru Tidewater,Phone Up,phone,73,14,10,4,49976,
2025-02,Harbor Motor Group,Harbor Subaru Tidewater,Website Chat,chat,46,5,3,2,14734,423
2025-02,Harbor Motor Group,Harbor Subaru Tidewater,FB Marketplace,internet,100,4,2,2,8474,658
2025-02,Harbor Motor Group,Harbor Subaru Tidewater,True Car,internet,40,2,1,1,4791,1222
2025-02,Harbor Motor Group,Harbor Subaru Tidewater,Radio Spot,campaign,1,0,0,0,0,188
2025-02,Harbor Motor Group,Harbor Toyota Bayview,Autotrader,internet,327,27,15,12,72320,3990
2025-02,Harbor Motor Group,Harbor Toyota Bayview,Cars .com,internet,180,12,7,5,31118,2945
2025-02,Harbor Motor Group,Harbor Toyota Bayview,cargurus.com,internet,194,15,8,7,47501,3610
2025-02,Harbor Motor Group,Harbor Toyota Bayview,OEM Website,internet,436,47,26,21,159945,
2025-02,Harbor Motor Group,Harbor Toyota Bayview,Lease Return,campaign,46,8,6,2,14592,
2025-02,Harbor Motor Group,Harbor Toyota Bayview,Svc Conquest,service,58,16,12,4,31527,
2025-02,Harbor Motor Group,Harbor Toyota Bayview,Direct Mail,campaign,117,9,6,3,20645,6175
2025-02,Harbor Motor Group,Harbor Toyota Bayview,Walk In,showroom,98,31,22,9,109213,
2025-02,Harbor Motor Group,Harbor Toyota Bayview,Inbound Phone,phone,135,27,19,8,92576,
2025-02,Harbor Motor Group,Harbor Toyota Bayview,Website Chat,chat,91,4,2,2,10561,855
2025-02,Harbor Motor Group,Harbor Toyota Bayview,Facebook Marketplace,internet,232,11,6,5,27367,1330
2025-02,Harbor Motor Group,Harbor Toyota Bayview,True Car,internet,81,7,4,3,14979,2470
2025-02,Harbor Motor Group,Harbor Toyota Bayview,Radio Spot,campaign,2,0,0,0,0,380
2025-02,Summit Auto Group,Summit BMW,Autotrader,internet,231,9,5,4,36457,3486
2025-02,Summit Auto Group,Summit BMW,Cars .com,internet,145,10,6,4,53944,2573
2025-02,Summit Auto Group,Summit BMW,cargurus.com,internet,147,12,7,5,45394,3154
2025-02,Summit Auto Group,Summit BMW,Dealer Website,internet,325,36,20,16,216244,
2025-02,Summit Auto Group,Summit BMW,Lease Return,campaign,47,19,14,5,48985,
2025-02,Summit Auto Group,Summit BMW,Service Conquest,service,48,12,9,3,37993,
2025-02,Summit Auto Group,Summit BMW,Direct Mail,campaign,110,13,9,4,52734,5395
2025-02,Summit Auto Group,Summit BMW,Walk-In,showroom,67,17,12,5,84585,
2025-02,Summit Auto Group,Summit BMW,Inbound Phone,phone,130,29,21,8,154293,
2025-02,Summit Auto Group,Summit BMW,Chat,chat,66,7,4,3,32378,747
2025-02,Summit Auto Group,Summit BMW,Facebook,internet,189,11,6,5,44455,1162
2025-02,Summit Auto Group,Summit BMW,TrueCar,internet,65,6,3,3,27100,2158
2025-02,Summit Auto Group,Summit BMW,Radio,campaign,2,0,0,0,0,332
2025-02,Summit Auto Group,Summit Chevrolet Glenpark,ATC,internet,242,14,8,6,43935,3276
2025-02,Summit Auto Group,Summit Chevrolet Glenpark,Cars .com,internet,144,11,6,5,36449,2418
2025-02,Summit Auto Group,Summit Chevrolet Glenpark,cargurus.com,internet,162,8,4,4,23851,2964
2025-02,Summit Auto Group,Summit Chevrolet Glenpark,Dealer Website,internet,316,37,20,17,138505,
2025-02,Summit Auto Group,Summit Chevrolet Glenpark,Lease Return,campaign,43,16,12,4,30275,
2025-02,Summit Auto Group,Summit Chevrolet Glenpark,Svc Conquest,service,41,6,4,2,11005,
2025-02,Summit Auto Group,Summit Chevrolet Glenpark,Direct Mail,campaign,93,9,6,3,21552,5070
2025-02,Summit Auto Group,Summit Chevrolet Glenpark,Walk In,showroom,63,26,19,7,107168,
2025-02,Summit Auto Group,Summit Chevrolet Glenpark,Inbound Phone,phone,98,20,14,6,64669,
2025-02,Summit Auto Group,Summit Chevrolet Glenpark,Chat,chat,59,3,2,1,7807,702
2025-02,Summit Auto Group,Summit Chevrolet Glenpark,FB Marketplace,internet,187,5,3,2,11226,1092
2025-02,Summit Auto Group,Summit Chevrolet Glenpark,TrueCar,internet,71,7,4,3,17534,2028
2025-02,Summit Auto Group,Summit Chevrolet Glenpark,Radio Spot,campaign,2,0,0,0,0,312
2025-02,Summit Auto Group,Summit Ford Rivera,ATC,internet,297,24,13,11,67962,3864
2025-02,Summit Auto Group,Summit Ford Rivera,Cars.com,internet,158,9,5,4,24814,2852
2025-02,Summit Auto Group,Summit Ford Rivera,cargurus.com,internet,185,12,7,5,29455,3496
2025-02,Summit Auto Group,Summit Ford Rivera,Website,internet,323,31,17,14,96583,
2025-02,Summit Auto Group,Summit Ford Rivera,Lease Retention,campaign,44,14,10,4,24683,
2025-02,Summit Auto Group,Summit Ford Rivera,Service Conquest,service,49,12,9,3,24133,
2025-02,Summit Auto Group,Summit Ford Rivera,Direct Mail Q1,campaign,133,10,7,3,23358,5980
2025-02,Summit Auto Group,Summit Ford Rivera,Showroom,showroom,81,36,26,10,116175,
2025-02,Summit Auto Group,Summit Ford Rivera,Inbound Phone,phone,140,31,22,9,85040,
2025-02,Summit Auto Group,Summit Ford Rivera,Live Chat,chat,80,11,6,5,26547,828
2025-02,Summit Auto Group,Summit Ford Rivera,Facebook,internet,218,6,3,3,12643,1288
2025-02,Summit Auto Group,Summit Ford Rivera,TrueCar,internet,91,6,3,3,16946,2392
2025-02,Summit Auto Group,Summit Ford Rivera,Radio,campaign,3,0,0,0,0,368
2025-02,Summit Auto Group,Summit Honda Westland,auto trader,internet,284,20,11,9,52629,3612
2025-02,Summit Auto Group,Summit Honda Westland,Cars.com,internet,173,14,8,6,48090,2666
2025-02,Summit Auto Group,Summit Honda Westland,CarGurus,internet,184,8,4,4,24921,3268
2025-02,Summit Auto Group,Summit Honda Westland,Dealer Website,internet,313,26,14,12,86815,
2025-02,Summit Auto Group,Summit Honda Westland,Lease Return,campaign,46,19,14,5,33653,
2025-02,Summit Auto Group,Summit Honda Westland,Svc Conquest,service,51,8,6,2,17262,
2025-02,Summit Auto Group,Summit Honda Westland,Direct Mail Q1,campaign,114,7,5,2,14777,5590
2025-02,Summit Auto Group,Summit Honda Westland,Walk In,showroom,81,26,19,7,104422,
2025-02,Summit Auto Group,Summit Honda Westland,Inbound Calls,phone,119,32,23,9,89091,
2025-02,Summit Auto Group,Summit Honda Westland,Website Chat,chat,86,3,2,1,6843,774
2025-02,Summit Auto Group,Summit Honda Westland,Facebook,internet,187,7,4,3,14976,1204
2025-02,Summit Auto Group,Summit Honda Westland,True Car,internet,70,5,3,2,14100,2236
2025-02,Summit Auto Group,Summit Honda Westland,Radio Spot,campaign,2,0,0,0,0,344
2025-02,Summit Auto Group,Summit Hyundai Oakhurst,ATC,internet,162,10,6,4,30353,2436
2025-02,Summit Auto Group,Summit Hyundai Oakhurst,Cars .com,internet,96,9,5,4,27298,1797
2025-02,Summit Auto Group,Summit Hyundai Oakhurst,CarGurus,internet,122,12,7,5,29949,2204
2025-02,Summit Auto Group,Summit Hyundai Oakhurst,Website,internet,269,22,12,10,64720,
2025-02,Summit Auto Group,Summit Hyundai Oakhurst,Lease Return,campaign,35,13,9,4,20149,
2025-02,Summit Auto Group,Summit Hyundai Oakhurst,Svc Conquest,service,33,7,5,2,15142,
2025-02,Summit Auto Group,Summit Hyundai Oakhurst,Direct Mail Q1,campaign,65,6,4,2,13934,3769
2025-02,Summit Auto Group,Summit Hyundai Oakhurst,Showroom,showroom,53,20,14,6,72299,
2025-02,Summit Auto Group,Summit Hyundai Oakhurst,Inbound Calls,phone,86,20,14,6,66252,
2025-02,Summit Auto Group,Summit Hyundai Oakhurst,Live Chat,chat,55,4,2,2,8997,522
2025-02,Summit Auto Group,Summit Hyundai Oakhurst,Facebook,internet,130,8,4,4,18988,812
2025-02,Summit Auto Group,Summit Hyundai Oakhurst,True Car,internet,49,3,2,1,6638,1508
2025-02,Summit Auto Group,Summit Hyundai Oakhurst,Radio,campaign,1,0,0,0,0,231
2025-02,Summit Auto Group,Summit Jeep Ram Clearwater,AutoTrader.com,internet,229,13,7,6,37406,2982
2025-02,Summit Auto Group,Summit Jeep Ram Clearwater,Cars .com,internet,123,10,6,4,25988,2201
2025-02,Summit Auto Group,Summit Jeep Ram Clearwater,Car Gurus,internet,142,7,4,3,17587,2698
2025-02,Summit Auto Group,Summit Jeep Ram Clearwater,Website,internet,312,40,22,18,148550,
2025-02,Summit Auto Group,Summit Jeep Ram Clearwater,Lease Return,campaign,41,14,10,4,22231,
2025-02,Summit Auto Group,Summit Jeep Ram Clearwater,Svc Conquest,service,35,7,5,2,13776,
2025-02,Summit Auto Group,Summit Jeep Ram Clearwater,Direct Mail,campaign,92,11,8,3,30760,4615
2025-02,Summit Auto Group,Summit Jeep Ram Clearwater,Walk In,showroom,67,25,18,7,86765,
2025-02,Summit Auto Group,Summit Jeep Ram Clearwater,Inbound Calls,phone,91,14,10,4,49675,
2025-02,Summit Auto Group,Summit Jeep Ram Clearwater,Live Chat,chat,59,6,3,3,14082,639
2025-02,Summit Auto Group,Summit Jeep Ram Clearwater,Facebook,internet,174,4,2,2,8853,994
2025-02,Summit Auto Group,Summit Jeep Ram Clearwater,True Car,internet,64,4,2,2,8862,1846
2025-02,Summit Auto Group,Summit Jeep Ram Clearwater,Radio,campaign,1,0,0,0,0,284
2025-02,Summit Auto Group,Summit Kia Brookfield,AutoTrader.com,internet,175,14,8,6,41076,2310
2025-02,Summit Auto Group,Summit Kia Brookfield,CARS,internet,116,14,8,6,36325,1705
2025-02,Summit Auto Group,Summit Kia Brookfield,Car Gurus,internet,116,7,4,3,21336,2090
2025-02,Summit Auto Group,Summit Kia Brookfield,OEM Website,internet,228,26,14,12,95073,
2025-02,Summit Auto Group,Summit Kia Brookfield,Lease Return,campaign,33,7,5,2,13606,
2025-02,Summit Auto Group,Summit Kia Brookfield,Service Conquest,service,37,12,9,3,21660,
2025-02,Summit Auto Group,Summit Kia Brookfield,Direct Mail Q1,campaign,67,2,1,1,4226,3575
2025-02,Summit Auto Group,Summit Kia Brookfield,Showroom,showroom,45,14,10,4,56691,
2025-02,Summit Auto Group,Summit Kia Brookfield,Inbound Calls,phone,82,13,9,4,38697,
2025-02,Summit Auto Group,Summit Kia Brookfield,Live Chat,chat,43,2,1,1,5865,495
2025-02,Summit Auto Group,Summit Kia Brookfield,Facebook,internet,127,8,4,4,19654,770
2025-02,Summit Auto Group,Summit Kia Brookfield,True Car,internet,50,4,2,2,9630,1430
2025-02,Summit Auto Group,Summit Kia Brookfield,Radio Spot,campaign,1,0,0,0,0,220
2025-02,Summit Auto Group,Summit Mazda Lakeside,AutoTrader.com,internet,132,7,4,3,20516,1848
2025-02,Summit Auto Group,Summit Mazda Lakeside,Cars.com,internet,90,10,6,4,29569,1364
2025-02,Summit Auto Group,Summit Mazda Lakeside,CarGurus,internet,89,5,3,2,11985,1672
2025-02,Summit Auto Group,Summit Mazda Lakeside,Dealer Website,internet,186,28,15,13,92516,
2025-02,Summit Auto Group,Summit Mazda Lakeside,Lease Return,campaign,23,8,6,2,15610,
2025-02,Summit Auto Group,Summit Mazda Lakeside,Svc Conquest,service,23,3,2,1,6917,
2025-02,Summit Auto Group,Summit Mazda Lakeside,Direct Mail,campaign,54,4,3,1,9454,2860
2025-02,Summit Auto Group,Summit Mazda Lakeside,Walk In,showroom,44,16,12,4,50635,
2025-02,Summit Auto Group,Summit Mazda Lakeside,Phone Up,phone,62,13,9,4,36324,
2025-02,Summit Auto Group,Summit Mazda Lakeside,Website Chat,chat,42,2,1,1,5886,396
2025-02,Summit Auto Group,Summit Mazda Lakeside,Facebook,internet,101,4,2,2,7906,616
2025-02,Summit Auto Group,Summit Mazda Lakeside,True Car,internet,41,7,4,3,17752,1144
2025-02,Summit Auto Group,Summit Mazda Lakeside,Radio Spot,campaign,1,0,0,0,0,176
2025-02,Summit Auto Group,Summit Nissan Ridgemont,auto trader,internet,234,19,10,9,59431,2688
2025-02,Summit Auto Group,Summit Nissan Ridgemont,CARS,internet,122,17,9,8,52808,1984
2025-02,Summit Auto Group,Summit Nissan Ridgemont,CarGurus,internet,114,10,6,4,29068,2432
2025-02,Summit Auto Group,Summit Nissan Ridgemont,Dealer Website,internet,268,33,18,15,112049,
2025-02,Summit Auto Group,Summit Nissan Ridgemont,Lease Retention,campaign,34,11,8,3,18841,
2025-02,Summit Auto Group,Summit Nissan Ridgemont,Svc Conquest,service,33,5,4,1,9510,
2025-02,Summit Auto Group,Summit Nissan Ridgemont,Direct Mail Q1,campaign,83,9,6,3,23293,4160
2025-02,Summit Auto Group,Summit Nissan Ridgemont,Walk-In,showroom,63,19,14,5,75239,
2025-02,Summit Auto Group,Summit Nissan Ridgemont,Inbound Calls,phone,97,17,12,5,53852,
2025-02,Summit Auto Group,Summit Nissan Ridgemont,Live Chat,chat,60,4,2,2,9629,576
2025-02,Summit Auto Group,Summit Nissan Ridgemont,Facebook,internet,155,5,3,2,12129,896
2025-02,Summit Auto Group,Summit Nissan Ridgemont,TrueCar,internet,48,3,2,1,6561,1664
2025-02,Summit Auto Group,Summit Nissan Ridgemont,Radio,campaign,2,0,0,0,0,256
2025-02,Summit Auto Group,Summit Subaru Northgate,Autotrader,internet,134,10,6,4,26347,2058
2025-02,Summit Auto Group,Summit Subaru Northgate,CARS,internet,98,6,3,3,19390,1519
2025-02,Summit Auto Group,Summit Subaru Northgate,CarGurus,internet,87,7,4,3,21503,1862
2025-02,Summit Auto Group,Summit Subaru Northgate,OEM Website,internet,198,27,15,12,84138,
2025-02,Summit Auto Group,Summit Subaru Northgate,Lease Return,campaign,24,11,8,3,20756,
2025-02,Summit Auto Group,Summit Subaru Northgate,Svc Conquest,service,28,5,4,1,11161,
2025-02,Summit Auto Group,Summit Subaru Northgate,Direct Mail Q1,campaign,54,1,1,0,2560,3185
2025-02,Summit Auto Group,Summit Subaru Northgate,Walk-In,showroom,40,13,9,4,47243,
2025-02,Summit Auto Group,Summit Subaru Northgate,Phone Up,phone,67,12,9,3,39738,
2025-02,Summit Auto Group,Summit Subaru Northgate,Website Chat,chat,40,1,1,0,2425,441
2025-02,Summit Auto Group,Summit Subaru Northgate,Facebook Marketplace,internet,112,4,2,2,7937,686
2025-02,Summit Auto Group,Summit Subaru Northgate,True Car,internet,39,4,2,2,9036,1274
2025-02,Summit Auto Group,Summit Subaru Northgate,Radio,campaign,1,0,0,0,0,196
2025-02,Summit Auto Group,Summit Toyota of Fairview,auto trader,internet,338,23,13,10,74055,4200
2025-02,Summit Auto Group,Summit Toyota of Fairview,CARS,internet,180,14,8,6,39191,3100
2025-02,Summit Auto Group,Summit Toyota of Fairview,Car Gurus,internet,177,14,8,6,33211,3800
2025-02,Summit Auto Group,Summit Toyota of Fairview,Dealer Website,internet,445,50,28,22,164031,
2025-02,Summit Auto Group,Summit Toyota of Fairview,Lease Retention,campaign,59,17,12,5,30127,
2025-02,Summit Auto Group,Summit Toyota of Fairview,Svc Conquest,service,68,11,8,3,22628,
2025-02,Summit Auto Group,Summit Toyota of Fairview,Direct Mail Q1,campaign,136,8,6,2,17386,6500
2025-02,Summit Auto Group,Summit Toyota of Fairview,Showroom,showroom,98,36,26,10,130227,
2025-02,Summit Auto Group,Summit Toyota of Fairview,Inbound Calls,phone,139,25,18,7,88623,
2025-02,Summit Auto Group,Summit Toyota of Fairview,Chat,chat,75,7,4,3,20309,900
2025-02,Summit Auto Group,Summit Toyota of Fairview,FB Marketplace,internet,218,14,8,6,26761,1400
2025-02,Summit Auto Group,Summit Toyota of Fairview,True Car,internet,80,5,3,2,13506,2600
2025-02,Summit Auto Group,Summit Toyota of Fairview,Radio Spot,campaign,3,1,1,0,1996,400
2025-02,Summit Auto Group,Summit Volkswagen Eastdale,auto trader,internet,135,9,5,4,27711,1680
2025-02,Summit Auto Group,Summit Volkswagen Eastdale,Cars .com,internet,77,6,3,3,20688,1240
2025-02,Summit Auto Group,Summit Volkswagen Eastdale,Car Gurus,internet,73,5,3,2,12475,1520
2025-02,Summit Auto Group,Summit Volkswagen Eastdale,Dealer Website,internet,179,15,8,7,47770,
2025-02,Summit Auto Group,Summit Volkswagen Eastdale,Lease Retention,campaign,22,8,6,2,14986,
2025-02,Summit Auto Group,Summit Volkswagen Eastdale,Service Conquest,service,24,3,2,1,6312,
2025-02,Summit Auto Group,Summit Volkswagen Eastdale,Direct Mail Q1,campaign,56,6,4,2,15227,2600
2025-02,Summit Auto Group,Summit Volkswagen Eastdale,Walk-In,showroom,33,12,9,3,47681,
2025-02,Summit Auto Group,Summit Volkswagen Eastdale,Phone Up,phone,50,9,6,3,30072,
2025-02,Summit Auto Group,Summit Volkswagen Eastdale,Chat,chat,36,2,1,1,5351,360
2025-02,Summit Auto Group,Summit Volkswagen Eastdale,Facebook,internet,97,6,3,3,14968,560
2025-02,Summit Auto Group,Summit Volkswagen Eastdale,True Car,internet,32,1,1,0,2273,1040
2025-02,Summit Auto Group,Summit Volkswagen Eastdale,Radio Spot,campaign,1,0,0,0,0,160
2025-03,Harbor Motor Group,Harbor BMW,auto trader,internet,221,20,11,9,80495,3276
2025-03,Harbor Motor Group,Harbor BMW,Cars.com,internet,162,14,8,6,71065,2418
2025-03,Harbor Motor Group,Harbor BMW,Car Gurus,internet,161,11,6,5,46850,2964
2025-03,Harbor Motor Group,Harbor BMW,Dealer Website,internet,321,34,19,15,196936,
2025-03,Harbor Motor Group,Harbor BMW,Lease Retention,campaign,45,13,9,4,39901,
2025-03,Harbor Motor Group,Harbor BMW,Svc Conquest,service,51,13,9,4,41693,
2025-03,Harbor Motor Group,Harbor BMW,Direct Mail Q1,campaign,90,7,5,2,26319,5070
2025-03,Harbor Motor Group,Harbor BMW,Walk In,showroom,63,17,12,5,112197,
2025-03,Harbor Motor Group,Harbor BMW,Phone Up,phone,121,23,17,6,102324,
2025-03,Harbor Motor Group,Harbor BMW,Website Chat,chat,64,3,2,1,11458,702
2025-03,Harbor Motor Group,Harbor BMW,Facebook Marketplace,internet,192,5,3,2,17221,1092
2025-03,Harbor Motor Group,Harbor BMW,True Car,internet,74,4,2,2,14647,2028
2025-03,Harbor Motor Group,Harbor BMW,Radio Spot,campaign,2,0,0,0,0,312
2025-03,Harbor Motor Group,Harbor Chevrolet Marina,auto trader,internet,230,20,11,9,60356,2940
2025-03,Harbor Motor Group,Harbor Chevrolet Marina,Cars.com,internet,140,12,7,5,41748,2170
2025-03,Harbor Motor Group,Harbor Chevrolet Marina,Car Gurus,internet,110,6,3,3,16790,2660
2025-03,Harbor Motor Group,Harbor Chevrolet Marina,OEM Website,internet,317,35,19,16,102407,
2025-03,Harbor Motor Group,Harbor Chevrolet Marina,Lease Retention,campaign,38,15,11,4,24457,
2025-03,Harbor Motor Group,Harbor Chevrolet Marina,Service Conquest,service,45,12,9,3,24675,
2025-03,Harbor Motor Group,Harbor Chevrolet Marina,Direct Mail Q1,campaign,91,11,8,3,26798,4550
2025-03,Harbor Motor Group,Harbor Chevrolet Marina,Walk-In,showroom,65,24,17,7,91330,
2025-03,Harbor Motor Group,Harbor Chevrolet Marina,Inbound Calls,phone,103,19,14,5,55444,
2025-03,Harbor Motor Group,Harbor Chevrolet Marina,Live Chat,chat,70,5,3,2,11291,630
2025-03,Harbor Motor Group,Harbor Chevrolet Marina,FB Marketplace,internet,158,7,4,3,14416,979
2025-03,Harbor Motor Group,Harbor Chevrolet Marina,True Car,internet,57,7,4,3,14920,1819
2025-03,Harbor Motor Group,Harbor Chevrolet Marina,Radio Spot,campaign,2,0,0,0,0,280
2025-03,Harbor Motor Group,Harbor Ford Portside,auto trader,internet,275,17,9,8,49278,3696
2025-03,Harbor Motor Group,Harbor Ford Portside,Cars .com,internet,176,8,4,4,26155,2728
2025-03,Harbor Motor Group,Harbor Ford Portside,CarGurus,internet,148,7,4,3,21004,3344
2025-03,Harbor Motor Group,Harbor Ford Portside,OEM Website,internet,337,45,25,20,165714,
2025-03,Harbor Motor Group,Harbor Ford Portside,Lease Return,campaign,47,8,6,2,11936,
2025-03,Harbor Motor Group,Harbor Ford Portside,Svc Conquest,service,49,11,8,3,23021,
2025-03,Harbor Motor Group,Harbor Ford Portside,Direct Mail,campaign,118,11,8,3,27831,5720
2025-03,Harbor Motor Group,Harbor Ford Portside,Showroom,showroom,91,32,23,9,102693,
2025-03,Harbor Motor Group,Harbor Ford Portside,Inbound Calls,phone,119,27,19,8,80105,
2025-03,Harbor Motor Group,Harbor Ford Portside,Live Chat,chat,78,1,1,0,2879,792
2025-03,Harbor Motor Group,Harbor Ford Portside,Facebook Marketplace,internet,207,10,6,4,22959,1232
2025-03,Harbor Motor Group,Harbor Ford Portside,TrueCar,internet,72,5,3,2,14146,2288
2025-03,Harbor Motor Group,Harbor Ford Portside,Radio Spot,campaign,2,0,0,0,0,352
2025-03,Harbor Motor Group,Harbor Honda Seaside,ATC,internet,245,23,13,10,58092,3360
2025-03,Harbor Motor Group,Harbor Honda Seaside,Cars .com,internet,168,15,8,7,49647,2480
2025-03,Harbor Motor Group,Harbor Honda Seaside,CarGurus,internet,127,13,7,6,38185,3040
2025-03,Harbor Motor Group,Harbor Honda Seaside,Dealer Website,internet,301,39,21,18,140511,
2025-03,Harbor Motor Group,Harbor Honda Seaside,Lease Retention,campaign,48,12,9,3,22890,
2025-03,Harbor Motor Group,Harbor Honda Seaside,Svc Conquest,service,49,9,6,3,20150,
2025-03,Harbor Motor Group,Harbor Honda Seaside,Direct Mail Q1,campaign,118,10,7,3,23579,5200
2025-03,Harbor Motor Group,Harbor Honda Seaside,Showroom,showroom,66,24,17,7,82857,
2025-03,Harbor Motor Group,Harbor Honda Seaside,Phone Up,phone,97,17,12,5,49109,
2025-03,Harbor Motor Group,Harbor Honda Seaside,Live Chat,chat,65,4,2,2,9084,720
2025-03,Harbor Motor Group,Harbor Honda Seaside,Facebook,internet,182,9,5,4,21764,1120
2025-03,Harbor Motor Group,Harbor Honda Seaside,TrueCar,internet,76,7,4,3,14914,2080
2025-03,Harbor Motor Group,Harbor Honda Seaside,Radio,campaign,2,0,0,0,0,320
2025-03,Harbor Motor Group,Harbor Jeep Ram Anchor,AutoTrader.com,internet,233,10,6,4,29436,2772
2025-03,Harbor Motor Group,Harbor Jeep Ram Anchor,Cars .com,internet,121,14,8,6,48014,2046
2025-03,Harbor Motor Group,Harbor Jeep Ram Anchor,cargurus.com,internet,137,8,4,4,23816,2508
2025-03,Harbor Motor Group,Harbor Jeep Ram Anchor,OEM Website,internet,234,24,13,11,89020,
2025-03,Harbor Motor Group,Harbor Jeep Ram Anchor,Lease Retention,campaign,39,15,11,4,25011,
2025-03,Harbor Motor Group,Harbor Jeep Ram Anchor,Svc Conquest,service,37,11,8,3,21548,
2025-03,Harbor Motor Group,Harbor Jeep Ram Anchor,Direct Mail,campaign,94,9,6,3,24495,4290
2025-03,Harbor Motor Group,Harbor Jeep Ram Anchor,Walk-In,showroom,68,20,14,6,71338,
2025-03,Harbor Motor Group,Harbor Jeep Ram Anchor,Phone Up,phone,105,19,14,5,67824,
2025-03,Harbor Motor Group,Harbor Jeep Ram Anchor,Chat,chat,49,2,1,1,4441,594
2025-03,Harbor Motor Group,Harbor Jeep Ram Anchor,Facebook,internet,160,10,6,4,20782,924
2025-03,Harbor Motor Group,Harbor Jeep Ram Anchor,TrueCar,internet,54,5,3,2,10743,1716
2025-03,Harbor Motor Group,Harbor Jeep Ram Anchor,Radio Spot,campaign,2,0,0,0,0,264
2025-03,Harbor Motor Group,Harbor Kia Lighthouse,ATC,internet,145,13,7,6,32707,2184
2025-03,Harbor Motor Group,Harbor Kia Lighthouse,CARS,internet,98,11,6,5,37746,1612
2025-03,Harbor Motor Group,Harbor Kia Lighthouse,CarGurus,internet,103,4,2,2,11608,1976
2025-03,Harbor Motor Group,Harbor Kia Lighthouse,Dealer Website,internet,216,26,14,12,90986,
2025-03,Harbor Motor Group,Harbor Kia Lighthouse,Lease Retention,campaign,25,8,6,2,15441,
2025-03,Harbor Motor Group,Harbor Kia Lighthouse,Svc Conquest,service,33,3,2,1,6019,
2025-03,Harbor Motor Group,Harbor Kia Lighthouse,Direct Mail,campaign,57,5,4,1,12803,3380
2025-03,Harbor Motor Group,Harbor Kia Lighthouse,Walk In,showroom,43,19,14,5,67100,
2025-03,Harbor Motor Group,Harbor Kia Lighthouse,Inbound Calls,phone,74,14,10,4,50227,
2025-03,Harbor Motor Group,Harbor Kia Lighthouse,Website Chat,chat,49,1,1,0,2892,468
2025-03,Harbor Motor Group,Harbor Kia Lighthouse,Facebook,internet,124,7,4,3,17613,728
2025-03,Harbor Motor Group,Harbor Kia Lighthouse,True Car,internet,39,4,2,2,8959,1352
2025-03,Harbor Motor Group,Harbor Kia Lighthouse,Radio Spot,campaign,1,0,0,0,0,208
2025-03,Harbor Motor Group,Harbor Subaru Tidewater,auto trader,internet,127,9,5,4,29499,1974
2025-03,Harbor Motor Group,Harbor Subaru Tidewater,Cars .com,internet,78,6,3,3,20373,1457
2025-03,Harbor Motor Group,Harbor Subaru Tidewater,Car Gurus,internet,79,6,3,3,18417,1786
2025-03,Harbor Motor Group,Harbor Subaru Tidewater,Dealer Website,internet,202,12,7,5,46020,
2025-03,Harbor Motor Group,Harbor Subaru Tidewater,Lease Return,campaign,25,5,4,1,8114,
2025-03,Harbor Motor Group,Harbor Subaru Tidewater,Service Conquest,service,30,7,5,2,15451,
2025-03,Harbor Motor Group,Harbor Subaru Tidewater,Direct Mail Q1,campaign,65,6,4,2,16817,3055
2025-03,Harbor Motor Group,Harbor Subaru Tidewater,Showroom,showroom,48,15,11,4,49073,
2025-03,Harbor Motor Group,Harbor Subaru Tidewater,Phone Up,phone,70,14,10,4,49572,
2025-03,Harbor Motor Group,Harbor Subaru Tidewater,Website Chat,chat,38,4,2,2,11224,423
2025-03,Harbor Motor Group,Harbor Subaru Tidewater,FB Marketplace,internet,114,4,2,2,8141,658
2025-03,Harbor Motor Group,Harbor Subaru Tidewater,True Car,internet,37,2,1,1,5313,1222
2025-03,Harbor Motor Group,Harbor Subaru Tidewater,Radio Spot,campaign,1,0,0,0,0,188
2025-03,Harbor Motor Group,Harbor Toyota Bayview,Autotrader,internet,347,22,12,10,65022,3990
2025-03,Harbor Motor Group,Harbor Toyota Bayview,Cars .com,internet,188,16,9,7,51747,2945
2025-03,Harbor Motor Group,Harbor Toyota Bayview,cargurus.com,internet,198,11,6,5,34685,3610
2025-03,Harbor Motor Group,Harbor Toyota Bayview,OEM Website,internet,443,50,28,22,188346,
2025-03,Harbor Motor Group,Harbor Toyota Bayview,Lease Return,campaign,43,13,9,4,21665,
2025-03,Harbor Motor Group,Harbor Toyota Bayview,Svc Conquest,service,55,12,9,3,22376,
2025-03,Harbor Motor Group,Harbor Toyota Bayview,Direct Mail,campaign,120,13,9,4,27597,6175
2025-03,Harbor Motor Group,Harbor Toyota Bayview,Walk In,showroom,89,35,25,10,144581,
2025-03,Harbor Motor Group,Harbor Toyota Bayview,Inbound Phone,phone,133,23,17,6,76854,
2025-03,Harbor Motor Group,Harbor Toyota Bayview,Website Chat,chat,80,5,3,2,12527,855
2025-03,Harbor Motor Group,Harbor Toyota Bayview,Facebook Marketplace,internet,219,13,7,6,27991,1330
2025-03,Harbor Motor Group,Harbor Toyota Bayview,True Car,internet,82,7,4,3,19662,2470
2025-03,Harbor Motor Group,Harbor Toyota Bayview,Radio Spot,campaign,3,0,0,0,0,380
2025-03,Summit Auto Group,Summit BMW,Autotrader,internet,231,12,7,5,47892,3486
2025-03,Summit Auto Group,Summit BMW,Cars .com,internet,145,10,6,4,54885,2573
2025-03,Summit Auto Group,Summit BMW,cargurus.com,internet,167,15,8,7,68233,3154
2025-03,Summit Auto Group,Summit BMW,Dealer Website,internet,388,59,32,27,301604,
2025-03,Summit Auto Group,Summit BMW,Lease Return,campaign,46,14,10,4,42295,
2025-03,Summit Auto Group,Summit BMW,Service Conquest,service,49,7,5,2,26361,
2025-03,Summit Auto Group,Summit BMW,Direct Mail,campaign,120,16,12,4,64536,5395
2025-03,Summit Auto Group,Summit BMW,Walk-In,showroom,70,32,23,9,201769,
2025-03,Summit Auto Group,Summit BMW,Inbound Phone,phone,101,17,12,5,93506,
2025-03,Summit Auto Group,Summit BMW,Chat,chat,65,6,3,3,23807,747
2025-03,Summit Auto Group,Summit BMW,Facebook,internet,187,7,4,3,25891,1162
2025-03,Summit Auto Group,Summit BMW,TrueCar,internet,79,6,3,3,24540,2158
2025-03,Summit Auto Group,Summit BMW,Radio,campaign,2,0,0,0,0,332
2025-03,Summit Auto Group,Summit Chevrolet Glenpark,ATC,internet,219,16,9,7,39641,3276
2025-03,Summit Auto Group,Summit Chevrolet Glenpark,Cars .com,internet,148,13,7,6,34677,2418
2025-03,Summit Auto Group,Summit Chevrolet Glenpark,cargurus.com,internet,149,3,2,1,9129,2964
2025-03,Summit Auto Group,Summit Chevrolet Glenpark,Dealer Website,internet,367,58,32,26,196784,
2025-03,Summit Auto Group,Summit Chevrolet Glenpark,Lease Return,campaign,44,8,6,2,14169,
2025-03,Summit Auto Group,Summit Chevrolet Glenpark,Svc Conquest,service,45,9,6,3,19702,
2025-03,Summit Auto Group,Summit Chevrolet Glenpark,Direct Mail,campaign,107,6,4,2,14718,5070
2025-03,Summit Auto Group,Summit Chevrolet Glenpark,Walk In,showroom,83,35,25,10,143923,
2025-03,Summit Auto Group,Summit Chevrolet Glenpark,Inbound Phone,phone,109,15,11,4,50839,
2025-03,Summit Auto Group,Summit Chevrolet Glenpark,Chat,chat,59,5,3,2,11632,702
2025-03,Summit Auto Group,Summit Chevrolet Glenpark,FB Marketplace,internet,186,6,3,3,14387,1092
2025-03,Summit Auto Group,Summit Chevrolet Glenpark,TrueCar,internet,67,4,2,2,9605,2028
2025-03,Summit Auto Group,Summit Chevrolet Glenpark,Radio Spot,campaign,2,0,0,0,0,312
2025-03,Summit Auto Group,Summit Ford Rivera,ATC,internet,312,12,7,5,30919,3864
2025-03,Summit Auto Group,Summit Ford Rivera,Cars.com,internet,153,14,8,6,37426,2852
2025-03,Summit Auto Group,Summit Ford Rivera,cargurus.com,internet,154,15,8,7,47928,3496
2025-03,Summit Auto Group,Summit Ford Rivera,Website,internet,331,37,20,17,133356,
2025-03,Summit Auto Group,Summit Ford Rivera,Lease Retention,campaign,42,12,9,3,21693,
2025-03,Summit Auto Group,Summit Ford Rivera,Service Conquest,service,53,5,4,1,10179,
2025-03,Summit Auto Group,Summit Ford Rivera,Direct Mail Q1,campaign,113,16,12,4,35514,5980
2025-03,Summit Auto Group,Summit Ford Rivera,Showroom,showroom,96,27,19,8,105293,
2025-03,Summit Auto Group,Summit Ford Rivera,Inbound Phone,phone,143,22,16,6,64955,
2025-03,Summit Auto Group,Summit Ford Rivera,Live Chat,chat,91,9,5,4,21368,828
2025-03,Summit Auto Group,Summit Ford Rivera,Facebook,internet,218,9,5,4,21918,1288
2025-03,Summit Auto Group,Summit Ford Rivera,TrueCar,internet,86,10,6,4,27063,2392
2025-03,Summit Auto Group,Summit Ford Rivera,Radio,campaign,3,0,0,0,0,368
2025-03,Summit Auto Group,Summit Honda Westland,auto trader,internet,311,20,11,9,52467,3612
2025-03,Summit Auto Group,Summit Honda Westland,Cars.com,internet,153,15,8,7,49224,2666
2025-03,Summit Auto Group,Summit Honda Westland,CarGurus,internet,181,13,7,6,39093,3268
2025-03,Summit Auto Group,Summit Honda Westland,Dealer Website,internet,392,47,26,21,139553,
2025-03,Summit Auto Group,Summit Honda Westland,Lease Return,campaign,51,15,11,4,25436,
2025-03,Summit Auto Group,Summit Honda Westland,Svc Conquest,service,44,12,9,3,26140,
2025-03,Summit Auto Group,Summit Honda Westland,Direct Mail Q1,campaign,112,14,10,4,31796,5590
2025-03,Summit Auto Group,Summit Honda Westland,Walk In,showroom,76,25,18,7,93349,
2025-03,Summit Auto Group,Summit Honda Westland,Inbound Calls,phone,115,19,14,5,63699,
2025-03,Summit Auto Group,Summit Honda Westland,Website Chat,chat,81,5,3,2,11174,774
2025-03,Summit Auto Group,Summit Honda Westland,Facebook,internet,210,5,3,2,10227,1204
2025-03,Summit Auto Group,Summit Honda Westland,True Car,internet,76,3,2,1,6512,2236
2025-03,Summit Auto Group,Summit Honda Westland,Radio Spot,campaign,3,0,0,0,0,344
2025-03,Summit Auto Group,Summit Hyundai Oakhurst,ATC,internet,197,19,10,9,59851,2436
2025-03,Summit Auto Group,Summit Hyundai Oakhurst,Cars .com,internet,126,12,7,5,32396,1797
2025-03,Summit Auto Group,Summit Hyundai Oakhurst,CarGurus,internet,99,5,3,2,15914,2204
2025-03,Summit Auto Group,Summit Hyundai Oakhurst,Website,internet,240,24,13,11,83532,
2025-03,Summit Auto Group,Summit Hyundai Oakhurst,Lease Return,campaign,31,8,6,2,12247,
2025-03,Summit Auto Group,Summit Hyundai Oakhurst,Svc Conquest,service,35,10,7,3,19206,
2025-03,Summit Auto Group,Summit Hyundai Oakhurst,Direct Mail Q1,campaign,69,3,2,1,6396,3769
2025-03,Summit Auto Group,Summit Hyundai Oakhurst,Showroom,showroom,56,13,9,4,53307,
2025-03,Summit Auto Group,Summit Hyundai Oakhurst,Inbound Calls,phone,82,15,11,4,53344,
2025-03,Summit Auto Group,Summit Hyundai Oakhurst,Live Chat,chat,52,3,2,1,8568,522
2025-03,Summit Auto Group,Summit Hyundai Oakhurst,Facebook,internet,131,4,2,2,9714,812
2025-03,Summit Auto Group,Summit Hyundai Oakhurst,True Car,internet,47,7,4,3,17383,1508
2025-03,Summit Auto Group,Summit Hyundai Oakhurst,Radio,campaign,1,0,0,0,0,231
2025-03,Summit Auto Group,Summit Jeep Ram Clearwater,AutoTrader.com,internet,203,17,9,8,55702,2982
2025-03,Summit Auto Group,Summit Jeep Ram Clearwater,Cars .com,internet,142,13,7,6,43543,2201
2025-03,Summit Auto Group,Summit Jeep Ram Clearwater,Car Gurus,internet,121,9,5,4,27575,2698
2025-03,Summit Auto Group,Summit Jeep Ram Clearwater,Website,internet,334,33,18,15,107884,
2025-03,Summit Auto Group,Summit Jeep Ram Clearwater,Lease Return,campaign,33,12,9,3,22055,
2025-03,Summit Auto Group,Summit Jeep Ram Clearwater,Svc Conquest,service,40,8,6,2,18164,
2025-03,Summit Auto Group,Summit Jeep Ram Clearwater,Direct Mail,campaign,105,13,9,4,33714,4615
2025-03,Summit Auto Group,Summit Jeep Ram Clearwater,Walk In,showroom,70,18,13,5,57997,
2025-03,Summit Auto Group,Summit Jeep Ram Clearwater,Inbound Calls,phone,106,19,14,5,51144,
2025-03,Summit Auto Group,Summit Jeep Ram Clearwater,Live Chat,chat,63,6,3,3,15996,639
2025-03,Summit Auto Group,Summit Jeep Ram Clearwater,Facebook,internet,170,7,4,3,16893,994
2025-03,Summit Auto Group,Summit Jeep Ram Clearwater,True Car,internet,66,2,1,1,5275,1846
2025-03,Summit Auto Group,Summit Jeep Ram Clearwater,Radio,campaign,2,0,0,0,0,284
2025-03,Summit Auto Group,Summit Kia Brookfield,AutoTrader.com,internet,199,10,6,4,32257,2310
2025-03,Summit Auto Group,Summit Kia Brookfield,CARS,internet,100,7,4,3,18203,1705
2025-03,Summit Auto Group,Summit Kia Brookfield,Car Gurus,internet,97,7,4,3,16548,2090
2025-03,Summit Auto Group,Summit Kia Brookfield,OEM Website,internet,232,22,12,10,77076,
2025-03,Summit Auto Group,Summit Kia Brookfield,Lease Return,campaign,33,7,5,2,11343,
2025-03,Summit Auto Group,Summit Kia Brookfield,Service Conquest,service,35,8,6,2,14508,
2025-03,Summit Auto Group,Summit Kia Brookfield,Direct Mail Q1,campaign,66,4,3,1,9808,3575
2025-03,Summit Auto Group,Summit Kia Brookfield,Showroom,showroom,48,18,13,5,69849,
2025-03,Summit Auto Group,Summit Kia Brookfield,Inbound Calls,phone,86,15,11,4,42679,
2025-03,Summit Auto Group,Summit Kia Brookfield,Live Chat,chat,47,5,3,2,12835,495
2025-03,Summit Auto Group,Summit Kia Brookfield,Facebook,internet,123,4,2,2,9093,770
2025-03,Summit Auto Group,Summit Kia Brookfield,True Car,internet,49,4,2,2,10872,1430
2025-03,Summit Auto Group,Summit Kia Brookfield,Radio Spot,campaign,1,0,0,0,0,220
2025-03,Summit Auto Group,Summit Mazda Lakeside,AutoTrader.com,internet,155,7,4,3,21071,1848
2025-03,Summit Auto Group,Summit Mazda Lakeside,Cars.com,internet,89,9,5,4,26327,1364
2025-03,Summit Auto Group,Summit Mazda Lakeside,CarGurus,internet,82,5,3,2,12205,1672
2025-03,Summit Auto Group,Summit Mazda Lakeside,Dealer Website,internet,206,33,18,15,105674,
2025-03,Summit Auto Group,Summit Mazda Lakeside,Lease Return,campaign,22,6,4,2,9922,
2025-03,Summit Auto Group,Summit Mazda Lakeside,Svc Conquest,service,23,7,5,2,16263,
2025-03,Summit Auto Group,Summit Mazda Lakeside,Direct Mail,campaign,57,4,3,1,8699,2860
2025-03,Summit Auto Group,Summit Mazda Lakeside,Walk In,showroom,35,9,6,3,37122,
2025-03,Summit Auto Group,Summit Mazda Lakeside,Phone Up,phone,69,9,6,3,27207,
2025-03,Summit Auto Group,Summit Mazda Lakeside,Website Chat,chat,38,3,2,1,7833,396
2025-03,Summit Auto Group,Summit Mazda Lakeside,Facebook,internet,106,5,3,2,10035,616
2025-03,Summit Auto Group,Summit Mazda Lakeside,True Car,internet,36,2,1,1,5665,1144
2025-03,Summit Auto Group,Summit Mazda Lakeside,Radio Spot,campaign,1,0,0,0,0,176
2025-03,Summit Auto Group,Summit Nissan Ridgemont,auto trader,internet,211,18,10,8,56405,2688
2025-03,Summit Auto Group,Summit Nissan Ridgemont,CARS,internet,105,7,4,3,20090,1984
2025-03,Summit Auto Group,Summit Nissan Ridgemont,CarGurus,internet,104,3,2,1,8239,2432
2025-03,Summit Auto Group,Summit Nissan Ridgemont,Dealer Website,internet,261,32,18,14,111843,
2025-03,Summit Auto Group,Summit Nissan Ridgemont,Lease Retention,campaign,35,14,10,4,26744,
2025-03,Summit Auto Group,Summit Nissan Ridgemont,Svc Conquest,service,40,7,5,2,12745,
2025-03,Summit Auto Group,Summit Nissan Ridgemont,Direct Mail Q1,campaign,75,5,4,1,12575,4160
2025-03,Summit Auto Group,Summit Nissan Ridgemont,Walk-In,showroom,66,28,20,8,95374,
2025-03,Summit Auto Group,Summit Nissan Ridgemont,Inbound Calls,phone,86,20,14,6,57462,
2025-03,Summit Auto Group,Summit Nissan Ridgemont,Live Chat,chat,52,5,3,2,14111,576
2025-03,Summit Auto Group,Summit Nissan Ridgemont,Facebook,internet,150,5,3,2,11893,896
2025-03,Summit Auto Group,Summit Nissan Ridgemont,TrueCar,internet,55,7,4,3,15313,1664
2025-03,Summit Auto Group,Summit Nissan Ridgemont,Radio,campaign,2,0,0,0,0,256
2025-03,Summit Auto Group,Summit Subaru Northgate,Autotrader,internet,136,9,5,4,29775,2058
2025-03,Summit Auto Group,Summit Subaru Northgate,CARS,internet,105,13,7,6,40143,1519
2025-03,Summit Auto Group,Summit Subaru Northgate,CarGurus,internet,76,3,2,1,8469,1862
2025-03,Summit Auto Group,Summit Subaru Northgate,OEM Website,internet,173,19,10,9,67092,
2025-03,Summit Auto Group,Summit Subaru Northgate,Lease Return,campaign,28,8,6,2,15595,
2025-03,Summit Auto Group,Summit Subaru Northgate,Svc Conquest,service,33,4,3,1,8392,
2025-03,Summit Auto Group,Summit Subaru Northgate,Direct Mail Q1,campaign,58,4,3,1,9360,3185
2025-03,Summit Auto Group,Summit Subaru Northgate,Walk-In,showroom,40,15,11,4,53369,
2025-03,Summit Auto Group,Summit Subaru Northgate,Phone Up,phone,75,10,7,3,27233,
2025-03,Summit Auto Group,Summit Subaru Northgate,Website Chat,chat,39,5,3,2,14714,441
2025-03,Summit Auto Group,Summit Subaru Northgate,Facebook Marketplace,internet,111,6,3,3,14523,686
2025-03,Summit Auto Group,Summit Subaru Northgate,True Car,internet,37,4,2,2,10517,1274
2025-03,Summit Auto Group,Summit Subaru Northgate,Radio,campaign,1,0,0,0,0,196
2025-03,Summit Auto Group,Summit Toyota of Fairview,auto trader,internet,306,24,13,11,71369,4200
2025-03,Summit Auto Group,Summit Toyota of Fairview,CARS,internet,170,11,6,5,36484,3100
2025-03,Summit Auto Group,Summit Toyota of Fairview,Car Gurus,internet,175,17,9,8,44542,3800
2025-03,Summit Auto Group,Summit Toyota of Fairview,Dealer Website,internet,417,43,24,19,164722,
2025-03,Summit Auto Group,Summit Toyota of Fairview,Lease Retention,campaign,56,10,7,3,15717,
2025-03,Summit Auto Group,Summit Toyota of Fairview,Svc Conquest,service,64,17,12,5,32589,
2025-03,Summit Auto Group,Summit Toyota of Fairview,Direct Mail Q1,campaign,111,9,6,3,21273,6500
2025-03,Summit Auto Group,Summit Toyota of Fairview,Showroom,showroom,92,31,22,9,113195,
2025-03,Summit Auto Group,Summit Toyota of Fairview,Inbound Calls,phone,150,21,15,6,59013,
2025-03,Summit Auto Group,Summit Toyota of Fairview,Chat,chat,99,8,4,4,18937,900
2025-03,Summit Auto Group,Summit Toyota of Fairview,FB Marketplace,internet,237,14,8,6,27000,1400
2025-03,Summit Auto Group,Summit Toyota of Fairview,True Car,internet,79,4,2,2,11307,2600
2025-03,Summit Auto Group,Summit Toyota of Fairview,Radio Spot,campaign,3,0,0,0,0,400
2025-03,Summit Auto Group,Summit Volkswagen Eastdale,auto trader,internet,146,7,4,3,17382,1680
2025-03,Summit Auto Group,Summit Volkswagen Eastdale,Cars .com,internet,71,2,1,1,6561,1240
2025-03,Summit Auto Group,Summit Volkswagen Eastdale,Car Gurus,internet,78,9,5,4,26777,1520
2025-03,Summit Auto Group,Summit Volkswagen Eastdale,Dealer Website,internet,142,14,8,6,44640,
2025-03,Summit Auto Group,Summit Volkswagen Eastdale,Lease Retention,campaign,24,6,4,2,10355,
2025-03,Summit Auto Group,Summit Volkswagen Eastdale,Service Conquest,service,24,6,4,2,14116,
2025-03,Summit Auto Group,Summit Volkswagen Eastdale,Direct Mail Q1,campaign,45,3,2,1,6951,2600
2025-03,Summit Auto Group,Summit Volkswagen Eastdale,Walk-In,showroom,39,14,10,4,43206,
2025-03,Summit Auto Group,Summit Volkswagen Eastdale,Phone Up,phone,50,11,8,3,31828,
2025-03,Summit Auto Group,Summit Volkswagen Eastdale,Chat,chat,33,3,2,1,8813,360
2025-03,Summit Auto Group,Summit Volkswagen Eastdale,Facebook,internet,89,5,3,2,9604,560
2025-03,Summit Auto Group,Summit Volkswagen Eastdale,True Car,internet,37,3,2,1,7075,1040
2025-03,Summit Auto Group,Summit Volkswagen Eastdale,Radio Spot,campaign,1,0,0,0,0,160
2025-04,Harbor Motor Group,Harbor BMW,auto trader,internet,215,14,8,6,59816,3276
2025-04,Harbor Motor Group,Harbor BMW,Cars.com,internet,160,13,7,6,72889,2418
2025-04,Harbor Motor Group,Harbor BMW,Car Gurus,internet,145,12,7,5,57680,2964
2025-04,Harbor Motor Group,Harbor BMW,Dealer Website,internet,317,31,17,14,184365,
2025-04,Harbor Motor Group,Harbor BMW,Lease Retention,campaign,40,15,11,4,45209,
2025-04,Harbor Motor Group,Harbor BMW,Svc Conquest,service,50,13,9,4,46892,
2025-04,Harbor Motor Group,Harbor BMW,Direct Mail Q1,campaign,106,12,9,3,47032,5070
2025-04,Harbor Motor Group,Harbor BMW,Walk In,showroom,76,26,19,7,163410,
2025-04,Harbor Motor Group,Harbor BMW,Phone Up,phone,119,27,19,8,133363,
2025-04,Harbor Motor Group,Harbor BMW,Website Chat,chat,73,7,4,3,26603,702
2025-04,Harbor Motor Group,Harbor BMW,Facebook Marketplace,internet,177,10,6,4,30590,1092
2025-04,Harbor Motor Group,Harbor BMW,True Car,internet,57,1,1,0,4449,2028
2025-04,Harbor Motor Group,Harbor BMW,Radio Spot,campaign,2,0,0,0,0,312
2025-04,Harbor Motor Group,Harbor Chevrolet Marina,auto trader,internet,238,24,13,11,60758,2940
2025-04,Harbor Motor Group,Harbor Chevrolet Marina,Cars.com,internet,113,7,4,3,20438,2170
2025-04,Harbor Motor Group,Harbor Chevrolet Marina,Car Gurus,internet,128,7,4,3,18739,2660
2025-04,Harbor Motor Group,Harbor Chevrolet Marina,OEM Website,internet,308,37,20,17,116841,
2025-04,Harbor Motor Group,Harbor Chevrolet Marina,Lease Retention,campaign,37,8,6,2,12374,
2025-04,Harbor Motor Group,Harbor Chevrolet Marina,Service Conquest,service,35,7,5,2,16882,
2025-04,Harbor Motor Group,Harbor Chevrolet Marina,Direct Mail Q1,campaign,104,8,6,2,17058,4550
2025-04,Harbor Motor Group,Harbor Chevrolet Marina,Walk-In,showroom,59,20,14,6,61823,
2025-04,Harbor Motor Group,Harbor Chevrolet Marina,Inbound Calls,phone,111,14,10,4,42539,
2025-04,Harbor Motor Group,Harbor Chevrolet Marina,Live Chat,chat,56,2,1,1,5612,630
2025-04,Harbor Motor Group,Harbor Chevrolet Marina,FB Marketplace,internet,149,11,6,5,22514,979
2025-04,Harbor Motor Group,Harbor Chevrolet Marina,True Car,internet,55,8,4,4,18364,1819
2025-04,Harbor Motor Group,Harbor Chevrolet Marina,Radio Spot,campaign,2,0,0,0,0,280
2025-04,Harbor Motor Group,Harbor Ford Portside,auto trader,internet,320,17,9,8,43383,3696
2025-04,Harbor Motor Group,Harbor Ford Portside,Cars .com,internet,169,11,6,5,35146,2728
2025-04,Harbor Motor Group,Harbor Ford Portside,CarGurus,internet,171,13,7,6,32351,3344
2025-04,Harbor Motor Group,Harbor Ford Portside,OEM Website,internet,363,38,21,17,129171,
2025-04,Harbor Motor Group,Harbor Ford Portside,Lease Return,campaign,47,16,12,4,28456,
2025-04,Harbor Motor Group,Harbor Ford Portside,Svc Conquest,service,58,12,9,3,23549,
2025-04,Harbor Motor Group,Harbor Ford Portside,Direct Mail,campaign,124,8,6,2,19994,5720
2025-04,Harbor Motor Group,Harbor Ford Portside,Showroom,showroom,92,31,22,9,97125,
2025-04,Harbor Motor Group,Harbor Ford Portside,Inbound Calls,phone,127,23,17,6,78017,
2025-04,Harbor Motor Group,Harbor Ford Portside,Live Chat,chat,80,5,3,2,14822,792
2025-04,Harbor Motor Group,Harbor Ford Portside,Facebook Marketplace,internet,213,16,9,7,31761,1232
2025-04,Harbor Motor Group,Harbor Ford Portside,TrueCar,internet,65,4,2,2,8979,2288
2025-04,Harbor Motor Group,Harbor Ford Portside,Radio Spot,campaign,2,0,0,0,0,352
2025-04,Harbor Motor Group,Harbor Honda Seaside,ATC,internet,243,14,8,6,42298,3360
2025-04,Harbor Motor Group,Harbor Honda Seaside,Cars .com,internet,141,8,4,4,21939,2480
2025-04,Harbor Motor Group,Harbor Honda Seaside,CarGurus,internet,156,10,6,4,25756,3040
2025-04,Harbor Motor Group,Harbor Honda Seaside,Dealer Website,internet,327,39,21,18,125830,
2025-04,Harbor Motor Group,Harbor Honda Seaside,Lease Retention,campaign,42,18,13,5,26684,
2025-04,Harbor Motor Group,Harbor Honda Seaside,Svc Conquest,service,44,10,7,3,22597,
2025-04,Harbor Motor Group,Harbor Honda Seaside,Direct Mail Q1,campaign,118,8,6,2,20004,5200
2025-04,Harbor Motor Group,Harbor Honda Seaside,Showroom,showroom,67,27,19,8,110950,
2025-04,Harbor Motor Group,Harbor Honda Seaside,Phone Up,phone,100,22,16,6,64198,
2025-04,Harbor Motor Group,Harbor Honda Seaside,Live Chat,chat,77,3,2,1,7440,720
2025-04,Harbor Motor Group,Harbor Honda Seaside,Facebook,internet,181,11,6,5,22888,1120
2025-04,Harbor Motor Group,Harbor Honda Seaside,TrueCar,internet,59,7,4,3,16503,2080
2025-04,Harbor Motor Group,Harbor Honda Seaside,Radio,campaign,2,0,0,0,0,320
2025-04,Harbor Motor Group,Harbor Jeep Ram Anchor,AutoTrader.com,internet,238,17,9,8,54353,2772
2025-04,Harbor Motor Group,Harbor Jeep Ram Anchor,Cars .com,internet,106,11,6,5,31989,2046
2025-04,Harbor Motor Group,Harbor Jeep Ram Anchor,cargurus.com,internet,131,7,4,3,19308,2508
2025-04,Harbor Motor Group,Harbor Jeep Ram Anchor,OEM Website,internet,301,25,14,11,73990,
2025-04,Harbor Motor Group,Harbor Jeep Ram Anchor,Lease Retention,campaign,29,11,8,3,18767,
2025-04,Harbor Motor Group,Harbor Jeep Ram Anchor,Svc Conquest,service,44,10,7,3,20937,
2025-04,Harbor Motor Group,Harbor Jeep Ram Anchor,Direct Mail,campaign,81,9,6,3,23439,4290
2025-04,Harbor Motor Group,Harbor Jeep Ram Anchor,Walk-In,showroom,57,20,14,6,63933,
2025-04,Harbor Motor Group,Harbor Jeep Ram Anchor,Phone Up,phone,105,15,11,4,51003,
2025-04,Harbor Motor Group,Harbor Jeep Ram Anchor,Chat,chat,62,1,1,0,2541,594
2025-04,Harbor Motor Group,Harbor Jeep Ram Anchor,Facebook,internet,151,7,4,3,15571,924
2025-04,Harbor Motor Group,Harbor Jeep Ram Anchor,TrueCar,internet,52,5,3,2,11971,1716
2025-04,Harbor Motor Group,Harbor Jeep Ram Anchor,Radio Spot,campaign,1,0,0,0,0,264
2025-04,Harbor Motor Group,Harbor Kia Lighthouse,ATC,internet,147,10,6,4,25705,2184
2025-04,Harbor Motor Group,Harbor Kia Lighthouse,CARS,internet,106,7,4,3,21029,1612
2025-04,Harbor Motor Group,Harbor Kia Lighthouse,CarGurus,internet,79,4,2,2,9815,1976
2025-04,Harbor Motor Group,Harbor Kia Lighthouse,Dealer Website,internet,243,37,20,17,123551,
2025-04,Harbor Motor Group,Harbor Kia Lighthouse,Lease Retention,campaign,22,3,2,1,4652,
2025-04,Harbor Motor Group,Harbor Kia Lighthouse,Svc Conquest,service,31,8,6,2,16552,
2025-04,Harbor Motor Group,Harbor Kia Lighthouse,Direct Mail,campaign,67,7,5,2,18671,3380
2025-04,Harbor Motor Group,Harbor Kia Lighthouse,Walk In,showroom,43,16,12,4,66058,
2025-04,Harbor Motor Group,Harbor Kia Lighthouse,Inbound Calls,phone,76,11,8,3,33446,
2025-04,Harbor Motor Group,Harbor Kia Lighthouse,Website Chat,chat,42,2,1,1,4677,468
2025-04,Harbor Motor Group,Harbor Kia Lighthouse,Facebook,internet,127,4,2,2,8564,728
2025-04,Harbor Motor Group,Harbor Kia Lighthouse,True Car,internet,38,3,2,1,7438,1352
2025-04,Harbor Motor Group,Harbor Kia Lighthouse,Radio Spot,campaign,1,0,0,0,0,208
2025-04,Harbor Motor Group,Harbor Subaru Tidewater,auto trader,internet,144,11,6,5,31495,1974
2025-04,Harbor Motor Group,Harbor Subaru Tidewater,Cars .com,internet,82,9,5,4,27369,1457
2025-04,Harbor Motor Group,Harbor Subaru Tidewater,Car Gurus,internet,75,6,3,3,16493,1786
2025-04,Harbor Motor Group,Harbor Subaru Tidewater,Dealer Website,internet,195,19,10,9,57092,
2025-04,Harbor Motor Group,Harbor Subaru Tidewater,Lease Return,campaign,20,4,3,1,6670,
2025-04,Harbor Motor Group,Harbor Subaru Tidewater,Service Conquest,service,23,4,3,1,8766,
2025-04,Harbor Motor Group,Harbor Subaru Tidewater,Direct Mail Q1,campaign,63,6,4,2,12853,3055
2025-04,Harbor Motor Group,Harbor Subaru Tidewater,Showroom,showroom,42,15,11,4,57470,
2025-04,Harbor Motor Group,Harbor Subaru Tidewater,Phone Up,phone,65,11,8,3,36446,
2025-04,Harbor Motor Group,Harbor Subaru Tidewater,Website Chat,chat,37,3,2,1,8734,423
2025-04,Harbor Motor Group,Harbor Subaru Tidewater,FB Marketplace,internet,113,3,2,1,7410,658
2025-04,Harbor Motor Group,Harbor Subaru Tidewater,True Car,internet,35,3,2,1,6503,1222
2025-04,Harbor Motor Group,Harbor Subaru Tidewater,Radio Spot,campaign,1,0,0,0,0,188
2025-04,Harbor Motor Group,Harbor Toyota Bayview,Autotrader,internet,323,15,8,7,37865,3990
2025-04,Harbor Motor Group,Harbor Toyota Bayview,Cars .com,internet,160,10,6,4,31245,2945
2025-04,Harbor Motor Group,Harbor Toyota Bayview,cargurus.com,internet,150,9,5,4,25855,3610
2025-04,Harbor Motor Group,Harbor Toyota Bayview,OEM Website,internet,394,43,24,19,130433,
2025-04,Harbor Motor Group,Harbor Toyota Bayview,Lease Return,campaign,48,16,12,4,25363,
2025-04,Harbor Motor Group,Harbor Toyota Bayview,Svc Conquest,service,59,18,13,5,34423,
2025-04,Harbor Motor Group,Harbor Toyota Bayview,Direct Mail,campaign,117,8,6,2,20177,6175
2025-04,Harbor Motor Group,Harbor Toyota Bayview,Walk In,showroom,95,30,22,8,103454,
2025-04,Harbor Motor Group,Harbor Toyota Bayview,Inbound Phone,phone,114,23,17,6,75794,
2025-04,Harbor Motor Group,Harbor Toyota Bayview,Website Chat,chat,79,5,3,2,14138,855
2025-04,Harbor Motor Group,Harbor Toyota Bayview,Facebook Marketplace,internet,220,8,4,4,18460,1330
2025-04,Harbor Motor Group,Harbor Toyota Bayview,True Car,internet,71,9,5,4,21785,2470
2025-04,Harbor Motor Group,Harbor Toyota Bayview,Radio Spot,campaign,2,1,1,0,2261,380
2025-04,Summit Auto Group,Summit BMW,Autotrader,internet,228,17,9,8,86218,3486
2025-04,Summit Auto Group,Summit BMW,Cars .com,internet,165,14,8,6,74608,2573
2025-04,Summit Auto Group,Summit BMW,cargurus.com,internet,127,5,3,2,22884,3154
2025-04,Summit Auto Group,Summit BMW,Dealer Website,internet,369,37,20,17,196204,
2025-04,Summit Auto Group,Summit BMW,Lease Return,campaign,47,15,11,4,45439,
2025-04,Summit Auto Group,Summit BMW,Service Conquest,service,49,11,8,3,40668,
2025-04,Summit Auto Group,Summit BMW,Direct Mail,campaign,101,9,6,3,32980,5395
2025-04,Summit Auto Group,Summit BMW,Walk-In,showroom,81,36,26,10,202435,
2025-04,Summit Auto Group,Summit BMW,Inbound Phone,phone,123,22,16,6,97936,
2025-04,Summit Auto Group,Summit BMW,Chat,chat,83,2,1,1,7800,747
2025-04,Summit Auto Group,Summit BMW,Facebook,internet,182,11,6,5,35986,1162
2025-04,Summit Auto Group,Summit BMW,TrueCar,internet,61,8,4,4,35166,2158
2025-04,Summit Auto Group,Summit BMW,Radio,campaign,2,0,0,0,0,332
2025-04,Summit Auto Group,Summit Chevrolet Glenpark,ATC,internet,219,12,7,5,34043,3276
2025-04,Summit Auto Group,Summit Chevrolet Glenpark,Cars .com,internet,165,14,8,6,49048,2418
2025-04,Summit Auto Group,Summit Chevrolet Glenpark,cargurus.com,internet,131,8,4,4,23811,2964
2025-04,Summit Auto Group,Summit Chevrolet Glenpark,Dealer Website,internet,348,48,26,22,155989,
2025-04,Summit Auto Group,Summit Chevrolet Glenpark,Lease Return,campaign,44,9,6,3,14455,
2025-04,Summit Auto Group,Summit Chevrolet Glenpark,Svc Conquest,service,44,7,5,2,14142,
2025-04,Summit Auto Group,Summit Chevrolet Glenpark,Direct Mail,campaign,111,9,6,3,22869,5070
2025-04,Summit Auto Group,Summit Chevrolet Glenpark,Walk In,showroom,73,19,14,5,67126,
2025-04,Summit Auto Group,Summit Chevrolet Glenpark,Inbound Phone,phone,110,20,14,6,60735,
2025-04,Summit Auto Group,Summit Chevrolet Glenpark,Chat,chat,71,8,4,4,21675,702
2025-04,Summit Auto Group,Summit Chevrolet Glenpark,FB Marketplace,internet,193,6,3,3,11972,1092
2025-04,Summit Auto Group,Summit Chevrolet Glenpark,TrueCar,internet,68,3,2,1,6889,2028
2025-04,Summit Auto Group,Summit Chevrolet Glenpark,Radio Spot,campaign,2,0,0,0,0,312
2025-04,Summit Auto Group,Summit Ford Rivera,ATC,internet,267,16,9,7,43723,3864
2025-04,Summit Auto Group,Summit Ford Rivera,Cars.com,internet,188,11,6,5,34549,2852
2025-04,Summit Auto Group,Summit Ford Rivera,cargurus.com,internet,169,6,3,3,18805,3496
2025-04,Summit Auto Group,Summit Ford Rivera,Website,internet,349,35,19,16,114861,
2025-04,Summit Auto Group,Summit Ford Rivera,Lease Retention,campaign,45,16,12,4,30762,
2025-04,Summit Auto Group,Summit Ford Rivera,Service Conquest,service,46,11,8,3,24102,
2025-04,Summit Auto Group,Summit Ford Rivera,Direct Mail Q1,campaign,109,9,6,3,20140,5980
2025-04,Summit Auto Group,Summit Ford Rivera,Showroom,showroom,97,36,26,10,134036,
2025-04,Summit Auto Group,Summit Ford Rivera,Inbound Phone,phone,146,27,19,8,94653,
2025-04,Summit Auto Group,Summit Ford Rivera,Live Chat,chat,84,8,4,4,23174,828
2025-04,Summit Auto Group,Summit Ford Rivera,Facebook,internet,212,12,7,5,29054,1288
2025-04,Summit Auto Group,Summit Ford Rivera,TrueCar,internet,70,7,4,3,18720,2392
2025-04,Summit Auto Group,Summit Ford Rivera,Radio,campaign,3,0,0,0,0,368
2025-04,Summit Auto Group,Summit Honda Westland,auto trader,internet,292,14,8,6,39743,3612
2025-04,Summit Auto Group,Summit Honda Westland,Cars.com,internet,143,13,7,6,45480,2666
2025-04,Summit Auto Group,Summit Honda Westland,CarGurus,internet,147,6,3,3,15104,3268
2025-04,Summit Auto Group,Summit Honda Westland,Dealer Website,internet,402,39,21,18,125991,
2025-04,Summit Auto Group,Summit Honda Westland,Lease Return,campaign,40,9,6,3,13197,
2025-04,Summit Auto Group,Summit Honda Westland,Svc Conquest,service,56,8,6,2,15061,
2025-04,Summit Auto Group,Summit Honda Westland,Direct Mail Q1,campaign,95,9,6,3,18917,5590
2025-04,Summit Auto Group,Summit Honda Westland,Walk In,showroom,83,27,19,8,86748,
2025-04,Summit Auto Group,Summit Honda Westland,Inbound Calls,phone,110,25,18,7,76768,
2025-04,Summit Auto Group,Summit Honda Westland,Website Chat,chat,74,6,3,3,13858,774
2025-04,Summit Auto Group,Summit Honda Westland,Facebook,internet,212,7,4,3,13516,1204
2025-04,Summit Auto Group,Summit Honda Westland,True Car,internet,72,2,1,1,5480,2236
2025-04,Summit Auto Group,Summit Honda Westland,Radio Spot,campaign,3,0,0,0,0,344
2025-04,Summit Auto Group,Summit Hyundai Oakhurst,ATC,internet,198,14,8,6,42943,2436
2025-04,Summit Auto Group,Summit Hyundai Oakhurst,Cars .com,internet,116,15,8,7,47135,1797
2025-04,Summit Auto Group,Summit Hyundai Oakhurst,CarGurus,internet,109,5,3,2,12671,2204
2025-04,Summit Auto Group,Summit Hyundai Oakhurst,Website,internet,269,40,22,18,123535,
2025-04,Summit Auto Group,Summit Hyundai Oakhurst,Lease Return,campaign,29,10,7,3,16531,
2025-04,Summit Auto Group,Summit Hyundai Oakhurst,Svc Conquest,service,33,5,4,1,11151,
2025-04,Summit Auto Group,Summit Hyundai Oakhurst,Direct Mail Q1,campaign,71,2,1,1,5318,3769
2025-04,Summit Auto Group,Summit Hyundai Oakhurst,Showroom,showroom,55,19,14,5,75782,
2025-04,Summit Auto Group,Summit Hyundai Oakhurst,Inbound Calls,phone,71,16,12,4,52494,
2025-04,Summit Auto Group,Summit Hyundai Oakhurst,Live Chat,chat,45,3,2,1,8764,522
2025-04,Summit Auto Group,Summit Hyundai Oakhurst,Facebook,internet,125,9,5,4,21116,812
2025-04,Summit Auto Group,Summit Hyundai Oakhurst,True Car,internet,41,2,1,1,5505,1508
2025-04,Summit Auto Group,Summit Hyundai Oakhurst,Radio,campaign,1,0,0,0,0,231
2025-04,Summit Auto Group,Summit Jeep Ram Clearwater,AutoTrader.com,internet,256,14,8,6,42985,2982
2025-04,Summit Auto Group,Summit Jeep Ram Clearwater,Cars .com,internet,123,6,3,3,20351,2201
2025-04,Summit Auto Group,Summit Jeep Ram Clearwater,Car Gurus,internet,122,6,3,3,18592,2698
2025-04,Summit Auto Group,Summit Jeep Ram Clearwater,Website,internet,279,27,15,12,104839,
2025-04,Summit Auto Group,Summit Jeep Ram Clearwater,Lease Return,campaign,34,12,9,3,21245,
2025-04,Summit Auto Group,Summit Jeep Ram Clearwater,Svc Conquest,service,47,13,9,4,30019,
2025-04,Summit Auto Group,Summit Jeep Ram Clearwater,Direct Mail,campaign,96,8,6,2,17280,4615
2025-04,Summit Auto Group,Summit Jeep Ram Clearwater,Walk In,showroom,61,22,16,6,79198,
2025-04,Summit Auto Group,Summit Jeep Ram Clearwater,Inbound Calls,phone,101,17,12,5,54569,
2025-04,Summit Auto Group,Summit Jeep Ram Clearwater,Live Chat,chat,65,2,1,1,5628,639
2025-04,Summit Auto Group,Summit Jeep Ram Clearwater,Facebook,internet,155,7,4,3,13591,994
2025-04,Summit Auto Group,Summit Jeep Ram Clearwater,True Car,internet,54,1,1,0,2537,1846
2025-04,Summit Auto Group,Summit Jeep Ram Clearwater,Radio,campaign,2,0,0,0,0,284
2025-04,Summit Auto Group,Summit Kia Brookfield,AutoTrader.com,internet,199,19,10,9,58709,2310
2025-04,Summit Auto Group,Summit Kia Brookfield,CARS,internet,112,15,8,7,46376,1705
2025-04,Summit Auto Group,Summit Kia Brookfield,Car Gurus,internet,88,7,4,3,20931,2090
2025-04,Summit Auto Group,Summit Kia Brookfield,OEM Website,internet,233,25,14,11,80477,
2025-04,Summit Auto Group,Summit Kia Brookfield,Lease Return,campaign,31,9,6,3,14063,
2025-04,Summit Auto Group,Summit Kia Brookfield,Service Conquest,service,35,8,6,2,14993,
2025-04,Summit Auto Group,Summit Kia Brookfield,Direct Mail Q1,campaign,63,7,5,2,19097,3575
2025-04,Summit Auto Group,Summit Kia Brookfield,Showroom,showroom,53,20,14,6,69745,
2025-04,Summit Auto Group,Summit Kia Brookfield,Inbound Calls,phone,82,15,11,4,44149,
2025-04,Summit Auto Group,Summit Kia Brookfield,Live Chat,chat,44,7,4,3,15564,495
2025-04,Summit Auto Group,Summit Kia Brookfield,Facebook,internet,122,6,3,3,11754,770
2025-04,Summit Auto Group,Summit Kia Brookfield,True Car,internet,42,3,2,1,7737,1430
2025-04,Summit Auto Group,Summit Kia Brookfield,Radio Spot,campaign,1,0,0,0,0,220
2025-04,Summit Auto Group,Summit Mazda Lakeside,AutoTrader.com,internet,133,11,6,5,33784,1848
2025-04,Summit Auto Group,Summit Mazda Lakeside,Cars.com,internet,94,10,6,4,33628,1364
2025-04,Summit Auto Group,Summit Mazda Lakeside,CarGurus,internet,67,2,1,1,5258,1672
2025-04,Summit Auto Group,Summit Mazda Lakeside,Dealer Website,internet,194,29,16,13,110728,
2025-04,Summit Auto Group,Summit Mazda Lakeside,Lease Return,campaign,24,5,4,1,8114,
2025-04,Summit Auto Group,Summit Mazda Lakeside,Svc Conquest,service,27,7,5,2,15726,
2025-04,Summit Auto Group,Summit Mazda Lakeside,Direct Mail,campaign,57,6,4,2,15236,2860
2025-04,Summit Auto Group,Summit Mazda Lakeside,Walk In,showroom,39,9,6,3,28083,
2025-04,Summit Auto Group,Summit Mazda Lakeside,Phone Up,phone,67,10,7,3,35976,
2025-04,Summit Auto Group,Summit Mazda Lakeside,Website Chat,chat,37,2,1,1,5789,396
2025-04,Summit Auto Group,Summit Mazda Lakeside,Facebook,internet,93,7,4,3,13786,616
2025-04,Summit Auto Group,Summit Mazda Lakeside,True Car,internet,37,2,1,1,4696,1144
2025-04,Summit Auto Group,Summit Mazda Lakeside,Radio Spot,campaign,1,0,0,0,0,176
2025-04,Summit Auto Group,Summit Nissan Ridgemont,auto trader,internet,230,14,8,6,37750,2688
2025-04,Summit Auto Group,Summit Nissan Ridgemont,CARS,internet,137,17,9,8,44796,1984
2025-04,Summit Auto Group,Summit Nissan Ridgemont,CarGurus,internet,104,9,5,4,25989,2432
2025-04,Summit Auto Group,Summit Nissan Ridgemont,Dealer Website,internet,234,25,14,11,97527,
2025-04,Summit Auto Group,Summit Nissan Ridgemont,Lease Retention,campaign,37,11,8,3,21314,
2025-04,Summit Auto Group,Summit Nissan Ridgemont,Svc Conquest,service,39,9,6,3,18385,
2025-04,Summit Auto Group,Summit Nissan Ridgemont,Direct Mail Q1,campaign,76,8,6,2,20627,4160
2025-04,Summit Auto Group,Summit Nissan Ridgemont,Walk-In,showroom,58,22,16,6,73908,
2025-04,Summit Auto Group,Summit Nissan Ridgemont,Inbound Calls,phone,85,21,15,6,68699,
2025-04,Summit Auto Group,Summit Nissan Ridgemont,Live Chat,chat,60,4,2,2,10566,576
2025-04,Summit Auto Group,Summit Nissan Ridgemont,Facebook,internet,140,7,4,3,15999,896
2025-04,Summit Auto Group,Summit Nissan Ridgemont,TrueCar,internet,49,5,3,2,13071,1664
2025-04,Summit Auto Group,Summit Nissan Ridgemont,Radio,campaign,2,0,0,0,0,256
2025-04,Summit Auto Group,Summit Subaru Northgate,Autotrader,internet,165,12,7,5,33995,2058
2025-04,Summit Auto Group,Summit Subaru Northgate,CARS,internet,104,3,2,1,9127,1519
2025-04,Summit Auto Group,Summit Subaru Northgate,CarGurus,internet,79,6,3,3,15304,1862
2025-04,Summit Auto Group,Summit Subaru Northgate,OEM Website,internet,183,17,9,8,60639,
2025-04,Summit Auto Group,Summit Subaru Northgate,Lease Return,campaign,25,4,3,1,6511,
2025-04,Summit Auto Group,Summit Subaru Northgate,Svc Conquest,service,27,3,2,1,6694,
2025-04,Summit Auto Group,Summit Subaru Northgate,Direct Mail Q1,campaign,63,3,2,1,7988,3185
2025-04,Summit Auto Group,Summit Subaru Northgate,Walk-In,showroom,52,23,17,6,71700,
2025-04,Summit Auto Group,Summit Subaru Northgate,Phone Up,phone,59,18,13,5,51768,
2025-04,Summit Auto Group,Summit Subaru Northgate,Website Chat,chat,48,3,2,1,8482,441
2025-04,Summit Auto Group,Summit Subaru Northgate,Facebook Marketplace,internet,114,5,3,2,9726,686
2025-04,Summit Auto Group,Summit Subaru Northgate,True Car,internet,38,1,1,0,2732,1274
2025-04,Summit Auto Group,Summit Subaru Northgate,Radio,campaign,1,0,0,0,0,196
2025-04,Summit Auto Group,Summit Toyota of Fairview,auto trader,internet,349,20,11,9,53564,4200
2025-04,Summit Auto Group,Summit Toyota of Fairview,CARS,internet,208,15,8,7,42156,3100
2025-04,Summit Auto Group,Summit Toyota of Fairview,Car Gurus,internet,195,17,9,8,42625,3800
2025-04,Summit Auto Group,Summit Toyota of Fairview,Dealer Website,internet,381,47,26,21,156316,
2025-04,Summit Auto Group,Summit Toyota of Fairview,Lease Retention,campaign,45,11,8,3,20326,
2025-04,Summit Auto Group,Summit Toyota of Fairview,Svc Conquest,service,62,14,10,4,28313,
2025-04,Summit Auto Group,Summit Toyota of Fairview,Direct Mail Q1,campaign,127,16,12,4,42981,6500
2025-04,Summit Auto Group,Summit Toyota of Fairview,Showroom,showroom,93,30,22,8,102355,
2025-04,Summit Auto Group,Summit Toyota of Fairview,Inbound Calls,phone,148,33,24,9,97671,
2025-04,Summit Auto Group,Summit Toyota of Fairview,Chat,chat,91,6,3,3,17427,900
2025-04,Summit Auto Group,Summit Toyota of Fairview,FB Marketplace,internet,240,11,6,5,27445,1400
2025-04,Summit Auto Group,Summit Toyota of Fairview,True Car,internet,85,8,4,4,17924,2600
2025-04,Summit Auto Group,Summit Toyota of Fairview,Radio Spot,campaign,3,0,0,0,0,400
2025-04,Summit Auto Group,Summit Volkswagen Eastdale,auto trader,internet,134,12,7,5,39871,1680
2025-04,Summit Auto Group,Summit Volkswagen Eastdale,Cars .com,internet,84,8,4,4,26856,1240
2025-04,Summit Auto Group,Summit Volkswagen Eastdale,Car Gurus,internet,74,4,2,2,9992,1520
2025-04,Summit Auto Group,Summit Volkswagen Eastdale,Dealer Website,internet,162,21,12,9,74782,
2025-04,Summit Auto Group,Summit Volkswagen Eastdale,Lease Retention,campaign,21,7,5,2,11883,
2025-04,Summit Auto Group,Summit Volkswagen Eastdale,Service Conquest,service,21,4,3,1,9543,
2025-04,Summit Auto Group,Summit Volkswagen Eastdale,Direct Mail Q1,campaign,59,5,4,1,13159,2600
2025-04,Summit Auto Group,Summit Volkswagen Eastdale,Walk-In,showroom,40,12,9,3,40869,
2025-04,Summit Auto Group,Summit Volkswagen Eastdale,Phone Up,phone,63,14,10,4,47329,
2025-04,Summit Auto Group,Summit Volkswagen Eastdale,Chat,chat,33,1,1,0,2451,360
2025-04,Summit Auto Group,Summit Volkswagen Eastdale,Facebook,internet,90,3,2,1,5697,560
2025-04,Summit Auto Group,Summit Volkswagen Eastdale,True Car,internet,28,3,2,1,7211,1040
2025-04,Summit Auto Group,Summit Volkswagen Eastdale,Radio Spot,campaign,1,0,0,0,0,160
2025-05,Harbor Motor Group,Harbor BMW,auto trader,internet,258,16,9,7,79265,3276
2025-05,Harbor Motor Group,Harbor BMW,Cars.com,internet,169,9,5,4,46431,2418
2025-05,Harbor Motor Group,Harbor BMW,Car Gurus,internet,129,9,5,4,34780,2964
2025-05,Harbor Motor Group,Harbor BMW,Dealer Website,internet,300,36,20,16,205970,
2025-05,Harbor Motor Group,Harbor BMW,Lease Retention,campaign,35,12,9,3,32903,
2025-05,Harbor Motor Group,Harbor BMW,Svc Conquest,service,45,7,5,2,22269,
2025-05,Harbor Motor Group,Harbor BMW,Direct Mail Q1,campaign,99,7,5,2,30857,5070
2025-05,Harbor Motor Group,Harbor BMW,Walk In,showroom,72,24,17,7,136225,
2025-05,Harbor Motor Group,Harbor BMW,Phone Up,phone,95,14,10,4,70875,
2025-05,Harbor Motor Group,Harbor BMW,Website Chat,chat,62,1,1,0,4324,702
2025-05,Harbor Motor Group,Harbor BMW,Facebook Marketplace,internet,186,6,3,3,22038,1092
2025-05,Harbor Motor Group,Harbor BMW,True Car,internet,59,1,1,0,3969,2028
2025-05,Harbor Motor Group,Harbor BMW,Radio Spot,campaign,2,0,0,0,0,312
2025-05,Harbor Motor Group,Harbor Chevrolet Marina,auto trader,internet,220,11,6,5,35398,2940
2025-05,Harbor Motor Group,Harbor Chevrolet Marina,Cars.com,internet,122,10,6,4,28817,2170
2025-05,Harbor Motor Group,Harbor Chevrolet Marina,Car Gurus,internet,113,8,4,4,19100,2660
2025-05,Harbor Motor Group,Harbor Chevrolet Marina,OEM Website,internet,323,39,21,18,122195,
2025-05,Harbor Motor Group,Harbor Chevrolet Marina,Lease Retention,campaign,37,11,8,3,19455,
2025-05,Harbor Motor Group,Harbor Chevrolet Marina,Service Conquest,service,36,5,4,1,10221,
2025-05,Harbor Motor Group,Harbor Chevrolet Marina,Direct Mail Q1,campaign,100,9,6,3,22840,4550
2025-05,Harbor Motor Group,Harbor Chevrolet Marina,Walk-In,showroom,71,32,23,9,108160,
2025-05,Harbor Motor Group,Harbor Chevrolet Marina,Inbound Calls,phone,90,17,12,5,47863,
2025-05,Harbor Motor Group,Harbor Chevrolet Marina,Live Chat,chat,66,5,3,2,14788,630
2025-05,Harbor Motor Group,Harbor Chevrolet Marina,FB Marketplace,internet,159,11,6,5,24330,979
2025-05,Harbor Motor Group,Harbor Chevrolet Marina,True Car,internet,54,5,3,2,13191,1819
2025-05,Harbor Motor Group,Harbor Chevrolet Marina,Radio Spot,campaign,2,0,0,0,0,280
2025-05,Harbor Motor Group,Harbor Ford Portside,auto trader,internet,271,19,10,9,49392,3696
2025-05,Harbor Motor Group,Harbor Ford Portside,Cars .com,internet,155,17,9,8,56438,2728
2025-05,Harbor Motor Group,Harbor Ford Portside,CarGurus,internet,164,16,9,7,45130,3344
2025-05,Harbor Motor Group,Harbor Ford Portside,OEM Website,internet,352,39,21,18,116561,
2025-05,Harbor Motor Group,Harbor Ford Portside,Lease Return,campaign,46,11,8,3,17129,
2025-05,Harbor Motor Group,Harbor Ford Portside,Svc Conquest,service,48,8,6,2,15050,
2025-05,Harbor Motor Group,Harbor Ford Portside,Direct Mail,campaign,116,10,7,3,21249,5720
2025-05,Harbor Motor Group,Harbor Ford Portside,Showroom,showroom,85,32,23,9,103318,
2025-05,Harbor Motor Group,Harbor Ford Portside,Inbound Calls,phone,126,22,16,6,70696,
2025-05,Harbor Motor Group,Harbor Ford Portside,Live Chat,chat,70,4,2,2,9027,792
2025-05,Harbor Motor Group,Harbor Ford Portside,Facebook Marketplace,internet,188,8,4,4,15056,1232
2025-05,Harbor Motor Group,Harbor Ford Portside,TrueCar,internet,77,4,2,2,9305,2288
2025-05,Harbor Motor Group,Harbor Ford Portside,Radio Spot,campaign,2,0,0,0,0,352
2025-05,Harbor Motor Group,Harbor Honda Seaside,ATC,internet,261,21,12,9,62933,3360
2025-05,Harbor Motor Group,Harbor Honda Seaside,Cars .com,internet,141,13,7,6,40885,2480
2025-05,Harbor Motor Group,Harbor Honda Seaside,CarGurus,internet,137,5,3,2,15682,3040
2025-05,Harbor Motor Group,Harbor Honda Seaside,Dealer Website,internet,361,38,21,17,112962,
2025-05,Harbor Motor Group,Harbor Honda Seaside,Lease Retention,campaign,37,7,5,2,12729,
2025-05,Harbor Motor Group,Harbor Honda Seaside,Svc Conquest,service,44,13,9,4,26280,
2025-05,Harbor Motor Group,Harbor Honda Seaside,Direct Mail Q1,campaign,118,10,7,3,27380,5200
2025-05,Harbor Motor Group,Harbor Honda Seaside,Showroom,showroom,70,17,12,5,65320,
2025-05,Harbor Motor Group,Harbor Honda Seaside,Phone Up,phone,111,17,12,5,57817,
2025-05,Harbor Motor Group,Harbor Honda Seaside,Live Chat,chat,79,5,3,2,14064,720
2025-05,Harbor Motor Group,Harbor Honda Seaside,Facebook,internet,187,8,4,4,15683,1120
2025-05,Harbor Motor Group,Harbor Honda Seaside,TrueCar,internet,62,3,2,1,8099,2080
2025-05,Harbor Motor Group,Harbor Honda Seaside,Radio,campaign,2,0,0,0,0,320
2025-05,Harbor Motor Group,Harbor Jeep Ram Anchor,AutoTrader.com,internet,196,17,9,8,52540,2772
2025-05,Harbor Motor Group,Harbor Jeep Ram Anchor,Cars .com,internet,108,5,3,2,16605,2046
2025-05,Harbor Motor Group,Harbor Jeep Ram Anchor,cargurus.com,internet,98,9,5,4,27653,2508
2025-05,Harbor Motor Group,Harbor Jeep Ram Anchor,OEM Website,internet,310,51,28,23,158326,
2025-05,Harbor Motor Group,Harbor Jeep Ram Anchor,Lease Retention,campaign,31,11,8,3,18572,
2025-05,Harbor Motor Group,Harbor Jeep Ram Anchor,Svc Conquest,service,44,11,8,3,20111,
2025-05,Harbor Motor Group,Harbor Jeep Ram Anchor,Direct Mail,campaign,91,5,4,1,12103,4290
2025-05,Harbor Motor Group,Harbor Jeep Ram Anchor,Walk-In,showroom,58,16,12,4,64602,
2025-05,Harbor Motor Group,Harbor Jeep Ram Anchor,Phone Up,phone,99,21,15,6,71754,
2025-05,Harbor Motor Group,Harbor Jeep Ram Anchor,Chat,chat,57,6,3,3,17100,594
2025-05,Harbor Motor Group,Harbor Jeep Ram Anchor,Facebook,internet,156,8,4,4,17675,924
2025-05,Harbor Motor Group,Harbor Jeep Ram Anchor,TrueCar,internet,49,3,2,1,7923,1716
2025-05,Harbor Motor Group,Harbor Jeep Ram Anchor,Radio Spot,campaign,2,0,0,0,0,264
2025-05,Harbor Motor Group,Harbor Kia Lighthouse,ATC,internet,166,7,4,3,21578,2184
2025-05,Harbor Motor Group,Harbor Kia Lighthouse,CARS,internet,104,10,6,4,27214,1612
2025-05,Harbor Motor Group,Harbor Kia Lighthouse,CarGurus,internet,94,2,1,1,5863,1976
2025-05,Harbor Motor Group,Harbor Kia Lighthouse,Dealer Website,internet,224,29,16,13,107507,
2025-05,Harbor Motor Group,Harbor Kia Lighthouse,Lease Retention,campaign,28,13,9,4,22260,
2025-05,Harbor Motor Group,Harbor Kia Lighthouse,Svc Conquest,service,31,9,6,3,16144,
2025-05,Harbor Motor Group,Harbor Kia Lighthouse,Direct Mail,campaign,61,5,4,1,10527,3380
2025-05,Harbor Motor Group,Harbor Kia Lighthouse,Walk In,showroom,51,17,12,5,64711,
2025-05,Harbor Motor Group,Harbor Kia Lighthouse,Inbound Calls,phone,62,14,10,4,47257,
2025-05,Harbor Motor Group,Harbor Kia Lighthouse,Website Chat,chat,41,0,0,0,0,468
2025-05,Harbor Motor Group,Harbor Kia Lighthouse,Facebook,internet,121,6,3,3,15088,728
2025-05,Harbor Motor Group,Harbor Kia Lighthouse,True Car,internet,38,3,2,1,7313,1352
2025-05,Harbor Motor Group,Harbor Kia Lighthouse,Radio Spot,campaign,1,0,0,0,0,208
2025-05,Harbor Motor Group,Harbor Subaru Tidewater,auto trader,internet,140,5,3,2,15707,1974
2025-05,Harbor Motor Group,Harbor Subaru Tidewater,Cars .com,internet,83,6,3,3,17889,1457
2025-05,Harbor Motor Group,Harbor Subaru Tidewater,Car Gurus,internet,84,1,1,0,2811,1786
2025-05,Harbor Motor Group,Harbor Subaru Tidewater,Dealer Website,internet,172,23,13,10,88642,
2025-05,Harbor Motor Group,Harbor Subaru Tidewater,Lease Return,campaign,26,8,6,2,11898,
2025-05,Harbor Motor Group,Harbor Subaru Tidewater,Service Conquest,service,26,6,4,2,11290,
2025-05,Harbor Motor Group,Harbor Subaru Tidewater,Direct Mail Q1,campaign,66,8,6,2,21192,3055
2025-05,Harbor Motor Group,Harbor Subaru Tidewater,Showroom,showroom,46,17,12,5,66051,
2025-05,Harbor Motor Group,Harbor Subaru Tidewater,Phone Up,phone,64,6,4,2,20876,
2025-05,Harbor Motor Group,Harbor Subaru Tidewater,Website Chat,chat,45,3,2,1,7572,423
2025-05,Harbor Motor Group,Harbor Subaru Tidewater,FB Marketplace,internet,110,3,2,1,6045,658
2025-05,Harbor Motor Group,Harbor Subaru Tidewater,True Car,internet,32,2,1,1,5038,1222
2025-05,Harbor Motor Group,Harbor Subaru Tidewater,Radio Spot,campaign,1,0,0,0,0,188
2025-05,Harbor Motor Group,Harbor Toyota Bayview,Autotrader,internet,273,17,9,8,44939,3990
2025-05,Harbor Motor Group,Harbor Toyota Bayview,Cars .com,internet,176,9,5,4,30215,2945
2025-05,Harbor Motor Group,Harbor Toyota Bayview,cargurus.com,internet,155,14,8,6,40474,3610
2025-05,Harbor Motor Group,Harbor Toyota Bayview,OEM Website,internet,353,34,19,15,127206,
2025-05,Harbor Motor Group,Harbor Toyota Bayview,Lease Return,campaign,53,16,12,4,28495,
2025-05,Harbor Motor Group,Harbor Toyota Bayview,Svc Conquest,service,54,14,10,4,31845,
2025-05,Harbor Motor Group,Harbor Toyota Bayview,Direct Mail,campaign,114,14,10,4,36766,6175
2025-05,Harbor Motor Group,Harbor Toyota Bayview,Walk In,showroom,95,24,17,7,96932,
2025-05,Harbor Motor Group,Harbor Toyota Bayview,Inbound Phone,phone,115,21,15,6,67740,
2025-05,Harbor Motor Group,Harbor Toyota Bayview,Website Chat,chat,91,2,1,1,4823,855
2025-05,Harbor Motor Group,Harbor Toyota Bayview,Facebook Marketplace,internet,235,10,6,4,19695,1330
2025-05,Harbor Motor Group,Harbor Toyota Bayview,True Car,internet,73,5,3,2,11690,2470
2025-05,Harbor Motor Group,Harbor Toyota Bayview,Radio Spot,campaign,2,0,0,0,0,380
2025-05,Summit Auto Group,Summit BMW,Autotrader,internet,250,12,7,5,59555,3486
2025-05,Summit Auto Group,Summit BMW,Cars .com,internet,168,16,9,7,74025,2573
2025-05,Summit Auto Group,Summit BMW,cargurus.com,internet,137,11,6,5,45777,3154
2025-05,Summit Auto Group,Summit BMW,Dealer Website,internet,366,41,23,18,196983,
2025-05,Summit Auto Group,Summit BMW,Lease Return,campaign,36,11,8,3,33596,
2025-05,Summit Auto Group,Summit BMW,Service Conquest,service,48,8,6,2,24659,
2025-05,Summit Auto Group,Summit BMW,Direct Mail,campaign,90,8,6,2,30512,5395
2025-05,Summit Auto Group,Summit BMW,Walk-In,showroom,88,21,15,6,137553,
2025-05,Summit Auto Group,Summit BMW,Inbound Phone,phone,132,24,17,7,114370,
2025-05,Summit Auto Group,Summit BMW,Chat,chat,81,7,4,3,32841,747
2025-05,Summit Auto Group,Summit BMW,Facebook,internet,183,8,4,4,24656,1162
2025-05,Summit Auto Group,Summit BMW,TrueCar,internet,67,1,1,0,4298,2158
2025-05,Summit Auto Group,Summit BMW,Radio,campaign,2,0,0,0,0,332
2025-05,Summit Auto Group,Summit Chevrolet Glenpark,ATC,internet,237,16,9,7,43293,3276
2025-05,Summit Auto Group,Summit Chevrolet Glenpark,Cars .com,internet,147,14,8,6,43674,2418
2025-05,Summit Auto Group,Summit Chevrolet Glenpark,cargurus.com,internet,123,10,6,4,24814,2964
2025-05,Summit Auto Group,Summit Chevrolet Glenpark,Dealer Website,internet,294,37,20,17,119868,
2025-05,Summit Auto Group,Summit Chevrolet Glenpark,Lease Return,campaign,39,12,9,3,21181,
2025-05,Summit Auto Group,Summit Chevrolet Glenpark,Svc Conquest,service,40,13,9,4,28891,
2025-05,Summit Auto Group,Summit Chevrolet Glenpark,Direct Mail,campaign,103,9,6,3,19911,5070
2025-05,Summit Auto Group,Summit Chevrolet Glenpark,Walk In,showroom,71,25,18,7,100748,
2025-05,Summit Auto Group,Summit Chevrolet Glenpark,Inbound Phone,phone,95,20,14,6,54229,
2025-05,Summit Auto Group,Summit Chevrolet Glenpark,Chat,chat,60,2,1,1,4432,702
2025-05,Summit Auto Group,Summit Chevrolet Glenpark,FB Marketplace,internet,174,5,3,2,9423,1092
2025-05,Summit Auto Group,Summit Chevrolet Glenpark,TrueCar,internet,68,3,2,1,6678,2028
2025-05,Summit Auto Group,Summit Chevrolet Glenpark,Radio Spot,campaign,2,0,0,0,0,312
2025-05,Summit Auto Group,Summit Ford Rivera,ATC,internet,336,10,6,4,31296,3864
2025-05,Summit Auto Group,Summit Ford Rivera,Cars.com,internet,172,10,6,4,32932,2852
2025-05,Summit Auto Group,Summit Ford Rivera,cargurus.com,internet,176,14,8,6,34810,3496
2025-05,Summit Auto Group,Summit Ford Rivera,Website,internet,351,43,24,19,161727,
2025-05,Summit Auto Group,Summit Ford Rivera,Lease Retention,campaign,42,9,6,3,14618,
2025-05,Summit Auto Group,Summit Ford Rivera,Service Conquest,service,60,14,10,4,33386,
2025-05,Summit Auto Group,Summit Ford Rivera,Direct Mail Q1,campaign,135,9,6,3,20605,5980
2025-05,Summit Auto Group,Summit Ford Rivera,Showroom,showroom,82,37,27,10,130250,
2025-05,Summit Auto Group,Summit Ford Rivera,Inbound Phone,phone,114,22,16,6,78183,
2025-05,Summit Auto Group,Summit Ford Rivera,Live Chat,chat,71,9,5,4,26461,828
2025-05,Summit Auto Group,Summit Ford Rivera,Facebook,internet,225,11,6,5,27564,1288
2025-05,Summit Auto Group,Summit Ford Rivera,TrueCar,internet,79,6,3,3,14129,2392
2025-05,Summit Auto Group,Summit Ford Rivera,Radio,campaign,3,0,0,0,0,368
2025-05,Summit Auto Group,Summit Honda Westland,auto trader,internet,269,15,8,7,37432,3612
2025-05,Summit Auto Group,Summit Honda Westland,Cars.com,internet,178,14,8,6,44971,2666
2025-05,Summit Auto Group,Summit Honda Westland,CarGurus,internet,159,13,7,6,40675,3268
2025-05,Summit Auto Group,Summit Honda Westland,Dealer Website,internet,323,38,21,17,130101,
2025-05,Summit Auto Group,Summit Honda Westland,Lease Return,campaign,48,12,9,3,19421,
2025-05,Summit Auto Group,Summit Honda Westland,Svc Conquest,service,53,11,8,3,23816,
2025-05,Summit Auto Group,Summit Honda Westland,Direct Mail Q1,campaign,109,9,6,3,25264,5590
2025-05,Summit Auto Group,Summit Honda Westland,Walk In,showroom,89,28,20,8,92615,
2025-05,Summit Auto Group,Summit Honda Westland,Inbound Calls,phone,123,23,17,6,72269,
2025-05,Summit Auto Group,Summit Honda Westland,Website Chat,chat,76,7,4,3,19469,774
2025-05,Summit Auto Group,Summit Honda Westland,Facebook,internet,198,7,4,3,17708,1204
2025-05,Summit Auto Group,Summit Honda Westland,True Car,internet,62,6,3,3,16338,2236
2025-05,Summit Auto Group,Summit Honda Westland,Radio Spot,campaign,2,0,0,0,0,344
2025-05,Summit Auto Group,Summit Hyundai Oakhurst,ATC,internet,175,9,5,4,29450,2436
2025-05,Summit Auto Group,Summit Hyundai Oakhurst,Cars .com,internet,94,9,5,4,30270,1797
2025-05,Summit Auto Group,Summit Hyundai Oakhurst,CarGurus,internet,99,8,4,4,21889,2204
2025-05,Summit Auto Group,Summit Hyundai Oakhurst,Website,internet,253,26,14,12,98030,
2025-05,Summit Auto Group,Summit Hyundai Oakhurst,Lease Return,campaign,31,6,4,2,9501,
2025-05,Summit Auto Group,Summit Hyundai Oakhurst,Svc Conquest,service,37,6,4,2,11434,
2025-05,Summit Auto Group,Summit Hyundai Oakhurst,Direct Mail Q1,campaign,76,7,5,2,17166,3769
2025-05,Summit Auto Group,Summit Hyundai Oakhurst,Showroom,showroom,57,21,15,6,68706,
2025-05,Summit Auto Group,Summit Hyundai Oakhurst,Inbound Calls,phone,84,12,9,3,37936,
2025-05,Summit Auto Group,Summit Hyundai Oakhurst,Live Chat,chat,53,3,2,1,7053,522
2025-05,Summit Auto Group,Summit Hyundai Oakhurst,Facebook,internet,125,6,3,3,14121,812
2025-05,Summit Auto Group,Summit Hyundai Oakhurst,True Car,internet,44,2,1,1,4376,1508
2025-05,Summit Auto Group,Summit Hyundai Oakhurst,Radio,campaign,2,0,0,0,0,231
2025-05,Summit Auto Group,Summit Jeep Ram Clearwater,AutoTrader.com,internet,230,18,10,8,59388,2982
2025-05,Summit Auto Group,Summit Jeep Ram Clearwater,Cars .com,internet,135,18,10,8,61301,2201
2025-05,Summit Auto Group,Summit Jeep Ram Clearwater,Car Gurus,internet,102,2,1,1,4989,2698
2025-05,Summit Auto Group,Summit Jeep Ram Clearwater,Website,internet,258,22,12,10,64530,
2025-05,Summit Auto Group,Summit Jeep Ram Clearwater,Lease Return,campaign,30,12,9,3,18957,
2025-05,Summit Auto Group,Summit Jeep Ram Clearwater,Svc Conquest,service,48,14,10,4,32544,
2025-05,Summit Auto Group,Summit Jeep Ram Clearwater,Direct Mail,campaign,95,7,5,2,17577,4615
2025-05,Summit Auto Group,Summit Jeep Ram Clearwater,Walk In,showroom,58,18,13,5,68026,
2025-05,Summit Auto Group,Summit Jeep Ram Clearwater,Inbound Calls,phone,101,17,12,5,50564,
2025-05,Summit Auto Group,Summit Jeep Ram Clearwater,Live Chat,chat,67,4,2,2,9535,639
2025-05,Summit Auto Group,Summit Jeep Ram Clearwater,Facebook,internet,175,5,3,2,11854,994
2025-05,Summit Auto Group,Summit Jeep Ram Clearwater,True Car,internet,47,3,2,1,7292,1846
2025-05,Summit Auto Group,Summit Jeep Ram Clearwater,Radio,campaign,2,0,0,0,0,284
2025-05,Summit Auto Group,Summit Kia Brookfield,AutoTrader.com,internet,180,17,9,8,47305,2310
2025-05,Summit Auto Group,Summit Kia Brookfield,CARS,internet,95,7,4,3,22727,1705
2025-05,Summit Auto Group,Summit Kia Brookfield,Car Gurus,internet,87,4,2,2,12007,2090
2025-05,Summit Auto Group,Summit Kia Brookfield,OEM Website,internet,196,30,16,14,97922,
2025-05,Summit Auto Group,Summit Kia Brookfield,Lease Return,campaign,27,8,6,2,14855,
2025-05,Summit Auto Group,Summit Kia Brookfield,Service Conquest,service,37,7,5,2,13683,
2025-05,Summit Auto Group,Summit Kia Brookfield,Direct Mail Q1,campaign,67,5,4,1,11770,3575
2025-05,Summit Auto Group,Summit Kia Brookfield,Showroom,showroom,45,13,9,4,52102,
2025-05,Summit Auto Group,Summit Kia Brookfield,Inbound Calls,phone,86,20,14,6,53708,
2025-05,Summit Auto Group,Summit Kia Brookfield,Live Chat,chat,45,2,1,1,5606,495
2025-05,Summit Auto Group,Summit Kia Brookfield,Facebook,internet,130,4,2,2,8294,770
2025-05,Summit Auto Group,Summit Kia Brookfield,True Car,internet,42,4,2,2,9646,1430
2025-05,Summit Auto Group,Summit Kia Brookfield,Radio Spot,campaign,1,0,0,0,0,220
2025-05,Summit Auto Group,Summit Mazda Lakeside,AutoTrader.com,internet,134,16,9,7,50751,1848
2025-05,Summit Auto Group,Summit Mazda Lakeside,Cars.com,internet,73,9,5,4,29845,1364
2025-05,Summit Auto Group,Summit Mazda Lakeside,CarGurus,internet,83,2,1,1,6065,1672
2025-05,Summit Auto Group,Summit Mazda Lakeside,Dealer Website,internet,186,23,13,10,69163,
2025-05,Summit Auto Group,Summit Mazda Lakeside,Lease Return,campaign,23,7,5,2,13320,
2025-05,Summit Auto Group,Summit Mazda Lakeside,Svc Conquest,service,29,8,6,2,19113,
2025-05,Summit Auto Group,Summit Mazda Lakeside,Direct Mail,campaign,47,6,4,2,13280,2860
2025-05,Summit Auto Group,Summit Mazda Lakeside,Walk In,showroom,46,18,13,5,72759,
2025-05,Summit Auto Group,Summit Mazda Lakeside,Phone Up,phone,60,12,9,3,33732,
2025-05,Summit Auto Group,Summit Mazda Lakeside,Website Chat,chat,40,1,1,0,2366,396
2025-05,Summit Auto Group,Summit Mazda Lakeside,Facebook,internet,97,2,1,1,4011,616
2025-05,Summit Auto Group,Summit Mazda Lakeside,True Car,internet,39,1,1,0,2187,1144
2025-05,Summit Auto Group,Summit Mazda Lakeside,Radio Spot,campaign,1,0,0,0,0,176
2025-05,Summit Auto Group,Summit Nissan Ridgemont,auto trader,internet,178,10,6,4,26258,2688
2025-05,Summit Auto Group,Summit Nissan Ridgemont,CARS,internet,113,12,7,5,32320,1984
2025-05,Summit Auto Group,Summit Nissan Ridgemont,CarGurus,internet,108,8,4,4,19788,2432
2025-05,Summit Auto Group,Summit Nissan Ridgemont,Dealer Website,internet,263,29,16,13,100674,
2025-05,Summit Auto Group,Summit Nissan Ridgemont,Lease Retention,campaign,32,9,6,3,13697,
2025-05,Summit Auto Group,Summit Nissan Ridgemont,Svc Conquest,service,40,9,6,3,18580,
2025-05,Summit Auto Group,Summit Nissan Ridgemont,Direct Mail Q1,campaign,70,4,3,1,8390,4160
2025-05,Summit Auto Group,Summit Nissan Ridgemont,Walk-In,showroom,63,24,17,7,86063,
2025-05,Summit Auto Group,Summit Nissan Ridgemont,Inbound Calls,phone,83,14,10,4,37843,
2025-05,Summit Auto Group,Summit Nissan Ridgemont,Live Chat,chat,62,10,6,4,22719,576
2025-05,Summit Auto Group,Summit Nissan Ridgemont,Facebook,internet,148,1,1,0,2246,896
2025-05,Summit Auto Group,Summit Nissan Ridgemont,TrueCar,internet,52,2,1,1,4761,1664
2025-05,Summit Auto Group,Summit Nissan Ridgemont,Radio,campaign,2,0,0,0,0,256
2025-05,Summit Auto Group,Summit Subaru Northgate,Autotrader,internet,161,15,8,7,46920,2058
2025-05,Summit Auto Group,Summit Subaru Northgate,CARS,internet,104,14,8,6,38450,1519
2025-05,Summit Auto Group,Summit Subaru Northgate,CarGurus,internet,71,3,2,1,7827,1862
2025-05,Summit Auto Group,Summit Subaru Northgate,OEM Website,internet,222,31,17,14,112882,
2025-05,Summit Auto Group,Summit Subaru Northgate,Lease Return,campaign,25,7,5,2,11340,
2025-05,Summit Auto Group,Summit Subaru Northgate,Svc Conquest,service,28,9,6,3,18633,
2025-05,Summit Auto Group,Summit Subaru Northgate,Direct Mail Q1,campaign,60,5,4,1,10982,3185
2025-05,Summit Auto Group,Summit Subaru Northgate,Walk-In,showroom,47,14,10,4,46450,
2025-05,Summit Auto Group,Summit Subaru Northgate,Phone Up,phone,59,8,6,2,21460,
2025-05,Summit Auto Group,Summit Subaru Northgate,Website Chat,chat,38,2,1,1,5315,441
2025-05,Summit Auto Group,Summit Subaru Northgate,Facebook Marketplace,internet,109,4,2,2,8684,686
2025-05,Summit Auto Group,Summit Subaru Northgate,True Car,internet,34,2,1,1,4851,1274
2025-05,Summit Auto Group,Summit Subaru Northgate,Radio,campaign,1,0,0,0,0,196
2025-05,Summit Auto Group,Summit Toyota of Fairview,auto trader,internet,362,29,16,13,93837,4200
2025-05,Summit Auto Group,Summit Toyota of Fairview,CARS,internet,184,7,4,3,23955,3100
2025-05,Summit Auto Group,Summit Toyota of Fairview,Car Gurus,internet,183,13,7,6,41139,3800
2025-05,Summit Auto Group,Summit Toyota of Fairview,Dealer Website,internet,444,42,23,19,152645,
2025-05,Summit Auto Group,Summit Toyota of Fairview,Lease Retention,campaign,53,17,12,5,31568,
2025-05,Summit Auto Group,Summit Toyota of Fairview,Svc Conquest,service,63,11,8,3,21706,
2025-05,Summit Auto Group,Summit Toyota of Fairview,Direct Mail Q1,campaign,134,11,8,3,26902,6500
2025-05,Summit Auto Group,Summit Toyota of Fairview,Showroom,showroom,90,29,21,8,97104,
2025-05,Summit Auto Group,Summit Toyota of Fairview,Inbound Calls,phone,135,27,19,8,87691,
2025-05,Summit Auto Group,Summit Toyota of Fairview,Chat,chat,80,8,4,4,23293,900
2025-05,Summit Auto Group,Summit Toyota of Fairview,FB Marketplace,internet,219,12,7,5,28712,1400
2025-05,Summit Auto Group,Summit Toyota of Fairview,True Car,internet,81,6,3,3,15582,2600
2025-05,Summit Auto Group,Summit Toyota of Fairview,Radio Spot,campaign,3,0,0,0,0,400
2025-05,Summit Auto Group,Summit Volkswagen Eastdale,auto trader,internet,114,8,4,4,22010,1680
2025-05,Summit Auto Group,Summit Volkswagen Eastdale,Cars .com,internet,75,11,6,5,28578,1240
2025-05,Summit Auto Group,Summit Volkswagen Eastdale,Car Gurus,internet,72,1,1,0,2379,1520
2025-05,Summit Auto Group,Summit Volkswagen Eastdale,Dealer Website,internet,163,23,13,10,87038,
2025-05,Summit Auto Group,Summit Volkswagen Eastdale,Lease Retention,campaign,19,4,3,1,7381,
2025-05,Summit Auto Group,Summit Volkswagen Eastdale,Service Conquest,service,26,1,1,0,2273,
2025-05,Summit Auto Group,Summit Volkswagen Eastdale,Direct Mail Q1,campaign,58,5,4,1,13768,2600
2025-05,Summit Auto Group,Summit Volkswagen Eastdale,Walk-In,showroom,41,14,10,4,48549,
2025-05,Summit Auto Group,Summit Volkswagen Eastdale,Phone Up,phone,52,17,12,5,53814,
2025-05,Summit Auto Group,Summit Volkswagen Eastdale,Chat,chat,31,1,1,0,2770,360
2025-05,Summit Auto Group,Summit Volkswagen Eastdale,Facebook,internet,96,3,2,1,6471,560
2025-05,Summit Auto Group,Summit Volkswagen Eastdale,True Car,internet,35,3,2,1,8045,1040
2025-05,Summit Auto Group,Summit Volkswagen Eastdale,Radio Spot,campaign,1,0,0,0,0,160
2025-06,Harbor Motor Group,Harbor BMW,auto trader,internet,285,22,12,10,90364,3276
2025-06,Harbor Motor Group,Harbor BMW,Cars.com,internet,158,10,6,4,42938,2418
2025-06,Harbor Motor Group,Harbor BMW,Car Gurus,internet,111,4,2,2,17395,2964
2025-06,Harbor Motor Group,Harbor BMW,Dealer Website,internet,290,33,18,15,167840,
2025-06,Harbor Motor Group,Harbor BMW,Lease Retention,campaign,40,6,4,2,14035,
2025-06,Harbor Motor Group,Harbor BMW,Walk In,showroom,70,20,14,6,125968,
2025-06,Harbor Motor Group,Harbor BMW,Phone Up,phone,116,28,20,8,156311,
2025-06,Harbor Motor Group,Harbor BMW,Website Chat,chat,68,2,1,1,9228,702
2025-06,Harbor Motor Group,Harbor BMW,Facebook Marketplace,internet,79,1,1,0,3322,1092
2025-06,Harbor Motor Group,Harbor BMW,True Car,internet,51,2,1,1,8197,2028
2025-06,Harbor Motor Group,Harbor Chevrolet Marina,auto trader,internet,190,10,6,4,29553,2940
2025-06,Harbor Motor Group,Harbor Chevrolet Marina,Cars.com,internet,133,14,8,6,36448,2170
2025-06,Harbor Motor Group,Harbor Chevrolet Marina,Car Gurus,internet,112,12,7,5,34002,2660
2025-06,Harbor Motor Group,Harbor Chevrolet Marina,OEM Website,internet,300,48,26,22,164801,
2025-06,Harbor Motor Group,Harbor Chevrolet Marina,Lease Retention,campaign,29,10,7,3,17657,
2025-06,Harbor Motor Group,Harbor Chevrolet Marina,Walk-In,showroom,73,19,14,5,76355,
2025-06,Harbor Motor Group,Harbor Chevrolet Marina,Inbound Calls,phone,87,21,15,6,62967,
2025-06,Harbor Motor Group,Harbor Chevrolet Marina,Live Chat,chat,64,8,4,4,19837,630
2025-06,Harbor Motor Group,Harbor Chevrolet Marina,FB Marketplace,internet,60,2,1,1,4606,979
2025-06,Harbor Motor Group,Harbor Chevrolet Marina,True Car,internet,55,7,4,3,15844,1819
2025-06,Harbor Motor Group,Harbor Ford Portside,auto trader,internet,300,16,9,7,39939,3696
2025-06,Harbor Motor Group,Harbor Ford Portside,Cars .com,internet,176,10,6,4,33076,2728
2025-06,Harbor Motor Group,Harbor Ford Portside,CarGurus,internet,163,14,8,6,34288,3344
2025-06,Harbor Motor Group,Harbor Ford Portside,OEM Website,internet,349,45,25,20,166475,
2025-06,Harbor Motor Group,Harbor Ford Portside,Lease Return,campaign,46,16,12,4,26851,
2025-06,Harbor Motor Group,Harbor Ford Portside,Showroom,showroom,85,28,20,8,88277,
2025-06,Harbor Motor Group,Harbor Ford Portside,Inbound Calls,phone,125,27,19,8,96683,
2025-06,Harbor Motor Group,Harbor Ford Portside,Live Chat,chat,68,6,3,3,14588,792
2025-06,Harbor Motor Group,Harbor Ford Portside,Facebook Marketplace,internet,89,3,2,1,6920,1232
2025-06,Harbor Motor Group,Harbor Ford Portside,TrueCar,internet,64,5,3,2,13501,2288
2025-06,Harbor Motor Group,Harbor Honda Seaside,ATC,internet,250,16,9,7,39462,3360
2025-06,Harbor Motor Group,Harbor Honda Seaside,Cars .com,internet,158,13,7,6,34143,2480
2025-06,Harbor Motor Group,Harbor Honda Seaside,CarGurus,internet,131,12,7,5,31513,3040
2025-06,Harbor Motor Group,Harbor Honda Seaside,Dealer Website,internet,300,32,18,14,114704,
2025-06,Harbor Motor Group,Harbor Honda Seaside,Lease Retention,campaign,34,12,9,3,22271,
2025-06,Harbor Motor Group,Harbor Honda Seaside,Showroom,showroom,86,28,20,8,114881,
2025-06,Harbor Motor Group,Harbor Honda Seaside,Phone Up,phone,121,25,18,7,74807,
2025-06,Harbor Motor Group,Harbor Honda Seaside,Live Chat,chat,75,2,1,1,4655,720
2025-06,Harbor Motor Group,Harbor Honda Seaside,Facebook,internet,71,3,2,1,6246,1120
2025-06,Harbor Motor Group,Harbor Honda Seaside,TrueCar,internet,59,5,3,2,14241,2080
2025-06,Harbor Motor Group,Harbor Jeep Ram Anchor,AutoTrader.com,internet,233,12,7,5,34382,2772
2025-06,Harbor Motor Group,Harbor Jeep Ram Anchor,Cars .com,internet,132,12,7,5,33133,2046
2025-06,Harbor Motor Group,Harbor Jeep Ram Anchor,cargurus.com,internet,100,3,2,1,9297,2508
2025-06,Harbor Motor Group,Harbor Jeep Ram Anchor,OEM Website,internet,273,32,18,14,102940,
2025-06,Harbor Motor Group,Harbor Jeep Ram Anchor,Lease Retention,campaign,33,10,7,3,17220,
2025-06,Harbor Motor Group,Harbor Jeep Ram Anchor,Walk-In,showroom,71,21,15,6,69337,
2025-06,Harbor Motor Group,Harbor Jeep Ram Anchor,Phone Up,phone,96,13,9,4,35868,
2025-06,Harbor Motor Group,Harbor Jeep Ram Anchor,Chat,chat,61,5,3,2,14191,594
2025-06,Harbor Motor Group,Harbor Jeep Ram Anchor,Facebook,internet,47,0,0,0,0,924
2025-06,Harbor Motor Group,Harbor Jeep Ram Anchor,TrueCar,internet,54,1,1,0,2645,1716
2025-06,Harbor Motor Group,Harbor Kia Lighthouse,ATC,internet,156,15,8,7,43058,2184
2025-06,Harbor Motor Group,Harbor Kia Lighthouse,CARS,internet,90,4,2,2,13737,1612
2025-06,Harbor Motor Group,Harbor Kia Lighthouse,CarGurus,internet,95,8,4,4,22146,1976
2025-06,Harbor Motor Group,Harbor Kia Lighthouse,Dealer Website,internet,213,30,16,14,106556,
2025-06,Harbor Motor Group,Harbor Kia Lighthouse,Lease Retention,campaign,21,7,5,2,11185,
2025-06,Harbor Motor Group,Harbor Kia Lighthouse,Walk In,showroom,42,15,11,4,49059,
2025-06,Harbor Motor Group,Harbor Kia Lighthouse,Inbound Calls,phone,79,13,9,4,35179,
2025-06,Harbor Motor Group,Harbor Kia Lighthouse,Website Chat,chat,39,4,2,2,10785,468
2025-06,Harbor Motor Group,Harbor Kia Lighthouse,Facebook,internet,51,2,1,1,4621,728
2025-06,Harbor Motor Group,Harbor Kia Lighthouse,True Car,internet,35,1,1,0,2539,1352
2025-06,Harbor Motor Group,Harbor Subaru Tidewater,auto trader,internet,151,10,6,4,28283,1974
2025-06,Harbor Motor Group,Harbor Subaru Tidewater,Cars .com,internet,78,7,4,3,23476,1457
2025-06,Harbor Motor Group,Harbor Subaru Tidewater,Car Gurus,internet,65,4,2,2,11337,1786
2025-06,Harbor Motor Group,Harbor Subaru Tidewater,Dealer Website,internet,173,23,13,10,72498,
2025-06,Harbor Motor Group,Harbor Subaru Tidewater,Lease Return,campaign,20,7,5,2,11118,
2025-06,Harbor Motor Group,Harbor Subaru Tidewater,Showroom,showroom,48,17,12,5,53363,
2025-06,Harbor Motor Group,Harbor Subaru Tidewater,Phone Up,phone,58,16,12,4,46762,
2025-06,Harbor Motor Group,Harbor Subaru Tidewater,Website Chat,chat,38,1,1,0,2249,423
2025-06,Harbor Motor Group,Harbor Subaru Tidewater,FB Marketplace,internet,37,0,0,0,0,658
2025-06,Harbor Motor Group,Harbor Subaru Tidewater,True Car,internet,39,1,1,0,2690,1222
2025-06,Harbor Motor Group,Harbor Toyota Bayview,Autotrader,internet,273,26,14,12,68021,3990
2025-06,Harbor Motor Group,Harbor Toyota Bayview,Cars .com,internet,153,11,6,5,31883,2945
2025-06,Harbor Motor Group,Harbor Toyota Bayview,cargurus.com,internet,140,10,6,4,31337,3610
2025-06,Harbor Motor Group,Harbor Toyota Bayview,OEM Website,internet,378,45,25,20,175506,
2025-06,Harbor Motor Group,Harbor Toyota Bayview,Lease Return,campaign,42,8,6,2,12860,
2025-06,Harbor Motor Group,Harbor Toyota Bayview,Walk In,showroom,97,33,24,9,109690,
2025-06,Harbor Motor Group,Harbor Toyota Bayview,Inbound Phone,phone,136,21,15,6,69295,
2025-06,Harbor Motor Group,Harbor Toyota Bayview,Website Chat,chat,86,6,3,3,17931,855
2025-06,Harbor Motor Group,Harbor Toyota Bayview,Facebook Marketplace,internet,100,0,0,0,0,1330
2025-06,Harbor Motor Group,Harbor Toyota Bayview,True Car,internet,69,6,3,3,16577,2470
2025-06,Summit Auto Group,Summit BMW,Autotrader,internet,238,13,7,6,65623,3486
2025-06,Summit Auto Group,Summit BMW,Cars .com,internet,155,16,9,7,81516,2573
2025-06,Summit Auto Group,Summit BMW,cargurus.com,internet,121,6,3,3,23714,3154
2025-06,Summit Auto Group,Summit BMW,Dealer Website,internet,346,34,19,15,210197,
2025-06,Summit Auto Group,Summit BMW,Lease Return,campaign,33,12,9,3,31199,
2025-06,Summit Auto Group,Summit BMW,Walk-In,showroom,85,23,17,6,116761,
2025-06,Summit Auto Group,Summit BMW,Inbound Phone,phone,108,27,19,8,148002,
2025-06,Summit Auto Group,Summit BMW,Chat,chat,80,8,4,4,34917,747
2025-06,Summit Auto Group,Summit BMW,Facebook,internet,87,3,2,1,9687,1162
2025-06,Summit Auto Group,Summit BMW,TrueCar,internet,68,10,6,4,36104,2158
2025-06,Summit Auto Group,Summit Chevrolet Glenpark,ATC,internet,227,16,9,7,51751,3276
2025-06,Summit Auto Group,Summit Chevrolet Glenpark,Cars .com,internet,127,7,4,3,20520,2418
2025-06,Summit Auto Group,Summit Chevrolet Glenpark,cargurus.com,internet,112,8,4,4,23461,2964
2025-06,Summit Auto Group,Summit Chevrolet Glenpark,Dealer Website,internet,361,50,28,22,186431,
2025-06,Summit Auto Group,Summit Chevrolet Glenpark,Lease Return,campaign,32,10,7,3,17833,
2025-06,Summit Auto Group,Summit Chevrolet Glenpark,Walk In,showroom,83,26,19,7,89177,
2025-06,Summit Auto Group,Summit Chevrolet Glenpark,Inbound Phone,phone,122,26,19,7,76634,
2025-06,Summit Auto Group,Summit Chevrolet Glenpark,Chat,chat,71,7,4,3,20903,702
2025-06,Summit Auto Group,Summit Chevrolet Glenpark,FB Marketplace,internet,70,3,2,1,7262,1092
2025-06,Summit Auto Group,Summit Chevrolet Glenpark,TrueCar,internet,50,6,3,3,17152,2028
2025-06,Summit Auto Group,Summit Ford Rivera,ATC,internet,303,25,14,11,75978,3864
2025-06,Summit Auto Group,Summit Ford Rivera,Cars.com,internet,151,15,8,7,45813,2852
2025-06,Summit Auto Group,Summit Ford Rivera,cargurus.com,internet,156,8,4,4,20535,3496
2025-06,Summit Auto Group,Summit Ford Rivera,Website,internet,373,38,21,17,124600,
2025-06,Summit Auto Group,Summit Ford Rivera,Lease Retention,campaign,45,15,11,4,23533,
2025-06,Summit Auto Group,Summit Ford Rivera,Showroom,showroom,83,28,20,8,90211,
2025-06,Summit Auto Group,Summit Ford Rivera,Inbound Phone,phone,124,22,16,6,78811,
2025-06,Summit Auto Group,Summit Ford Rivera,Live Chat,chat,79,5,3,2,12418,828
2025-06,Summit Auto Group,Summit Ford Rivera,Facebook,internet,86,5,3,2,12494,1288
2025-06,Summit Auto Group,Summit Ford Rivera,TrueCar,internet,72,5,3,2,11693,2392
2025-06,Summit Auto Group,Summit Honda Westland,auto trader,internet,290,22,12,10,66447,3612
2025-06,Summit Auto Group,Summit Honda Westland,Cars.com,internet,181,18,10,8,47669,2666
2025-06,Summit Auto Group,Summit Honda Westland,CarGurus,internet,156,9,5,4,27081,3268
2025-06,Summit Auto Group,Summit Honda Westland,Dealer Website,internet,374,39,21,18,113649,
2025-06,Summit Auto Group,Summit Honda Westland,Lease Return,campaign,42,13,9,4,21622,
2025-06,Summit Auto Group,Summit Honda Westland,Walk In,showroom,86,30,22,8,99169,
2025-06,Summit Auto Group,Summit Honda Westland,Inbound Calls,phone,125,31,22,9,97416,
2025-06,Summit Auto Group,Summit Honda Westland,Website Chat,chat,86,9,5,4,21715,774
2025-06,Summit Auto Group,Summit Honda Westland,Facebook,internet,80,3,2,1,5707,1204
2025-06,Summit Auto Group,Summit Honda Westland,True Car,internet,70,6,3,3,17134,2236
2025-06,Summit Auto Group,Summit Hyundai Oakhurst,ATC,internet,205,7,4,3,21582,2436
2025-06,Summit Auto Group,Summit Hyundai Oakhurst,Cars .com,internet,124,13,7,6,36423,1797
2025-06,Summit Auto Group,Summit Hyundai Oakhurst,CarGurus,internet,88,0,0,0,0,2204
2025-06,Summit Auto Group,Summit Hyundai Oakhurst,Website,internet,231,33,18,15,101578,
2025-06,Summit Auto Group,Summit Hyundai Oakhurst,Lease Return,campaign,26,9,6,3,15167,
2025-06,Summit Auto Group,Summit Hyundai Oakhurst,Showroom,showroom,61,25,18,7,100847,
2025-06,Summit Auto Group,Summit Hyundai Oakhurst,Inbound Calls,phone,85,23,17,6,70386,
2025-06,Summit Auto Group,Summit Hyundai Oakhurst,Live Chat,chat,54,7,4,3,17920,522
2025-06,Summit Auto Group,Summit Hyundai Oakhurst,Facebook,internet,45,3,2,1,5937,812
2025-06,Summit Auto Group,Summit Hyundai Oakhurst,True Car,internet,45,3,2,1,6931,1508
2025-06,Summit Auto Group,Summit Jeep Ram Clearwater,AutoTrader.com,internet,193,13,7,6,41794,2982
2025-06,Summit Auto Group,Summit Jeep Ram Clearwater,Cars .com,internet,136,17,9,8,51905,2201
2025-06,Summit Auto Group,Summit Jeep Ram Clearwater,Car Gurus,internet,102,6,3,3,16036,2698
2025-06,Summit Auto Group,Summit Jeep Ram Clearwater,Website,internet,332,41,23,18,141431,
2025-06,Summit Auto Group,Summit Jeep Ram Clearwater,Lease Return,campaign,38,13,9,4,21151,
2025-06,Summit Auto Group,Summit Jeep Ram Clearwater,Walk In,showroom,65,27,19,8,99192,
2025-06,Summit Auto Group,Summit Jeep Ram Clearwater,Inbound Calls,phone,96,17,12,5,46011,
2025-06,Summit Auto Group,Summit Jeep Ram Clearwater,Live Chat,chat,69,6,3,3,15042,639
2025-06,Summit Auto Group,Summit Jeep Ram Clearwater,Facebook,internet,55,2,1,1,4431,994
2025-06,Summit Auto Group,Summit Jeep Ram Clearwater,True Car,internet,55,3,2,1,7574,1846
2025-06,Summit Auto Group,Summit Kia Brookfield,AutoTrader.com,internet,166,9,5,4,29544,2310
2025-06,Summit Auto Group,Summit Kia Brookfield,CARS,internet,113,11,6,5,35645,1705
2025-06,Summit Auto Group,Summit Kia Brookfield,Car Gurus,internet,77,4,2,2,11471,2090
2025-06,Summit Auto Group,Summit Kia Brookfield,OEM Website,internet,202,20,11,9,65970,
2025-06,Summit Auto Group,Summit Kia Brookfield,Lease Return,campaign,25,4,3,1,7446,
2025-06,Summit Auto Group,Summit Kia Brookfield,Showroom,showroom,57,19,14,5,73782,
2025-06,Summit Auto Group,Summit Kia Brookfield,Inbound Calls,phone,86,13,9,4,35327,
2025-06,Summit Auto Group,Summit Kia Brookfield,Live Chat,chat,55,2,1,1,5327,495
2025-06,Summit Auto Group,Summit Kia Brookfield,Facebook,internet,45,0,0,0,0,770
2025-06,Summit Auto Group,Summit Kia Brookfield,True Car,internet,43,7,4,3,16096,1430
2025-06,Summit Auto Group,Summit Mazda Lakeside,AutoTrader.com,internet,152,5,3,2,13946,1848
2025-06,Summit Auto Group,Summit Mazda Lakeside,Cars.com,internet,76,4,2,2,12968,1364
2025-06,Summit Auto Group,Summit Mazda Lakeside,CarGurus,internet,67,2,1,1,6096,1672
2025-06,Summit Auto Group,Summit Mazda Lakeside,Dealer Website,internet,202,18,10,8,56119,
2025-06,Summit Auto Group,Summit Mazda Lakeside,Lease Return,campaign,22,7,5,2,12548,
2025-06,Summit Auto Group,Summit Mazda Lakeside,Walk In,showroom,36,14,10,4,53700,
2025-06,Summit Auto Group,Summit Mazda Lakeside,Phone Up,phone,59,11,8,3,30186,
2025-06,Summit Auto Group,Summit Mazda Lakeside,Website Chat,chat,36,2,1,1,5128,396
2025-06,Summit Auto Group,Summit Mazda Lakeside,Facebook,internet,37,2,1,1,4701,616
2025-06,Summit Auto Group,Summit Mazda Lakeside,True Car,internet,28,1,1,0,2270,1144
2025-06,Summit Auto Group,Summit Nissan Ridgemont,auto trader,internet,200,15,8,7,45087,2688
2025-06,Summit Auto Group,Summit Nissan Ridgemont,CARS,internet,103,10,6,4,28189,1984
2025-06,Summit Auto Group,Summit Nissan Ridgemont,CarGurus,internet,111,7,4,3,20692,2432
2025-06,Summit Auto Group,Summit Nissan Ridgemont,Dealer Website,internet,282,25,14,11,85405,
2025-06,Summit Auto Group,Summit Nissan Ridgemont,Lease Retention,campaign,34,11,8,3,21203,
2025-06,Summit Auto Group,Summit Nissan Ridgemont,Walk-In,showroom,53,16,12,4,49961,
2025-06,Summit Auto Group,Summit Nissan Ridgemont,Inbound Calls,phone,87,14,10,4,44672,
2025-06,Summit Auto Group,Summit Nissan Ridgemont,Live Chat,chat,58,3,2,1,7453,576
2025-06,Summit Auto Group,Summit Nissan Ridgemont,Facebook,internet,50,3,2,1,6055,896
2025-06,Summit Auto Group,Summit Nissan Ridgemont,TrueCar,internet,47,2,1,1,5434,1664
2025-06,Summit Auto Group,Summit Subaru Northgate,Autotrader,internet,139,9,5,4,25430,2058
2025-06,Summit Auto Group,Summit Subaru Northgate,CARS,internet,95,6,3,3,16999,1519
2025-06,Summit Auto Group,Summit Subaru Northgate,CarGurus,internet,78,8,4,4,21602,1862
2025-06,Summit Auto Group,Summit Subaru Northgate,OEM Website,internet,210,22,12,10,68003,
2025-06,Summit Auto Group,Summit Subaru Northgate,Lease Return,campaign,21,7,5,2,10802,
2025-06,Summit Auto Group,Summit Subaru Northgate,Walk-In,showroom,43,17,12,5,52790,
2025-06,Summit Auto Group,Summit Subaru Northgate,Phone Up,phone,64,11,8,3,38605,
2025-06,Summit Auto Group,Summit Subaru Northgate,Website Chat,chat,38,2,1,1,5892,441
2025-06,Summit Auto Group,Summit Subaru Northgate,Facebook Marketplace,internet,46,3,2,1,7409,686
2025-06,Summit Auto Group,Summit Subaru Northgate,True Car,internet,35,1,1,0,2750,1274
2025-06,Summit Auto Group,Summit Toyota of Fairview,auto trader,internet,295,19,10,9,58656,4200
2025-06,Summit Auto Group,Summit Toyota of Fairview,CARS,internet,181,15,8,7,45463,3100
2025-06,Summit Auto Group,Summit Toyota of Fairview,Car Gurus,internet,170,12,7,5,32642,3800
2025-06,Summit Auto Group,Summit Toyota of Fairview,Dealer Website,internet,387,42,23,19,136796,
2025-06,Summit Auto Group,Summit Toyota of Fairview,Lease Retention,campaign,52,15,11,4,28129,
2025-06,Summit Auto Group,Summit Toyota of Fairview,Showroom,showroom,97,38,27,11,153897,
2025-06,Summit Auto Group,Summit Toyota of Fairview,Inbound Calls,phone,134,17,12,5,57938,
2025-06,Summit Auto Group,Summit Toyota of Fairview,Chat,chat,90,6,3,3,16483,900
2025-06,Summit Auto Group,Summit Toyota of Fairview,FB Marketplace,internet,75,2,1,1,3954,1400
2025-06,Summit Auto Group,Summit Toyota of Fairview,True Car,internet,75,1,1,0,2778,2600
2025-06,Summit Auto Group,Summit Volkswagen Eastdale,auto trader,internet,130,9,5,4,26004,1680
2025-06,Summit Auto Group,Summit Volkswagen Eastdale,Cars .com,internet,74,5,3,2,16830,1240
2025-06,Summit Auto Group,Summit Volkswagen Eastdale,Car Gurus,internet,60,5,3,2,12049,1520
2025-06,Summit Auto Group,Summit Volkswagen Eastdale,Dealer Website,internet,150,15,8,7,54606,
2025-06,Summit Auto Group,Summit Volkswagen Eastdale,Lease Retention,campaign,17,4,3,1,7610,
2025-06,Summit Auto Group,Summit Volkswagen Eastdale,Walk-In,showroom,35,9,6,3,29784,
2025-06,Summit Auto Group,Summit Volkswagen Eastdale,Phone Up,phone,64,15,11,4,52484,
2025-06,Summit Auto Group,Summit Volkswagen Eastdale,Chat,chat,30,2,1,1,4822,360
2025-06,Summit Auto Group,Summit Volkswagen Eastdale,Facebook,internet,30,0,0,0,0,560
2025-06,Summit Auto Group,Summit Volkswagen Eastdale,True Car,internet,29,5,3,2,13267,1040
2025-07,Harbor Motor Group,Harbor BMW,auto trader,internet,271,18,10,8,73482,3276
2025-07,Harbor Motor Group,Harbor BMW,Cars.com,internet,144,14,8,6,75622,2418
2025-07,Harbor Motor Group,Harbor BMW,Car Gurus,internet,131,5,3,2,23767,2964
2025-07,Harbor Motor Group,Harbor BMW,Dealer Website,internet,275,18,10,8,110402,
2025-07,Harbor Motor Group,Harbor BMW,Lease Retention,campaign,35,9,6,3,21689,
2025-07,Harbor Motor Group,Harbor BMW,Walk In,showroom,80,36,26,10,211114,
2025-07,Harbor Motor Group,Harbor BMW,Phone Up,phone,124,31,22,9,137639,
2025-07,Harbor Motor Group,Harbor BMW,Website Chat,chat,64,3,2,1,12408,702
2025-07,Harbor Motor Group,Harbor BMW,Facebook Marketplace,internet,56,2,1,1,6797,1092
2025-07,Harbor Motor Group,Harbor BMW,True Car,internet,60,4,2,2,16288,2028
2025-07,Harbor Motor Group,Harbor Chevrolet Marina,auto trader,internet,254,16,9,7,47258,2940
2025-07,Harbor Motor Group,Harbor Chevrolet Marina,Cars.com,internet,143,17,9,8,55869,2170
2025-07,Harbor Motor Group,Harbor Chevrolet Marina,Car Gurus,internet,97,10,6,4,30697,2660
2025-07,Harbor Motor Group,Harbor Chevrolet Marina,OEM Website,internet,322,34,19,15,105546,
2025-07,Harbor Motor Group,Harbor Chevrolet Marina,Lease Retention,campaign,30,13,9,4,19660,
2025-07,Harbor Motor Group,Harbor Chevrolet Marina,Walk-In,showroom,65,27,19,8,90752,
2025-07,Harbor Motor Group,Harbor Chevrolet Marina,Inbound Calls,phone,92,18,13,5,63587,
2025-07,Harbor Motor Group,Harbor Chevrolet Marina,Live Chat,chat,63,4,2,2,11862,630
2025-07,Harbor Motor Group,Harbor Chevrolet Marina,FB Marketplace,internet,70,0,0,0,0,979
2025-07,Harbor Motor Group,Harbor Chevrolet Marina,True Car,internet,51,6,3,3,13456,1819
2025-07,Harbor Motor Group,Harbor Ford Portside,auto trader,internet,280,18,10,8,56424,3696
2025-07,Harbor Motor Group,Harbor Ford Portside,Cars .com,internet,164,14,8,6,40436,2728
2025-07,Harbor Motor Group,Harbor Ford Portside,CarGurus,internet,156,9,5,4,26836,3344
2025-07,Harbor Motor Group,Harbor Ford Portside,OEM Website,internet,332,30,16,14,91208,
2025-07,Harbor Motor Group,Harbor Ford Portside,Lease Return,campaign,41,15,11,4,24566,
2025-07,Harbor Motor Group,Harbor Ford Portside,Showroom,showroom,75,30,22,8,93942,
2025-07,Harbor Motor Group,Harbor Ford Portside,Inbound Calls,phone,109,24,17,7,76544,
2025-07,Harbor Motor Group,Harbor Ford Portside,Live Chat,chat,70,9,5,4,20001,792
2025-07,Harbor Motor Group,Harbor Ford Portside,Facebook Marketplace,internet,70,3,2,1,7292,1232
2025-07,Harbor Motor Group,Harbor Ford Portside,TrueCar,internet,55,4,2,2,10428,2288
2025-07,Harbor Motor Group,Harbor Honda Seaside,ATC,internet,253,15,8,7,37067,3360
2025-07,Harbor Motor Group,Harbor Honda Seaside,Cars .com,internet,172,15,8,7,47530,2480
2025-07,Harbor Motor Group,Harbor Honda Seaside,CarGurus,internet,117,6,3,3,17484,3040
2025-07,Harbor Motor Group,Harbor Honda Seaside,Dealer Website,internet,359,48,26,22,177001,
2025-07,Harbor Motor Group,Harbor Honda Seaside,Lease Retention,campaign,39,9,6,3,14853,
2025-07,Harbor Motor Group,Harbor Honda Seaside,Showroom,showroom,71,20,14,6,64156,
2025-07,Harbor Motor Group,Harbor Honda Seaside,Phone Up,phone,95,17,12,5,51228,
2025-07,Harbor Motor Group,Harbor Honda Seaside,Live Chat,chat,72,6,3,3,13634,720
2025-07,Harbor Motor Group,Harbor Honda Seaside,Facebook,internet,76,5,3,2,12481,1120
2025-07,Harbor Motor Group,Harbor Honda Seaside,TrueCar,internet,50,4,2,2,8726,2080
2025-07,Harbor Motor Group,Harbor Jeep Ram Anchor,AutoTrader.com,internet,189,22,12,10,65928,2772
2025-07,Harbor Motor Group,Harbor Jeep Ram Anchor,Cars .com,internet,139,9,5,4,23717,2046
2025-07,Harbor Motor Group,Harbor Jeep Ram Anchor,cargurus.com,internet,98,6,3,3,14290,2508
2025-07,Harbor Motor Group,Harbor Jeep Ram Anchor,OEM Website,internet,233,25,14,11,84852,
2025-07,Harbor Motor Group,Harbor Jeep Ram Anchor,Lease Retention,campaign,31,15,11,4,25232,
2025-07,Harbor Motor Group,Harbor Jeep Ram Anchor,Walk-In,showroom,63,28,20,8,103592,
2025-07,Harbor Motor Group,Harbor Jeep Ram Anchor,Phone Up,phone,103,22,16,6,73827,
2025-07,Harbor Motor Group,Harbor Jeep Ram Anchor,Chat,chat,52,5,3,2,11831,594
2025-07,Harbor Motor Group,Harbor Jeep Ram Anchor,Facebook,internet,68,5,3,2,9486,924
2025-07,Harbor Motor Group,Harbor Jeep Ram Anchor,TrueCar,internet,44,1,1,0,2443,1716
2025-07,Harbor Motor Group,Harbor Kia Lighthouse,ATC,internet,182,9,5,4,26149,2184
2025-07,Harbor Motor Group,Harbor Kia Lighthouse,CARS,internet,97,12,7,5,36203,1612
2025-07,Harbor Motor Group,Harbor Kia Lighthouse,CarGurus,internet,79,3,2,1,7370,1976
2025-07,Harbor Motor Group,Harbor Kia Lighthouse,Dealer Website,internet,205,33,18,15,99240,
2025-07,Harbor Motor Group,Harbor Kia Lighthouse,Lease Retention,campaign,26,9,6,3,13705,
2025-07,Harbor Motor Group,Harbor Kia Lighthouse,Walk In,showroom,48,18,13,5,59620,
2025-07,Harbor Motor Group,Harbor Kia Lighthouse,Inbound Calls,phone,72,14,10,4,45775,
2025-07,Harbor Motor Group,Harbor Kia Lighthouse,Website Chat,chat,39,3,2,1,6673,468
2025-07,Harbor Motor Group,Harbor Kia Lighthouse,Facebook,internet,42,4,2,2,9095,728
2025-07,Harbor Motor Group,Harbor Kia Lighthouse,True Car,internet,40,2,1,1,4666,1352
2025-07,Harbor Motor Group,Harbor Subaru Tidewater,auto trader,internet,147,10,6,4,27057,1974
2025-07,Harbor Motor Group,Harbor Subaru Tidewater,Cars .com,internet,77,5,3,2,13052,1457
2025-07,Harbor Motor Group,Harbor Subaru Tidewater,Car Gurus,internet,74,2,1,1,6118,1786
2025-07,Harbor Motor Group,Harbor Subaru Tidewater,Dealer Website,internet,182,14,8,6,46511,
2025-07,Harbor Motor Group,Harbor Subaru Tidewater,Lease Return,campaign,22,4,3,1,5925,
2025-07,Harbor Motor Group,Harbor Subaru Tidewater,Showroom,showroom,38,15,11,4,49331,
2025-07,Harbor Motor Group,Harbor Subaru Tidewater,Phone Up,phone,58,7,5,2,22113,
2025-07,Harbor Motor Group,Harbor Subaru Tidewater,Website Chat,chat,46,3,2,1,8088,423
2025-07,Harbor Motor Group,Harbor Subaru Tidewater,FB Marketplace,internet,37,2,1,1,4294,658
2025-07,Harbor Motor Group,Harbor Subaru Tidewater,True Car,internet,32,5,3,2,12447,1222
2025-07,Harbor Motor Group,Harbor Toyota Bayview,Autotrader,internet,281,24,13,11,63050,3990
2025-07,Harbor Motor Group,Harbor Toyota Bayview,Cars .com,internet,190,10,6,4,32535,2945
2025-07,Harbor Motor Group,Harbor Toyota Bayview,cargurus.com,internet,138,3,2,1,7713,3610
2025-07,Harbor Motor Group,Harbor Toyota Bayview,OEM Website,internet,358,46,25,21,151602,
2025-07,Harbor Motor Group,Harbor Toyota Bayview,Lease Return,campaign,38,12,9,3,23323,
2025-07,Harbor Motor Group,Harbor Toyota Bayview,Walk In,showroom,81,27,19,8,100637,
2025-07,Harbor Motor Group,Harbor Toyota Bayview,Inbound Phone,phone,136,37,27,10,124670,
2025-07,Harbor Motor Group,Harbor Toyota Bayview,Website Chat,chat,87,5,3,2,11850,855
2025-07,Harbor Motor Group,Harbor Toyota Bayview,Facebook Marketplace,internet,73,1,1,0,1910,1330
2025-07,Harbor Motor Group,Harbor Toyota Bayview,True Car,internet,73,10,6,4,22996,2470
2025-07,Summit Auto Group,Summit BMW,Autotrader,internet,250,14,8,6,61189,3486
2025-07,Summit Auto Group,Summit BMW,Cars .com,internet,138,10,6,4,46391,2573
2025-07,Summit Auto Group,Summit BMW,cargurus.com,internet,118,8,4,4,30415,3154
2025-07,Summit Auto Group,Summit BMW,Dealer Website,internet,374,33,18,15,154071,
2025-07,Summit Auto Group,Summit BMW,Lease Return,campaign,34,13,9,4,35337,
2025-07,Summit Auto Group,Summit BMW,Walk-In,showroom,74,22,16,6,134719,
2025-07,Summit Auto Group,Summit BMW,Inbound Phone,phone,107,20,14,6,113870,
2025-07,Summit Auto Group,Summit BMW,Chat,chat,72,8,4,4,35800,747
2025-07,Summit Auto Group,Summit BMW,Facebook,internet,88,4,2,2,15127,1162
2025-07,Summit Auto Group,Summit BMW,TrueCar,internet,56,0,0,0,0,2158
2025-07,Summit Auto Group,Summit Chevrolet Glenpark,ATC,internet,247,13,7,6,42395,3276
2025-07,Summit Auto Group,Summit Chevrolet Glenpark,Cars .com,internet,146,12,7,5,31258,2418
2025-07,Summit Auto Group,Summit Chevrolet Glenpark,cargurus.com,internet,110,8,4,4,25267,2964
2025-07,Summit Auto Group,Summit Chevrolet Glenpark,Dealer Website,internet,350,42,23,19,137074,
2025-07,Summit Auto Group,Summit Chevrolet Glenpark,Lease Return,campaign,37,11,8,3,18811,
2025-07,Summit Auto Group,Summit Chevrolet Glenpark,Walk In,showroom,72,24,17,7,80997,
2025-07,Summit Auto Group,Summit Chevrolet Glenpark,Inbound Phone,phone,100,22,16,6,75482,
2025-07,Summit Auto Group,Summit Chevrolet Glenpark,Chat,chat,66,8,4,4,23031,702
2025-07,Summit Auto Group,Summit Chevrolet Glenpark,FB Marketplace,internet,56,2,1,1,4149,1092
2025-07,Summit Auto Group,Summit Chevrolet Glenpark,TrueCar,internet,59,1,1,0,2147,2028
2025-07,Summit Auto Group,Summit Ford Rivera,ATC,internet,296,23,13,10,62605,3864
2025-07,Summit Auto Group,Summit Ford Rivera,Cars.com,internet,155,6,3,3,17819,2852
2025-07,Summit Auto Group,Summit Ford Rivera,cargurus.com,internet,131,9,5,4,25893,3496
2025-07,Summit Auto Group,Summit Ford Rivera,Website,internet,385,55,30,25,173090,
2025-07,Summit Auto Group,Summit Ford Rivera,Lease Retention,campaign,47,17,12,5,26241,
2025-07,Summit Auto Group,Summit Ford Rivera,Showroom,showroom,94,32,23,9,99581,
2025-07,Summit Auto Group,Summit Ford Rivera,Inbound Phone,phone,117,20,14,6,69455,
2025-07,Summit Auto Group,Summit Ford Rivera,Live Chat,chat,69,5,3,2,13298,828
2025-07,Summit Auto Group,Summit Ford Rivera,Facebook,internet,78,1,1,0,2108,1288
2025-07,Summit Auto Group,Summit Ford Rivera,TrueCar,internet,66,4,2,2,10548,2392
2025-07,Summit Auto Group,Summit Honda Westland,auto trader,internet,292,18,10,8,56074,3612
2025-07,Summit Auto Group,Summit Honda Westland,Cars.com,internet,184,13,7,6,44199,2666
2025-07,Summit Auto Group,Summit Honda Westland,CarGurus,internet,154,11,6,5,28248,3268
2025-07,Summit Auto Group,Summit Honda Westland,Dealer Website,internet,391,37,20,17,135467,
2025-07,Summit Auto Group,Summit Honda Westland,Lease Return,campaign,39,9,6,3,14529,
2025-07,Summit Auto Group,Summit Honda Westland,Walk In,showroom,73,28,20,8,96299,
2025-07,Summit Auto Group,Summit Honda Westland,Inbound Calls,phone,124,20,14,6,54086,
2025-07,Summit Auto Group,Summit Honda Westland,Website Chat,chat,67,6,3,3,17255,774
2025-07,Summit Auto Group,Summit Honda Westland,Facebook,internet,86,3,2,1,6708,1204
2025-07,Summit Auto Group,Summit Honda Westland,True Car,internet,59,5,3,2,11159,2236
2025-07,Summit Auto Group,Summit Hyundai Oakhurst,ATC,internet,212,6,3,3,16985,2436
2025-07,Summit Auto Group,Summit Hyundai Oakhurst,Cars .com,internet,103,11,6,5,34170,1797
2025-07,Summit Auto Group,Summit Hyundai Oakhurst,CarGurus,internet,88,7,4,3,20084,2204
2025-07,Summit Auto Group,Summit Hyundai Oakhurst,Website,internet,230,28,15,13,83467,
2025-07,Summit Auto Group,Summit Hyundai Oakhurst,Lease Return,campaign,29,6,4,2,9818,
2025-07,Summit Auto Group,Summit Hyundai Oakhurst,Showroom,showroom,49,19,14,5,63930,
2025-07,Summit Auto Group,Summit Hyundai Oakhurst,Inbound Calls,phone,82,16,12,4,50870,
2025-07,Summit Auto Group,Summit Hyundai Oakhurst,Live Chat,chat,51,1,1,0,2628,522
2025-07,Summit Auto Group,Summit Hyundai Oakhurst,Facebook,internet,51,3,2,1,6473,812
2025-07,Summit Auto Group,Summit Hyundai Oakhurst,True Car,internet,42,3,2,1,6947,1508
2025-07,Summit Auto Group,Summit Jeep Ram Clearwater,AutoTrader.com,internet,233,19,10,9,57287,2982
2025-07,Summit Auto Group,Summit Jeep Ram Clearwater,Cars .com,internet,118,9,5,4,25143,2201
2025-07,Summit Auto Group,Summit Jeep Ram Clearwater,Car Gurus,internet,121,8,4,4,23339,2698
2025-07,Summit Auto Group,Summit Jeep Ram Clearwater,Website,internet,293,29,16,13,90454,
2025-07,Summit Auto Group,Summit Jeep Ram Clearwater,Lease Return,campaign,33,10,7,3,15390,
2025-07,Summit Auto Group,Summit Jeep Ram Clearwater,Walk In,showroom,76,24,17,7,97887,
2025-07,Summit Auto Group,Summit Jeep Ram Clearwater,Inbound Calls,phone,106,22,16,6,72395,
2025-07,Summit Auto Group,Summit Jeep Ram Clearwater,Live Chat,chat,60,3,2,1,8713,639
2025-07,Summit Auto Group,Summit Jeep Ram Clearwater,Facebook,internet,71,4,2,2,8680,994
2025-07,Summit Auto Group,Summit Jeep Ram Clearwater,True Car,internet,52,2,1,1,5190,1846
2025-07,Summit Auto Group,Summit Kia Brookfield,AutoTrader.com,internet,170,10,6,4,32630,2310
2025-07,Summit Auto Group,Summit Kia Brookfield,CARS,internet,114,8,4,4,27997,1705
2025-07,Summit Auto Group,Summit Kia Brookfield,Car Gurus,internet,82,7,4,3,16943,2090
2025-07,Summit Auto Group,Summit Kia Brookfield,OEM Website,internet,258,25,14,11,83566,
2025-07,Summit Auto Group,Summit Kia Brookfield,Lease Return,campaign,26,7,5,2,11845,
2025-07,Summit Auto Group,Summit Kia Brookfield,Showroom,showroom,54,19,14,5,78122,
2025-07,Summit Auto Group,Summit Kia Brookfield,Inbound Calls,phone,71,20,14,6,61526,
2025-07,Summit Auto Group,Summit Kia Brookfield,Live Chat,chat,46,4,2,2,8976,495
2025-07,Summit Auto Group,Summit Kia Brookfield,Facebook,internet,44,0,0,0,0,770
2025-07,Summit Auto Group,Summit Kia Brookfield,True Car,internet,41,2,1,1,5696,1430
2025-07,Summit Auto Group,Summit Mazda Lakeside,AutoTrader.com,internet,122,12,7,5,33784,1848
2025-07,Summit Auto Group,Summit Mazda Lakeside,Cars.com,internet,88,8,4,4,22431,1364
2025-07,Summit Auto Group,Summit Mazda Lakeside,CarGurus,internet,76,3,2,1,8500,1672
2025-07,Summit Auto Group,Summit Mazda Lakeside,Dealer Website,internet,204,22,12,10,84794,
2025-07,Summit Auto Group,Summit Mazda Lakeside,Lease Return,campaign,20,5,4,1,8970,
2025-07,Summit Auto Group,Summit Mazda Lakeside,Walk In,showroom,46,14,10,4,44838,
2025-07,Summit Auto Group,Summit Mazda Lakeside,Phone Up,phone,61,11,8,3,38278,
2025-07,Summit Auto Group,Summit Mazda Lakeside,Website Chat,chat,36,0,0,0,0,396
2025-07,Summit Auto Group,Summit Mazda Lakeside,Facebook,internet,32,4,2,2,9003,616
2025-07,Summit Auto Group,Summit Mazda Lakeside,True Car,internet,34,2,1,1,4351,1144
2025-07,Summit Auto Group,Summit Nissan Ridgemont,auto trader,internet,211,19,10,9,54071,2688
2025-07,Summit Auto Group,Summit Nissan Ridgemont,CARS,internet,137,10,6,4,26190,1984
2025-07,Summit Auto Group,Summit Nissan Ridgemont,CarGurus,internet,89,8,4,4,19917,2432
2025-07,Summit Auto Group,Summit Nissan Ridgemont,Dealer Website,internet,285,26,14,12,96866,
2025-07,Summit Auto Group,Summit Nissan Ridgemont,Lease Retention,campaign,26,7,5,2,13583,
2025-07,Summit Auto Group,Summit Nissan Ridgemont,Walk-In,showroom,58,14,10,4,48668,
2025-07,Summit Auto Group,Summit Nissan Ridgemont,Inbound Calls,phone,84,14,10,4,42863,
2025-07,Summit Auto Group,Summit Nissan Ridgemont,Live Chat,chat,51,4,2,2,8977,576
2025-07,Summit Auto Group,Summit Nissan Ridgemont,Facebook,internet,54,1,1,0,2118,896
2025-07,Summit Auto Group,Summit Nissan Ridgemont,TrueCar,internet,41,3,2,1,6806,1664
2025-07,Summit Auto Group,Summit Subaru Northgate,Autotrader,internet,174,10,6,4,24663,2058
2025-07,Summit Auto Group,Summit Subaru Northgate,CARS,internet,101,10,6,4,29457,1519
2025-07,Summit Auto Group,Summit Subaru Northgate,CarGurus,internet,87,6,3,3,14920,1862
2025-07,Summit Auto Group,Summit Subaru Northgate,OEM Website,internet,216,18,10,8,59154,
2025-07,Summit Auto Group,Summit Subaru Northgate,Lease Return,campaign,24,6,4,2,11261,
2025-07,Summit Auto Group,Summit Subaru Northgate,Walk-In,showroom,46,15,11,4,52986,
2025-07,Summit Auto Group,Summit Subaru Northgate,Phone Up,phone,75,16,12,4,44197,
2025-07,Summit Auto Group,Summit Subaru Northgate,Website Chat,chat,41,2,1,1,5487,441
2025-07,Summit Auto Group,Summit Subaru Northgate,Facebook Marketplace,internet,51,2,1,1,4238,686
2025-07,Summit Auto Group,Summit Subaru Northgate,True Car,internet,34,1,1,0,2506,1274
2025-07,Summit Auto Group,Summit Toyota of Fairview,auto trader,internet,309,15,8,7,40299,4200
2025-07,Summit Auto Group,Summit Toyota of Fairview,CARS,internet,180,16,9,7,51502,3100
2025-07,Summit Auto Group,Summit Toyota of Fairview,Car Gurus,internet,176,9,5,4,25483,3800
2025-07,Summit Auto Group,Summit Toyota of Fairview,Dealer Website,internet,362,54,30,24,168161,
2025-07,Summit Auto Group,Summit Toyota of Fairview,Lease Retention,campaign,47,12,9,3,18941,
2025-07,Summit Auto Group,Summit Toyota of Fairview,Showroom,showroom,88,19,14,5,66624,
2025-07,Summit Auto Group,Summit Toyota of Fairview,Inbound Calls,phone,136,21,15,6,66680,
2025-07,Summit Auto Group,Summit Toyota of Fairview,Chat,chat,97,11,6,5,25861,900
2025-07,Summit Auto Group,Summit Toyota of Fairview,FB Marketplace,internet,82,1,1,0,1955,1400
2025-07,Summit Auto Group,Summit Toyota of Fairview,True Car,internet,81,10,6,4,27577,2600
2025-07,Summit Auto Group,Summit Volkswagen Eastdale,auto trader,internet,120,9,5,4,26218,1680
2025-07,Summit Auto Group,Summit Volkswagen Eastdale,Cars .com,internet,74,3,2,1,10058,1240
2025-07,Summit Auto Group,Summit Volkswagen Eastdale,Car Gurus,internet,55,3,2,1,8806,1520
2025-07,Summit Auto Group,Summit Volkswagen Eastdale,Dealer Website,internet,166,26,14,12,94453,
2025-07,Summit Auto Group,Summit Volkswagen Eastdale,Lease Retention,campaign,16,5,4,1,9712,
2025-07,Summit Auto Group,Summit Volkswagen Eastdale,Walk-In,showroom,41,12,9,3,42067,
2025-07,Summit Auto Group,Summit Volkswagen Eastdale,Phone Up,phone,54,13,9,4,41072,
2025-07,Summit Auto Group,Summit Volkswagen Eastdale,Chat,chat,32,0,0,0,0,360
2025-07,Summit Auto Group,Summit Volkswagen Eastdale,Facebook,internet,29,3,2,1,5997,560
2025-07,Summit Auto Group,Summit Volkswagen Eastdale,True Car,internet,26,3,2,1,6705,1040
2025-08,Harbor Motor Group,Harbor BMW,auto trader,internet,274,23,13,10,105390,3276
2025-08,Harbor Motor Group,Harbor BMW,Cars.com,internet,142,13,7,6,63465,2418
2025-08,Harbor Motor Group,Harbor BMW,Car Gurus,internet,108,9,5,4,43636,2964
2025-08,Harbor Motor Group,Harbor BMW,Dealer Website,internet,332,37,20,17,202597,
2025-08,Harbor Motor Group,Harbor BMW,Lease Retention,campaign,36,12,9,3,31830,
2025-08,Harbor Motor Group,Harbor BMW,Walk In,showroom,84,24,17,7,122278,
2025-08,Harbor Motor Group,Harbor BMW,Phone Up,phone,122,23,17,6,128439,
2025-08,Harbor Motor Group,Harbor BMW,Website Chat,chat,74,5,3,2,19578,702
2025-08,Harbor Motor Group,Harbor BMW,Facebook Marketplace,internet,69,1,1,0,3139,1092
2025-08,Harbor Motor Group,Harbor BMW,True Car,internet,54,2,1,1,8731,2028
2025-08,Harbor Motor Group,Harbor Chevrolet Marina,auto trader,internet,253,15,8,7,48982,2940
2025-08,Harbor Motor Group,Harbor Chevrolet Marina,Cars.com,internet,113,9,5,4,24327,2170
2025-08,Harbor Motor Group,Harbor Chevrolet Marina,Car Gurus,internet,111,9,5,4,25918,2660
2025-08,Harbor Motor Group,Harbor Chevrolet Marina,OEM Website,internet,278,28,15,13,83452,
2025-08,Harbor Motor Group,Harbor Chevrolet Marina,Lease Retention,campaign,28,8,6,2,11726,
2025-08,Harbor Motor Group,Harbor Chevrolet Marina,Walk-In,showroom,57,18,13,5,64222,
2025-08,Harbor Motor Group,Harbor Chevrolet Marina,Inbound Calls,phone,95,16,12,4,48692,
2025-08,Harbor Motor Group,Harbor Chevrolet Marina,Live Chat,chat,67,4,2,2,8978,630
2025-08,Harbor Motor Group,Harbor Chevrolet Marina,FB Marketplace,internet,60,3,2,1,6438,979
2025-08,Harbor Motor Group,Harbor Chevrolet Marina,True Car,internet,48,1,1,0,2147,1819
2025-08,Harbor Motor Group,Harbor Ford Portside,auto trader,internet,307,21,12,9,67074,3696
2025-08,Harbor Motor Group,Harbor Ford Portside,Cars .com,internet,167,15,8,7,44565,2728
2025-08,Harbor Motor Group,Harbor Ford Portside,CarGurus,internet,148,13,7,6,35478,3344
2025-08,Harbor Motor Group,Harbor Ford Portside,OEM Website,internet,324,34,19,15,107091,
2025-08,Harbor Motor Group,Harbor Ford Portside,Lease Return,campaign,37,10,7,3,18286,
2025-08,Harbor Motor Group,Harbor Ford Portside,Showroom,showroom,83,26,19,7,90613,
2025-08,Harbor Motor Group,Harbor Ford Portside,Inbound Calls,phone,108,18,13,5,53175,
2025-08,Harbor Motor Group,Harbor Ford Portside,Live Chat,chat,73,7,4,3,19163,792
2025-08,Harbor Motor Group,Harbor Ford Portside,Facebook Marketplace,internet,76,1,1,0,2006,1232
2025-08,Harbor Motor Group,Harbor Ford Portside,TrueCar,internet,60,5,3,2,10795,2288
2025-08,Harbor Motor Group,Harbor Honda Seaside,ATC,internet,277,24,13,11,74684,3360
2025-08,Harbor Motor Group,Harbor Honda Seaside,Cars .com,internet,174,16,9,7,42175,2480
2025-08,Harbor Motor Group,Harbor Honda Seaside,CarGurus,internet,136,5,3,2,15473,3040
2025-08,Harbor Motor Group,Harbor Honda Seaside,Dealer Website,internet,353,43,24,19,130459,
2025-08,Harbor Motor Group,Harbor Honda Seaside,Lease Retention,campaign,32,4,3,1,7143,
2025-08,Harbor Motor Group,Harbor Honda Seaside,Showroom,showroom,68,21,15,6,77262,
2025-08,Harbor Motor Group,Harbor Honda Seaside,Phone Up,phone,123,23,17,6,62559,
2025-08,Harbor Motor Group,Harbor Honda Seaside,Live Chat,chat,76,2,1,1,4447,720
2025-08,Harbor Motor Group,Harbor Honda Seaside,Facebook,internet,64,2,1,1,4686,1120
2025-08,Harbor Motor Group,Harbor Honda Seaside,TrueCar,internet,47,0,0,0,0,2080
2025-08,Harbor Motor Group,Harbor Jeep Ram Anchor,AutoTrader.com,internet,225,15,8,7,47164,2772
2025-08,Harbor Motor Group,Harbor Jeep Ram Anchor,Cars .com,internet,120,10,6,4,30483,2046
2025-08,Harbor Motor Group,Harbor Jeep Ram Anchor,cargurus.com,internet,87,4,2,2,12423,2508
2025-08,Harbor Motor Group,Harbor Jeep Ram Anchor,OEM Website,internet,230,25,14,11,81651,
2025-08,Harbor Motor Group,Harbor Jeep Ram Anchor,Lease Retention,campaign,30,6,4,2,9649,
2025-08,Harbor Motor Group,Harbor Jeep Ram Anchor,Walk-In,showroom,56,25,18,7,77004,
2025-08,Harbor Motor Group,Harbor Jeep Ram Anchor,Phone Up,phone,97,11,8,3,33208,
2025-08,Harbor Motor Group,Harbor Jeep Ram Anchor,Chat,chat,64,2,1,1,5019,594
2025-08,Harbor Motor Group,Harbor Jeep Ram Anchor,Facebook,internet,55,2,1,1,4111,924
2025-08,Harbor Motor Group,Harbor Jeep Ram Anchor,TrueCar,internet,42,2,1,1,4876,1716
2025-08,Harbor Motor Group,Harbor Kia Lighthouse,ATC,internet,183,9,5,4,23112,2184
2025-08,Harbor Motor Group,Harbor Kia Lighthouse,CARS,internet,92,10,6,4,27666,1612
2025-08,Harbor Motor Group,Harbor Kia Lighthouse,CarGurus,internet,69,4,2,2,10586,1976
2025-08,Harbor Motor Group,Harbor Kia Lighthouse,Dealer Website,internet,211,21,12,9,77208,
2025-08,Harbor Motor Group,Harbor Kia Lighthouse,Lease Retention,campaign,22,5,4,1,7454,
2025-08,Harbor Motor Group,Harbor Kia Lighthouse,Walk In,showroom,43,15,11,4,58229,
2025-08,Harbor Motor Group,Harbor Kia Lighthouse,Inbound Calls,phone,81,19,14,5,50958,
2025-08,Harbor Motor Group,Harbor Kia Lighthouse,Website Chat,chat,50,5,3,2,13255,468
2025-08,Harbor Motor Group,Harbor Kia Lighthouse,Facebook,internet,41,2,1,1,4804,728
2025-08,Harbor Motor Group,Harbor Kia Lighthouse,True Car,internet,38,3,2,1,6462,1352
2025-08,Harbor Motor Group,Harbor Subaru Tidewater,auto trader,internet,166,10,6,4,29085,1974
2025-08,Harbor Motor Group,Harbor Subaru Tidewater,Cars .com,internet,101,10,6,4,31146,1457
2025-08,Harbor Motor Group,Harbor Subaru Tidewater,Car Gurus,internet,80,5,3,2,13100,1786
2025-08,Harbor Motor Group,Harbor Subaru Tidewater,Dealer Website,internet,193,26,14,12,93944,
2025-08,Harbor Motor Group,Harbor Subaru Tidewater,Lease Return,campaign,22,5,4,1,9178,
2025-08,Harbor Motor Group,Harbor Subaru Tidewater,Showroom,showroom,45,21,15,6,72007,
2025-08,Harbor Motor Group,Harbor Subaru Tidewater,Phone Up,phone,70,14,10,4,38108,
2025-08,Harbor Motor Group,Harbor Subaru Tidewater,Website Chat,chat,37,2,1,1,4598,423
2025-08,Harbor Motor Group,Harbor Subaru Tidewater,FB Marketplace,internet,40,3,2,1,7345,658
2025-08,Harbor Motor Group,Harbor Subaru Tidewater,True Car,internet,29,2,1,1,5031,1222
2025-08,Harbor Motor Group,Harbor Toyota Bayview,Autotrader,internet,301,19,10,9,49502,3990
2025-08,Harbor Motor Group,Harbor Toyota Bayview,Cars .com,internet,194,21,12,9,73272,2945
2025-08,Harbor Motor Group,Harbor Toyota Bayview,cargurus.com,internet,139,8,4,4,21336,3610
2025-08,Harbor Motor Group,Harbor Toyota Bayview,OEM Website,internet,362,33,18,15,107188,
2025-08,Harbor Motor Group,Harbor Toyota Bayview,Lease Return,campaign,36,11,8,3,16842,
2025-08,Harbor Motor Group,Harbor Toyota Bayview,Walk In,showroom,79,16,12,4,51632,
2025-08,Harbor Motor Group,Harbor Toyota Bayview,Inbound Phone,phone,126,26,19,7,74598,
2025-08,Harbor Motor Group,Harbor Toyota Bayview,Website Chat,chat,79,6,3,3,13663,855
2025-08,Harbor Motor Group,Harbor Toyota Bayview,Facebook Marketplace,internet,78,7,4,3,13131,1330
2025-08,Harbor Motor Group,Harbor Toyota Bayview,True Car,internet,59,2,1,1,5029,2470
2025-08,Summit Auto Group,Summit BMW,Autotrader,internet,226,16,9,7,72464,3486
2025-08,Summit Auto Group,Summit BMW,Cars .com,internet,179,21,12,9,108615,2573
2025-08,Summit Auto Group,Summit BMW,cargurus.com,internet,136,8,4,4,38140,3154
2025-08,Summit Auto Group,Summit BMW,Dealer Website,internet,376,36,20,16,215510,
2025-08,Summit Auto Group,Summit BMW,Lease Return,campaign,37,7,5,2,19133,
2025-08,Summit Auto Group,Summit BMW,Walk-In,showroom,88,32,23,9,170431,
2025-08,Summit Auto Group,Summit BMW,Inbound Phone,phone,115,21,15,6,115174,
2025-08,Summit Auto Group,Summit BMW,Chat,chat,64,4,2,2,16169,747
2025-08,Summit Auto Group,Summit BMW,Facebook,internet,63,1,1,0,3999,1162
2025-08,Summit Auto Group,Summit BMW,TrueCar,internet,49,3,2,1,12285,2158
2025-08,Summit Auto Group,Summit Chevrolet Glenpark,ATC,internet,282,13,7,6,36153,3276
2025-08,Summit Auto Group,Summit Chevrolet Glenpark,Cars .com,internet,170,13,7,6,36585,2418
2025-08,Summit Auto Group,Summit Chevrolet Glenpark,cargurus.com,internet,127,6,3,3,15200,2964
2025-08,Summit Auto Group,Summit Chevrolet Glenpark,Dealer Website,internet,304,39,21,18,151992,
2025-08,Summit Auto Group,Summit Chevrolet Glenpark,Lease Return,campaign,31,11,8,3,16666,
2025-08,Summit Auto Group,Summit Chevrolet Glenpark,Walk In,showroom,67,28,20,8,99068,
2025-08,Summit Auto Group,Summit Chevrolet Glenpark,Inbound Phone,phone,118,23,17,6,78703,
2025-08,Summit Auto Group,Summit Chevrolet Glenpark,Chat,chat,61,3,2,1,8836,702
2025-08,Summit Auto Group,Summit Chevrolet Glenpark,FB Marketplace,internet,71,2,1,1,4161,1092
2025-08,Summit Auto Group,Summit Chevrolet Glenpark,TrueCar,internet,53,3,2,1,7266,2028
2025-08,Summit Auto Group,Summit Ford Rivera,ATC,internet,335,26,14,12,84283,3864
2025-08,Summit Auto Group,Summit Ford Rivera,Cars.com,internet,155,17,9,8,56408,2852
2025-08,Summit Auto Group,Summit Ford Rivera,cargurus.com,internet,125,13,7,6,34533,3496
2025-08,Summit Auto Group,Summit Ford Rivera,Website,internet,373,46,25,21,140103,
2025-08,Summit Auto Group,Summit Ford Rivera,Lease Retention,campaign,36,9,6,3,16917,
2025-08,Summit Auto Group,Summit Ford Rivera,Showroom,showroom,88,31,22,9,101760,
2025-08,Summit Auto Group,Summit Ford Rivera,Inbound Phone,phone,142,29,21,8,79239,
2025-08,Summit Auto Group,Summit Ford Rivera,Live Chat,chat,69,4,2,2,10963,828
2025-08,Summit Auto Group,Summit Ford Rivera,Facebook,internet,95,2,1,1,4217,1288
2025-08,Summit Auto Group,Summit Ford Rivera,TrueCar,internet,60,9,5,4,23772,2392
2025-08,Summit Auto Group,Summit Honda Westland,auto trader,internet,296,24,13,11,62163,3612
2025-08,Summit Auto Group,Summit Honda Westland,Cars.com,internet,168,14,8,6,42532,2666
2025-08,Summit Auto Group,Summit Honda Westland,CarGurus,internet,123,6,3,3,15067,3268
2025-08,Summit Auto Group,Summit Honda Westland,Dealer Website,internet,304,35,19,16,110263,
2025-08,Summit Auto Group,Summit Honda Westland,Lease Return,campaign,42,13,9,4,23524,
2025-08,Summit Auto Group,Summit Honda Westland,Walk In,showroom,89,28,20,8,88620,
2025-08,Summit Auto Group,Summit Honda Westland,Inbound Calls,phone,116,14,10,4,48337,
2025-08,Summit Auto Group,Summit Honda Westland,Website Chat,chat,78,9,5,4,22174,774
2025-08,Summit Auto Group,Summit Honda Westland,Facebook,internet,79,2,1,1,4168,1204
2025-08,Summit Auto Group,Summit Honda Westland,True Car,internet,60,4,2,2,8919,2236
2025-08,Summit Auto Group,Summit Hyundai Oakhurst,Lease Return,campaign,27,7,5,2,12224,
2025-08,Summit Auto Group,Summit Hyundai Oakhurst,Showroom,showroom,238,81,48,33,253873,
2025-08,Summit Auto Group,Summit Hyundai Oakhurst,Inbound Calls,phone,91,16,12,4,47901,
2025-08,Summit Auto Group,Summit Hyundai Oakhurst,Live Chat,chat,52,7,4,3,15649,522
2025-08,Summit Auto Group,Summit Jeep Ram Clearwater,AutoTrader.com,internet,217,14,8,6,39863,2982
2025-08,Summit Auto Group,Summit Jeep Ram Clearwater,Cars .com,internet,153,9,5,4,29386,2201
2025-08,Summit Auto Group,Summit Jeep Ram Clearwater,Car Gurus,internet,101,2,1,1,6226,2698
2025-08,Summit Auto Group,Summit Jeep Ram Clearwater,Website,internet,318,40,22,18,141204,
2025-08,Summit Auto Group,Summit Jeep Ram Clearwater,Lease Return,campaign,31,4,3,1,7006,
2025-08,Summit Auto Group,Summit Jeep Ram Clearwater,Walk In,showroom,62,22,16,6,78230,
2025-08,Summit Auto Group,Summit Jeep Ram Clearwater,Inbound Calls,phone,90,14,10,4,47161,
2025-08,Summit Auto Group,Summit Jeep Ram Clearwater,Live Chat,chat,71,6,3,3,17292,639
2025-08,Summit Auto Group,Summit Jeep Ram Clearwater,Facebook,internet,60,3,2,1,6188,994
2025-08,Summit Auto Group,Summit Jeep Ram Clearwater,True Car,internet,50,2,1,1,4371,1846
2025-08,Summit Auto Group,Summit Kia Brookfield,AutoTrader.com,internet,155,11,6,5,29525,2310
2025-08,Summit Auto Group,Summit Kia Brookfield,CARS,internet,119,4,2,2,13987,1705
2025-08,Summit Auto Group,Summit Kia Brookfield,Car Gurus,internet,76,7,4,3,17863,2090
2025-08,Summit Auto Group,Summit Kia Brookfield,OEM Website,internet,232,32,18,14,106783,
2025-08,Summit Auto Group,Summit Kia Brookfield,Lease Return,campaign,21,7,5,2,12793,
2025-08,Summit Auto Group,Summit Kia Brookfield,Showroom,showroom,51,12,9,3,43603,
2025-08,Summit Auto Group,Summit Kia Brookfield,Inbound Calls,phone,74,14,10,4,49391,
2025-08,Summit Auto Group,Summit Kia Brookfield,Live Chat,chat,53,5,3,2,11186,495
2025-08,Summit Auto Group,Summit Kia Brookfield,Facebook,internet,50,1,1,0,2446,770
2025-08,Summit Auto Group,Summit Kia Brookfield,True Car,internet,35,3,2,1,8364,1430
2025-08,Summit Auto Group,Summit Mazda Lakeside,AutoTrader.com,internet,160,11,6,5,29078,1848
2025-08,Summit Auto Group,Summit Mazda Lakeside,Cars.com,internet,78,6,3,3,16620,1364
2025-08,Summit Auto Group,Summit Mazda Lakeside,CarGurus,internet,58,6,3,3,18420,1672
2025-08,Summit Auto Group,Summit Mazda Lakeside,Dealer Website,internet,200,20,11,9,58101,
2025-08,Summit Auto Group,Summit Mazda Lakeside,Lease Return,campaign,17,5,4,1,8036,
2025-08,Summit Auto Group,Summit Mazda Lakeside,Walk In,showroom,41,13,9,4,46881,
2025-08,Summit Auto Group,Summit Mazda Lakeside,Phone Up,phone,62,12,9,3,33998,
2025-08,Summit Auto Group,Summit Mazda Lakeside,Website Chat,chat,39,3,2,1,8867,396
2025-08,Summit Auto Group,Summit Mazda Lakeside,Facebook,internet,32,0,0,0,0,616
2025-08,Summit Auto Group,Summit Mazda Lakeside,True Car,internet,33,6,3,3,15895,1144
2025-08,Summit Auto Group,Summit Nissan Ridgemont,auto trader,internet,205,19,10,9,49744,2688
2025-08,Summit Auto Group,Summit Nissan Ridgemont,CARS,internet,139,10,6,4,30767,1984
2025-08,Summit Auto Group,Summit Nissan Ridgemont,CarGurus,internet,108,12,7,5,31903,2432
2025-08,Summit Auto Group,Summit Nissan Ridgemont,Dealer Website,internet,230,26,14,12,79281,
2025-08,Summit Auto Group,Summit Nissan Ridgemont,Lease Retention,campaign,26,8,6,2,14768,
2025-08,Summit Auto Group,Summit Nissan Ridgemont,Walk-In,showroom,54,19,14,5,60832,
2025-08,Summit Auto Group,Summit Nissan Ridgemont,Inbound Calls,phone,93,13,9,4,45637,
2025-08,Summit Auto Group,Summit Nissan Ridgemont,Live Chat,chat,50,5,3,2,11410,576
2025-08,Summit Auto Group,Summit Nissan Ridgemont,Facebook,internet,55,4,2,2,9900,896
2025-08,Summit Auto Group,Summit Nissan Ridgemont,TrueCar,internet,48,4,2,2,9432,1664
2025-08,Summit Auto Group,Summit Subaru Northgate,Autotrader,internet,168,20,11,9,53789,2058
2025-08,Summit Auto Group,Summit Subaru Northgate,CARS,internet,84,6,3,3,18645,1519
2025-08,Summit Auto Group,Summit Subaru Northgate,CarGurus,internet,79,10,6,4,26512,1862
2025-08,Summit Auto Group,Summit Subaru Northgate,OEM Website,internet,186,34,19,15,98615,
2025-08,Summit Auto Group,Summit Subaru Northgate,Lease Return,campaign,18,7,5,2,10849,
2025-08,Summit Auto Group,Summit Subaru Northgate,Walk-In,showroom,46,17,12,5,67791,
2025-08,Summit Auto Group,Summit Subaru Northgate,Phone Up,phone,66,11,8,3,39701,
2025-08,Summit Auto Group,Summit Subaru Northgate,Website Chat,chat,40,1,1,0,2824,441
2025-08,Summit Auto Group,Summit Subaru Northgate,Facebook Marketplace,internet,43,5,3,2,11146,686
2025-08,Summit Auto Group,Summit Subaru Northgate,True Car,internet,36,1,1,0,2439,1274
2025-08,Summit Auto Group,Summit Toyota of Fairview,auto trader,internet,333,19,10,9,57623,4200
2025-08,Summit Auto Group,Summit Toyota of Fairview,CARS,internet,189,19,10,9,65049,3100
2025-08,Summit Auto Group,Summit Toyota of Fairview,Car Gurus,internet,131,7,4,3,17590,3800
2025-08,Summit Auto Group,Summit Toyota of Fairview,Dealer Website,internet,368,43,24,19,136750,
2025-08,Summit Auto Group,Summit Toyota of Fairview,Lease Retention,campaign,46,15,11,4,23714,
2025-08,Summit Auto Group,Summit Toyota of Fairview,Showroom,showroom,86,33,24,9,116675,
2025-08,Summit Auto Group,Summit Toyota of Fairview,Inbound Calls,phone,125,26,19,7,78584,
2025-08,Summit Auto Group,Summit Toyota of Fairview,Chat,chat,81,7,4,3,18977,900
2025-08,Summit Auto Group,Summit Toyota of Fairview,FB Marketplace,internet,95,4,2,2,9629,1400
2025-08,Summit Auto Group,Summit Toyota of Fairview,True Car,internet,78,5,3,2,11768,2600
2025-08,Summit Auto Group,Summit Volkswagen Eastdale,auto trader,internet,134,10,6,4,29345,1680
2025-08,Summit Auto Group,Summit Volkswagen Eastdale,Cars .com,internet,82,5,3,2,13199,1240
2025-08,Summit Auto Group,Summit Volkswagen Eastdale,Car Gurus,internet,67,5,3,2,13420,1520
2025-08,Summit Auto Group,Summit Volkswagen Eastdale,Dealer Website,internet,184,20,11,9,66235,
2025-08,Summit Auto Group,Summit Volkswagen Eastdale,Lease Retention,campaign,18,3,2,1,5619,
2025-08,Summit Auto Group,Summit Volkswagen Eastdale,Walk-In,showroom,38,13,9,4,52372,
2025-08,Summit Auto Group,Summit Volkswagen Eastdale,Phone Up,phone,47,7,5,2,19379,
2025-08,Summit Auto Group,Summit Volkswagen Eastdale,Chat,chat,39,1,1,0,2464,360
2025-08,Summit Auto Group,Summit Volkswagen Eastdale,Facebook,internet,30,2,1,1,3757,560
2025-08,Summit Auto Group,Summit Volkswagen Eastdale,True Car,internet,23,3,2,1,7914,1040
2025-09,Harbor Motor Group,Harbor BMW,auto trader,internet,220,15,8,7,67636,3276
2025-09,Harbor Motor Group,Harbor BMW,Cars.com,internet,148,13,7,6,72426,2418
2025-09,Harbor Motor Group,Harbor BMW,Car Gurus,internet,125,6,3,3,25923,2964
2025-09,Harbor Motor Group,Harbor BMW,Dealer Website,internet,359,50,28,22,262280,
2025-09,Harbor Motor Group,Harbor BMW,Lease Retention,campaign,32,9,6,3,21369,
2025-09,Harbor Motor Group,Harbor BMW,Walk In,showroom,84,35,25,10,225635,
2025-09,Harbor Motor Group,Harbor BMW,Phone Up,phone,101,20,14,6,115145,
2025-09,Harbor Motor Group,Harbor BMW,Website Chat,chat,64,2,1,1,9027,702
2025-09,Harbor Motor Group,Harbor BMW,Facebook Marketplace,internet,63,6,3,3,19684,1092
2025-09,Harbor Motor Group,Harbor BMW,True Car,internet,54,3,2,1,12632,2028
2025-09,Harbor Motor Group,Harbor Chevrolet Marina,auto trader,internet,221,12,7,5,32070,2940
2025-09,Harbor Motor Group,Harbor Chevrolet Marina,Cars.com,internet,125,4,2,2,12276,2170
2025-09,Harbor Motor Group,Harbor Chevrolet Marina,Car Gurus,internet,95,6,3,3,14308,2660
2025-09,Harbor Motor Group,Harbor Chevrolet Marina,OEM Website,internet,265,30,16,14,87914,
2025-09,Harbor Motor Group,Harbor Chevrolet Marina,Lease Retention,campaign,32,7,5,2,11734,
2025-09,Harbor Motor Group,Harbor Chevrolet Marina,Walk-In,showroom,63,17,12,5,56119,
2025-09,Harbor Motor Group,Harbor Chevrolet Marina,Inbound Calls,phone,101,21,15,6,60437,
2025-09,Harbor Motor Group,Harbor Chevrolet Marina,Live Chat,chat,67,6,3,3,15638,630
2025-09,Harbor Motor Group,Harbor Chevrolet Marina,FB Marketplace,internet,57,2,1,1,4402,979
2025-09,Harbor Motor Group,Harbor Chevrolet Marina,True Car,internet,42,3,2,1,6846,1819
2025-09,Harbor Motor Group,Harbor Ford Portside,auto trader,internet,273,17,9,8,53271,3696
2025-09,Harbor Motor Group,Harbor Ford Portside,Cars .com,internet,158,13,7,6,41256,2728
2025-09,Harbor Motor Group,Harbor Ford Portside,CarGurus,internet,142,7,4,3,17355,3344
2025-09,Harbor Motor Group,Harbor Ford Portside,OEM Website,internet,389,46,25,21,137220,
2025-09,Harbor Motor Group,Harbor Ford Portside,Lease Return,campaign,35,7,5,2,13501,
2025-09,Harbor Motor Group,Harbor Ford Portside,Showroom,showroom,83,34,24,10,109226,
2025-09,Harbor Motor Group,Harbor Ford Portside,Inbound Calls,phone,131,30,22,8,87448,
2025-09,Harbor Motor Group,Harbor Ford Portside,Live Chat,chat,82,10,6,4,29668,792
2025-09,Harbor Motor Group,Harbor Ford Portside,Facebook Marketplace,internet,82,3,2,1,7178,1232
2025-09,Harbor Motor Group,Harbor Ford Portside,TrueCar,internet,52,1,1,0,2680,2288
2025-09,Harbor Motor Group,Harbor Honda Seaside,ATC,internet,230,18,10,8,47534,3360
2025-09,Harbor Motor Group,Harbor Honda Seaside,Cars .com,internet,138,10,6,4,34476,2480
2025-09,Harbor Motor Group,Harbor Honda Seaside,CarGurus,internet,99,2,1,1,6158,3040
2025-09,Harbor Motor Group,Harbor Honda Seaside,Dealer Website,internet,367,48,26,22,153156,
2025-09,Harbor Motor Group,Harbor Honda Seaside,Lease Retention,campaign,32,13,9,4,19401,
2025-09,Harbor Motor Group,Harbor Honda Seaside,Showroom,showroom,67,20,14,6,65442,
2025-09,Harbor Motor Group,Harbor Honda Seaside,Phone Up,phone,114,26,19,7,76922,
2025-09,Harbor Motor Group,Harbor Honda Seaside,Live Chat,chat,61,5,3,2,13364,720
2025-09,Harbor Motor Group,Harbor Honda Seaside,Facebook,internet,85,3,2,1,7529,1120
2025-09,Harbor Motor Group,Harbor Honda Seaside,TrueCar,internet,48,1,1,0,2504,2080
2025-09,Harbor Motor Group,Harbor Jeep Ram Anchor,AutoTrader.com,internet,228,19,10,9,60263,2772
2025-09,Harbor Motor Group,Harbor Jeep Ram Anchor,Cars .com,internet,123,16,9,7,53837,2046
2025-09,Harbor Motor Group,Harbor Jeep Ram Anchor,cargurus.com,internet,105,7,4,3,21875,2508
2025-09,Harbor Motor Group,Harbor Jeep Ram Anchor,OEM Website,internet,251,31,17,14,97404,
2025-09,Harbor Motor Group,Harbor Jeep Ram Anchor,Lease Retention,campaign,28,11,8,3,18019,
2025-09,Harbor Motor Group,Harbor Jeep Ram Anchor,Walk-In,showroom,70,30,22,8,122068,
2025-09,Harbor Motor Group,Harbor Jeep Ram Anchor,Phone Up,phone,89,19,14,5,56521,
2025-09,Harbor Motor Group,Harbor Jeep Ram Anchor,Chat,chat,55,4,2,2,11076,594
2025-09,Harbor Motor Group,Harbor Jeep Ram Anchor,Facebook,internet,64,2,1,1,5012,924
2025-09,Harbor Motor Group,Harbor Jeep Ram Anchor,TrueCar,internet,42,5,3,2,13418,1716
2025-09,Harbor Motor Group,Harbor Kia Lighthouse,ATC,internet,184,10,6,4,30571,2184
2025-09,Harbor Motor Group,Harbor Kia Lighthouse,CARS,internet,94,4,2,2,10843,1612
2025-09,Harbor Motor Group,Harbor Kia Lighthouse,CarGurus,internet,80,6,3,3,16203,1976
2025-09,Harbor Motor Group,Harbor Kia Lighthouse,Dealer Website,internet,202,25,14,11,79229,
2025-09,Harbor Motor Group,Harbor Kia Lighthouse,Lease Retention,campaign,23,4,3,1,6880,
2025-09,Harbor Motor Group,Harbor Kia Lighthouse,Walk In,showroom,52,24,17,7,83102,
2025-09,Harbor Motor Group,Harbor Kia Lighthouse,Inbound Calls,phone,74,12,9,3,34658,
2025-09,Harbor Motor Group,Harbor Kia Lighthouse,Website Chat,chat,45,1,1,0,2834,468
2025-09,Harbor Motor Group,Harbor Kia Lighthouse,Facebook,internet,38,1,1,0,2104,728
2025-09,Harbor Motor Group,Harbor Kia Lighthouse,True Car,internet,38,1,1,0,2554,1352
2025-09,Harbor Motor Group,Harbor Subaru Tidewater,auto trader,internet,157,12,7,5,30257,1974
2025-09,Harbor Motor Group,Harbor Subaru Tidewater,Cars .com,internet,81,6,3,3,17281,1457
2025-09,Harbor Motor Group,Harbor Subaru Tidewater,Car Gurus,internet,72,3,2,1,8561,1786
2025-09,Harbor Motor Group,Harbor Subaru Tidewater,Dealer Website,internet,199,26,14,12,86095,
2025-09,Harbor Motor Group,Harbor Subaru Tidewater,Lease Return,campaign,21,5,4,1,9502,
2025-09,Harbor Motor Group,Harbor Subaru Tidewater,Showroom,showroom,44,13,9,4,46036,
2025-09,Harbor Motor Group,Harbor Subaru Tidewater,Phone Up,phone,64,13,9,4,36939,
2025-09,Harbor Motor Group,Harbor Subaru Tidewater,Website Chat,chat,37,6,3,3,17290,423
2025-09,Harbor Motor Group,Harbor Subaru Tidewater,FB Marketplace,internet,39,1,1,0,2297,658
2025-09,Harbor Motor Group,Harbor Subaru Tidewater,True Car,internet,34,2,1,1,4514,1222
2025-09,Harbor Motor Group,Harbor Toyota Bayview,Autotrader,internet,337,25,14,11,63574,3990
2025-09,Harbor Motor Group,Harbor Toyota Bayview,Cars .com,internet,173,7,4,3,18975,2945
2025-09,Harbor Motor Group,Harbor Toyota Bayview,cargurus.com,internet,150,6,3,3,18144,3610
2025-09,Harbor Motor Group,Harbor Toyota Bayview,OEM Website,internet,400,43,24,19,139375,
2025-09,Harbor Motor Group,Harbor Toyota Bayview,Lease Return,campaign,37,11,8,3,18627,
2025-09,Harbor Motor Group,Harbor Toyota Bayview,Walk In,showroom,81,33,24,9,106801,
2025-09,Harbor Motor Group,Harbor Toyota Bayview,Inbound Phone,phone,138,19,14,5,51080,
2025-09,Harbor Motor Group,Harbor Toyota Bayview,Website Chat,chat,75,7,4,3,20052,855
2025-09,Harbor Motor Group,Harbor Toyota Bayview,Facebook Marketplace,internet,76,6,3,3,14099,1330
2025-09,Harbor Motor Group,Harbor Toyota Bayview,True Car,internet,60,4,2,2,11469,2470
2025-09,Summit Auto Group,Summit BMW,Autotrader,internet,267,18,10,8,81782,3486
2025-09,Summit Auto Group,Summit BMW,Cars .com,internet,138,14,8,6,63361,2573
2025-09,Summit Auto Group,Summit BMW,cargurus.com,internet,132,2,1,1,9967,3154
2025-09,Summit Auto Group,Summit BMW,Dealer Website,internet,304,43,24,19,245494,
2025-09,Summit Auto Group,Summit BMW,Lease Return,campaign,29,8,6,2,24065,
2025-09,Summit Auto Group,Summit BMW,Walk-In,showroom,78,24,17,7,156325,
2025-09,Summit Auto Group,Summit BMW,Inbound Phone,phone,116,21,15,6,96810,
2025-09,Summit Auto Group,Summit BMW,Chat,chat,64,4,2,2,16484,747
2025-09,Summit Auto Group,Summit BMW,Facebook,internet,69,2,1,1,7627,1162
2025-09,Summit Auto Group,Summit BMW,TrueCar,internet,49,0,0,0,0,2158
2025-09,Summit Auto Group,Summit Chevrolet Glenpark,ATC,internet,238,23,13,10,70180,3276
2025-09,Summit Auto Group,Summit Chevrolet Glenpark,Cars .com,internet,147,9,5,4,30862,2418
2025-09,Summit Auto Group,Summit Chevrolet Glenpark,cargurus.com,internet,109,8,4,4,20507,2964
2025-09,Summit Auto Group,Summit Chevrolet Glenpark,Dealer Website,internet,349,38,21,17,139782,
2025-09,Summit Auto Group,Summit Chevrolet Glenpark,Lease Return,campaign,27,12,9,3,17811,
2025-09,Summit Auto Group,Summit Chevrolet Glenpark,Walk In,showroom,83,29,21,8,97571,
2025-09,Summit Auto Group,Summit Chevrolet Glenpark,Inbound Phone,phone,105,14,10,4,48229,
2025-09,Summit Auto Group,Summit Chevrolet Glenpark,Chat,chat,67,5,3,2,14944,702
2025-09,Summit Auto Group,Summit Chevrolet Glenpark,FB Marketplace,internet,60,2,1,1,3862,1092
2025-09,Summit Auto Group,Summit Chevrolet Glenpark,TrueCar,internet,44,1,1,0,2795,2028
2025-09,Summit Auto Group,Summit Ford Rivera,ATC,internet,336,30,16,14,86084,3864
2025-09,Summit Auto Group,Summit Ford Rivera,Cars.com,internet,188,17,9,8,48367,2852
2025-09,Summit Auto Group,Summit Ford Rivera,cargurus.com,internet,138,10,6,4,23818,3496
2025-09,Summit Auto Group,Summit Ford Rivera,Website,internet,432,52,29,23,186548,
2025-09,Summit Auto Group,Summit Ford Rivera,Lease Retention,campaign,34,10,7,3,16741,
2025-09,Summit Auto Group,Summit Ford Rivera,Showroom,showroom,88,29,21,8,102403,
2025-09,Summit Auto Group,Summit Ford Rivera,Inbound Phone,phone,145,26,19,7,82470,
2025-09,Summit Auto Group,Summit Ford Rivera,Live Chat,chat,75,5,3,2,13598,828
2025-09,Summit Auto Group,Summit Ford Rivera,Facebook,internet,73,6,3,3,12520,1288
2025-09,Summit Auto Group,Summit Ford Rivera,TrueCar,internet,51,4,2,2,9025,2392
2025-09,Summit Auto Group,Summit Honda Westland,auto trader,internet,277,16,9,7,42026,3612
2025-09,Summit Auto Group,Summit Honda Westland,Cars.com,internet,174,14,8,6,44356,2666
2025-09,Summit Auto Group,Summit Honda Westland,CarGurus,internet,138,8,4,4,25118,3268
2025-09,Summit Auto Group,Summit Honda Westland,Dealer Website,internet,353,39,21,18,142692,
2025-09,Summit Auto Group,Summit Honda Westland,Lease Return,campaign,38,10,7,3,18622,
2025-09,Summit Auto Group,Summit Honda Westland,Walk In,showroom,82,36,26,10,143248,
2025-09,Summit Auto Group,Summit Honda Westland,Inbound Calls,phone,130,30,22,8,80496,
2025-09,Summit Auto Group,Summit Honda Westland,Website Chat,chat,64,7,4,3,20494,774
2025-09,Summit Auto Group,Summit Honda Westland,Facebook,internet,80,5,3,2,12502,1204
2025-09,Summit Auto Group,Summit Honda Westland,True Car,internet,57,4,2,2,9714,2236
2025-09,Summit Auto Group,Summit Hyundai Oakhurst,Lease Return,campaign,21,7,5,2,11813,
2025-09,Summit Auto Group,Summit Hyundai Oakhurst,Showroom,showroom,234,78,46,32,228488,
2025-09,Summit Auto Group,Summit Hyundai Oakhurst,Inbound Calls,phone,79,13,9,4,35994,
2025-09,Summit Auto Group,Summit Hyundai Oakhurst,Live Chat,chat,47,4,2,2,10583,522
2025-09,Summit Auto Group,Summit Jeep Ram Clearwater,AutoTrader.com,internet,257,17,9,8,53370,2982
2025-09,Summit Auto Group,Summit Jeep Ram Clearwater,Cars .com,internet,117,14,8,6,43419,2201
2025-09,Summit Auto Group,Summit Jeep Ram Clearwater,Car Gurus,internet,99,7,4,3,22182,2698
2025-09,Summit Auto Group,Summit Jeep Ram Clearwater,Website,internet,277,42,23,19,161901,
2025-09,Summit Auto Group,Summit Jeep Ram Clearwater,Lease Return,campaign,27,13,9,4,24129,
2025-09,Summit Auto Group,Summit Jeep Ram Clearwater,Walk In,showroom,63,28,20,8,86747,
2025-09,Summit Auto Group,Summit Jeep Ram Clearwater,Inbound Calls,phone,96,24,17,7,81235,
2025-09,Summit Auto Group,Summit Jeep Ram Clearwater,Live Chat,chat,60,5,3,2,11846,639
2025-09,Summit Auto Group,Summit Jeep Ram Clearwater,Facebook,internet,56,5,3,2,11312,994
2025-09,Summit Auto Group,Summit Jeep Ram Clearwater,True Car,internet,41,4,2,2,9458,1846
2025-09,Summit Auto Group,Summit Kia Brookfield,AutoTrader.com,internet,181,18,10,8,56988,2310
2025-09,Summit Auto Group,Summit Kia Brookfield,CARS,internet,97,6,3,3,20699,1705
2025-09,Summit Auto Group,Summit Kia Brookfield,Car Gurus,internet,88,8,4,4,25127,2090
2025-09,Summit Auto Group,Summit Kia Brookfield,OEM Website,internet,256,29,16,13,91674,
2025-09,Summit Auto Group,Summit Kia Brookfield,Lease Return,campaign,26,8,6,2,15482,
2025-09,Summit Auto Group,Summit Kia Brookfield,Showroom,showroom,47,13,9,4,46754,
2025-09,Summit Auto Group,Summit Kia Brookfield,Inbound Calls,phone,85,11,8,3,32315,
2025-09,Summit Auto Group,Summit Kia Brookfield,Live Chat,chat,53,6,3,3,15293,495
2025-09,Summit Auto Group,Summit Kia Brookfield,Facebook,internet,50,4,2,2,8375,770
2025-09,Summit Auto Group,Summit Kia Brookfield,True Car,internet,36,2,1,1,4571,1430
2025-09,Summit Auto Group,Summit Mazda Lakeside,AutoTrader.com,internet,123,8,4,4,24924,1848
2025-09,Summit Auto Group,Summit Mazda Lakeside,Cars.com,internet,91,8,4,4,22972,1364
2025-09,Summit Auto Group,Summit Mazda Lakeside,CarGurus,internet,62,1,1,0,2820,1672
2025-09,Summit Auto Group,Summit Mazda Lakeside,Dealer Website,internet,205,28,15,13,94694,
2025-09,Summit Auto Group,Summit Mazda Lakeside,Lease Return,campaign,18,2,1,1,3543,
2025-09,Summit Auto Group,Summit Mazda Lakeside,Walk In,showroom,42,15,11,4,57616,
2025-09,Summit Auto Group,Summit Mazda Lakeside,Phone Up,phone,52,10,7,3,33028,
2025-09,Summit Auto Group,Summit Mazda Lakeside,Website Chat,chat,35,4,2,2,11612,396
2025-09,Summit Auto Group,Summit Mazda Lakeside,Facebook,internet,47,4,2,2,7564,616
2025-09,Summit Auto Group,Summit Mazda Lakeside,True Car,internet,27,1,1,0,2839,1144
2025-09,Summit Auto Group,Summit Nissan Ridgemont,auto trader,internet,215,12,7,5,34134,2688
2025-09,Summit Auto Group,Summit Nissan Ridgemont,CARS,internet,109,10,6,4,28327,1984
2025-09,Summit Auto Group,Summit Nissan Ridgemont,CarGurus,internet,90,2,1,1,5472,2432
2025-09,Summit Auto Group,Summit Nissan Ridgemont,Dealer Website,internet,256,37,20,17,118823,
2025-09,Summit Auto Group,Summit Nissan Ridgemont,Lease Retention,campaign,25,8,6,2,13196,
2025-09,Summit Auto Group,Summit Nissan Ridgemont,Walk-In,showroom,61,21,15,6,79792,
2025-09,Summit Auto Group,Summit Nissan Ridgemont,Inbound Calls,phone,92,19,14,5,52455,
2025-09,Summit Auto Group,Summit Nissan Ridgemont,Live Chat,chat,53,5,3,2,13428,576
2025-09,Summit Auto Group,Summit Nissan Ridgemont,Facebook,internet,59,4,2,2,8765,896
2025-09,Summit Auto Group,Summit Nissan Ridgemont,TrueCar,internet,40,0,0,0,0,1664
2025-09,Summit Auto Group,Summit Subaru Northgate,Autotrader,internet,166,12,7,5,32830,2058
2025-09,Summit Auto Group,Summit Subaru Northgate,CARS,internet,98,7,4,3,19634,1519
2025-09,Summit Auto Group,Summit Subaru Northgate,CarGurus,internet,62,4,2,2,10318,1862
2025-09,Summit Auto Group,Summit Subaru Northgate,OEM Website,internet,177,23,13,10,84042,
2025-09,Summit Auto Group,Summit Subaru Northgate,Lease Return,campaign,17,5,4,1,9419,
2025-09,Summit Auto Group,Summit Subaru Northgate,Walk-In,showroom,52,20,14,6,80642,
2025-09,Summit Auto Group,Summit Subaru Northgate,Phone Up,phone,70,14,10,4,46286,
2025-09,Summit Auto Group,Summit Subaru Northgate,Website Chat,chat,47,2,1,1,5968,441
2025-09,Summit Auto Group,Summit Subaru Northgate,Facebook Marketplace,internet,51,4,2,2,10088,686
2025-09,Summit Auto Group,Summit Subaru Northgate,True Car,internet,34,0,0,0,0,1274
2025-09,Summit Auto Group,Summit Toyota of Fairview,auto trader,internet,342,8,4,4,20950,4200
2025-09,Summit Auto Group,Summit Toyota of Fairview,CARS,internet,205,21,12,9,58640,3100
2025-09,Summit Auto Group,Summit Toyota of Fairview,Car Gurus,internet,147,7,4,3,21827,3800
2025-09,Summit Auto Group,Summit Toyota of Fairview,Dealer Website,internet,389,38,21,17,115845,
2025-09,Summit Auto Group,Summit Toyota of Fairview,Lease Retention,campaign,45,12,9,3,21263,
2025-09,Summit Auto Group,Summit Toyota of Fairview,Showroom,showroom,88,30,22,8,93378,
2025-09,Summit Auto Group,Summit Toyota of Fairview,Inbound Calls,phone,157,28,20,8,98557,
2025-09,Summit Auto Group,Summit Toyota of Fairview,Chat,chat,100,9,5,4,23887,900
2025-09,Summit Auto Group,Summit Toyota of Fairview,FB Marketplace,internet,100,4,2,2,9981,1400
2025-09,Summit Auto Group,Summit Toyota of Fairview,True Car,internet,59,8,4,4,18516,2600
2025-09,Summit Auto Group,Summit Volkswagen Eastdale,auto trader,internet,131,10,6,4,33036,1680
2025-09,Summit Auto Group,Summit Volkswagen Eastdale,Cars .com,internet,70,8,4,4,27074,1240
2025-09,Summit Auto Group,Summit Volkswagen Eastdale,Car Gurus,internet,65,1,1,0,3120,1520
2025-09,Summit Auto Group,Summit Volkswagen Eastdale,Dealer Website,internet,181,22,12,10,85599,
2025-09,Summit Auto Group,Summit Volkswagen Eastdale,Lease Retention,campaign,15,3,2,1,4415,
2025-09,Summit Auto Group,Summit Volkswagen Eastdale,Walk-In,showroom,37,14,10,4,52008,
2025-09,Summit Auto Group,Summit Volkswagen Eastdale,Phone Up,phone,54,11,8,3,31387,
2025-09,Summit Auto Group,Summit Volkswagen Eastdale,Chat,chat,32,3,2,1,8640,360
2025-09,Summit Auto Group,Summit Volkswagen Eastdale,Facebook,internet,29,1,1,0,2151,560
2025-09,Summit Auto Group,Summit Volkswagen Eastdale,True Car,internet,29,2,1,1,4343,1040
2025-10,Harbor Motor Group,Harbor BMW,auto trader,internet,262,17,9,8,75842,3276
2025-10,Harbor Motor Group,Harbor BMW,Cars.com,internet,155,18,10,8,95815,2418
2025-10,Harbor Motor Group,Harbor BMW,Car Gurus,internet,113,10,6,4,41941,2964
2025-10,Harbor Motor Group,Harbor BMW,Dealer Website,internet,319,28,15,13,142482,
2025-10,Harbor Motor Group,Harbor BMW,Lease Retention,campaign,33,9,6,3,25650,
2025-10,Harbor Motor Group,Harbor BMW,Walk In,showroom,71,24,17,7,135096,
2025-10,Harbor Motor Group,Harbor BMW,Phone Up,phone,122,26,19,7,126848,
2025-10,Harbor Motor Group,Harbor BMW,Website Chat,chat,74,4,2,2,14223,702
2025-10,Harbor Motor Group,Harbor BMW,Facebook Marketplace,internet,68,1,1,0,3822,1092
2025-10,Harbor Motor Group,Harbor BMW,True Car,internet,55,4,2,2,14615,2028
2025-10,Harbor Motor Group,Harbor Chevrolet Marina,auto trader,internet,256,16,9,7,44706,2940
2025-10,Harbor Motor Group,Harbor Chevrolet Marina,Cars.com,internet,119,6,3,3,20025,2170
2025-10,Harbor Motor Group,Harbor Chevrolet Marina,Car Gurus,internet,95,5,3,2,15287,2660
2025-10,Harbor Motor Group,Harbor Chevrolet Marina,OEM Website,internet,329,40,22,18,120733,
2025-10,Harbor Motor Group,Harbor Chevrolet Marina,Lease Retention,campaign,23,8,6,2,12913,
2025-10,Harbor Motor Group,Harbor Chevrolet Marina,Walk-In,showroom,65,21,15,6,74279,
2025-10,Harbor Motor Group,Harbor Chevrolet Marina,Inbound Calls,phone,90,20,14,6,67779,
2025-10,Harbor Motor Group,Harbor Chevrolet Marina,Live Chat,chat,57,4,2,2,8869,630
2025-10,Harbor Motor Group,Harbor Chevrolet Marina,FB Marketplace,internet,60,5,3,2,10705,979
2025-10,Harbor Motor Group,Harbor Chevrolet Marina,True Car,internet,37,0,0,0,0,1819
2025-10,Harbor Motor Group,Harbor Ford Portside,auto trader,internet,280,16,9,7,48874,3696
2025-10,Harbor Motor Group,Harbor Ford Portside,Cars .com,internet,154,15,8,7,51285,2728
2025-10,Harbor Motor Group,Harbor Ford Portside,CarGurus,internet,113,8,4,4,22714,3344
2025-10,Harbor Motor Group,Harbor Ford Portside,OEM Website,internet,359,39,21,18,127640,
2025-10,Harbor Motor Group,Harbor Ford Portside,Lease Return,campaign,36,13,9,4,18882,
2025-10,Harbor Motor Group,Harbor Ford Portside,Showroom,showroom,80,29,21,8,89654,
2025-10,Harbor Motor Group,Harbor Ford Portside,Inbound Calls,phone,141,33,24,9,93435,
2025-10,Harbor Motor Group,Harbor Ford Portside,Live Chat,chat,77,7,4,3,19651,792
2025-10,Harbor Motor Group,Harbor Ford Portside,Facebook Marketplace,internet,86,4,2,2,8566,1232
2025-10,Harbor Motor Group,Harbor Ford Portside,TrueCar,internet,61,6,3,3,15307,2288
2025-10,Harbor Motor Group,Harbor Honda Seaside,ATC,internet,260,16,9,7,43455,3360
2025-10,Harbor Motor Group,Harbor Honda Seaside,Cars .com,internet,156,12,7,5,40922,2480
2025-10,Harbor Motor Group,Harbor Honda Seaside,CarGurus,internet,93,7,4,3,17713,3040
2025-10,Harbor Motor Group,Harbor Honda Seaside,Dealer Website,internet,319,38,21,17,116577,
2025-10,Harbor Motor Group,Harbor Honda Seaside,Lease Retention,campaign,30,10,7,3,19052,
2025-10,Harbor Motor Group,Harbor Honda Seaside,Showroom,showroom,75,39,28,11,155261,
2025-10,Harbor Motor Group,Harbor Honda Seaside,Phone Up,phone,99,18,13,5,63265,
2025-10,Harbor Motor Group,Harbor Honda Seaside,Live Chat,chat,66,5,3,2,11175,720
2025-10,Harbor Motor Group,Harbor Honda Seaside,Facebook,internet,76,5,3,2,10039,1120
2025-10,Harbor Motor Group,Harbor Honda Seaside,TrueCar,internet,51,7,4,3,19411,2080
2025-10,Harbor Motor Group,Harbor Jeep Ram Anchor,AutoTrader.com,internet,241,19,10,9,54837,2772
2025-10,Harbor Motor Group,Harbor Jeep Ram Anchor,Cars .com,internet,140,11,6,5,32468,2046
2025-10,Harbor Motor Group,Harbor Jeep Ram Anchor,cargurus.com,internet,84,5,3,2,12514,2508
2025-10,Harbor Motor Group,Harbor Jeep Ram Anchor,OEM Website,internet,278,36,20,16,125003,
2025-10,Harbor Motor Group,Harbor Jeep Ram Anchor,Lease Retention,campaign,25,9,6,3,13567,
2025-10,Harbor Motor Group,Harbor Jeep Ram Anchor,Walk-In,showroom,66,19,14,5,66343,
2025-10,Harbor Motor Group,Harbor Jeep Ram Anchor,Phone Up,phone,81,12,9,3,40513,
2025-10,Harbor Motor Group,Harbor Jeep Ram Anchor,Chat,chat,60,3,2,1,7836,594
2025-10,Harbor Motor Group,Harbor Jeep Ram Anchor,Facebook,internet,58,2,1,1,4322,924
2025-10,Harbor Motor Group,Harbor Jeep Ram Anchor,TrueCar,internet,42,2,1,1,5020,1716
2025-10,Harbor Motor Group,Harbor Kia Lighthouse,ATC,internet,178,20,11,9,63048,2184
2025-10,Harbor Motor Group,Harbor Kia Lighthouse,CARS,internet,89,7,4,3,22380,1612
2025-10,Harbor Motor Group,Harbor Kia Lighthouse,CarGurus,internet,65,3,2,1,7881,1976
2025-10,Harbor Motor Group,Harbor Kia Lighthouse,Dealer Website,internet,206,22,12,10,80373,
2025-10,Harbor Motor Group,Harbor Kia Lighthouse,Lease Retention,campaign,21,7,5,2,10340,
2025-10,Harbor Motor Group,Harbor Kia Lighthouse,Walk In,showroom,48,18,13,5,69810,
2025-10,Harbor Motor Group,Harbor Kia Lighthouse,Inbound Calls,phone,71,14,10,4,45169,
2025-10,Harbor Motor Group,Harbor Kia Lighthouse,Website Chat,chat,47,9,5,4,26052,468
2025-10,Harbor Motor Group,Harbor Kia Lighthouse,Facebook,internet,55,2,1,1,4218,728
2025-10,Harbor Motor Group,Harbor Kia Lighthouse,True Car,internet,34,3,2,1,7656,1352
2025-10,Harbor Motor Group,Harbor Subaru Tidewater,auto trader,internet,171,8,4,4,26205,1974
2025-10,Harbor Motor Group,Harbor Subaru Tidewater,Cars .com,internet,95,5,3,2,16037,1457
2025-10,Harbor Motor Group,Harbor Subaru Tidewater,Car Gurus,internet,56,2,1,1,4993,1786
2025-10,Harbor Motor Group,Harbor Subaru Tidewater,Dealer Website,internet,221,29,16,13,111990,
2025-10,Harbor Motor Group,Harbor Subaru Tidewater,Lease Return,campaign,17,4,3,1,5870,
2025-10,Harbor Motor Group,Harbor Subaru Tidewater,Showroom,showroom,38,12,9,3,42951,
2025-10,Harbor Motor Group,Harbor Subaru Tidewater,Phone Up,phone,60,11,8,3,34241,
2025-10,Harbor Motor Group,Harbor Subaru Tidewater,Website Chat,chat,46,6,3,3,16425,423
2025-10,Harbor Motor Group,Harbor Subaru Tidewater,FB Marketplace,internet,35,2,1,1,4154,658
2025-10,Harbor Motor Group,Harbor Subaru Tidewater,True Car,internet,32,3,2,1,6881,1222
2025-10,Harbor Motor Group,Harbor Toyota Bayview,Autotrader,internet,314,12,7,5,34846,3990
2025-10,Harbor Motor Group,Harbor Toyota Bayview,Cars .com,internet,174,15,8,7,50031,2945
2025-10,Harbor Motor Group,Harbor Toyota Bayview,cargurus.com,internet,126,11,6,5,31563,3610
2025-10,Harbor Motor Group,Harbor Toyota Bayview,OEM Website,internet,381,51,28,23,197622,
2025-10,Harbor Motor Group,Harbor Toyota Bayview,Lease Return,campaign,42,18,13,5,32681,
2025-10,Harbor Motor Group,Harbor Toyota Bayview,Walk In,showroom,91,30,22,8,105701,
2025-10,Harbor Motor Group,Harbor Toyota Bayview,Inbound Phone,phone,114,20,14,6,71324,
2025-10,Harbor Motor Group,Harbor Toyota Bayview,Website Chat,chat,71,5,3,2,13740,855
2025-10,Harbor Motor Group,Harbor Toyota Bayview,Facebook Marketplace,internet,81,1,1,0,2392,1330
2025-10,Harbor Motor Group,Harbor Toyota Bayview,True Car,internet,55,2,1,1,5192,2470
2025-10,Summit Auto Group,Summit BMW,Autotrader,internet,304,13,7,6,53460,3486
2025-10,Summit Auto Group,Summit BMW,Cars .com,internet,152,11,6,5,61215,2573
2025-10,Summit Auto Group,Summit BMW,cargurus.com,internet,127,11,6,5,54897,3154
2025-10,Summit Auto Group,Summit BMW,Dealer Website,internet,350,48,26,22,291660,
2025-10,Summit Auto Group,Summit BMW,Lease Return,campaign,29,12,9,3,29928,
2025-10,Summit Auto Group,Summit BMW,Walk-In,showroom,68,20,14,6,115535,
2025-10,Summit Auto Group,Summit BMW,Inbound Phone,phone,113,28,20,8,147438,
2025-10,Summit Auto Group,Summit BMW,Chat,chat,63,3,2,1,12257,747
2025-10,Summit Auto Group,Summit BMW,Facebook,internet,81,0,0,0,0,1162
2025-10,Summit Auto Group,Summit BMW,TrueCar,internet,54,5,3,2,18865,2158
2025-10,Summit Auto Group,Summit Chevrolet Glenpark,ATC,internet,242,15,8,7,48180,3276
2025-10,Summit Auto Group,Summit Chevrolet Glenpark,Cars .com,internet,168,12,7,5,32494,2418
2025-10,Summit Auto Group,Summit Chevrolet Glenpark,cargurus.com,internet,119,8,4,4,19838,2964
2025-10,Summit Auto Group,Summit Chevrolet Glenpark,Dealer Website,internet,339,45,25,20,171420,
2025-10,Summit Auto Group,Summit Chevrolet Glenpark,Lease Return,campaign,29,10,7,3,19069,
2025-10,Summit Auto Group,Summit Chevrolet Glenpark,Walk In,showroom,65,24,17,7,78240,
2025-10,Summit Auto Group,Summit Chevrolet Glenpark,Inbound Phone,phone,122,19,14,5,64927,
2025-10,Summit Auto Group,Summit Chevrolet Glenpark,Chat,chat,66,3,2,1,7515,702
2025-10,Summit Auto Group,Summit Chevrolet Glenpark,FB Marketplace,internet,64,7,4,3,14138,1092
2025-10,Summit Auto Group,Summit Chevrolet Glenpark,TrueCar,internet,41,5,3,2,13081,2028
2025-10,Summit Auto Group,Summit Ford Rivera,ATC,internet,293,18,10,8,55970,3864
2025-10,Summit Auto Group,Summit Ford Rivera,Cars.com,internet,177,18,10,8,60347,2852
2025-10,Summit Auto Group,Summit Ford Rivera,cargurus.com,internet,130,11,6,5,28193,3496
2025-10,Summit Auto Group,Summit Ford Rivera,Website,internet,406,39,21,18,149624,
2025-10,Summit Auto Group,Summit Ford Rivera,Lease Retention,campaign,41,11,8,3,20956,
2025-10,Summit Auto Group,Summit Ford Rivera,Showroom,showroom,96,30,22,8,104717,
2025-10,Summit Auto Group,Summit Ford Rivera,Inbound Phone,phone,131,28,20,8,80159,
2025-10,Summit Auto Group,Summit Ford Rivera,Live Chat,chat,90,6,3,3,14569,828
2025-10,Summit Auto Group,Summit Ford Rivera,Facebook,internet,82,4,2,2,7991,1288
2025-10,Summit Auto Group,Summit Ford Rivera,TrueCar,internet,59,3,2,1,6939,2392
2025-10,Summit Auto Group,Summit Honda Westland,auto trader,internet,295,19,10,9,48075,3612
2025-10,Summit Auto Group,Summit Honda Westland,Cars.com,internet,153,21,12,9,60968,2666
2025-10,Summit Auto Group,Summit Honda Westland,CarGurus,internet,121,8,4,4,20378,3268
2025-10,Summit Auto Group,Summit Honda Westland,Dealer Website,internet,375,47,26,21,139205,
2025-10,Summit Auto Group,Summit Honda Westland,Lease Return,campaign,39,10,7,3,16394,
2025-10,Summit Auto Group,Summit Honda Westland,Walk In,showroom,77,30,22,8,102610,
2025-10,Summit Auto Group,Summit Honda Westland,Inbound Calls,phone,123,21,15,6,69376,
2025-10,Summit Auto Group,Summit Honda Westland,Website Chat,chat,73,3,2,1,6935,774
2025-10,Summit Auto Group,Summit Honda Westland,Facebook,internet,91,4,2,2,8044,1204
2025-10,Summit Auto Group,Summit Honda Westland,True Car,internet,52,3,2,1,7774,2236
2025-10,Summit Auto Group,Summit Hyundai Oakhurst,Lease Return,campaign,26,9,6,3,15308,
2025-10,Summit Auto Group,Summit Hyundai Oakhurst,Showroom,showroom,208,71,42,29,230095,
2025-10,Summit Auto Group,Summit Hyundai Oakhurst,Inbound Calls,phone,81,18,13,5,58922,
2025-10,Summit Auto Group,Summit Hyundai Oakhurst,Live Chat,chat,55,3,2,1,7399,522
2025-10,Summit Auto Group,Summit Jeep Ram Clearwater,AutoTrader.com,internet,205,20,11,9,65971,2982
2025-10,Summit Auto Group,Summit Jeep Ram Clearwater,Cars .com,internet,144,16,9,7,41897,2201
2025-10,Summit Auto Group,Summit Jeep Ram Clearwater,Car Gurus,internet,92,5,3,2,13810,2698
2025-10,Summit Auto Group,Summit Jeep Ram Clearwater,Website,internet,285,26,14,12,92659,
2025-10,Summit Auto Group,Summit Jeep Ram Clearwater,Lease Return,campaign,26,6,4,2,9875,
2025-10,Summit Auto Group,Summit Jeep Ram Clearwater,Walk In,showroom,68,29,21,8,93437,
2025-10,Summit Auto Group,Summit Jeep Ram Clearwater,Inbound Calls,phone,103,19,14,5,53369,
2025-10,Summit Auto Group,Summit Jeep Ram Clearwater,Live Chat,chat,70,7,4,3,20828,639
2025-10,Summit Auto Group,Summit Jeep Ram Clearwater,Facebook,internet,73,4,2,2,8961,994
2025-10,Summit Auto Group,Summit Jeep Ram Clearwater,True Car,internet,40,2,1,1,4759,1846
2025-10,Summit Auto Group,Summit Kia Brookfield,AutoTrader.com,internet,191,14,8,6,38290,2310
2025-10,Summit Auto Group,Summit Kia Brookfield,CARS,internet,108,9,5,4,29968,1705
2025-10,Summit Auto Group,Summit Kia Brookfield,Car Gurus,internet,83,5,3,2,14877,2090
2025-10,Summit Auto Group,Summit Kia Brookfield,OEM Website,internet,258,35,19,16,104571,
2025-10,Summit Auto Group,Summit Kia Brookfield,Lease Return,campaign,22,4,3,1,5832,
2025-10,Summit Auto Group,Summit Kia Brookfield,Showroom,showroom,59,17,12,5,55750,
2025-10,Summit Auto Group,Summit Kia Brookfield,Inbound Calls,phone,74,13,9,4,37920,
2025-10,Summit Auto Group,Summit Kia Brookfield,Live Chat,chat,48,5,3,2,11375,495
2025-10,Summit Auto Group,Summit Kia Brookfield,Facebook,internet,41,1,1,0,2066,770
2025-10,Summit Auto Group,Summit Kia Brookfield,True Car,internet,33,2,1,1,4259,1430
2025-10,Summit Auto Group,Summit Mazda Lakeside,AutoTrader.com,internet,133,13,7,6,37334,1848
2025-10,Summit Auto Group,Summit Mazda Lakeside,Cars.com,internet,84,5,3,2,13787,1364
2025-10,Summit Auto Group,Summit Mazda Lakeside,CarGurus,internet,58,2,1,1,6131,1672
2025-10,Summit Auto Group,Summit Mazda Lakeside,Dealer Website,internet,202,20,11,9,58575,
2025-10,Summit Auto Group,Summit Mazda Lakeside,Lease Return,campaign,18,4,3,1,7492,
2025-10,Summit Auto Group,Summit Mazda Lakeside,Walk In,showroom,40,10,7,3,36830,
2025-10,Summit Auto Group,Summit Mazda Lakeside,Phone Up,phone,61,15,11,4,53238,
2025-10,Summit Auto Group,Summit Mazda Lakeside,Website Chat,chat,35,4,2,2,9127,396
2025-10,Summit Auto Group,Summit Mazda Lakeside,Facebook,internet,40,1,1,0,1911,616
2025-10,Summit Auto Group,Summit Mazda Lakeside,True Car,internet,26,2,1,1,5188,1144
2025-10,Summit Auto Group,Summit Nissan Ridgemont,auto trader,internet,190,10,6,4,26525,2688
2025-10,Summit Auto Group,Summit Nissan Ridgemont,CARS,internet,121,8,4,4,21988,1984
2025-10,Summit Auto Group,Summit Nissan Ridgemont,CarGurus,internet,91,3,2,1,8641,2432
2025-10,Summit Auto Group,Summit Nissan Ridgemont,Dealer Website,internet,235,28,15,13,81841,
2025-10,Summit Auto Group,Summit Nissan Ridgemont,Lease Retention,campaign,24,5,4,1,9226,
2025-10,Summit Auto Group,Summit Nissan Ridgemont,Walk-In,showroom,68,22,16,6,80130,
2025-10,Summit Auto Group,Summit Nissan Ridgemont,Inbound Calls,phone,102,17,12,5,54513,
2025-10,Summit Auto Group,Summit Nissan Ridgemont,Live Chat,chat,53,4,2,2,11782,576
2025-10,Summit Auto Group,Summit Nissan Ridgemont,Facebook,internet,60,6,3,3,15118,896
2025-10,Summit Auto Group,Summit Nissan Ridgemont,TrueCar,internet,38,2,1,1,5717,1664
2025-10,Summit Auto Group,Summit Subaru Northgate,Autotrader,internet,134,13,7,6,40199,2058
2025-10,Summit Auto Group,Summit Subaru Northgate,CARS,internet,105,10,6,4,30461,1519
2025-10,Summit Auto Group,Summit Subaru Northgate,CarGurus,internet,75,5,3,2,13260,1862
2025-10,Summit Auto Group,Summit Subaru Northgate,OEM Website,internet,175,26,14,12,85740,
2025-10,Summit Auto Group,Summit Subaru Northgate,Lease Return,campaign,20,7,5,2,11880,
2025-10,Summit Auto Group,Summit Subaru Northgate,Walk-In,showroom,51,27,19,8,91057,
2025-10,Summit Auto Group,Summit Subaru Northgate,Phone Up,phone,60,14,10,4,50496,
2025-10,Summit Auto Group,Summit Subaru Northgate,Website Chat,chat,44,4,2,2,9400,441
2025-10,Summit Auto Group,Summit Subaru Northgate,Facebook Marketplace,internet,50,2,1,1,5054,686
2025-10,Summit Auto Group,Summit Subaru Northgate,True Car,internet,29,4,2,2,10755,1274
2025-10,Summit Auto Group,Summit Toyota of Fairview,auto trader,internet,288,21,12,9,55402,4200
2025-10,Summit Auto Group,Summit Toyota of Fairview,CARS,internet,170,10,6,4,30041,3100
2025-10,Summit Auto Group,Summit Toyota of Fairview,Car Gurus,internet,147,6,3,3,15805,3800
2025-10,Summit Auto Group,Summit Toyota of Fairview,Dealer Website,internet,420,45,25,20,138939,
2025-10,Summit Auto Group,Summit Toyota of Fairview,Lease Retention,campaign,34,11,8,3,18242,
2025-10,Summit Auto Group,Summit Toyota of Fairview,Showroom,showroom,105,36,26,10,126646,
2025-10,Summit Auto Group,Summit Toyota of Fairview,Inbound Calls,phone,130,28,20,8,100544,
2025-10,Summit Auto Group,Summit Toyota of Fairview,Chat,chat,97,3,2,1,7813,900
2025-10,Summit Auto Group,Summit Toyota of Fairview,FB Marketplace,internet,103,7,4,3,16260,1400
2025-10,Summit Auto Group,Summit Toyota of Fairview,True Car,internet,70,4,2,2,9337,2600
2025-10,Summit Auto Group,Summit Volkswagen Eastdale,auto trader,internet,126,6,3,3,18756,1680
2025-10,Summit Auto Group,Summit Volkswagen Eastdale,Cars .com,internet,82,9,5,4,29360,1240
2025-10,Summit Auto Group,Summit Volkswagen Eastdale,Car Gurus,internet,55,1,1,0,2620,1520
2025-10,Summit Auto Group,Summit Volkswagen Eastdale,Dealer Website,internet,164,20,11,9,74578,
2025-10,Summit Auto Group,Summit Volkswagen Eastdale,Lease Retention,campaign,17,5,4,1,7389,
2025-10,Summit Auto Group,Summit Volkswagen Eastdale,Walk-In,showroom,36,13,9,4,45729,
2025-10,Summit Auto Group,Summit Volkswagen Eastdale,Phone Up,phone,56,7,5,2,22696,
2025-10,Summit Auto Group,Summit Volkswagen Eastdale,Chat,chat,33,2,1,1,5832,360
2025-10,Summit Auto Group,Summit Volkswagen Eastdale,Facebook,internet,38,1,1,0,1986,560
2025-10,Summit Auto Group,Summit Volkswagen Eastdale,True Car,internet,23,3,2,1,6439,1040
2025-11,Harbor Motor Group,Harbor BMW,auto trader,internet,215,17,9,8,90568,3276
2025-11,Harbor Motor Group,Harbor BMW,Cars.com,internet,150,11,6,5,54818,2418
2025-11,Harbor Motor Group,Harbor BMW,Car Gurus,internet,98,5,3,2,22676,2964
2025-11,Harbor Motor Group,Harbor BMW,Dealer Website,internet,333,38,21,17,235829,
2025-11,Harbor Motor Group,Harbor BMW,Lease Retention,campaign,33,7,5,2,18935,
2025-11,Harbor Motor Group,Harbor BMW,Walk In,showroom,66,22,16,6,127758,
2025-11,Harbor Motor Group,Harbor BMW,Phone Up,phone,92,20,14,6,99202,
2025-11,Harbor Motor Group,Harbor BMW,Website Chat,chat,65,6,3,3,25982,702
2025-11,Harbor Motor Group,Harbor BMW,Facebook Marketplace,internet,57,5,3,2,19390,1092
2025-11,Harbor Motor Group,Harbor BMW,True Car,internet,40,2,1,1,7275,2028
2025-11,Harbor Motor Group,Harbor Chevrolet Marina,auto trader,internet,203,15,8,7,43795,2940
2025-11,Harbor Motor Group,Harbor Chevrolet Marina,Cars.com,internet,120,7,4,3,20457,2170
2025-11,Harbor Motor Group,Harbor Chevrolet Marina,Car Gurus,internet,87,7,4,3,21876,2660
2025-11,Harbor Motor Group,Harbor Chevrolet Marina,OEM Website,internet,289,24,13,11,82177,
2025-11,Harbor Motor Group,Harbor Chevrolet Marina,Lease Retention,campaign,29,8,6,2,13967,
2025-11,Harbor Motor Group,Harbor Chevrolet Marina,Walk-In,showroom,67,22,16,6,90693,
2025-11,Harbor Motor Group,Harbor Chevrolet Marina,Inbound Calls,phone,104,21,15,6,60362,
2025-11,Harbor Motor Group,Harbor Chevrolet Marina,Live Chat,chat,57,7,4,3,15611,630
2025-11,Harbor Motor Group,Harbor Chevrolet Marina,FB Marketplace,internet,74,5,3,2,10929,979
2025-11,Harbor Motor Group,Harbor Chevrolet Marina,True Car,internet,38,4,2,2,8755,1819
2025-11,Harbor Motor Group,Harbor Ford Portside,auto trader,internet,308,30,16,14,88313,3696
2025-11,Harbor Motor Group,Harbor Ford Portside,Cars .com,internet,166,20,11,9,58164,2728
2025-11,Harbor Motor Group,Harbor Ford Portside,CarGurus,internet,118,8,4,4,24528,3344
2025-11,Harbor Motor Group,Harbor Ford Portside,OEM Website,internet,393,37,20,17,115905,
2025-11,Harbor Motor Group,Harbor Ford Portside,Lease Return,campaign,36,12,9,3,21568,
2025-11,Harbor Motor Group,Harbor Ford Portside,Showroom,showroom,74,25,18,7,80099,
2025-11,Harbor Motor Group,Harbor Ford Portside,Inbound Calls,phone,119,26,19,7,85000,
2025-11,Harbor Motor Group,Harbor Ford Portside,Live Chat,chat,83,4,2,2,11177,792
2025-11,Harbor Motor Group,Harbor Ford Portside,Facebook Marketplace,internet,69,6,3,3,11888,1232
2025-11,Harbor Motor Group,Harbor Ford Portside,TrueCar,internet,56,5,3,2,14076,2288
2025-11,Harbor Motor Group,Harbor Honda Seaside,ATC,internet,235,11,6,5,35852,3360
2025-11,Harbor Motor Group,Harbor Honda Seaside,Cars .com,internet,136,14,8,6,46371,2480
2025-11,Harbor Motor Group,Harbor Honda Seaside,CarGurus,internet,104,7,4,3,19402,3040
2025-11,Harbor Motor Group,Harbor Honda Seaside,Dealer Website,internet,330,38,21,17,136292,
2025-11,Harbor Motor Group,Harbor Honda Seaside,Lease Retention,campaign,33,8,6,2,14202,
2025-11,Harbor Motor Group,Harbor Honda Seaside,Showroom,showroom,78,26,19,7,102513,
2025-11,Harbor Motor Group,Harbor Honda Seaside,Phone Up,phone,106,19,14,5,54048,
2025-11,Harbor Motor Group,Harbor Honda Seaside,Live Chat,chat,78,8,4,4,19735,720
2025-11,Harbor Motor Group,Harbor Honda Seaside,Facebook,internet,70,4,2,2,8911,1120
2025-11,Harbor Motor Group,Harbor Honda Seaside,TrueCar,internet,46,3,2,1,7527,2080
2025-11,Harbor Motor Group,Harbor Jeep Ram Anchor,AutoTrader.com,internet,183,7,4,3,21806,2772
2025-11,Harbor Motor Group,Harbor Jeep Ram Anchor,Cars .com,internet,107,13,7,6,44101,2046
2025-11,Harbor Motor Group,Harbor Jeep Ram Anchor,cargurus.com,internet,82,5,3,2,14484,2508
2025-11,Harbor Motor Group,Harbor Jeep Ram Anchor,OEM Website,internet,264,25,14,11,96371,
2025-11,Harbor Motor Group,Harbor Jeep Ram Anchor,Lease Retention,campaign,26,10,7,3,17491,
2025-11,Harbor Motor Group,Harbor Jeep Ram Anchor,Walk-In,showroom,56,16,12,4,63442,
2025-11,Harbor Motor Group,Harbor Jeep Ram Anchor,Phone Up,phone,78,12,9,3,41154,
2025-11,Harbor Motor Group,Harbor Jeep Ram Anchor,Chat,chat,60,7,4,3,19841,594
2025-11,Harbor Motor Group,Harbor Jeep Ram Anchor,Facebook,internet,55,1,1,0,1906,924
2025-11,Harbor Motor Group,Harbor Jeep Ram Anchor,TrueCar,internet,34,3,2,1,8022,1716
2025-11,Harbor Motor Group,Harbor Kia Lighthouse,ATC,internet,152,14,8,6,41976,2184
2025-11,Harbor Motor Group,Harbor Kia Lighthouse,CARS,internet,88,9,5,4,24884,1612
2025-11,Harbor Motor Group,Harbor Kia Lighthouse,CarGurus,internet,76,4,2,2,10660,1976
2025-11,Harbor Motor Group,Harbor Kia Lighthouse,Dealer Website,internet,239,27,15,12,87588,
2025-11,Harbor Motor Group,Harbor Kia Lighthouse,Lease Retention,campaign,20,6,4,2,9724,
2025-11,Harbor Motor Group,Harbor Kia Lighthouse,Walk In,showroom,51,20,14,6,62077,
2025-11,Harbor Motor Group,Harbor Kia Lighthouse,Inbound Calls,phone,75,25,18,7,72202,
2025-11,Harbor Motor Group,Harbor Kia Lighthouse,Website Chat,chat,48,3,2,1,7146,468
2025-11,Harbor Motor Group,Harbor Kia Lighthouse,Facebook,internet,42,3,2,1,5958,728
2025-11,Harbor Motor Group,Harbor Kia Lighthouse,True Car,internet,33,3,2,1,7321,1352
2025-11,Harbor Motor Group,Harbor Subaru Tidewater,auto trader,internet,157,7,4,3,23037,1974
2025-11,Harbor Motor Group,Harbor Subaru Tidewater,Cars .com,internet,76,7,4,3,22847,1457
2025-11,Harbor Motor Group,Harbor Subaru Tidewater,Car Gurus,internet,56,2,1,1,6388,1786
2025-11,Harbor Motor Group,Harbor Subaru Tidewater,Dealer Website,internet,172,21,12,9,66124,
2025-11,Harbor Motor Group,Harbor Subaru Tidewater,Lease Return,campaign,18,5,4,1,8272,
2025-11,Harbor Motor Group,Harbor Subaru Tidewater,Showroom,showroom,46,14,10,4,48874,
2025-11,Harbor Motor Group,Harbor Subaru Tidewater,Phone Up,phone,56,9,6,3,30081,
2025-11,Harbor Motor Group,Harbor Subaru Tidewater,Website Chat,chat,36,2,1,1,4528,423
2025-11,Harbor Motor Group,Harbor Subaru Tidewater,FB Marketplace,internet,42,1,1,0,1877,658
2025-11,Harbor Motor Group,Harbor Subaru Tidewater,True Car,internet,27,1,1,0,2753,1222
2025-11,Harbor Motor Group,Harbor Toyota Bayview,Autotrader,internet,302,22,12,10,67325,3990
2025-11,Harbor Motor Group,Harbor Toyota Bayview,Cars .com,internet,200,26,14,12,73164,2945
2025-11,Harbor Motor Group,Harbor Toyota Bayview,cargurus.com,internet,139,5,3,2,14540,3610
2025-11,Harbor Motor Group,Harbor Toyota Bayview,OEM Website,internet,338,33,18,15,125953,
2025-11,Harbor Motor Group,Harbor Toyota Bayview,Lease Return,campaign,40,8,6,2,12481,
2025-11,Harbor Motor Group,Harbor Toyota Bayview,Walk In,showroom,85,30,22,8,114714,
2025-11,Harbor Motor Group,Harbor Toyota Bayview,Inbound Phone,phone,148,20,14,6,66260,
2025-11,Harbor Motor Group,Harbor Toyota Bayview,Website Chat,chat,86,5,3,2,13623,855
2025-11,Harbor Motor Group,Harbor Toyota Bayview,Facebook Marketplace,internet,89,5,3,2,9745,1330
2025-11,Harbor Motor Group,Harbor Toyota Bayview,True Car,internet,64,5,3,2,14339,2470
2025-11,Summit Auto Group,Summit BMW,Autotrader,internet,256,14,8,6,66717,3486
2025-11,Summit Auto Group,Summit BMW,Cars .com,internet,134,16,9,7,86456,2573
2025-11,Summit Auto Group,Summit BMW,cargurus.com,internet,108,7,4,3,29278,3154
2025-11,Summit Auto Group,Summit BMW,Dealer Website,internet,357,36,20,16,196164,
2025-11,Summit Auto Group,Summit BMW,Lease Return,campaign,31,11,8,3,27032,
2025-11,Summit Auto Group,Summit BMW,Walk-In,showroom,74,27,19,8,159495,
2025-11,Summit Auto Group,Summit BMW,Inbound Phone,phone,127,26,19,7,142464,
2025-11,Summit Auto Group,Summit BMW,Chat,chat,71,4,2,2,19040,747
2025-11,Summit Auto Group,Summit BMW,Facebook,internet,80,2,1,1,7741,1162
2025-11,Summit Auto Group,Summit BMW,TrueCar,internet,45,6,3,3,20463,2158
2025-11,Summit Auto Group,Summit Chevrolet Glenpark,ATC,internet,242,19,10,9,62952,3276
2025-11,Summit Auto Group,Summit Chevrolet Glenpark,Cars .com,internet,145,7,4,3,20587,2418
2025-11,Summit Auto Group,Summit Chevrolet Glenpark,cargurus.com,internet,103,5,3,2,13489,2964
2025-11,Summit Auto Group,Summit Chevrolet Glenpark,Dealer Website,internet,316,34,19,15,103271,
2025-11,Summit Auto Group,Summit Chevrolet Glenpark,Lease Return,campaign,25,6,4,2,8995,
2025-11,Summit Auto Group,Summit Chevrolet Glenpark,Walk In,showroom,72,24,17,7,91125,
2025-11,Summit Auto Group,Summit Chevrolet Glenpark,Inbound Phone,phone,101,21,15,6,63708,
2025-11,Summit Auto Group,Summit Chevrolet Glenpark,Chat,chat,71,6,3,3,14021,702
2025-11,Summit Auto Group,Summit Chevrolet Glenpark,FB Marketplace,internet,79,3,2,1,5817,1092
2025-11,Summit Auto Group,Summit Chevrolet Glenpark,TrueCar,internet,41,2,1,1,5417,2028
2025-11,Summit Auto Group,Summit Ford Rivera,ATC,internet,279,23,13,10,57959,3864
2025-11,Summit Auto Group,Summit Ford Rivera,Cars.com,internet,180,9,5,4,28346,2852
2025-11,Summit Auto Group,Summit Ford Rivera,cargurus.com,internet,105,7,4,3,18259,3496
2025-11,Summit Auto Group,Summit Ford Rivera,Website,internet,329,35,19,16,130554,
2025-11,Summit Auto Group,Summit Ford Rivera,Lease Retention,campaign,33,11,8,3,20006,
2025-11,Summit Auto Group,Summit Ford Rivera,Showroom,showroom,83,27,19,8,90193,
2025-11,Summit Auto Group,Summit Ford Rivera,Inbound Phone,phone,109,15,11,4,53955,
2025-11,Summit Auto Group,Summit Ford Rivera,Live Chat,chat,88,6,3,3,17723,828
2025-11,Summit Auto Group,Summit Ford Rivera,Facebook,internet,67,4,2,2,9206,1288
2025-11,Summit Auto Group,Summit Ford Rivera,TrueCar,internet,51,2,1,1,5206,2392
2025-11,Summit Auto Group,Summit Honda Westland,auto trader,internet,314,18,10,8,56223,3612
2025-11,Summit Auto Group,Summit Honda Westland,Cars.com,internet,142,12,7,5,32033,2666
2025-11,Summit Auto Group,Summit Honda Westland,CarGurus,internet,118,3,2,1,8373,3268
2025-11,Summit Auto Group,Summit Honda Westland,Dealer Website,internet,355,40,22,18,131136,
2025-11,Summit Auto Group,Summit Honda Westland,Lease Return,campaign,28,8,6,2,14260,
2025-11,Summit Auto Group,Summit Honda Westland,Walk In,showroom,82,29,21,8,96366,
2025-11,Summit Auto Group,Summit Honda Westland,Inbound Calls,phone,123,30,22,8,99538,
2025-11,Summit Auto Group,Summit Honda Westland,Website Chat,chat,76,8,4,4,23661,774
2025-11,Summit Auto Group,Summit Honda Westland,Facebook,internet,80,4,2,2,7508,1204
2025-11,Summit Auto Group,Summit Honda Westland,True Car,internet,45,5,3,2,12857,2236
2025-11,Summit Auto Group,Summit Hyundai Oakhurst,Lease Return,campaign,21,4,3,1,6073,
2025-11,Summit Auto Group,Summit Hyundai Oakhurst,Showroom,showroom,216,72,42,30,242306,
2025-11,Summit Auto Group,Summit Hyundai Oakhurst,Inbound Calls,phone,81,18,13,5,58354,
2025-11,Summit Auto Group,Summit Hyundai Oakhurst,Live Chat,chat,56,2,1,1,5224,522
2025-11,Summit Auto Group,Summit Jeep Ram Clearwater,AutoTrader.com,internet,225,15,8,7,43192,2982
2025-11,Summit Auto Group,Summit Jeep Ram Clearwater,Cars .com,internet,140,4,2,2,11145,2201
2025-11,Summit Auto Group,Summit Jeep Ram Clearwater,Car Gurus,internet,90,8,4,4,21916,2698
2025-11,Summit Auto Group,Summit Jeep Ram Clearwater,Website,internet,292,31,17,14,118227,
2025-11,Summit Auto Group,Summit Jeep Ram Clearwater,Lease Return,campaign,27,5,4,1,7336,
2025-11,Summit Auto Group,Summit Jeep Ram Clearwater,Walk In,showroom,75,21,15,6,82732,
2025-11,Summit Auto Group,Summit Jeep Ram Clearwater,Inbound Calls,phone,86,22,16,6,77787,
2025-11,Summit Auto Group,Summit Jeep Ram Clearwater,Live Chat,chat,62,4,2,2,9338,639
2025-11,Summit Auto Group,Summit Jeep Ram Clearwater,Facebook,internet,64,2,1,1,4295,994
2025-11,Summit Auto Group,Summit Jeep Ram Clearwater,True Car,internet,39,3,2,1,6704,1846
2025-11,Summit Auto Group,Summit Kia Brookfield,AutoTrader.com,internet,199,9,5,4,25636,2310
2025-11,Summit Auto Group,Summit Kia Brookfield,CARS,internet,96,7,4,3,23859,1705
2025-11,Summit Auto Group,Summit Kia Brookfield,Car Gurus,internet,69,4,2,2,9506,2090
2025-11,Summit Auto Group,Summit Kia Brookfield,OEM Website,internet,248,24,13,11,81551,
2025-11,Summit Auto Group,Summit Kia Brookfield,Lease Return,campaign,22,7,5,2,10377,
2025-11,Summit Auto Group,Summit Kia Brookfield,Showroom,showroom,49,14,10,4,51849,
2025-11,Summit Auto Group,Summit Kia Brookfield,Inbound Calls,phone,74,10,7,3,27166,
2025-11,Summit Auto Group,Summit Kia Brookfield,Live Chat,chat,49,6,3,3,16557,495
2025-11,Summit Auto Group,Summit Kia Brookfield,Facebook,internet,41,3,2,1,5825,770
2025-11,Summit Auto Group,Summit Kia Brookfield,True Car,internet,31,3,2,1,7138,1430
2025-11,Summit Auto Group,Summit Mazda Lakeside,AutoTrader.com,internet,153,10,6,4,27226,1848
2025-11,Summit Auto Group,Summit Mazda Lakeside,Cars.com,internet,72,3,2,1,10367,1364
2025-11,Summit Auto Group,Summit Mazda Lakeside,CarGurus,internet,58,3,2,1,9227,1672
2025-11,Summit Auto Group,Summit Mazda Lakeside,Dealer Website,internet,153,13,7,6,48135,
2025-11,Summit Auto Group,Summit Mazda Lakeside,Lease Return,campaign,15,3,2,1,4547,
2025-11,Summit Auto Group,Summit Mazda Lakeside,Walk In,showroom,40,13,9,4,52782,
2025-11,Summit Auto Group,Summit Mazda Lakeside,Phone Up,phone,60,12,9,3,43311,
2025-11,Summit Auto Group,Summit Mazda Lakeside,Website Chat,chat,34,1,1,0,2985,396
2025-11,Summit Auto Group,Summit Mazda Lakeside,Facebook,internet,39,2,1,1,4685,616
2025-11,Summit Auto Group,Summit Mazda Lakeside,True Car,internet,26,1,1,0,2569,1144
2025-11,Summit Auto Group,Summit Nissan Ridgemont,auto trader,internet,215,13,7,6,33792,2688
2025-11,Summit Auto Group,Summit Nissan Ridgemont,CARS,internet,137,10,6,4,27796,1984
2025-11,Summit Auto Group,Summit Nissan Ridgemont,CarGurus,internet,79,7,4,3,17272,2432
2025-11,Summit Auto Group,Summit Nissan Ridgemont,Dealer Website,internet,238,23,13,10,70973,
2025-11,Summit Auto Group,Summit Nissan Ridgemont,Lease Retention,campaign,24,7,5,2,13487,
2025-11,Summit Auto Group,Summit Nissan Ridgemont,Walk-In,showroom,63,17,12,5,66548,
2025-11,Summit Auto Group,Summit Nissan Ridgemont,Inbound Calls,phone,101,20,14,6,69788,
2025-11,Summit Auto Group,Summit Nissan Ridgemont,Live Chat,chat,48,7,4,3,19196,576
2025-11,Summit Auto Group,Summit Nissan Ridgemont,Facebook,internet,68,6,3,3,11594,896
2025-11,Summit Auto Group,Summit Nissan Ridgemont,TrueCar,internet,32,3,2,1,7014,1664
2025-11,Summit Auto Group,Summit Subaru Northgate,Autotrader,internet,178,12,7,5,30696,2058
2025-11,Summit Auto Group,Summit Subaru Northgate,CARS,internet,91,7,4,3,20655,1519
2025-11,Summit Auto Group,Summit Subaru Northgate,CarGurus,internet,67,5,3,2,12680,1862
2025-11,Summit Auto Group,Summit Subaru Northgate,OEM Website,internet,206,20,11,9,63298,
2025-11,Summit Auto Group,Summit Subaru Northgate,Lease Return,campaign,16,4,3,1,5979,
2025-11,Summit Auto Group,Summit Subaru Northgate,Walk-In,showroom,46,17,12,5,63872,
2025-11,Summit Auto Group,Summit Subaru Northgate,Phone Up,phone,69,14,10,4,41729,
2025-11,Summit Auto Group,Summit Subaru Northgate,Website Chat,chat,36,5,3,2,11785,441
2025-11,Summit Auto Group,Summit Subaru Northgate,Facebook Marketplace,internet,37,2,1,1,4919,686
2025-11,Summit Auto Group,Summit Subaru Northgate,True Car,internet,28,3,2,1,8338,1274
2025-11,Summit Auto Group,Summit Toyota of Fairview,auto trader,internet,298,18,10,8,59165,4200
2025-11,Summit Auto Group,Summit Toyota of Fairview,CARS,internet,206,21,12,9,66545,3100
2025-11,Summit Auto Group,Summit Toyota of Fairview,Car Gurus,internet,123,8,4,4,22315,3800
2025-11,Summit Auto Group,Summit Toyota of Fairview,Dealer Website,internet,352,40,22,18,134137,
2025-11,Summit Auto Group,Summit Toyota of Fairview,Lease Retention,campaign,35,10,7,3,18313,
2025-11,Summit Auto Group,Summit Toyota of Fairview,Showroom,showroom,98,36,26,10,121792,
2025-11,Summit Auto Group,Summit Toyota of Fairview,Inbound Calls,phone,120,27,19,8,84799,
2025-11,Summit Auto Group,Summit Toyota of Fairview,Chat,chat,82,8,4,4,23669,900
2025-11,Summit Auto Group,Summit Toyota of Fairview,FB Marketplace,internet,75,4,2,2,8431,1400
2025-11,Summit Auto Group,Summit Toyota of Fairview,True Car,internet,53,4,2,2,9600,2600
2025-11,Summit Auto Group,Summit Volkswagen Eastdale,auto trader,internet,114,7,4,3,21440,1680
2025-11,Summit Auto Group,Summit Volkswagen Eastdale,Cars .com,internet,65,7,4,3,18730,1240
2025-11,Summit Auto Group,Summit Volkswagen Eastdale,Car Gurus,internet,57,3,2,1,7395,1520
2025-11,Summit Auto Group,Summit Volkswagen Eastdale,Dealer Website,internet,164,21,12,9,70226,
2025-11,Summit Auto Group,Summit Volkswagen Eastdale,Lease Retention,campaign,16,3,2,1,5093,
2025-11,Summit Auto Group,Summit Volkswagen Eastdale,Walk-In,showroom,37,13,9,4,49350,
2025-11,Summit Auto Group,Summit Volkswagen Eastdale,Phone Up,phone,56,17,12,5,48200,
2025-11,Summit Auto Group,Summit Volkswagen Eastdale,Chat,chat,30,2,1,1,5129,360
2025-11,Summit Auto Group,Summit Volkswagen Eastdale,Facebook,internet,38,2,1,1,3972,560
2025-11,Summit Auto Group,Summit Volkswagen Eastdale,True Car,internet,23,2,1,1,5500,1040
2025-12,Harbor Motor Group,Harbor BMW,auto trader,internet,269,20,11,9,98293,3276
2025-12,Harbor Motor Group,Harbor BMW,Cars.com,internet,159,13,7,6,59488,2418
2025-12,Harbor Motor Group,Harbor BMW,Car Gurus,internet,92,6,3,3,30687,2964
2025-12,Harbor Motor Group,Harbor BMW,Dealer Website,internet,359,45,25,20,233668,
2025-12,Harbor Motor Group,Harbor BMW,Lease Retention,campaign,30,8,6,2,22676,
2025-12,Harbor Motor Group,Harbor BMW,Walk In,showroom,73,17,12,5,95903,
2025-12,Harbor Motor Group,Harbor BMW,Phone Up,phone,105,20,14,6,94414,
2025-12,Harbor Motor Group,Harbor BMW,Website Chat,chat,60,5,3,2,20035,702
2025-12,Harbor Motor Group,Harbor BMW,Facebook Marketplace,internet,173,3,2,1,11877,1092
2025-12,Harbor Motor Group,Harbor BMW,True Car,internet,42,3,2,1,12656,2028
2025-12,Harbor Motor Group,Harbor Chevrolet Marina,auto trader,internet,200,9,5,4,26166,2940
2025-12,Harbor Motor Group,Harbor Chevrolet Marina,Cars.com,internet,152,10,6,4,32795,2170
2025-12,Harbor Motor Group,Harbor Chevrolet Marina,Car Gurus,internet,72,3,2,1,8324,2660
2025-12,Harbor Motor Group,Harbor Chevrolet Marina,OEM Website,internet,312,46,25,21,162166,
2025-12,Harbor Motor Group,Harbor Chevrolet Marina,Lease Retention,campaign,25,8,6,2,11664,
2025-12,Harbor Motor Group,Harbor Chevrolet Marina,Walk-In,showroom,76,34,24,10,121920,
2025-12,Harbor Motor Group,Harbor Chevrolet Marina,Inbound Calls,phone,107,26,19,7,92437,
2025-12,Harbor Motor Group,Harbor Chevrolet Marina,Live Chat,chat,63,4,2,2,9021,630
2025-12,Harbor Motor Group,Harbor Chevrolet Marina,FB Marketplace,internet,171,9,5,4,19707,979
2025-12,Harbor Motor Group,Harbor Chevrolet Marina,True Car,internet,40,2,1,1,5086,1819
2025-12,Harbor Motor Group,Harbor Ford Portside,auto trader,internet,286,20,11,9,53395,3696
2025-12,Harbor Motor Group,Harbor Ford Portside,Cars .com,internet,169,13,7,6,40485,2728
2025-12,Harbor Motor Group,Harbor Ford Portside,CarGurus,internet,97,7,4,3,18592,3344
2025-12,Harbor Motor Group,Harbor Ford Portside,OEM Website,internet,377,46,25,21,133677,
2025-12,Harbor Motor Group,Harbor Ford Portside,Lease Return,campaign,30,4,3,1,7286,
2025-12,Harbor Motor Group,Harbor Ford Portside,Showroom,showroom,79,23,17,6,80259,
2025-12,Harbor Motor Group,Harbor Ford Portside,Inbound Calls,phone,111,21,15,6,70577,
2025-12,Harbor Motor Group,Harbor Ford Portside,Live Chat,chat,68,4,2,2,10764,792
2025-12,Harbor Motor Group,Harbor Ford Portside,Facebook Marketplace,internet,197,11,6,5,23140,1232
2025-12,Harbor Motor Group,Harbor Ford Portside,TrueCar,internet,42,5,3,2,11718,2288
2025-12,Harbor Motor Group,Harbor Honda Seaside,ATC,internet,223,14,8,6,35797,3360
2025-12,Harbor Motor Group,Harbor Honda Seaside,Cars .com,internet,146,13,7,6,42388,2480
2025-12,Harbor Motor Group,Harbor Honda Seaside,CarGurus,internet,102,9,5,4,23698,3040
2025-12,Harbor Motor Group,Harbor Honda Seaside,Dealer Website,internet,282,29,16,13,85268,
2025-12,Harbor Motor Group,Harbor Honda Seaside,Lease Retention,campaign,27,7,5,2,12188,
2025-12,Harbor Motor Group,Harbor Honda Seaside,Showroom,showroom,78,19,14,5,61521,
2025-12,Harbor Motor Group,Harbor Honda Seaside,Phone Up,phone,126,21,15,6,69190,
2025-12,Harbor Motor Group,Harbor Honda Seaside,Live Chat,chat,67,9,5,4,22595,720
2025-12,Harbor Motor Group,Harbor Honda Seaside,Facebook,internet,188,9,5,4,22410,1120
2025-12,Harbor Motor Group,Harbor Honda Seaside,TrueCar,internet,41,3,2,1,7158,2080
2025-12,Harbor Motor Group,Harbor Jeep Ram Anchor,AutoTrader.com,internet,192,16,9,7,40560,2772
2025-12,Harbor Motor Group,Harbor Jeep Ram Anchor,Cars .com,internet,107,5,3,2,15703,2046
2025-12,Harbor Motor Group,Harbor Jeep Ram Anchor,cargurus.com,internet,90,5,3,2,15533,2508
2025-12,Harbor Motor Group,Harbor Jeep Ram Anchor,OEM Website,internet,256,22,12,10,83566,
2025-12,Harbor Motor Group,Harbor Jeep Ram Anchor,Lease Retention,campaign,24,10,7,3,17521,
2025-12,Harbor Motor Group,Harbor Jeep Ram Anchor,Walk-In,showroom,67,27,19,8,93249,
2025-12,Harbor Motor Group,Harbor Jeep Ram Anchor,Phone Up,phone,93,16,12,4,48222,
2025-12,Harbor Motor Group,Harbor Jeep Ram Anchor,Chat,chat,50,5,3,2,13268,594
2025-12,Harbor Motor Group,Harbor Jeep Ram Anchor,Facebook,internet,156,5,3,2,12330,924
2025-12,Harbor Motor Group,Harbor Jeep Ram Anchor,TrueCar,internet,38,1,1,0,2329,1716
2025-12,Harbor Motor Group,Harbor Kia Lighthouse,ATC,internet,179,14,8,6,41459,2184
2025-12,Harbor Motor Group,Harbor Kia Lighthouse,CARS,internet,95,12,7,5,40654,1612
2025-12,Harbor Motor Group,Harbor Kia Lighthouse,CarGurus,internet,56,0,0,0,0,1976
2025-12,Harbor Motor Group,Harbor Kia Lighthouse,Dealer Website,internet,213,28,15,13,82382,
2025-12,Harbor Motor Group,Harbor Kia Lighthouse,Lease Retention,campaign,18,2,1,1,3574,
2025-12,Harbor Motor Group,Harbor Kia Lighthouse,Walk In,showroom,42,16,12,4,63859,
2025-12,Harbor Motor Group,Harbor Kia Lighthouse,Inbound Calls,phone,69,17,12,5,56723,
2025-12,Harbor Motor Group,Harbor Kia Lighthouse,Website Chat,chat,50,2,1,1,4863,468
2025-12,Harbor Motor Group,Harbor Kia Lighthouse,Facebook,internet,122,4,2,2,9074,728
2025-12,Harbor Motor Group,Harbor Kia Lighthouse,True Car,internet,32,0,0,0,0,1352
2025-12,Harbor Motor Group,Harbor Subaru Tidewater,auto trader,internet,141,11,6,5,30040,1974
2025-12,Harbor Motor Group,Harbor Subaru Tidewater,Cars .com,internet,84,4,2,2,12948,1457
2025-12,Harbor Motor Group,Harbor Subaru Tidewater,Car Gurus,internet,62,2,1,1,5014,1786
2025-12,Harbor Motor Group,Harbor Subaru Tidewater,Dealer Website,internet,211,25,14,11,89748,
2025-12,Harbor Motor Group,Harbor Subaru Tidewater,Lease Return,campaign,17,5,4,1,9228,
2025-12,Harbor Motor Group,Harbor Subaru Tidewater,Showroom,showroom,50,21,15,6,72945,
2025-12,Harbor Motor Group,Harbor Subaru Tidewater,Phone Up,phone,68,14,10,4,49610,
2025-12,Harbor Motor Group,Harbor Subaru Tidewater,Website Chat,chat,42,2,1,1,5777,423
2025-12,Harbor Motor Group,Harbor Subaru Tidewater,FB Marketplace,internet,108,7,4,3,15956,658
2025-12,Harbor Motor Group,Harbor Subaru Tidewater,True Car,internet,24,2,1,1,5303,1222
2025-12,Harbor Motor Group,Harbor Toyota Bayview,Autotrader,internet,298,23,13,10,64908,3990
2025-12,Harbor Motor Group,Harbor Toyota Bayview,Cars .com,internet,199,18,10,8,62160,2945
2025-12,Harbor Motor Group,Harbor Toyota Bayview,cargurus.com,internet,115,4,2,2,9535,3610
2025-12,Harbor Motor Group,Harbor Toyota Bayview,OEM Website,internet,416,55,30,25,162223,
2025-12,Harbor Motor Group,Harbor Toyota Bayview,Lease Return,campaign,36,15,11,4,21759,
2025-12,Harbor Motor Group,Harbor Toyota Bayview,Walk In,showroom,89,30,22,8,115721,
2025-12,Harbor Motor Group,Harbor Toyota Bayview,Inbound Phone,phone,135,35,25,10,101665,
2025-12,Harbor Motor Group,Harbor Toyota Bayview,Website Chat,chat,91,6,3,3,14129,855
2025-12,Harbor Motor Group,Harbor Toyota Bayview,Facebook Marketplace,internet,221,14,8,6,29188,1330
2025-12,Harbor Motor Group,Harbor Toyota Bayview,True Car,internet,45,3,2,1,8102,2470
2025-12,Summit Auto Group,Summit BMW,Autotrader,internet,304,17,9,8,78067,3486
2025-12,Summit Auto Group,Summit BMW,Cars .com,internet,153,15,8,7,83559,2573
2025-12,Summit Auto Group,Summit BMW,cargurus.com,internet,112,3,2,1,12559,3154
2025-12,Summit Auto Group,Summit BMW,Dealer Website,internet,347,33,18,15,153722,
2025-12,Summit Auto Group,Summit BMW,Lease Return,campaign,29,10,7,3,25972,
2025-12,Summit Auto Group,Summit BMW,Walk-In,showroom,77,27,19,8,159937,
2025-12,Summit Auto Group,Summit BMW,Inbound Phone,phone,104,24,17,7,130316,
2025-12,Summit Auto Group,Summit BMW,Chat,chat,80,5,3,2,19278,747
2025-12,Summit Auto Group,Summit BMW,Facebook,internet,203,1,1,0,3699,1162
2025-12,Summit Auto Group,Summit BMW,TrueCar,internet,39,3,2,1,12549,2158
2025-12,Summit Auto Group,Summit Chevrolet Glenpark,ATC,internet,245,18,10,8,44404,3276
2025-12,Summit Auto Group,Summit Chevrolet Glenpark,Cars .com,internet,166,10,6,4,31283,2418
2025-12,Summit Auto Group,Summit Chevrolet Glenpark,cargurus.com,internet,87,7,4,3,20001,2964
2025-12,Summit Auto Group,Summit Chevrolet Glenpark,Dealer Website,internet,285,46,25,21,145565,
2025-12,Summit Auto Group,Summit Chevrolet Glenpark,Lease Return,campaign,30,9,6,3,16049,
2025-12,Summit Auto Group,Summit Chevrolet Glenpark,Walk In,showroom,78,28,20,8,86255,
2025-12,Summit Auto Group,Summit Chevrolet Glenpark,Inbound Phone,phone,108,20,14,6,66224,
2025-12,Summit Auto Group,Summit Chevrolet Glenpark,Chat,chat,75,6,3,3,14507,702
2025-12,Summit Auto Group,Summit Chevrolet Glenpark,FB Marketplace,internet,186,8,4,4,15711,1092
2025-12,Summit Auto Group,Summit Chevrolet Glenpark,TrueCar,internet,37,4,2,2,10263,2028
2025-12,Summit Auto Group,Summit Ford Rivera,ATC,internet,338,18,10,8,46365,3864
2025-12,Summit Auto Group,Summit Ford Rivera,Cars.com,internet,179,14,8,6,46388,2852
2025-12,Summit Auto Group,Summit Ford Rivera,cargurus.com,internet,117,9,5,4,25301,3496
2025-12,Summit Auto Group,Summit Ford Rivera,Website,internet,426,52,29,23,185692,
2025-12,Summit Auto Group,Summit Ford Rivera,Lease Retention,campaign,33,8,6,2,15256,
2025-12,Summit Auto Group,Summit Ford Rivera,Showroom,showroom,100,33,24,9,127781,
2025-12,Summit Auto Group,Summit Ford Rivera,Inbound Phone,phone,115,23,17,6,65906,
2025-12,Summit Auto Group,Summit Ford Rivera,Live Chat,chat,72,3,2,1,6672,828
2025-12,Summit Auto Group,Summit Ford Rivera,Facebook,internet,211,9,5,4,17116,1288
2025-12,Summit Auto Group,Summit Ford Rivera,TrueCar,internet,55,5,3,2,10872,2392
2025-12,Summit Auto Group,Summit Honda Westland,auto trader,internet,258,15,8,7,44097,3612
2025-12,Summit Auto Group,Summit Honda Westland,Cars.com,internet,147,12,7,5,39593,2666
2025-12,Summit Auto Group,Summit Honda Westland,CarGurus,internet,112,4,2,2,9915,3268
2025-12,Summit Auto Group,Summit Honda Westland,Dealer Website,internet,380,36,20,16,104275,
2025-12,Summit Auto Group,Summit Honda Westland,Lease Return,campaign,31,12,9,3,17868,
2025-12,Summit Auto Group,Summit Honda Westland,Walk In,showroom,74,24,17,7,91213,
2025-12,Summit Auto Group,Summit Honda Westland,Inbound Calls,phone,107,24,17,7,76246,
2025-12,Summit Auto Group,Summit Honda Westland,Website Chat,chat,75,10,6,4,26072,774
2025-12,Summit Auto Group,Summit Honda Westland,Facebook,internet,198,9,5,4,17631,1204
2025-12,Summit Auto Group,Summit Honda Westland,True Car,internet,45,1,1,0,2371,2236
2025-12,Summit Auto Group,Summit Hyundai Oakhurst,Lease Return,campaign,20,6,4,2,8718,
2025-12,Summit Auto Group,Summit Hyundai Oakhurst,Showroom,showroom,222,71,43,28,227818,
2025-12,Summit Auto Group,Summit Hyundai Oakhurst,Inbound Calls,phone,86,12,9,3,41704,
2025-12,Summit Auto Group,Summit Hyundai Oakhurst,Live Chat,chat,45,2,1,1,4506,522
2025-12,Summit Auto Group,Summit Jeep Ram Clearwater,AutoTrader.com,internet,239,14,8,6,38544,2982
2025-12,Summit Auto Group,Summit Jeep Ram Clearwater,Cars .com,internet,153,19,10,9,58348,2201
2025-12,Summit Auto Group,Summit Jeep Ram Clearwater,Car Gurus,internet,92,6,3,3,15436,2698
2025-12,Summit Auto Group,Summit Jeep Ram Clearwater,Website,internet,274,31,17,14,107800,
2025-12,Summit Auto Group,Summit Jeep Ram Clearwater,Lease Return,campaign,21,7,5,2,11894,
2025-12,Summit Auto Group,Summit Jeep Ram Clearwater,Walk In,showroom,75,28,20,8,92412,
2025-12,Summit Auto Group,Summit Jeep Ram Clearwater,Inbound Calls,phone,86,16,12,4,55737,
2025-12,Summit Auto Group,Summit Jeep Ram Clearwater,Live Chat,chat,61,2,1,1,4914,639
2025-12,Summit Auto Group,Summit Jeep Ram Clearwater,Facebook,internet,157,6,3,3,13502,994
2025-12,Summit Auto Group,Summit Jeep Ram Clearwater,True Car,internet,34,1,1,0,2654,1846
2025-12,Summit Auto Group,Summit Kia Brookfield,AutoTrader.com,internet,155,8,4,4,20068,2310
2025-12,Summit Auto Group,Summit Kia Brookfield,CARS,internet,115,10,6,4,26407,1705
2025-12,Summit Auto Group,Summit Kia Brookfield,Car Gurus,internet,63,3,2,1,8020,2090
2025-12,Summit Auto Group,Summit Kia Brookfield,OEM Website,internet,228,27,15,12,92153,
2025-12,Summit Auto Group,Summit Kia Brookfield,Lease Return,campaign,21,4,3,1,6435,
2025-12,Summit Auto Group,Summit Kia Brookfield,Showroom,showroom,46,19,14,5,63951,
2025-12,Summit Auto Group,Summit Kia Brookfield,Inbound Calls,phone,67,12,9,3,37197,
2025-12,Summit Auto Group,Summit Kia Brookfield,Live Chat,chat,47,3,2,1,8580,495
2025-12,Summit Auto Group,Summit Kia Brookfield,Facebook,internet,117,7,4,3,14924,770
2025-12,Summit Auto Group,Summit Kia Brookfield,True Car,internet,33,3,2,1,6509,1430
2025-12,Summit Auto Group,Summit Mazda Lakeside,AutoTrader.com,internet,151,11,6,5,31032,1848
2025-12,Summit Auto Group,Summit Mazda Lakeside,Cars.com,internet,90,6,3,3,20315,1364
2025-12,Summit Auto Group,Summit Mazda Lakeside,CarGurus,internet,51,2,1,1,4766,1672
2025-12,Summit Auto Group,Summit Mazda Lakeside,Dealer Website,internet,175,25,14,11,96409,
2025-12,Summit Auto Group,Summit Mazda Lakeside,Lease Return,campaign,15,3,2,1,4462,
2025-12,Summit Auto Group,Summit Mazda Lakeside,Walk In,showroom,43,15,11,4,47725,
2025-12,Summit Auto Group,Summit Mazda Lakeside,Phone Up,phone,58,11,8,3,32910,
2025-12,Summit Auto Group,Summit Mazda Lakeside,Website Chat,chat,34,3,2,1,8626,396
2025-12,Summit Auto Group,Summit Mazda Lakeside,Facebook,internet,99,7,4,3,14267,616
2025-12,Summit Auto Group,Summit Mazda Lakeside,True Car,internet,23,3,2,1,8045,1144
2025-12,Summit Auto Group,Summit Nissan Ridgemont,auto trader,internet,180,12,7,5,29751,2688
2025-12,Summit Auto Group,Summit Nissan Ridgemont,CARS,internet,130,7,4,3,21101,1984
2025-12,Summit Auto Group,Summit Nissan Ridgemont,CarGurus,internet,77,6,3,3,15228,2432
2025-12,Summit Auto Group,Summit Nissan Ridgemont,Dealer Website,internet,264,30,16,14,89164,
2025-12,Summit Auto Group,Summit Nissan Ridgemont,Lease Retention,campaign,22,6,4,2,8795,
2025-12,Summit Auto Group,Summit Nissan Ridgemont,Walk-In,showroom,59,20,14,6,78557,
2025-12,Summit Auto Group,Summit Nissan Ridgemont,Inbound Calls,phone,95,14,10,4,50649,
2025-12,Summit Auto Group,Summit Nissan Ridgemont,Live Chat,chat,60,6,3,3,16040,576
2025-12,Summit Auto Group,Summit Nissan Ridgemont,Facebook,internet,138,7,4,3,16285,896
2025-12,Summit Auto Group,Summit Nissan Ridgemont,TrueCar,internet,39,2,1,1,4307,1664
2025-12,Summit Auto Group,Summit Subaru Northgate,Autotrader,internet,167,12,7,5,36210,2058
2025-12,Summit Auto Group,Summit Subaru Northgate,CARS,internet,90,4,2,2,12600,1519
2025-12,Summit Auto Group,Summit Subaru Northgate,CarGurus,internet,60,3,2,1,9470,1862
2025-12,Summit Auto Group,Summit Subaru Northgate,OEM Website,internet,221,18,10,8,58297,
2025-12,Summit Auto Group,Summit Subaru Northgate,Lease Return,campaign,19,5,4,1,8536,
2025-12,Summit Auto Group,Summit Subaru Northgate,Walk-In,showroom,50,12,9,3,45249,
2025-12,Summit Auto Group,Summit Subaru Northgate,Phone Up,phone,64,14,10,4,39175,
2025-12,Summit Auto Group,Summit Subaru Northgate,Website Chat,chat,41,1,1,0,2523,441
2025-12,Summit Auto Group,Summit Subaru Northgate,Facebook Marketplace,internet,104,5,3,2,11646,686
2025-12,Summit Auto Group,Summit Subaru Northgate,True Car,internet,24,0,0,0,0,1274
2025-12,Summit Auto Group,Summit Toyota of Fairview,auto trader,internet,306,15,8,7,43018,4200
2025-12,Summit Auto Group,Summit Toyota of Fairview,CARS,internet,169,13,7,6,40596,3100
2025-12,Summit Auto Group,Summit Toyota of Fairview,Car Gurus,internet,139,10,6,4,31142,3800
2025-12,Summit Auto Group,Summit Toyota of Fairview,Dealer Website,internet,429,45,25,20,174366,
2025-12,Summit Auto Group,Summit Toyota of Fairview,Lease Retention,campaign,34,6,4,2,10556,
2025-12,Summit Auto Group,Summit Toyota of Fairview,Showroom,showroom,107,38,27,11,149596,
2025-12,Summit Auto Group,Summit Toyota of Fairview,Inbound Calls,phone,136,30,22,8,85799,
2025-12,Summit Auto Group,Summit Toyota of Fairview,Chat,chat,97,7,4,3,17235,900
2025-12,Summit Auto Group,Summit Toyota of Fairview,FB Marketplace,internet,240,8,4,4,16034,1400
2025-12,Summit Auto Group,Summit Toyota of Fairview,True Car,internet,52,1,1,0,2194,2600
2025-12,Summit Auto Group,Summit Volkswagen Eastdale,auto trader,internet,115,10,6,4,27916,1680
2025-12,Summit Auto Group,Summit Volkswagen Eastdale,Cars .com,internet,77,8,4,4,23806,1240
2025-12,Summit Auto Group,Summit Volkswagen Eastdale,Car Gurus,internet,51,0,0,0,0,1520
2025-12,Summit Auto Group,Summit Volkswagen Eastdale,Dealer Website,internet,154,16,9,7,57920,
2025-12,Summit Auto Group,Summit Volkswagen Eastdale,Lease Retention,campaign,12,3,2,1,4987,
2025-12,Summit Auto Group,Summit Volkswagen Eastdale,Walk-In,showroom,34,11,8,3,35153,
2025-12,Summit Auto Group,Summit Volkswagen Eastdale,Phone Up,phone,63,11,8,3,36626,
2025-12,Summit Auto Group,Summit Volkswagen Eastdale,Chat,chat,36,3,2,1,8210,360
2025-12,Summit Auto Group,Summit Volkswagen Eastdale,Facebook,internet,97,5,3,2,11784,560
2025-12,Summit Auto Group,Summit Volkswagen Eastdale,True Car,internet,24,1,1,0,2353,1040
2026-01,Harbor Motor Group,Harbor BMW,auto trader,internet,253,20,11,9,94485,3276
2026-01,Harbor Motor Group,Harbor BMW,Cars.com,internet,146,7,4,3,37432,2418
2026-01,Harbor Motor Group,Harbor BMW,Car Gurus,internet,92,6,3,3,26717,2964
2026-01,Harbor Motor Group,Harbor BMW,Dealer Website,internet,281,26,14,12,152454,
2026-01,Harbor Motor Group,Harbor BMW,Lease Retention,campaign,23,8,6,2,21618,
2026-01,Harbor Motor Group,Harbor BMW,Walk In,showroom,76,26,19,7,147076,
2026-01,Harbor Motor Group,Harbor BMW,Phone Up,phone,94,19,14,5,99402,
2026-01,Harbor Motor Group,Harbor BMW,Website Chat,chat,69,7,4,3,31184,702
2026-01,Harbor Motor Group,Harbor BMW,Facebook Marketplace,internet,167,5,3,2,18560,1092
2026-01,Harbor Motor Group,Harbor BMW,True Car,internet,37,1,1,0,4138,2028
2026-01,Harbor Motor Group,Harbor Chevrolet Marina,auto trader,internet,214,16,9,7,39580,2940
2026-01,Harbor Motor Group,Harbor Chevrolet Marina,Cars.com,internet,118,7,4,3,20561,2170
2026-01,Harbor Motor Group,Harbor Chevrolet Marina,Car Gurus,internet,89,7,4,3,20506,2660
2026-01,Harbor Motor Group,Harbor Chevrolet Marina,OEM Website,internet,316,36,20,16,123990,
2026-01,Harbor Motor Group,Harbor Chevrolet Marina,Lease Retention,campaign,23,9,6,3,15978,
2026-01,Harbor Motor Group,Harbor Chevrolet Marina,Walk-In,showroom,67,21,15,6,70382,
2026-01,Harbor Motor Group,Harbor Chevrolet Marina,Inbound Calls,phone,98,19,14,5,61582,
2026-01,Harbor Motor Group,Harbor Chevrolet Marina,Live Chat,chat,67,9,5,4,24244,630
2026-01,Harbor Motor Group,Harbor Chevrolet Marina,FB Marketplace,internet,171,8,4,4,18691,979
2026-01,Harbor Motor Group,Harbor Chevrolet Marina,True Car,internet,36,4,2,2,9617,1819
2026-01,Harbor Motor Group,Harbor Ford Portside,auto trader,internet,264,22,12,10,57013,3696
2026-01,Harbor Motor Group,Harbor Ford Portside,Cars .com,internet,162,14,8,6,40175,2728
2026-01,Harbor Motor Group,Harbor Ford Portside,CarGurus,internet,97,6,3,3,16829,3344
2026-01,Harbor Motor Group,Harbor Ford Portside,OEM Website,internet,336,40,22,18,123984,
2026-01,Harbor Motor Group,Harbor Ford Portside,Lease Return,campaign,26,5,4,1,9228,
2026-01,Harbor Motor Group,Harbor Ford Portside,Showroom,showroom,72,29,21,8,109079,
2026-01,Harbor Motor Group,Harbor Ford Portside,Inbound Calls,phone,121,23,17,6,82051,
2026-01,Harbor Motor Group,Harbor Ford Portside,Live Chat,chat,66,4,2,2,9362,792
2026-01,Harbor Motor Group,Harbor Ford Portside,Facebook Marketplace,internet,200,6,3,3,11742,1232
2026-01,Harbor Motor Group,Harbor Ford Portside,TrueCar,internet,41,4,2,2,11112,2288
2026-01,Harbor Motor Group,Harbor Honda Seaside,ATC,internet,245,11,6,5,28670,3360
2026-01,Harbor Motor Group,Harbor Honda Seaside,Cars .com,internet,153,11,6,5,30459,2480
2026-01,Harbor Motor Group,Harbor Honda Seaside,CarGurus,internet,92,4,2,2,10245,3040
2026-01,Harbor Motor Group,Harbor Honda Seaside,Dealer Website,internet,279,31,17,14,91266,
2026-01,Harbor Motor Group,Harbor Honda Seaside,Lease Retention,campaign,26,6,4,2,11036,
2026-01,Harbor Motor Group,Harbor Honda Seaside,Showroom,showroom,77,19,14,5,61515,
2026-01,Harbor Motor Group,Harbor Honda Seaside,Phone Up,phone,109,22,16,6,77622,
2026-01,Harbor Motor Group,Harbor Honda Seaside,Live Chat,chat,70,7,4,3,17572,720
2026-01,Harbor Motor Group,Harbor Honda Seaside,Facebook,internet,189,11,6,5,24244,1120
2026-01,Harbor Motor Group,Harbor Honda Seaside,TrueCar,internet,41,1,1,0,2588,2080
2026-01,Harbor Motor Group,Harbor Jeep Ram Anchor,AutoTrader.com,internet,201,17,9,8,43438,2772
2026-01,Harbor Motor Group,Harbor Jeep Ram Anchor,Cars .com,internet,119,16,9,7,42739,2046
2026-01,Harbor Motor Group,Harbor Jeep Ram Anchor,cargurus.com,internet,68,4,2,2,9832,2508
2026-01,Harbor Motor Group,Harbor Jeep Ram Anchor,OEM Website,internet,271,35,19,16,120062,
2026-01,Harbor Motor Group,Harbor Jeep Ram Anchor,Lease Retention,campaign,20,8,6,2,13397,
2026-01,Harbor Motor Group,Harbor Jeep Ram Anchor,Walk-In,showroom,71,21,15,6,75749,
2026-01,Harbor Motor Group,Harbor Jeep Ram Anchor,Phone Up,phone,93,15,11,4,45585,
2026-01,Harbor Motor Group,Harbor Jeep Ram Anchor,Chat,chat,50,7,4,3,20243,594
2026-01,Harbor Motor Group,Harbor Jeep Ram Anchor,Facebook,internet,157,9,5,4,19760,924
2026-01,Harbor Motor Group,Harbor Jeep Ram Anchor,TrueCar,internet,33,1,1,0,2724,1716
2026-01,Harbor Motor Group,Harbor Kia Lighthouse,ATC,internet,146,14,8,6,39638,2184
2026-01,Harbor Motor Group,Harbor Kia Lighthouse,CARS,internet,108,6,3,3,17618,1612
2026-01,Harbor Motor Group,Harbor Kia Lighthouse,CarGurus,internet,54,3,2,1,8621,1976
2026-01,Harbor Motor Group,Harbor Kia Lighthouse,Dealer Website,internet,244,29,16,13,99790,
2026-01,Harbor Motor Group,Harbor Kia Lighthouse,Lease Retention,campaign,14,4,3,1,6666,
2026-01,Harbor Motor Group,Harbor Kia Lighthouse,Walk In,showroom,45,18,13,5,63490,
2026-01,Harbor Motor Group,Harbor Kia Lighthouse,Inbound Calls,phone,65,11,8,3,33273,
2026-01,Harbor Motor Group,Harbor Kia Lighthouse,Website Chat,chat,50,1,1,0,2529,468
2026-01,Harbor Motor Group,Harbor Kia Lighthouse,Facebook,internet,122,7,4,3,13253,728
2026-01,Harbor Motor Group,Harbor Kia Lighthouse,True Car,internet,24,3,2,1,7863,1352
2026-01,Harbor Motor Group,Harbor Subaru Tidewater,auto trader,internet,133,8,4,4,22676,1974
2026-01,Harbor Motor Group,Harbor Subaru Tidewater,Cars .com,internet,100,10,6,4,32732,1457
2026-01,Harbor Motor Group,Harbor Subaru Tidewater,Car Gurus,internet,52,3,2,1,9224,1786
2026-01,Harbor Motor Group,Harbor Subaru Tidewater,Dealer Website,internet,176,16,9,7,59749,
2026-01,Harbor Motor Group,Harbor Subaru Tidewater,Lease Return,campaign,14,5,4,1,8503,
2026-01,Harbor Motor Group,Harbor Subaru Tidewater,Showroom,showroom,48,17,12,5,64453,
2026-01,Harbor Motor Group,Harbor Subaru Tidewater,Phone Up,phone,61,8,6,2,22286,
2026-01,Harbor Motor Group,Harbor Subaru Tidewater,Website Chat,chat,44,3,2,1,7271,423
2026-01,Harbor Motor Group,Harbor Subaru Tidewater,FB Marketplace,internet,108,4,2,2,9756,658
2026-01,Harbor Motor Group,Harbor Subaru Tidewater,True Car,internet,26,2,1,1,4280,1222
2026-01,Harbor Motor Group,Harbor Toyota Bayview,Autotrader,internet,287,21,12,9,58263,3990
2026-01,Harbor Motor Group,Harbor Toyota Bayview,Cars .com,internet,194,13,7,6,40183,2945
2026-01,Harbor Motor Group,Harbor Toyota Bayview,cargurus.com,internet,114,4,2,2,10338,3610
2026-01,Harbor Motor Group,Harbor Toyota Bayview,OEM Website,internet,408,52,29,23,155376,
2026-01,Harbor Motor Group,Harbor Toyota Bayview,Lease Return,campaign,31,9,6,3,15479,
2026-01,Harbor Motor Group,Harbor Toyota Bayview,Walk In,showroom,86,32,23,9,129780,
2026-01,Harbor Motor Group,Harbor Toyota Bayview,Inbound Phone,phone,140,21,15,6,61924,
2026-01,Harbor Motor Group,Harbor Toyota Bayview,Website Chat,chat,73,7,4,3,20372,855
2026-01,Harbor Motor Group,Harbor Toyota Bayview,Facebook Marketplace,internet,210,14,8,6,32147,1330
2026-01,Harbor Motor Group,Harbor Toyota Bayview,True Car,internet,55,2,1,1,5513,2470
2026-01,Summit Auto Group,Summit BMW,Autotrader,internet,303,21,12,9,92082,3486
2026-01,Summit Auto Group,Summit BMW,Cars .com,internet,165,14,8,6,76790,2573
2026-01,Summit Auto Group,Summit BMW,cargurus.com,internet,99,5,3,2,20469,3154
2026-01,Summit Auto Group,Summit BMW,Dealer Website,internet,335,29,16,13,179825,
2026-01,Summit Auto Group,Summit BMW,Lease Return,campaign,28,8,6,2,22096,
2026-01,Summit Auto Group,Summit BMW,Walk-In,showroom,69,21,15,6,107492,
2026-01,Summit Auto Group,Summit BMW,Inbound Phone,phone,127,21,15,6,97042,
2026-01,Summit Auto Group,Summit BMW,Chat,chat,63,8,4,4,37656,747
2026-01,Summit Auto Group,Summit BMW,Facebook,internet,178,11,6,5,39161,1162
2026-01,Summit Auto Group,Summit BMW,TrueCar,internet,38,1,1,0,3941,2158
2026-01,Summit Auto Group,Summit Chevrolet Glenpark,ATC,internet,261,13,7,6,39328,3276
2026-01,Summit Auto Group,Summit Chevrolet Glenpark,Cars .com,internet,152,10,6,4,27805,2418
2026-01,Summit Auto Group,Summit Chevrolet Glenpark,cargurus.com,internet,80,3,2,1,8591,2964
2026-01,Summit Auto Group,Summit Chevrolet Glenpark,Dealer Website,internet,319,36,20,16,113060,
2026-01,Summit Auto Group,Summit Chevrolet Glenpark,Lease Return,campaign,26,9,6,3,15630,
2026-01,Summit Auto Group,Summit Chevrolet Glenpark,Walk In,showroom,71,33,24,9,125970,
2026-01,Summit Auto Group,Summit Chevrolet Glenpark,Inbound Phone,phone,96,11,8,3,30128,
2026-01,Summit Auto Group,Summit Chevrolet Glenpark,Chat,chat,67,4,2,2,10214,702
2026-01,Summit Auto Group,Summit Chevrolet Glenpark,FB Marketplace,internet,192,10,6,4,23304,1092
2026-01,Summit Auto Group,Summit Chevrolet Glenpark,TrueCar,internet,46,8,4,4,17412,2028
2026-01,Summit Auto Group,Summit Ford Rivera,ATC,internet,310,25,14,11,80955,3864
2026-01,Summit Auto Group,Summit Ford Rivera,Cars.com,internet,188,14,8,6,41650,2852
2026-01,Summit Auto Group,Summit Ford Rivera,cargurus.com,internet,108,4,2,2,11110,3496
2026-01,Summit Auto Group,Summit Ford Rivera,Website,internet,388,53,29,24,203597,
2026-01,Summit Auto Group,Summit Ford Rivera,Lease Retention,campaign,35,10,7,3,18679,
2026-01,Summit Auto Group,Summit Ford Rivera,Showroom,showroom,87,31,22,9,124810,
2026-01,Summit Auto Group,Summit Ford Rivera,Inbound Phone,phone,114,16,12,4,54262,
2026-01,Summit Auto Group,Summit Ford Rivera,Live Chat,chat,83,3,2,1,7456,828
2026-01,Summit Auto Group,Summit Ford Rivera,Facebook,internet,207,4,2,2,7917,1288
2026-01,Summit Auto Group,Summit Ford Rivera,TrueCar,internet,43,2,1,1,4639,2392
2026-01,Summit Auto Group,Summit Honda Westland,auto trader,internet,309,18,10,8,56428,3612
2026-01,Summit Auto Group,Summit Honda Westland,Cars.com,internet,157,16,9,7,46671,2666
2026-01,Summit Auto Group,Summit Honda Westland,CarGurus,internet,102,5,3,2,14293,3268
2026-01,Summit Auto Group,Summit Honda Westland,Dealer Website,internet,351,36,20,16,116472,
2026-01,Summit Auto Group,Summit Honda Westland,Lease Return,campaign,27,8,6,2,13586,
2026-01,Summit Auto Group,Summit Honda Westland,Walk In,showroom,81,30,22,8,117188,
2026-01,Summit Auto Group,Summit Honda Westland,Inbound Calls,phone,127,15,11,4,41273,
2026-01,Summit Auto Group,Summit Honda Westland,Website Chat,chat,73,7,4,3,18463,774
2026-01,Summit Auto Group,Summit Honda Westland,Facebook,internet,185,7,4,3,16565,1204
2026-01,Summit Auto Group,Summit Honda Westland,True Car,internet,49,0,0,0,0,2236
2026-01,Summit Auto Group,Summit Hyundai Oakhurst,Lease Return,campaign,19,9,6,3,17293,
2026-01,Summit Auto Group,Summit Hyundai Oakhurst,Showroom,showroom,233,81,48,33,249895,
2026-01,Summit Auto Group,Summit Hyundai Oakhurst,Inbound Calls,phone,80,14,10,4,40574,
2026-01,Summit Auto Group,Summit Hyundai Oakhurst,Live Chat,chat,55,0,0,0,0,522
2026-01,Summit Auto Group,Summit Jeep Ram Clearwater,AutoTrader.com,internet,244,22,12,10,60397,2982
2026-01,Summit Auto Group,Summit Jeep Ram Clearwater,Cars .com,internet,130,14,8,6,36571,2201
2026-01,Summit Auto Group,Summit Jeep Ram Clearwater,Car Gurus,internet,76,5,3,2,15414,2698
2026-01,Summit Auto Group,Summit Jeep Ram Clearwater,Website,internet,312,32,18,14,119591,
2026-01,Summit Auto Group,Summit Jeep Ram Clearwater,Lease Return,campaign,20,8,6,2,14628,
2026-01,Summit Auto Group,Summit Jeep Ram Clearwater,Walk In,showroom,74,28,20,8,87616,
2026-01,Summit Auto Group,Summit Jeep Ram Clearwater,Inbound Calls,phone,104,19,14,5,56225,
2026-01,Summit Auto Group,Summit Jeep Ram Clearwater,Live Chat,chat,56,3,2,1,7476,639
2026-01,Summit Auto Group,Summit Jeep Ram Clearwater,Facebook,internet,157,4,2,2,8770,994
2026-01,Summit Auto Group,Summit Jeep Ram Clearwater,True Car,internet,36,2,1,1,4962,1846
2026-01,Summit Auto Group,Summit Kia Brookfield,AutoTrader.com,internet,200,18,10,8,44684,2310
2026-01,Summit Auto Group,Summit Kia Brookfield,CARS,internet,107,9,5,4,27676,1705
2026-01,Summit Auto Group,Summit Kia Brookfield,Car Gurus,internet,65,5,3,2,12589,2090
2026-01,Summit Auto Group,Summit Kia Brookfield,OEM Website,internet,248,28,15,13,90212,
2026-01,Summit Auto Group,Summit Kia Brookfield,Lease Return,campaign,19,6,4,2,10323,
2026-01,Summit Auto Group,Summit Kia Brookfield,Showroom,showroom,58,24,17,7,74523,
2026-01,Summit Auto Group,Summit Kia Brookfield,Inbound Calls,phone,73,12,9,3,41138,
2026-01,Summit Auto Group,Summit Kia Brookfield,Live Chat,chat,47,5,3,2,13082,495
2026-01,Summit Auto Group,Summit Kia Brookfield,Facebook,internet,125,6,3,3,13151,770
2026-01,Summit Auto Group,Summit Kia Brookfield,True Car,internet,25,2,1,1,4657,1430
2026-01,Summit Auto Group,Summit Mazda Lakeside,AutoTrader.com,internet,124,7,4,3,22336,1848
2026-01,Summit Auto Group,Summit Mazda Lakeside,Cars.com,internet,88,8,4,4,24515,1364
2026-01,Summit Auto Group,Summit Mazda Lakeside,CarGurus,internet,46,1,1,0,2918,1672
2026-01,Summit Auto Group,Summit Mazda Lakeside,Dealer Website,internet,178,22,12,10,69686,
2026-01,Summit Auto Group,Summit Mazda Lakeside,Lease Return,campaign,13,4,3,1,7734,
2026-01,Summit Auto Group,Summit Mazda Lakeside,Walk In,showroom,39,14,10,4,55734,
2026-01,Summit Auto Group,Summit Mazda Lakeside,Phone Up,phone,70,10,7,3,34292,
2026-01,Summit Auto Group,Summit Mazda Lakeside,Website Chat,chat,34,1,1,0,2339,396
2026-01,Summit Auto Group,Summit Mazda Lakeside,Facebook,internet,95,7,4,3,15871,616
2026-01,Summit Auto Group,Summit Mazda Lakeside,True Car,internet,21,1,1,0,2762,1144
2026-01,Summit Auto Group,Summit Nissan Ridgemont,auto trader,internet,216,18,10,8,44750,2688
2026-01,Summit Auto Group,Summit Nissan Ridgemont,CARS,internet,110,11,6,5,38381,1984
2026-01,Summit Auto Group,Summit Nissan Ridgemont,CarGurus,internet,64,1,1,0,2973,2432
2026-01,Summit Auto Group,Summit Nissan Ridgemont,Dealer Website,internet,226,28,15,13,99805,
2026-01,Summit Auto Group,Summit Nissan Ridgemont,Lease Retention,campaign,20,9,6,3,15789,
2026-01,Summit Auto Group,Summit Nissan Ridgemont,Walk-In,showroom,52,21,15,6,75388,
2026-01,Summit Auto Group,Summit Nissan Ridgemont,Inbound Calls,phone,101,20,14,6,68856,
2026-01,Summit Auto Group,Summit Nissan Ridgemont,Live Chat,chat,55,4,2,2,8971,576
2026-01,Summit Auto Group,Summit Nissan Ridgemont,Facebook,internet,152,6,3,3,12039,896
2026-01,Summit Auto Group,Summit Nissan Ridgemont,TrueCar,internet,34,1,1,0,2292,1664
2026-01,Summit Auto Group,Summit Subaru Northgate,Autotrader,internet,174,11,6,5,28248,2058
2026-01,Summit Auto Group,Summit Subaru Northgate,CARS,internet,102,6,3,3,19531,1519
2026-01,Summit Auto Group,Summit Subaru Northgate,CarGurus,internet,54,3,2,1,7651,1862
2026-01,Summit Auto Group,Summit Subaru Northgate,OEM Website,internet,191,19,10,9,61123,
2026-01,Summit Auto Group,Summit Subaru Northgate,Lease Return,campaign,17,6,4,2,11093,
2026-01,Summit Auto Group,Summit Subaru Northgate,Walk-In,showroom,52,19,14,5,58939,
2026-01,Summit Auto Group,Summit Subaru Northgate,Phone Up,phone,61,10,7,3,30811,
2026-01,Summit Auto Group,Summit Subaru Northgate,Website Chat,chat,47,2,1,1,5971,441
2026-01,Summit Auto Group,Summit Subaru Northgate,Facebook Marketplace,internet,109,4,2,2,7690,686
2026-01,Summit Auto Group,Summit Subaru Northgate,True Car,internet,27,4,2,2,11143,1274
2026-01,Summit Auto Group,Summit Toyota of Fairview,auto trader,internet,319,25,14,11,70364,4200
2026-01,Summit Auto Group,Summit Toyota of Fairview,CARS,internet,169,13,7,6,33767,3100
2026-01,Summit Auto Group,Summit Toyota of Fairview,Car Gurus,internet,124,9,5,4,26897,3800
2026-01,Summit Auto Group,Summit Toyota of Fairview,Dealer Website,internet,349,42,23,19,123095,
2026-01,Summit Auto Group,Summit Toyota of Fairview,Lease Retention,campaign,28,7,5,2,10835,
2026-01,Summit Auto Group,Summit Toyota of Fairview,Showroom,showroom,95,36,26,10,116380,
2026-01,Summit Auto Group,Summit Toyota of Fairview,Inbound Calls,phone,160,36,26,10,116573,
2026-01,Summit Auto Group,Summit Toyota of Fairview,Chat,chat,81,8,4,4,23228,900
2026-01,Summit Auto Group,Summit Toyota of Fairview,FB Marketplace,internet,224,5,3,2,11258,1400
2026-01,Summit Auto Group,Summit Toyota of Fairview,True Car,internet,60,5,3,2,11855,2600
2026-01,Summit Auto Group,Summit Volkswagen Eastdale,auto trader,internet,126,9,5,4,29271,1680
2026-01,Summit Auto Group,Summit Volkswagen Eastdale,Cars .com,internet,68,3,2,1,8617,1240
2026-01,Summit Auto Group,Summit Volkswagen Eastdale,Car Gurus,internet,40,2,1,1,5716,1520
2026-01,Summit Auto Group,Summit Volkswagen Eastdale,Dealer Website,internet,145,15,8,7,44978,
2026-01,Summit Auto Group,Summit Volkswagen Eastdale,Lease Retention,campaign,15,4,3,1,6126,
2026-01,Summit Auto Group,Summit Volkswagen Eastdale,Walk-In,showroom,40,14,10,4,56121,
2026-01,Summit Auto Group,Summit Volkswagen Eastdale,Phone Up,phone,47,9,6,3,29769,
2026-01,Summit Auto Group,Summit Volkswagen Eastdale,Chat,chat,36,5,3,2,12943,360
2026-01,Summit Auto Group,Summit Volkswagen Eastdale,Facebook,internet,90,3,2,1,6208,560
2026-01,Summit Auto Group,Summit Volkswagen Eastdale,True Car,internet,19,1,1,0,2772,1040
2026-02,Harbor Motor Group,Harbor BMW,auto trader,internet,222,17,9,8,87081,3276
2026-02,Harbor Motor Group,Harbor BMW,Cars.com,internet,140,14,8,6,59058,2418
2026-02,Harbor Motor Group,Harbor BMW,Car Gurus,internet,94,6,3,3,25241,2964
2026-02,Harbor Motor Group,Harbor BMW,Dealer Website,internet,279,35,19,16,172960,
2026-02,Harbor Motor Group,Harbor BMW,Lease Retention,campaign,22,7,5,2,21023,
2026-02,Harbor Motor Group,Harbor BMW,Walk In,showroom,66,26,19,7,128744,
2026-02,Harbor Motor Group,Harbor BMW,Phone Up,phone,116,32,23,9,162947,
2026-02,Harbor Motor Group,Harbor BMW,Website Chat,chat,60,6,3,3,25420,702
2026-02,Harbor Motor Group,Harbor BMW,Facebook Marketplace,internet,169,9,5,4,33787,1092
2026-02,Harbor Motor Group,Harbor BMW,True Car,internet,38,2,1,1,8346,2028
2026-02,Harbor Motor Group,Harbor Chevrolet Marina,auto trader,internet,253,16,9,7,46467,2940
2026-02,Harbor Motor Group,Harbor Chevrolet Marina,Cars.com,internet,134,11,6,5,30572,2170
2026-02,Harbor Motor Group,Harbor Chevrolet Marina,Car Gurus,internet,76,3,2,1,7533,2660
2026-02,Harbor Motor Group,Harbor Chevrolet Marina,OEM Website,internet,281,30,16,14,98197,
2026-02,Harbor Motor Group,Harbor Chevrolet Marina,Lease Retention,campaign,20,5,4,1,9208,
2026-02,Harbor Motor Group,Harbor Chevrolet Marina,Walk-In,showroom,72,26,19,7,97189,
2026-02,Harbor Motor Group,Harbor Chevrolet Marina,Inbound Calls,phone,95,21,15,6,67940,
2026-02,Harbor Motor Group,Harbor Chevrolet Marina,Live Chat,chat,62,2,1,1,5655,630
2026-02,Harbor Motor Group,Harbor Chevrolet Marina,FB Marketplace,internet,158,10,6,4,24928,979
2026-02,Harbor Motor Group,Harbor Chevrolet Marina,True Car,internet,32,2,1,1,5585,1819
2026-02,Harbor Motor Group,Harbor Ford Portside,auto trader,internet,278,22,12,10,68015,3696
2026-02,Harbor Motor Group,Harbor Ford Portside,Cars .com,internet,171,12,7,5,31384,2728
2026-02,Harbor Motor Group,Harbor Ford Portside,CarGurus,internet,104,10,6,4,29820,3344
2026-02,Harbor Motor Group,Harbor Ford Portside,OEM Website,internet,340,38,21,17,145452,
2026-02,Harbor Motor Group,Harbor Ford Portside,Lease Return,campaign,29,8,6,2,11884,
2026-02,Harbor Motor Group,Harbor Ford Portside,Showroom,showroom,83,28,20,8,101793,
2026-02,Harbor Motor Group,Harbor Ford Portside,Inbound Calls,phone,116,25,18,7,74164,
2026-02,Harbor Motor Group,Harbor Ford Portside,Live Chat,chat,73,5,3,2,14051,792
2026-02,Harbor Motor Group,Harbor Ford Portside,Facebook Marketplace,internet,189,8,4,4,17046,1232
2026-02,Harbor Motor Group,Harbor Ford Portside,TrueCar,internet,49,3,2,1,8368,2288
2026-02,Harbor Motor Group,Harbor Honda Seaside,ATC,internet,236,18,10,8,51961,3360
2026-02,Harbor Motor Group,Harbor Honda Seaside,Cars .com,internet,131,9,5,4,23980,2480
2026-02,Harbor Motor Group,Harbor Honda Seaside,CarGurus,internet,74,3,2,1,7386,3040
2026-02,Harbor Motor Group,Harbor Honda Seaside,Dealer Website,internet,357,43,24,19,126615,
2026-02,Harbor Motor Group,Harbor Honda Seaside,Lease Retention,campaign,24,10,7,3,17005,
2026-02,Harbor Motor Group,Harbor Honda Seaside,Showroom,showroom,81,26,19,7,83428,
2026-02,Harbor Motor Group,Harbor Honda Seaside,Phone Up,phone,125,22,16,6,59139,
2026-02,Harbor Motor Group,Harbor Honda Seaside,Live Chat,chat,62,6,3,3,15607,720
2026-02,Harbor Motor Group,Harbor Honda Seaside,Facebook,internet,181,10,6,4,23210,1120
2026-02,Harbor Motor Group,Harbor Honda Seaside,TrueCar,internet,40,2,1,1,5624,2080
2026-02,Harbor Motor Group,Harbor Jeep Ram Anchor,AutoTrader.com,internet,235,23,13,10,56731,2772
2026-02,Harbor Motor Group,Harbor Jeep Ram Anchor,Cars .com,internet,127,8,4,4,21319,2046
2026-02,Harbor Motor Group,Harbor Jeep Ram Anchor,cargurus.com,internet,70,4,2,2,11997,2508
2026-02,Harbor Motor Group,Harbor Jeep Ram Anchor,OEM Website,internet,306,39,21,18,128232,
2026-02,Harbor Motor Group,Harbor Jeep Ram Anchor,Lease Retention,campaign,18,5,4,1,7439,
2026-02,Harbor Motor Group,Harbor Jeep Ram Anchor,Walk-In,showroom,54,21,15,6,76410,
2026-02,Harbor Motor Group,Harbor Jeep Ram Anchor,Phone Up,phone,100,21,15,6,75008,
2026-02,Harbor Motor Group,Harbor Jeep Ram Anchor,Chat,chat,59,4,2,2,11382,594
2026-02,Harbor Motor Group,Harbor Jeep Ram Anchor,Facebook,internet,144,6,3,3,13251,924
2026-02,Harbor Motor Group,Harbor Jeep Ram Anchor,TrueCar,internet,27,2,1,1,4737,1716
2026-02,Harbor Motor Group,Harbor Kia Lighthouse,ATC,internet,183,18,10,8,49663,2184
2026-02,Harbor Motor Group,Harbor Kia Lighthouse,CARS,internet,95,11,6,5,36349,1612
2026-02,Harbor Motor Group,Harbor Kia Lighthouse,CarGurus,internet,55,0,0,0,0,1976
2026-02,Harbor Motor Group,Harbor Kia Lighthouse,Dealer Website,internet,223,27,15,12,81649,
2026-02,Harbor Motor Group,Harbor Kia Lighthouse,Lease Retention,campaign,16,6,4,2,10455,
2026-02,Harbor Motor Group,Harbor Kia Lighthouse,Walk In,showroom,54,18,13,5,61200,
2026-02,Harbor Motor Group,Harbor Kia Lighthouse,Inbound Calls,phone,76,14,10,4,44577,
2026-02,Harbor Motor Group,Harbor Kia Lighthouse,Website Chat,chat,45,4,2,2,11922,468
2026-02,Harbor Motor Group,Harbor Kia Lighthouse,Facebook,internet,120,4,2,2,9729,728
2026-02,Harbor Motor Group,Harbor Kia Lighthouse,True Car,internet,24,0,0,0,0,1352
2026-02,Harbor Motor Group,Harbor Subaru Tidewater,auto trader,internet,140,11,6,5,27949,1974
2026-02,Harbor Motor Group,Harbor Subaru Tidewater,Cars .com,internet,86,4,2,2,11978,1457
2026-02,Harbor Motor Group,Harbor Subaru Tidewater,Car Gurus,internet,46,2,1,1,5349,1786
2026-02,Harbor Motor Group,Harbor Subaru Tidewater,Dealer Website,internet,191,26,14,12,81438,
2026-02,Harbor Motor Group,Harbor Subaru Tidewater,Lease Return,campaign,15,6,4,2,11119,
2026-02,Harbor Motor Group,Harbor Subaru Tidewater,Showroom,showroom,45,14,10,4,51822,
2026-02,Harbor Motor Group,Harbor Subaru Tidewater,Phone Up,phone,60,11,8,3,36128,
2026-02,Harbor Motor Group,Harbor Subaru Tidewater,Website Chat,chat,37,3,2,1,6661,423
2026-02,Harbor Motor Group,Harbor Subaru Tidewater,FB Marketplace,internet,102,2,1,1,4908,658
2026-02,Harbor Motor Group,Harbor Subaru Tidewater,True Car,internet,25,2,1,1,5391,1222
2026-02,Harbor Motor Group,Harbor Toyota Bayview,Autotrader,internet,279,20,11,9,56285,3990
2026-02,Harbor Motor Group,Harbor Toyota Bayview,Cars .com,internet,197,23,13,10,68555,2945
2026-02,Harbor Motor Group,Harbor Toyota Bayview,cargurus.com,internet,99,8,4,4,20097,3610
2026-02,Harbor Motor Group,Harbor Toyota Bayview,OEM Website,internet,396,54,30,24,174222,
2026-02,Harbor Motor Group,Harbor Toyota Bayview,Lease Return,campaign,29,10,7,3,19335,
2026-02,Harbor Motor Group,Harbor Toyota Bayview,Walk In,showroom,97,31,22,9,104145,
2026-02,Harbor Motor Group,Harbor Toyota Bayview,Inbound Phone,phone,138,22,16,6,68472,
2026-02,Harbor Motor Group,Harbor Toyota Bayview,Website Chat,chat,92,13,7,6,30021,855
2026-02,Harbor Motor Group,Harbor Toyota Bayview,Facebook Marketplace,internet,217,17,9,8,41573,1330
2026-02,Harbor Motor Group,Harbor Toyota Bayview,True Car,internet,42,2,1,1,5189,2470
2026-02,Summit Auto Group,Summit BMW,Autotrader,internet,235,19,10,9,92826,3486
2026-02,Summit Auto Group,Summit BMW,Cars .com,internet,147,14,8,6,74772,2573
2026-02,Summit Auto Group,Summit BMW,cargurus.com,internet,81,9,5,4,44740,3154
2026-02,Summit Auto Group,Summit BMW,Dealer Website,internet,363,37,20,17,192859,
2026-02,Summit Auto Group,Summit BMW,Lease Return,campaign,29,12,9,3,31994,
2026-02,Summit Auto Group,Summit BMW,Walk-In,showroom,87,37,27,10,211393,
2026-02,Summit Auto Group,Summit BMW,Inbound Phone,phone,118,17,12,5,87133,
2026-02,Summit Auto Group,Summit BMW,Chat,chat,66,5,3,2,20482,747
2026-02,Summit Auto Group,Summit BMW,Facebook,internet,194,7,4,3,23446,1162
2026-02,Summit Auto Group,Summit BMW,TrueCar,internet,44,2,1,1,8495,2158
2026-02,Summit Auto Group,Summit Chevrolet Glenpark,ATC,internet,283,20,11,9,51518,3276
2026-02,Summit Auto Group,Summit Chevrolet Glenpark,Cars .com,internet,130,12,7,5,32790,2418
2026-02,Summit Auto Group,Summit Chevrolet Glenpark,cargurus.com,internet,88,8,4,4,24048,2964
2026-02,Summit Auto Group,Summit Chevrolet Glenpark,Dealer Website,internet,362,31,17,14,119628,
2026-02,Summit Auto Group,Summit Chevrolet Glenpark,Lease Return,campaign,22,3,2,1,5545,
2026-02,Summit Auto Group,Summit Chevrolet Glenpark,Walk In,showroom,79,28,20,8,108183,
2026-02,Summit Auto Group,Summit Chevrolet Glenpark,Inbound Phone,phone,105,15,11,4,40837,
2026-02,Summit Auto Group,Summit Chevrolet Glenpark,Chat,chat,78,5,3,2,11851,702
2026-02,Summit Auto Group,Summit Chevrolet Glenpark,FB Marketplace,internet,167,9,5,4,17023,1092
2026-02,Summit Auto Group,Summit Chevrolet Glenpark,TrueCar,internet,43,2,1,1,4714,2028
2026-02,Summit Auto Group,Summit Ford Rivera,ATC,internet,271,16,9,7,47476,3864
2026-02,Summit Auto Group,Summit Ford Rivera,Cars.com,internet,165,12,7,5,33132,2852
2026-02,Summit Auto Group,Summit Ford Rivera,cargurus.com,internet,100,2,1,1,5130,3496
2026-02,Summit Auto Group,Summit Ford Rivera,Website,internet,350,27,15,12,99534,
2026-02,Summit Auto Group,Summit Ford Rivera,Lease Retention,campaign,27,11,8,3,18495,
2026-02,Summit Auto Group,Summit Ford Rivera,Showroom,showroom,100,46,33,13,150961,
2026-02,Summit Auto Group,Summit Ford Rivera,Inbound Phone,phone,112,21,15,6,62085,
2026-02,Summit Auto Group,Summit Ford Rivera,Live Chat,chat,70,6,3,3,14080,828
2026-02,Summit Auto Group,Summit Ford Rivera,Facebook,internet,217,12,7,5,27230,1288
2026-02,Summit Auto Group,Summit Ford Rivera,TrueCar,internet,41,3,2,1,7384,2392
2026-02,Summit Auto Group,Summit Honda Westland,auto trader,internet,277,19,10,9,53022,3612
2026-02,Summit Auto Group,Summit Honda Westland,Cars.com,internet,163,15,8,7,46365,2666
2026-02,Summit Auto Group,Summit Honda Westland,CarGurus,internet,89,3,2,1,7472,3268
2026-02,Summit Auto Group,Summit Honda Westland,Dealer Website,internet,341,32,18,14,103189,
2026-02,Summit Auto Group,Summit Honda Westland,Lease Return,campaign,27,10,7,3,15372,
2026-02,Summit Auto Group,Summit Honda Westland,Walk In,showroom,83,24,17,7,92750,
2026-02,Summit Auto Group,Summit Honda Westland,Inbound Calls,phone,130,20,14,6,56303,
2026-02,Summit Auto Group,Summit Honda Westland,Website Chat,chat,78,4,2,2,10366,774
2026-02,Summit Auto Group,Summit Honda Westland,Facebook,internet,191,5,3,2,9539,1204
2026-02,Summit Auto Group,Summit Honda Westland,True Car,internet,40,4,2,2,10423,2236
2026-02,Summit Auto Group,Summit Hyundai Oakhurst,Lease Return,campaign,16,5,4,1,7437,
2026-02,Summit Auto Group,Summit Hyundai Oakhurst,Showroom,showroom,176,64,39,25,204460,
2026-02,Summit Auto Group,Summit Hyundai Oakhurst,Inbound Calls,phone,79,12,9,3,39618,
2026-02,Summit Auto Group,Summit Hyundai Oakhurst,Live Chat,chat,44,5,3,2,11343,522
2026-02,Summit Auto Group,Summit Jeep Ram Clearwater,AutoTrader.com,internet,201,10,6,4,28131,2982
2026-02,Summit Auto Group,Summit Jeep Ram Clearwater,Cars .com,internet,139,7,4,3,23332,2201
2026-02,Summit Auto Group,Summit Jeep Ram Clearwater,Car Gurus,internet,72,4,2,2,11658,2698
2026-02,Summit Auto Group,Summit Jeep Ram Clearwater,Website,internet,313,47,26,21,153016,
2026-02,Summit Auto Group,Summit Jeep Ram Clearwater,Lease Return,campaign,20,4,3,1,6654,
2026-02,Summit Auto Group,Summit Jeep Ram Clearwater,Walk In,showroom,73,24,17,7,94481,
2026-02,Summit Auto Group,Summit Jeep Ram Clearwater,Inbound Calls,phone,107,21,15,6,75383,
2026-02,Summit Auto Group,Summit Jeep Ram Clearwater,Live Chat,chat,56,4,2,2,10186,639
2026-02,Summit Auto Group,Summit Jeep Ram Clearwater,Facebook,internet,175,7,4,3,17406,994
2026-02,Summit Auto Group,Summit Jeep Ram Clearwater,True Car,internet,40,1,1,0,2711,1846
2026-02,Summit Auto Group,Summit Kia Brookfield,AutoTrader.com,internet,178,9,5,4,27616,2310
2026-02,Summit Auto Group,Summit Kia Brookfield,CARS,internet,96,9,5,4,26204,1705
2026-02,Summit Auto Group,Summit Kia Brookfield,Car Gurus,internet,50,2,1,1,5833,2090
2026-02,Summit Auto Group,Summit Kia Brookfield,OEM Website,internet,195,20,11,9,67403,
2026-02,Summit Auto Group,Summit Kia Brookfield,Lease Return,campaign,19,6,4,2,8952,
2026-02,Summit Auto Group,Summit Kia Brookfield,Showroom,showroom,44,13,9,4,51309,
2026-02,Summit Auto Group,Summit Kia Brookfield,Inbound Calls,phone,68,10,7,3,30150,
2026-02,Summit Auto Group,Summit Kia Brookfield,Live Chat,chat,41,6,3,3,17442,495
2026-02,Summit Auto Group,Summit Kia Brookfield,Facebook,internet,121,6,3,3,14700,770
2026-02,Summit Auto Group,Summit Kia Brookfield,True Car,internet,27,2,1,1,5104,1430
2026-02,Summit Auto Group,Summit Mazda Lakeside,AutoTrader.com,internet,141,10,6,4,30630,1848
2026-02,Summit Auto Group,Summit Mazda Lakeside,Cars.com,internet,79,9,5,4,28183,1364
2026-02,Summit Auto Group,Summit Mazda Lakeside,CarGurus,internet,42,3,2,1,7748,1672
2026-02,Summit Auto Group,Summit Mazda Lakeside,Dealer Website,internet,201,18,10,8,64502,
2026-02,Summit Auto Group,Summit Mazda Lakeside,Lease Return,campaign,15,5,4,1,7648,
2026-02,Summit Auto Group,Summit Mazda Lakeside,Walk In,showroom,39,11,8,3,44482,
2026-02,Summit Auto Group,Summit Mazda Lakeside,Phone Up,phone,66,14,10,4,40700,
2026-02,Summit Auto Group,Summit Mazda Lakeside,Website Chat,chat,42,2,1,1,5406,396
2026-02,Summit Auto Group,Summit Mazda Lakeside,Facebook,internet,104,5,3,2,11070,616
2026-02,Summit Auto Group,Summit Mazda Lakeside,True Car,internet,23,5,3,2,11364,1144
2026-02,Summit Auto Group,Summit Nissan Ridgemont,auto trader,internet,183,9,5,4,29405,2688
2026-02,Summit Auto Group,Summit Nissan Ridgemont,CARS,internet,124,11,6,5,31366,1984
2026-02,Summit Auto Group,Summit Nissan Ridgemont,CarGurus,internet,78,7,4,3,20644,2432
2026-02,Summit Auto Group,Summit Nissan Ridgemont,Dealer Website,internet,252,30,16,14,107387,
2026-02,Summit Auto Group,Summit Nissan Ridgemont,Lease Retention,campaign,23,6,4,2,9764,
2026-02,Summit Auto Group,Summit Nissan Ridgemont,Walk-In,showroom,58,21,15,6,64691,
2026-02,Summit Auto Group,Summit Nissan Ridgemont,Inbound Calls,phone,77,14,10,4,49495,
2026-02,Summit Auto Group,Summit Nissan Ridgemont,Live Chat,chat,59,0,0,0,0,576
2026-02,Summit Auto Group,Summit Nissan Ridgemont,Facebook,internet,136,5,3,2,11546,896
2026-02,Summit Auto Group,Summit Nissan Ridgemont,TrueCar,internet,36,2,1,1,4288,1664
2026-02,Summit Auto Group,Summit Subaru Northgate,Autotrader,internet,160,11,6,5,31019,2058
2026-02,Summit Auto Group,Summit Subaru Northgate,CARS,internet,88,8,4,4,27948,1519
2026-02,Summit Auto Group,Summit Subaru Northgate,CarGurus,internet,47,4,2,2,10863,1862
2026-02,Summit Auto Group,Summit Subaru Northgate,OEM Website,internet,222,29,16,13,101157,
2026-02,Summit Auto Group,Summit Subaru Northgate,Lease Return,campaign,16,5,4,1,9053,
2026-02,Summit Auto Group,Summit Subaru Northgate,Walk-In,showroom,44,15,11,4,59414,
2026-02,Summit Auto Group,Summit Subaru Northgate,Phone Up,phone,61,9,6,3,25647,
2026-02,Summit Auto Group,Summit Subaru Northgate,Website Chat,chat,44,2,1,1,4507,441
2026-02,Summit Auto Group,Summit Subaru Northgate,Facebook Marketplace,internet,107,6,3,3,12466,686
2026-02,Summit Auto Group,Summit Subaru Northgate,True Car,internet,22,2,1,1,5682,1274
2026-02,Summit Auto Group,Summit Toyota of Fairview,auto trader,internet,347,25,14,11,77141,4200
2026-02,Summit Auto Group,Summit Toyota of Fairview,CARS,internet,184,16,9,7,41676,3100
2026-02,Summit Auto Group,Summit Toyota of Fairview,Car Gurus,internet,97,9,5,4,24887,3800
2026-02,Summit Auto Group,Summit Toyota of Fairview,Dealer Website,internet,349,47,26,21,174413,
2026-02,Summit Auto Group,Summit Toyota of Fairview,Lease Retention,campaign,35,10,7,3,15649,
2026-02,Summit Auto Group,Summit Toyota of Fairview,Showroom,showroom,86,25,18,7,97315,
2026-02,Summit Auto Group,Summit Toyota of Fairview,Inbound Calls,phone,141,30,22,8,105313,
2026-02,Summit Auto Group,Summit Toyota of Fairview,Chat,chat,77,11,6,5,29967,900
2026-02,Summit Auto Group,Summit Toyota of Fairview,FB Marketplace,internet,246,12,7,5,23861,1400
2026-02,Summit Auto Group,Summit Toyota of Fairview,True Car,internet,54,5,3,2,11491,2600
2026-02,Summit Auto Group,Summit Volkswagen Eastdale,auto trader,internet,120,10,6,4,30684,1680
2026-02,Summit Auto Group,Summit Volkswagen Eastdale,Cars .com,internet,79,6,3,3,19542,1240
2026-02,Summit Auto Group,Summit Volkswagen Eastdale,Car Gurus,internet,42,5,3,2,13159,1520
2026-02,Summit Auto Group,Summit Volkswagen Eastdale,Dealer Website,internet,166,20,11,9,64743,
2026-02,Summit Auto Group,Summit Volkswagen Eastdale,Lease Retention,campaign,11,2,1,1,3730,
2026-02,Summit Auto Group,Summit Volkswagen Eastdale,Walk-In,showroom,35,14,10,4,52486,
2026-02,Summit Auto Group,Summit Volkswagen Eastdale,Phone Up,phone,57,12,9,3,39948,
2026-02,Summit Auto Group,Summit Volkswagen Eastdale,Chat,chat,37,2,1,1,4469,360
2026-02,Summit Auto Group,Summit Volkswagen Eastdale,Facebook,internet,91,5,3,2,9457,560
2026-02,Summit Auto Group,Summit Volkswagen Eastdale,True Car,internet,17,2,1,1,5078,1040
2026-03,Harbor Motor Group,Harbor BMW,auto trader,internet,247,13,7,6,66932,3276
2026-03,Harbor Motor Group,Harbor BMW,Cars.com,internet,158,10,6,4,45534,2418
2026-03,Harbor Motor Group,Harbor BMW,Car Gurus,internet,87,3,2,1,13818,2964
2026-03,Harbor Motor Group,Harbor BMW,Dealer Website,internet,350,38,21,17,186476,
2026-03,Harbor Motor Group,Harbor BMW,Lease Retention,campaign,20,6,4,2,17713,
2026-03,Harbor Motor Group,Harbor BMW,Walk In,showroom,74,19,14,5,123643,
2026-03,Harbor Motor Group,Harbor BMW,Phone Up,phone,115,26,19,7,150287,
2026-03,Harbor Motor Group,Harbor BMW,Website Chat,chat,77,4,2,2,14577,702
2026-03,Harbor Motor Group,Harbor BMW,Facebook Marketplace,internet,169,8,4,4,26520,1092
2026-03,Harbor Motor Group,Harbor BMW,True Car,internet,36,2,1,1,9140,2028
2026-03,Harbor Motor Group,Harbor Chevrolet Marina,auto trader,internet,201,18,10,8,47134,2940
2026-03,Harbor Motor Group,Harbor Chevrolet Marina,Cars.com,internet,139,11,6,5,36549,2170
2026-03,Harbor Motor Group,Harbor Chevrolet Marina,Car Gurus,internet,64,4,2,2,11248,2660
2026-03,Harbor Motor Group,Harbor Chevrolet Marina,OEM Website,internet,290,32,18,14,104919,
2026-03,Harbor Motor Group,Harbor Chevrolet Marina,Lease Retention,campaign,20,7,5,2,12180,
2026-03,Harbor Motor Group,Harbor Chevrolet Marina,Walk-In,showroom,60,27,19,8,93361,
2026-03,Harbor Motor Group,Harbor Chevrolet Marina,Inbound Calls,phone,90,21,15,6,66884,
2026-03,Harbor Motor Group,Harbor Chevrolet Marina,Live Chat,chat,62,5,3,2,13904,630
2026-03,Harbor Motor Group,Harbor Chevrolet Marina,FB Marketplace,internet,161,11,6,5,25359,979
2026-03,Harbor Motor Group,Harbor Chevrolet Marina,True Car,internet,31,3,2,1,6450,1819
2026-03,Harbor Motor Group,Harbor Ford Portside,auto trader,internet,251,12,7,5,37745,3696
2026-03,Harbor Motor Group,Harbor Ford Portside,Cars .com,internet,145,12,7,5,41121,2728
2026-03,Harbor Motor Group,Harbor Ford Portside,CarGurus,internet,78,2,1,1,5122,3344
2026-03,Harbor Motor Group,Harbor Ford Portside,OEM Website,internet,307,43,24,19,142069,
2026-03,Harbor Motor Group,Harbor Ford Portside,Lease Return,campaign,25,7,5,2,13613,
2026-03,Harbor Motor Group,Harbor Ford Portside,Showroom,showroom,89,27,19,8,108439,
2026-03,Harbor Motor Group,Harbor Ford Portside,Inbound Calls,phone,114,23,17,6,71288,
2026-03,Harbor Motor Group,Harbor Ford Portside,Live Chat,chat,81,16,9,7,47781,792
2026-03,Harbor Motor Group,Harbor Ford Portside,Facebook Marketplace,internet,206,8,4,4,19709,1232
2026-03,Harbor Motor Group,Harbor Ford Portside,TrueCar,internet,45,5,3,2,10630,2288
2026-03,Harbor Motor Group,Harbor Honda Seaside,ATC,internet,244,19,10,9,47888,3360
2026-03,Harbor Motor Group,Harbor Honda Seaside,Cars .com,internet,157,17,9,8,58203,2480
2026-03,Harbor Motor Group,Harbor Honda Seaside,CarGurus,internet,79,4,2,2,9590,3040
2026-03,Harbor Motor Group,Harbor Honda Seaside,Dealer Website,internet,369,52,29,23,160365,
2026-03,Harbor Motor Group,Harbor Honda Seaside,Lease Retention,campaign,21,8,6,2,14594,
2026-03,Harbor Motor Group,Harbor Honda Seaside,Showroom,showroom,79,23,17,6,90013,
2026-03,Harbor Motor Group,Harbor Honda Seaside,Phone Up,phone,104,22,16,6,74235,
2026-03,Harbor Motor Group,Harbor Honda Seaside,Live Chat,chat,80,4,2,2,9543,720
2026-03,Harbor Motor Group,Harbor Honda Seaside,Facebook,internet,191,14,8,6,28816,1120
2026-03,Harbor Motor Group,Harbor Honda Seaside,TrueCar,internet,40,2,1,1,4588,2080
2026-03,Harbor Motor Group,Harbor Jeep Ram Anchor,AutoTrader.com,internet,229,12,7,5,38833,2772
2026-03,Harbor Motor Group,Harbor Jeep Ram Anchor,Cars .com,internet,126,9,5,4,28089,2046
2026-03,Harbor Motor Group,Harbor Jeep Ram Anchor,cargurus.com,internet,72,8,4,4,23905,2508
2026-03,Harbor Motor Group,Harbor Jeep Ram Anchor,OEM Website,internet,287,24,13,11,80643,
2026-03,Harbor Motor Group,Harbor Jeep Ram Anchor,Lease Retention,campaign,18,8,6,2,13732,
2026-03,Harbor Motor Group,Harbor Jeep Ram Anchor,Walk-In,showroom,63,16,12,4,50241,
2026-03,Harbor Motor Group,Harbor Jeep Ram Anchor,Phone Up,phone,95,20,14,6,70422,
2026-03,Harbor Motor Group,Harbor Jeep Ram Anchor,Chat,chat,52,4,2,2,10344,594
2026-03,Harbor Motor Group,Harbor Jeep Ram Anchor,Facebook,internet,162,8,4,4,18411,924
2026-03,Harbor Motor Group,Harbor Jeep Ram Anchor,TrueCar,internet,27,2,1,1,5625,1716
2026-03,Harbor Motor Group,Harbor Kia Lighthouse,ATC,internet,145,9,5,4,27001,2184
2026-03,Harbor Motor Group,Harbor Kia Lighthouse,CARS,internet,100,9,5,4,29955,1612
2026-03,Harbor Motor Group,Harbor Kia Lighthouse,CarGurus,internet,51,3,2,1,9536,1976
2026-03,Harbor Motor Group,Harbor Kia Lighthouse,Dealer Website,internet,215,32,18,14,119298,
2026-03,Harbor Motor Group,Harbor Kia Lighthouse,Lease Retention,campaign,16,4,3,1,5791,
2026-03,Harbor Motor Group,Harbor Kia Lighthouse,Walk In,showroom,52,21,15,6,64657,
2026-03,Harbor Motor Group,Harbor Kia Lighthouse,Inbound Calls,phone,65,7,5,2,20150,
2026-03,Harbor Motor Group,Harbor Kia Lighthouse,Website Chat,chat,43,5,3,2,13673,468
2026-03,Harbor Motor Group,Harbor Kia Lighthouse,Facebook,internet,116,4,2,2,8744,728
2026-03,Harbor Motor Group,Harbor Kia Lighthouse,True Car,internet,21,2,1,1,4831,1352
2026-03,Harbor Motor Group,Harbor Subaru Tidewater,auto trader,internet,148,11,6,5,35673,1974
2026-03,Harbor Motor Group,Harbor Subaru Tidewater,Cars .com,internet,91,8,4,4,20750,1457
2026-03,Harbor Motor Group,Harbor Subaru Tidewater,Car Gurus,internet,45,1,1,0,2878,1786
2026-03,Harbor Motor Group,Harbor Subaru Tidewater,Dealer Website,internet,190,26,14,12,93586,
2026-03,Harbor Motor Group,Harbor Subaru Tidewater,Lease Return,campaign,12,4,3,1,6951,
2026-03,Harbor Motor Group,Harbor Subaru Tidewater,Showroom,showroom,50,22,16,6,89163,
2026-03,Harbor Motor Group,Harbor Subaru Tidewater,Phone Up,phone,66,12,9,3,42379,
2026-03,Harbor Motor Group,Harbor Subaru Tidewater,Website Chat,chat,41,5,3,2,11832,423
2026-03,Harbor Motor Group,Harbor Subaru Tidewater,FB Marketplace,internet,114,2,1,1,4574,658
2026-03,Harbor Motor Group,Harbor Subaru Tidewater,True Car,internet,19,0,0,0,0,1222
2026-03,Harbor Motor Group,Harbor Toyota Bayview,Autotrader,internet,322,26,14,12,75088,3990
2026-03,Harbor Motor Group,Harbor Toyota Bayview,Cars .com,internet,159,12,7,5,39415,2945
2026-03,Harbor Motor Group,Harbor Toyota Bayview,cargurus.com,internet,90,10,6,4,28346,3610
2026-03,Harbor Motor Group,Harbor Toyota Bayview,OEM Website,internet,380,54,30,24,199454,
2026-03,Harbor Motor Group,Harbor Toyota Bayview,Lease Return,campaign,32,9,6,3,13497,
2026-03,Harbor Motor Group,Harbor Toyota Bayview,Walk In,showroom,94,32,23,9,104220,
2026-03,Harbor Motor Group,Harbor Toyota Bayview,Inbound Phone,phone,114,19,14,5,58027,
2026-03,Harbor Motor Group,Harbor Toyota Bayview,Website Chat,chat,81,9,5,4,20962,855
2026-03,Harbor Motor Group,Harbor Toyota Bayview,Facebook Marketplace,internet,206,9,5,4,20183,1330
2026-03,Harbor Motor Group,Harbor Toyota Bayview,True Car,internet,49,2,1,1,4468,2470
2026-03,Summit Auto Group,Summit BMW,Autotrader,internet,250,22,12,10,88430,3486
2026-03,Summit Auto Group,Summit BMW,Cars .com,internet,147,17,9,8,88165,2573
2026-03,Summit Auto Group,Summit BMW,cargurus.com,internet,71,6,3,3,25709,3154
2026-03,Summit Auto Group,Summit BMW,Dealer Website,internet,296,35,19,16,215700,
2026-03,Summit Auto Group,Summit BMW,Lease Return,campaign,26,8,6,2,24348,
2026-03,Summit Auto Group,Summit BMW,Walk-In,showroom,84,29,21,8,162689,
2026-03,Summit Auto Group,Summit BMW,Inbound Phone,phone,117,20,14,6,115793,
2026-03,Summit Auto Group,Summit BMW,Chat,chat,79,11,6,5,48592,747
2026-03,Summit Auto Group,Summit BMW,Facebook,internet,199,10,6,4,38894,1162
2026-03,Summit Auto Group,Summit BMW,TrueCar,internet,35,1,1,0,4161,2158
2026-03,Summit Auto Group,Summit Chevrolet Glenpark,ATC,internet,265,18,10,8,50957,3276
2026-03,Summit Auto Group,Summit Chevrolet Glenpark,Cars .com,internet,162,8,4,4,22004,2418
2026-03,Summit Auto Group,Summit Chevrolet Glenpark,cargurus.com,internet,72,2,1,1,5157,2964
2026-03,Summit Auto Group,Summit Chevrolet Glenpark,Dealer Website,internet,355,38,21,17,142580,
2026-03,Summit Auto Group,Summit Chevrolet Glenpark,Lease Return,campaign,25,6,4,2,10522,
2026-03,Summit Auto Group,Summit Chevrolet Glenpark,Walk In,showroom,63,21,15,6,77920,
2026-03,Summit Auto Group,Summit Chevrolet Glenpark,Inbound Phone,phone,110,24,17,7,78270,
2026-03,Summit Auto Group,Summit Chevrolet Glenpark,Chat,chat,71,7,4,3,20407,702
2026-03,Summit Auto Group,Summit Chevrolet Glenpark,FB Marketplace,internet,172,9,5,4,18944,1092
2026-03,Summit Auto Group,Summit Chevrolet Glenpark,TrueCar,internet,38,5,3,2,13841,2028
2026-03,Summit Auto Group,Summit Ford Rivera,ATC,internet,269,13,7,6,32466,3864
2026-03,Summit Auto Group,Summit Ford Rivera,Cars.com,internet,161,13,7,6,36744,2852
2026-03,Summit Auto Group,Summit Ford Rivera,cargurus.com,internet,102,3,2,1,7104,3496
2026-03,Summit Auto Group,Summit Ford Rivera,Website,internet,403,32,18,14,117246,
2026-03,Summit Auto Group,Summit Ford Rivera,Lease Retention,campaign,28,10,7,3,15620,
2026-03,Summit Auto Group,Summit Ford Rivera,Showroom,showroom,91,36,26,10,130556,
2026-03,Summit Auto Group,Summit Ford Rivera,Inbound Phone,phone,117,23,17,6,82431,
2026-03,Summit Auto Group,Summit Ford Rivera,Live Chat,chat,82,5,3,2,11714,828
2026-03,Summit Auto Group,Summit Ford Rivera,Facebook,internet,208,9,5,4,20940,1288
2026-03,Summit Auto Group,Summit Ford Rivera,TrueCar,internet,37,2,1,1,5539,2392
2026-03,Summit Auto Group,Summit Honda Westland,auto trader,internet,253,9,5,4,27691,3612
2026-03,Summit Auto Group,Summit Honda Westland,Cars.com,internet,140,15,8,7,39339,2666
2026-03,Summit Auto Group,Summit Honda Westland,CarGurus,internet,74,6,3,3,18949,3268
2026-03,Summit Auto Group,Summit Honda Westland,Dealer Website,internet,309,28,15,13,89430,
2026-03,Summit Auto Group,Summit Honda Westland,Lease Return,campaign,21,8,6,2,14413,
2026-03,Summit Auto Group,Summit Honda Westland,Walk In,showroom,75,25,18,7,80376,
2026-03,Summit Auto Group,Summit Honda Westland,Inbound Calls,phone,114,26,19,7,69945,
2026-03,Summit Auto Group,Summit Honda Westland,Website Chat,chat,69,6,3,3,15970,774
2026-03,Summit Auto Group,Summit Honda Westland,Facebook,internet,200,8,4,4,16204,1204
2026-03,Summit Auto Group,Summit Honda Westland,True Car,internet,38,2,1,1,4835,2236
2026-03,Summit Auto Group,Summit Hyundai Oakhurst,Lease Return,campaign,16,5,4,1,7353,
2026-03,Summit Auto Group,Summit Hyundai Oakhurst,Showroom,showroom,230,78,46,32,232737,
2026-03,Summit Auto Group,Summit Hyundai Oakhurst,Inbound Calls,phone,74,14,10,4,46949,
2026-03,Summit Auto Group,Summit Hyundai Oakhurst,Live Chat,chat,57,8,4,4,20680,522
2026-03,Summit Auto Group,Summit Jeep Ram Clearwater,AutoTrader.com,internet,254,13,7,6,34102,2982
2026-03,Summit Auto Group,Summit Jeep Ram Clearwater,Cars .com,internet,124,12,7,5,36247,2201
2026-03,Summit Auto Group,Summit Jeep Ram Clearwater,Car Gurus,internet,79,5,3,2,15777,2698
2026-03,Summit Auto Group,Summit Jeep Ram Clearwater,Website,internet,265,32,18,14,95086,
2026-03,Summit Auto Group,Summit Jeep Ram Clearwater,Lease Return,campaign,22,5,4,1,8967,
2026-03,Summit Auto Group,Summit Jeep Ram Clearwater,Walk In,showroom,69,30,22,8,103277,
2026-03,Summit Auto Group,Summit Jeep Ram Clearwater,Inbound Calls,phone,109,19,14,5,53073,
2026-03,Summit Auto Group,Summit Jeep Ram Clearwater,Live Chat,chat,63,3,2,1,8446,639
2026-03,Summit Auto Group,Summit Jeep Ram Clearwater,Facebook,internet,167,6,3,3,14103,994
2026-03,Summit Auto Group,Summit Jeep Ram Clearwater,True Car,internet,32,2,1,1,4591,1846
2026-03,Summit Auto Group,Summit Kia Brookfield,AutoTrader.com,internet,151,19,10,9,50606,2310
2026-03,Summit Auto Group,Summit Kia Brookfield,CARS,internet,103,11,6,5,34120,1705
2026-03,Summit Auto Group,Summit Kia Brookfield,Car Gurus,internet,51,3,2,1,8389,2090
2026-03,Summit Auto Group,Summit Kia Brookfield,OEM Website,internet,225,35,19,16,129658,
2026-03,Summit Auto Group,Summit Kia Brookfield,Lease Return,campaign,15,1,1,0,1888,
2026-03,Summit Auto Group,Summit Kia Brookfield,Showroom,showroom,56,16,12,4,63266,
2026-03,Summit Auto Group,Summit Kia Brookfield,Inbound Calls,phone,82,12,9,3,35127,
2026-03,Summit Auto Group,Summit Kia Brookfield,Live Chat,chat,55,5,3,2,14104,495
2026-03,Summit Auto Group,Summit Kia Brookfield,Facebook,internet,127,8,4,4,16764,770
2026-03,Summit Auto Group,Summit Kia Brookfield,True Car,internet,27,1,1,0,2530,1430
2026-03,Summit Auto Group,Summit Mazda Lakeside,AutoTrader.com,internet,130,8,4,4,25788,1848
2026-03,Summit Auto Group,Summit Mazda Lakeside,Cars.com,internet,94,13,7,6,44387,1364
2026-03,Summit Auto Group,Summit Mazda Lakeside,CarGurus,internet,42,4,2,2,11831,1672
2026-03,Summit Auto Group,Summit Mazda Lakeside,Dealer Website,internet,195,22,12,10,66076,
2026-03,Summit Auto Group,Summit Mazda Lakeside,Lease Return,campaign,12,4,3,1,7679,
2026-03,Summit Auto Group,Summit Mazda Lakeside,Walk In,showroom,36,10,7,3,36679,
2026-03,Summit Auto Group,Summit Mazda Lakeside,Phone Up,phone,64,12,9,3,32393,
2026-03,Summit Auto Group,Summit Mazda Lakeside,Website Chat,chat,42,2,1,1,4448,396
2026-03,Summit Auto Group,Summit Mazda Lakeside,Facebook,internet,107,4,2,2,9836,616
2026-03,Summit Auto Group,Summit Mazda Lakeside,True Car,internet,20,2,1,1,4572,1144
2026-03,Summit Auto Group,Summit Nissan Ridgemont,auto trader,internet,209,15,8,7,49686,2688
2026-03,Summit Auto Group,Summit Nissan Ridgemont,CARS,internet,124,10,6,4,31726,1984
2026-03,Summit Auto Group,Summit Nissan Ridgemont,CarGurus,internet,61,5,3,2,12797,2432
2026-03,Summit Auto Group,Summit Nissan Ridgemont,Dealer Website,internet,270,33,18,15,111407,
2026-03,Summit Auto Group,Summit Nissan Ridgemont,Lease Retention,campaign,18,4,3,1,6746,
2026-03,Summit Auto Group,Summit Nissan Ridgemont,Walk-In,showroom,59,20,14,6,63238,
2026-03,Summit Auto Group,Summit Nissan Ridgemont,Inbound Calls,phone,95,22,16,6,74250,
2026-03,Summit Auto Group,Summit Nissan Ridgemont,Live Chat,chat,62,6,3,3,14814,576
2026-03,Summit Auto Group,Summit Nissan Ridgemont,Facebook,internet,154,6,3,3,13904,896
2026-03,Summit Auto Group,Summit Nissan Ridgemont,TrueCar,internet,31,4,2,2,8583,1664
2026-03,Summit Auto Group,Summit Subaru Northgate,Autotrader,internet,166,11,6,5,34130,2058
2026-03,Summit Auto Group,Summit Subaru Northgate,CARS,internet,81,12,7,5,37488,1519
2026-03,Summit Auto Group,Summit Subaru Northgate,CarGurus,internet,55,2,1,1,5246,1862
2026-03,Summit Auto Group,Summit Subaru Northgate,OEM Website,internet,195,16,9,7,51686,
2026-03,Summit Auto Group,Summit Subaru Northgate,Lease Return,campaign,14,4,3,1,7155,
2026-03,Summit Auto Group,Summit Subaru Northgate,Walk-In,showroom,43,10,7,3,39315,
2026-03,Summit Auto Group,Summit Subaru Northgate,Phone Up,phone,60,12,9,3,36248,
2026-03,Summit Auto Group,Summit Subaru Northgate,Website Chat,chat,45,0,0,0,0,441
2026-03,Summit Auto Group,Summit Subaru Northgate,Facebook Marketplace,internet,117,1,1,0,2149,686
2026-03,Summit Auto Group,Summit Subaru Northgate,True Car,internet,25,2,1,1,5368,1274
2026-03,Summit Auto Group,Summit Toyota of Fairview,auto trader,internet,354,29,16,13,79970,4200
2026-03,Summit Auto Group,Summit Toyota of Fairview,CARS,internet,210,17,9,8,58371,3100
2026-03,Summit Auto Group,Summit Toyota of Fairview,Car Gurus,internet,104,7,4,3,18650,3800
2026-03,Summit Auto Group,Summit Toyota of Fairview,Dealer Website,internet,387,36,20,16,114659,
2026-03,Summit Auto Group,Summit Toyota of Fairview,Lease Retention,campaign,31,9,6,3,14687,
2026-03,Summit Auto Group,Summit Toyota of Fairview,Showroom,showroom,89,29,21,8,89496,
2026-03,Summit Auto Group,Summit Toyota of Fairview,Inbound Calls,phone,124,20,14,6,57449,
2026-03,Summit Auto Group,Summit Toyota of Fairview,Chat,chat,81,5,3,2,12132,900
2026-03,Summit Auto Group,Summit Toyota of Fairview,FB Marketplace,internet,222,13,7,6,27056,1400
2026-03,Summit Auto Group,Summit Toyota of Fairview,True Car,internet,49,4,2,2,9750,2600
2026-03,Summit Auto Group,Summit Volkswagen Eastdale,auto trader,internet,143,15,8,7,44013,1680
2026-03,Summit Auto Group,Summit Volkswagen Eastdale,Cars .com,internet,87,6,3,3,18502,1240
2026-03,Summit Auto Group,Summit Volkswagen Eastdale,Car Gurus,internet,45,3,2,1,8255,1520
2026-03,Summit Auto Group,Summit Volkswagen Eastdale,Dealer Website,internet,170,18,10,8,53729,
2026-03,Summit Auto Group,Summit Volkswagen Eastdale,Lease Retention,campaign,10,3,2,1,4852,
2026-03,Summit Auto Group,Summit Volkswagen Eastdale,Walk-In,showroom,41,16,12,4,54895,
2026-03,Summit Auto Group,Summit Volkswagen Eastdale,Phone Up,phone,63,11,8,3,39740,
2026-03,Summit Auto Group,Summit Volkswagen Eastdale,Chat,chat,34,0,0,0,0,360
2026-03,Summit Auto Group,Summit Volkswagen Eastdale,Facebook,internet,95,4,2,2,7714,560
2026-03,Summit Auto Group,Summit Volkswagen Eastdale,True Car,internet,16,2,1,1,4753,1040
2026-04,Harbor Motor Group,Harbor BMW,auto trader,internet,276,19,10,9,101379,3276
2026-04,Harbor Motor Group,Harbor BMW,Cars.com,internet,138,8,4,4,36945,2418
2026-04,Harbor Motor Group,Harbor BMW,Car Gurus,internet,76,4,2,2,17902,2964
2026-04,Harbor Motor Group,Harbor BMW,Dealer Website,internet,344,44,24,20,223619,
2026-04,Harbor Motor Group,Harbor BMW,Lease Retention,campaign,22,8,6,2,22620,
2026-04,Harbor Motor Group,Harbor BMW,Walk In,showroom,73,27,19,8,157976,
2026-04,Harbor Motor Group,Harbor BMW,Phone Up,phone,107,16,12,4,75908,
2026-04,Harbor Motor Group,Harbor BMW,Website Chat,chat,71,7,4,3,24966,702
2026-04,Harbor Motor Group,Harbor BMW,Facebook Marketplace,internet,176,5,3,2,16301,1092
2026-04,Harbor Motor Group,Harbor BMW,True Car,internet,33,1,1,0,4356,2028
2026-04,Harbor Motor Group,Harbor Chevrolet Marina,auto trader,internet,226,15,8,7,45897,2940
2026-04,Harbor Motor Group,Harbor Chevrolet Marina,Cars.com,internet,149,14,8,6,40896,2170
2026-04,Harbor Motor Group,Harbor Chevrolet Marina,Car Gurus,internet,68,7,4,3,17003,2660
2026-04,Harbor Motor Group,Harbor Chevrolet Marina,OEM Website,internet,245,30,16,14,95654,
2026-04,Harbor Motor Group,Harbor Chevrolet Marina,Lease Retention,campaign,17,7,5,2,11099,
2026-04,Harbor Motor Group,Harbor Chevrolet Marina,Walk-In,showroom,72,28,20,8,113879,
2026-04,Harbor Motor Group,Harbor Chevrolet Marina,Inbound Calls,phone,87,21,15,6,67463,
2026-04,Harbor Motor Group,Harbor Chevrolet Marina,Live Chat,chat,58,2,1,1,5177,630
2026-04,Harbor Motor Group,Harbor Chevrolet Marina,FB Marketplace,internet,172,5,3,2,11982,979
2026-04,Harbor Motor Group,Harbor Chevrolet Marina,True Car,internet,26,1,1,0,2352,1819
2026-04,Harbor Motor Group,Harbor Ford Portside,auto trader,internet,254,13,7,6,41586,3696
2026-04,Harbor Motor Group,Harbor Ford Portside,Cars .com,internet,159,15,8,7,52365,2728
2026-04,Harbor Motor Group,Harbor Ford Portside,CarGurus,internet,77,8,4,4,19540,3344
2026-04,Harbor Motor Group,Harbor Ford Portside,OEM Website,internet,352,40,22,18,155591,
2026-04,Harbor Motor Group,Harbor Ford Portside,Lease Return,campaign,25,11,8,3,17151,
2026-04,Harbor Motor Group,Harbor Ford Portside,Showroom,showroom,76,31,22,9,124868,
2026-04,Harbor Motor Group,Harbor Ford Portside,Inbound Calls,phone,137,23,17,6,83267,
2026-04,Harbor Motor Group,Harbor Ford Portside,Live Chat,chat,73,4,2,2,10885,792
2026-04,Harbor Motor Group,Harbor Ford Portside,Facebook Marketplace,internet,217,10,6,4,21819,1232
2026-04,Harbor Motor Group,Harbor Ford Portside,TrueCar,internet,43,3,2,1,6608,2288
2026-04,Harbor Motor Group,Harbor Honda Seaside,ATC,internet,263,20,11,9,57066,3360
2026-04,Harbor Motor Group,Harbor Honda Seaside,Cars .com,internet,151,9,5,4,30155,2480
2026-04,Harbor Motor Group,Harbor Honda Seaside,CarGurus,internet,79,5,3,2,12970,3040
2026-04,Harbor Motor Group,Harbor Honda Seaside,Dealer Website,internet,296,31,17,14,113955,
2026-04,Harbor Motor Group,Harbor Honda Seaside,Lease Retention,campaign,24,6,4,2,9634,
2026-04,Harbor Motor Group,Harbor Honda Seaside,Showroom,showroom,85,33,24,9,118859,
2026-04,Harbor Motor Group,Harbor Honda Seaside,Phone Up,phone,96,17,12,5,46209,
2026-04,Harbor Motor Group,Harbor Honda Seaside,Live Chat,chat,62,5,3,2,13613,720
2026-04,Harbor Motor Group,Harbor Honda Seaside,Facebook,internet,194,3,2,1,5710,1120
2026-04,Harbor Motor Group,Harbor Honda Seaside,TrueCar,internet,37,0,0,0,0,2080
2026-04,Harbor Motor Group,Harbor Jeep Ram Anchor,AutoTrader.com,internet,188,13,7,6,37401,2772
2026-04,Harbor Motor Group,Harbor Jeep Ram Anchor,Cars .com,internet,113,8,4,4,21221,2046
2026-04,Harbor Motor Group,Harbor Jeep Ram Anchor,cargurus.com,internet,59,4,2,2,10127,2508
2026-04,Harbor Motor Group,Harbor Jeep Ram Anchor,OEM Website,internet,294,38,21,17,126307,
2026-04,Harbor Motor Group,Harbor Jeep Ram Anchor,Lease Retention,campaign,19,5,4,1,9453,
2026-04,Harbor Motor Group,Harbor Jeep Ram Anchor,Walk-In,showroom,70,30,22,8,100899,
2026-04,Harbor Motor Group,Harbor Jeep Ram Anchor,Phone Up,phone,92,19,14,5,63206,
2026-04,Harbor Motor Group,Harbor Jeep Ram Anchor,Chat,chat,60,4,2,2,11018,594
2026-04,Harbor Motor Group,Harbor Jeep Ram Anchor,Facebook,internet,145,8,4,4,16188,924
2026-04,Harbor Motor Group,Harbor Jeep Ram Anchor,TrueCar,internet,24,1,1,0,2787,1716
2026-04,Harbor Motor Group,Harbor Kia Lighthouse,ATC,internet,188,14,8,6,46388,2184
2026-04,Harbor Motor Group,Harbor Kia Lighthouse,CARS,internet,95,8,4,4,26544,1612
2026-04,Harbor Motor Group,Harbor Kia Lighthouse,CarGurus,internet,42,2,1,1,4853,1976
2026-04,Harbor Motor Group,Harbor Kia Lighthouse,Dealer Website,internet,229,26,14,12,89731,
2026-04,Harbor Motor Group,Harbor Kia Lighthouse,Lease Retention,campaign,16,6,4,2,8753,
2026-04,Harbor Motor Group,Harbor Kia Lighthouse,Walk In,showroom,47,18,13,5,67996,
2026-04,Harbor Motor Group,Harbor Kia Lighthouse,Inbound Calls,phone,69,14,10,4,39766,
2026-04,Harbor Motor Group,Harbor Kia Lighthouse,Website Chat,chat,42,6,3,3,15619,468
2026-04,Harbor Motor Group,Harbor Kia Lighthouse,Facebook,internet,112,2,1,1,4736,728
2026-04,Harbor Motor Group,Harbor Kia Lighthouse,True Car,internet,23,0,0,0,0,1352
2026-04,Harbor Motor Group,Harbor Subaru Tidewater,auto trader,internet,161,14,8,6,46037,1974
2026-04,Harbor Motor Group,Harbor Subaru Tidewater,Cars .com,internet,79,8,4,4,27598,1457
2026-04,Harbor Motor Group,Harbor Subaru Tidewater,Car Gurus,internet,45,1,1,0,2669,1786
2026-04,Harbor Motor Group,Harbor Subaru Tidewater,Dealer Website,internet,207,19,10,9,61756,
2026-04,Harbor Motor Group,Harbor Subaru Tidewater,Lease Return,campaign,14,2,1,1,3056,
2026-04,Harbor Motor Group,Harbor Subaru Tidewater,Showroom,showroom,50,16,12,4,53855,
2026-04,Harbor Motor Group,Harbor Subaru Tidewater,Phone Up,phone,60,16,12,4,50856,
2026-04,Harbor Motor Group,Harbor Subaru Tidewater,Website Chat,chat,35,3,2,1,8964,423
2026-04,Harbor Motor Group,Harbor Subaru Tidewater,FB Marketplace,internet,103,5,3,2,9608,658
2026-04,Harbor Motor Group,Harbor Subaru Tidewater,True Car,internet,18,1,1,0,2529,1222
2026-04,Harbor Motor Group,Harbor Toyota Bayview,Autotrader,internet,349,20,11,9,61167,3990
2026-04,Harbor Motor Group,Harbor Toyota Bayview,Cars .com,internet,202,22,12,10,69106,2945
2026-04,Harbor Motor Group,Harbor Toyota Bayview,cargurus.com,internet,77,7,4,3,22169,3610
2026-04,Harbor Motor Group,Harbor Toyota Bayview,OEM Website,internet,445,45,25,20,169942,
2026-04,Harbor Motor Group,Harbor Toyota Bayview,Lease Return,campaign,28,9,6,3,13879,
2026-04,Harbor Motor Group,Harbor Toyota Bayview,Walk In,showroom,77,30,22,8,118028,
2026-04,Harbor Motor Group,Harbor Toyota Bayview,Inbound Phone,phone,152,42,30,12,146785,
2026-04,Harbor Motor Group,Harbor Toyota Bayview,Website Chat,chat,87,7,4,3,18571,855
2026-04,Harbor Motor Group,Harbor Toyota Bayview,Facebook Marketplace,internet,210,12,7,5,24463,1330
2026-04,Harbor Motor Group,Harbor Toyota Bayview,True Car,internet,39,1,1,0,2518,2470
2026-04,Summit Auto Group,Summit BMW,Autotrader,internet,265,25,14,11,100702,3486
2026-04,Summit Auto Group,Summit BMW,Cars .com,internet,145,18,10,8,76594,2573
2026-04,Summit Auto Group,Summit BMW,cargurus.com,internet,72,1,1,0,4775,3154
2026-04,Summit Auto Group,Summit BMW,Dealer Website,internet,375,45,25,20,215750,
2026-04,Summit Auto Group,Summit BMW,Lease Return,campaign,24,8,6,2,24566,
2026-04,Summit Auto Group,Summit BMW,Walk-In,showroom,82,29,21,8,177309,
2026-04,Summit Auto Group,Summit BMW,Inbound Phone,phone,129,30,22,8,143274,
2026-04,Summit Auto Group,Summit BMW,Chat,chat,63,4,2,2,15010,747
2026-04,Summit Auto Group,Summit BMW,Facebook,internet,197,7,4,3,27711,1162
2026-04,Summit Auto Group,Summit BMW,TrueCar,internet,31,1,1,0,3747,2158
2026-04,Summit Auto Group,Summit Chevrolet Glenpark,ATC,internet,243,12,7,5,38532,3276
2026-04,Summit Auto Group,Summit Chevrolet Glenpark,Cars .com,internet,166,19,10,9,51220,2418
2026-04,Summit Auto Group,Summit Chevrolet Glenpark,cargurus.com,internet,70,3,2,1,7453,2964
2026-04,Summit Auto Group,Summit Chevrolet Glenpark,Dealer Website,internet,329,30,16,14,91528,
2026-04,Summit Auto Group,Summit Chevrolet Glenpark,Lease Return,campaign,22,5,4,1,7225,
2026-04,Summit Auto Group,Summit Chevrolet Glenpark,Walk In,showroom,70,24,17,7,98995,
2026-04,Summit Auto Group,Summit Chevrolet Glenpark,Inbound Phone,phone,93,13,9,4,43279,
2026-04,Summit Auto Group,Summit Chevrolet Glenpark,Chat,chat,71,4,2,2,11102,702
2026-04,Summit Auto Group,Summit Chevrolet Glenpark,FB Marketplace,internet,173,7,4,3,13666,1092
2026-04,Summit Auto Group,Summit Chevrolet Glenpark,TrueCar,internet,34,3,2,1,6771,2028
2026-04,Summit Auto Group,Summit Ford Rivera,ATC,internet,288,19,10,9,53920,3864
2026-04,Summit Auto Group,Summit Ford Rivera,Cars.com,internet,191,23,13,10,62053,2852
2026-04,Summit Auto Group,Summit Ford Rivera,cargurus.com,internet,90,2,1,1,6185,3496
2026-04,Summit Auto Group,Summit Ford Rivera,Website,internet,402,44,24,20,141809,
2026-04,Summit Auto Group,Summit Ford Rivera,Lease Retention,campaign,21,3,2,1,5759,
2026-04,Summit Auto Group,Summit Ford Rivera,Showroom,showroom,75,28,20,8,94918,
2026-04,Summit Auto Group,Summit Ford Rivera,Inbound Phone,phone,133,15,11,4,52316,
2026-04,Summit Auto Group,Summit Ford Rivera,Live Chat,chat,88,3,2,1,7791,828
2026-04,Summit Auto Group,Summit Ford Rivera,Facebook,internet,201,7,4,3,17579,1288
2026-04,Summit Auto Group,Summit Ford Rivera,TrueCar,internet,37,5,3,2,12321,2392
2026-04,Summit Auto Group,Summit Honda Westland,auto trader,internet,282,24,13,11,78708,3612
2026-04,Summit Auto Group,Summit Honda Westland,Cars.com,internet,172,7,4,3,19036,2666
2026-04,Summit Auto Group,Summit Honda Westland,CarGurus,internet,88,7,4,3,20478,3268
2026-04,Summit Auto Group,Summit Honda Westland,Dealer Website,internet,372,46,25,21,135344,
2026-04,Summit Auto Group,Summit Honda Westland,Lease Return,campaign,27,7,5,2,12149,
2026-04,Summit Auto Group,Summit Honda Westland,Walk In,showroom,79,27,19,8,107614,
2026-04,Summit Auto Group,Summit Honda Westland,Inbound Calls,phone,125,16,12,4,56890,
2026-04,Summit Auto Group,Summit Honda Westland,Website Chat,chat,82,4,2,2,10613,774
2026-04,Summit Auto Group,Summit Honda Westland,Facebook,internet,185,8,4,4,18576,1204
2026-04,Summit Auto Group,Summit Honda Westland,True Car,internet,33,2,1,1,5584,2236
2026-04,Summit Auto Group,Summit Hyundai Oakhurst,Lease Return,campaign,14,6,4,2,11552,
2026-04,Summit Auto Group,Summit Hyundai Oakhurst,Showroom,showroom,253,90,52,38,296196,
2026-04,Summit Auto Group,Summit Hyundai Oakhurst,Inbound Calls,phone,85,16,12,4,49060,
2026-04,Summit Auto Group,Summit Hyundai Oakhurst,Live Chat,chat,51,2,1,1,4493,522
2026-04,Summit Auto Group,Summit Jeep Ram Clearwater,AutoTrader.com,internet,204,18,10,8,54280,2982
2026-04,Summit Auto Group,Summit Jeep Ram Clearwater,Cars .com,internet,151,11,6,5,36860,2201
2026-04,Summit Auto Group,Summit Jeep Ram Clearwater,Car Gurus,internet,59,5,3,2,15278,2698
2026-04,Summit Auto Group,Summit Jeep Ram Clearwater,Website,internet,304,44,24,20,137792,
2026-04,Summit Auto Group,Summit Jeep Ram Clearwater,Lease Return,campaign,19,8,6,2,11923,
2026-04,Summit Auto Group,Summit Jeep Ram Clearwater,Walk In,showroom,70,22,16,6,72417,
2026-04,Summit Auto Group,Summit Jeep Ram Clearwater,Inbound Calls,phone,106,28,20,8,94454,
2026-04,Summit Auto Group,Summit Jeep Ram Clearwater,Live Chat,chat,56,4,2,2,10869,639
2026-04,Summit Auto Group,Summit Jeep Ram Clearwater,Facebook,internet,170,14,8,6,29151,994
2026-04,Summit Auto Group,Summit Jeep Ram Clearwater,True Car,internet,32,1,1,0,2538,1846
2026-04,Summit Auto Group,Summit Kia Brookfield,AutoTrader.com,internet,164,9,5,4,23513,2310
2026-04,Summit Auto Group,Summit Kia Brookfield,CARS,internet,111,6,3,3,17164,1705
2026-04,Summit Auto Group,Summit Kia Brookfield,Car Gurus,internet,44,4,2,2,11352,2090
2026-04,Summit Auto Group,Summit Kia Brookfield,OEM Website,internet,233,28,15,13,105891,
2026-04,Summit Auto Group,Summit Kia Brookfield,Lease Return,campaign,13,6,4,2,11639,
2026-04,Summit Auto Group,Summit Kia Brookfield,Showroom,showroom,44,9,6,3,31085,
2026-04,Summit Auto Group,Summit Kia Brookfield,Inbound Calls,phone,82,18,13,5,60917,
2026-04,Summit Auto Group,Summit Kia Brookfield,Live Chat,chat,54,6,3,3,13606,495
2026-04,Summit Auto Group,Summit Kia Brookfield,Facebook,internet,121,9,5,4,21914,770
2026-04,Summit Auto Group,Summit Kia Brookfield,True Car,internet,26,1,1,0,2769,1430
2026-04,Summit Auto Group,Summit Mazda Lakeside,AutoTrader.com,internet,143,7,4,3,18503,1848
2026-04,Summit Auto Group,Summit Mazda Lakeside,Cars.com,internet,71,8,4,4,23391,1364
2026-04,Summit Auto Group,Summit Mazda Lakeside,CarGurus,internet,42,0,0,0,0,1672
2026-04,Summit Auto Group,Summit Mazda Lakeside,Dealer Website,internet,182,12,7,5,43967,
2026-04,Summit Auto Group,Summit Mazda Lakeside,Lease Return,campaign,12,2,1,1,3229,
2026-04,Summit Auto Group,Summit Mazda Lakeside,Walk In,showroom,38,14,10,4,55070,
2026-04,Summit Auto Group,Summit Mazda Lakeside,Phone Up,phone,55,12,9,3,40811,
2026-04,Summit Auto Group,Summit Mazda Lakeside,Website Chat,chat,40,2,1,1,5617,396
2026-04,Summit Auto Group,Summit Mazda Lakeside,Facebook,internet,95,5,3,2,12492,616
2026-04,Summit Auto Group,Summit Mazda Lakeside,True Car,internet,20,1,1,0,2461,1144
2026-04,Summit Auto Group,Summit Nissan Ridgemont,auto trader,internet,184,12,7,5,34838,2688
2026-04,Summit Auto Group,Summit Nissan Ridgemont,CARS,internet,109,10,6,4,28019,1984
2026-04,Summit Auto Group,Summit Nissan Ridgemont,CarGurus,internet,61,6,3,3,16179,2432
2026-04,Summit Auto Group,Summit Nissan Ridgemont,Dealer Website,internet,283,32,18,14,124206,
2026-04,Summit Auto Group,Summit Nissan Ridgemont,Lease Retention,campaign,17,7,5,2,11919,
2026-04,Summit Auto Group,Summit Nissan Ridgemont,Walk-In,showroom,55,20,14,6,74023,
2026-04,Summit Auto Group,Summit Nissan Ridgemont,Inbound Calls,phone,78,15,11,4,46981,
2026-04,Summit Auto Group,Summit Nissan Ridgemont,Live Chat,chat,61,8,4,4,23259,576
2026-04,Summit Auto Group,Summit Nissan Ridgemont,Facebook,internet,149,4,2,2,9008,896
2026-04,Summit Auto Group,Summit Nissan Ridgemont,TrueCar,internet,24,1,1,0,2128,1664
2026-04,Summit Auto Group,Summit Subaru Northgate,Autotrader,internet,179,12,7,5,30717,2058
2026-04,Summit Auto Group,Summit Subaru Northgate,CARS,internet,93,9,5,4,26061,1519
2026-04,Summit Auto Group,Summit Subaru Northgate,CarGurus,internet,40,3,2,1,7438,1862
2026-04,Summit Auto Group,Summit Subaru Northgate,OEM Website,internet,218,28,15,13,91536,
2026-04,Summit Auto Group,Summit Subaru Northgate,Lease Return,campaign,14,4,3,1,7385,
2026-04,Summit Auto Group,Summit Subaru Northgate,Walk-In,showroom,52,18,13,5,55839,
2026-04,Summit Auto Group,Summit Subaru Northgate,Phone Up,phone,69,14,10,4,48416,
2026-04,Summit Auto Group,Summit Subaru Northgate,Website Chat,chat,48,5,3,2,11220,441
2026-04,Summit Auto Group,Summit Subaru Northgate,Facebook Marketplace,internet,117,3,2,1,6187,686
2026-04,Summit Auto Group,Summit Subaru Northgate,True Car,internet,22,4,2,2,10111,1274
2026-04,Summit Auto Group,Summit Toyota of Fairview,auto trader,internet,337,29,16,13,75889,4200
2026-04,Summit Auto Group,Summit Toyota of Fairview,CARS,internet,179,15,8,7,42287,3100
2026-04,Summit Auto Group,Summit Toyota of Fairview,Car Gurus,internet,100,6,3,3,14644,3800
2026-04,Summit Auto Group,Summit Toyota of Fairview,Dealer Website,internet,450,53,29,24,193771,
2026-04,Summit Auto Group,Summit Toyota of Fairview,Lease Retention,campaign,25,7,5,2,13026,
2026-04,Summit Auto Group,Summit Toyota of Fairview,Showroom,showroom,91,41,30,11,152484,
2026-04,Summit Auto Group,Summit Toyota of Fairview,Inbound Calls,phone,136,34,24,10,120257,
2026-04,Summit Auto Group,Summit Toyota of Fairview,Chat,chat,99,7,4,3,15593,900
2026-04,Summit Auto Group,Summit Toyota of Fairview,FB Marketplace,internet,224,11,6,5,20611,1400
2026-04,Summit Auto Group,Summit Toyota of Fairview,True Car,internet,46,1,1,0,2416,2600
2026-04,Summit Auto Group,Summit Volkswagen Eastdale,auto trader,internet,125,10,6,4,26789,1680
2026-04,Summit Auto Group,Summit Volkswagen Eastdale,Cars .com,internet,87,13,7,6,44963,1240
2026-04,Summit Auto Group,Summit Volkswagen Eastdale,Car Gurus,internet,32,2,1,1,6090,1520
2026-04,Summit Auto Group,Summit Volkswagen Eastdale,Dealer Website,internet,166,18,10,8,64232,
2026-04,Summit Auto Group,Summit Volkswagen Eastdale,Lease Retention,campaign,10,4,3,1,6872,
2026-04,Summit Auto Group,Summit Volkswagen Eastdale,Walk-In,showroom,38,12,9,3,41091,
2026-04,Summit Auto Group,Summit Volkswagen Eastdale,Phone Up,phone,55,4,3,1,14004,
2026-04,Summit Auto Group,Summit Volkswagen Eastdale,Chat,chat,35,4,2,2,9264,360
2026-04,Summit Auto Group,Summit Volkswagen Eastdale,Facebook,internet,96,3,2,1,6723,560
2026-04,Summit Auto Group,Summit Volkswagen Eastdale,True Car,internet,18,3,2,1,8017,1040
2026-05,Harbor Motor Group,Harbor BMW,auto trader,internet,269,18,10,8,91800,3276
2026-05,Harbor Motor Group,Harbor BMW,Cars.com,internet,132,11,6,5,47382,2418
2026-05,Harbor Motor Group,Harbor BMW,Car Gurus,internet,66,5,3,2,24001,2964
2026-05,Harbor Motor Group,Harbor BMW,Dealer Website,internet,352,41,23,18,198466,
2026-05,Harbor Motor Group,Harbor BMW,Lease Retention,campaign,19,3,2,1,8573,
2026-05,Harbor Motor Group,Harbor BMW,Walk In,showroom,75,27,19,8,173757,
2026-05,Harbor Motor Group,Harbor BMW,Phone Up,phone,111,23,17,6,124747,
2026-05,Harbor Motor Group,Harbor BMW,Website Chat,chat,62,7,4,3,29505,702
2026-05,Harbor Motor Group,Harbor BMW,Facebook Marketplace,internet,183,8,4,4,29156,1092
2026-05,Harbor Motor Group,Harbor BMW,True Car,internet,32,3,2,1,11219,2028
2026-05,Harbor Motor Group,Harbor Chevrolet Marina,auto trader,internet,217,15,8,7,38184,2940
2026-05,Harbor Motor Group,Harbor Chevrolet Marina,Cars.com,internet,131,14,8,6,40958,2170
2026-05,Harbor Motor Group,Harbor Chevrolet Marina,Car Gurus,internet,58,8,4,4,19341,2660
2026-05,Harbor Motor Group,Harbor Chevrolet Marina,OEM Website,internet,319,33,18,15,112154,
2026-05,Harbor Motor Group,Harbor Chevrolet Marina,Lease Retention,campaign,16,5,4,1,8033,
2026-05,Harbor Motor Group,Harbor Chevrolet Marina,Walk-In,showroom,75,24,17,7,80590,
2026-05,Harbor Motor Group,Harbor Chevrolet Marina,Inbound Calls,phone,105,24,17,7,79585,
2026-05,Harbor Motor Group,Harbor Chevrolet Marina,Live Chat,chat,59,4,2,2,11237,630
2026-05,Harbor Motor Group,Harbor Chevrolet Marina,FB Marketplace,internet,162,9,5,4,18762,979
2026-05,Harbor Motor Group,Harbor Chevrolet Marina,True Car,internet,30,2,1,1,5204,1819
2026-05,Harbor Motor Group,Harbor Ford Portside,auto trader,internet,318,32,18,14,85006,3696
2026-05,Harbor Motor Group,Harbor Ford Portside,Cars .com,internet,178,14,8,6,37540,2728
2026-05,Harbor Motor Group,Harbor Ford Portside,CarGurus,internet,74,10,6,4,29297,3344
2026-05,Harbor Motor Group,Harbor Ford Portside,OEM Website,internet,339,36,20,16,137994,
2026-05,Harbor Motor Group,Harbor Ford Portside,Lease Return,campaign,24,9,6,3,15139,
2026-05,Harbor Motor Group,Harbor Ford Portside,Showroom,showroom,96,33,24,9,110475,
2026-05,Harbor Motor Group,Harbor Ford Portside,Inbound Calls,phone,136,20,14,6,60984,
2026-05,Harbor Motor Group,Harbor Ford Portside,Live Chat,chat,85,6,3,3,13382,792
2026-05,Harbor Motor Group,Harbor Ford Portside,Facebook Marketplace,internet,215,8,4,4,19350,1232
2026-05,Harbor Motor Group,Harbor Ford Portside,TrueCar,internet,30,0,0,0,0,2288
2026-05,Harbor Motor Group,Harbor Honda Seaside,ATC,internet,260,16,9,7,53353,3360
2026-05,Harbor Motor Group,Harbor Honda Seaside,Cars .com,internet,163,17,9,8,45070,2480
2026-05,Harbor Motor Group,Harbor Honda Seaside,CarGurus,internet,72,7,4,3,20115,3040
2026-05,Harbor Motor Group,Harbor Honda Seaside,Dealer Website,internet,295,31,17,14,110645,
2026-05,Harbor Motor Group,Harbor Honda Seaside,Lease Retention,campaign,22,8,6,2,12982,
2026-05,Harbor Motor Group,Harbor Honda Seaside,Showroom,showroom,85,28,20,8,98379,
2026-05,Harbor Motor Group,Harbor Honda Seaside,Phone Up,phone,121,22,16,6,76300,
2026-05,Harbor Motor Group,Harbor Honda Seaside,Live Chat,chat,61,6,3,3,13712,720
2026-05,Harbor Motor Group,Harbor Honda Seaside,Facebook,internet,192,8,4,4,16044,1120
2026-05,Harbor Motor Group,Harbor Honda Seaside,TrueCar,internet,29,1,1,0,2406,2080
2026-05,Harbor Motor Group,Harbor Jeep Ram Anchor,AutoTrader.com,internet,192,14,8,6,40659,2772
2026-05,Harbor Motor Group,Harbor Jeep Ram Anchor,Cars .com,internet,139,19,10,9,50481,2046
2026-05,Harbor Motor Group,Harbor Jeep Ram Anchor,cargurus.com,internet,53,4,2,2,10080,2508
2026-05,Harbor Motor Group,Harbor Jeep Ram Anchor,OEM Website,internet,291,24,13,11,88176,
2026-05,Harbor Motor Group,Harbor Jeep Ram Anchor,Lease Retention,campaign,16,4,3,1,6586,
2026-05,Harbor Motor Group,Harbor Jeep Ram Anchor,Walk-In,showroom,54,15,11,4,48776,
2026-05,Harbor Motor Group,Harbor Jeep Ram Anchor,Phone Up,phone,84,16,12,4,45642,
2026-05,Harbor Motor Group,Harbor Jeep Ram Anchor,Chat,chat,65,9,5,4,25116,594
2026-05,Harbor Motor Group,Harbor Jeep Ram Anchor,Facebook,internet,149,4,2,2,7878,924
2026-05,Harbor Motor Group,Harbor Jeep Ram Anchor,TrueCar,internet,23,4,2,2,9071,1716
2026-05,Harbor Motor Group,Harbor Kia Lighthouse,ATC,internet,154,9,5,4,25183,2184
2026-05,Harbor Motor Group,Harbor Kia Lighthouse,CARS,internet,89,13,7,6,37814,1612
2026-05,Harbor Motor Group,Harbor Kia Lighthouse,CarGurus,internet,48,3,2,1,8096,1976
2026-05,Harbor Motor Group,Harbor Kia Lighthouse,Dealer Website,internet,195,26,14,12,89121,
2026-05,Harbor Motor Group,Harbor Kia Lighthouse,Lease Retention,campaign,15,2,1,1,3662,
2026-05,Harbor Motor Group,Harbor Kia Lighthouse,Walk In,showroom,50,19,14,5,70212,
2026-05,Harbor Motor Group,Harbor Kia Lighthouse,Inbound Calls,phone,67,13,9,4,41757,
2026-05,Harbor Motor Group,Harbor Kia Lighthouse,Website Chat,chat,47,2,1,1,5194,468
2026-05,Harbor Motor Group,Harbor Kia Lighthouse,Facebook,internet,113,4,2,2,7879,728
2026-05,Harbor Motor Group,Harbor Kia Lighthouse,True Car,internet,19,0,0,0,0,1352
2026-05,Harbor Motor Group,Harbor Subaru Tidewater,auto trader,internet,156,13,7,6,34403,1974
2026-05,Harbor Motor Group,Harbor Subaru Tidewater,Cars .com,internet,93,10,6,4,34244,1457
2026-05,Harbor Motor Group,Harbor Subaru Tidewater,Car Gurus,internet,39,2,1,1,6289,1786
2026-05,Harbor Motor Group,Harbor Subaru Tidewater,Dealer Website,internet,171,20,11,9,63250,
2026-05,Harbor Motor Group,Harbor Subaru Tidewater,Lease Return,campaign,10,2,1,1,3133,
2026-05,Harbor Motor Group,Harbor Subaru Tidewater,Showroom,showroom,39,10,7,3,32278,
2026-05,Harbor Motor Group,Harbor Subaru Tidewater,Phone Up,phone,64,10,7,3,32417,
2026-05,Harbor Motor Group,Harbor Subaru Tidewater,Website Chat,chat,45,2,1,1,5411,423
2026-05,Harbor Motor Group,Harbor Subaru Tidewater,FB Marketplace,internet,110,3,2,1,6918,658
2026-05,Harbor Motor Group,Harbor Subaru Tidewater,True Car,internet,18,1,1,0,2642,1222
2026-05,Harbor Motor Group,Harbor Toyota Bayview,Autotrader,internet,336,23,13,10,71233,3990
2026-05,Harbor Motor Group,Harbor Toyota Bayview,Cars .com,internet,201,11,6,5,30369,2945
2026-05,Harbor Motor Group,Harbor Toyota Bayview,cargurus.com,internet,86,6,3,3,14199,3610
2026-05,Harbor Motor Group,Harbor Toyota Bayview,OEM Website,internet,422,41,23,18,124889,
2026-05,Harbor Motor Group,Harbor Toyota Bayview,Lease Return,campaign,21,5,4,1,7972,
2026-05,Harbor Motor Group,Harbor Toyota Bayview,Walk In,showroom,79,30,22,8,107101,
2026-05,Harbor Motor Group,Harbor Toyota Bayview,Inbound Phone,phone,135,27,19,8,78405,
2026-05,Harbor Motor Group,Harbor Toyota Bayview,Website Chat,chat,92,10,6,4,22290,855
2026-05,Harbor Motor Group,Harbor Toyota Bayview,Facebook Marketplace,internet,224,14,8,6,32862,1330
2026-05,Harbor Motor Group,Harbor Toyota Bayview,True Car,internet,36,3,2,1,6997,2470
2026-05,Summit Auto Group,Summit BMW,Autotrader,internet,294,20,11,9,96939,3486
2026-05,Summit Auto Group,Summit BMW,Cars .com,internet,155,10,6,4,46595,2573
2026-05,Summit Auto Group,Summit BMW,cargurus.com,internet,78,1,1,0,3887,3154
2026-05,Summit Auto Group,Summit BMW,Dealer Website,internet,309,36,20,16,217168,
2026-05,Summit Auto Group,Summit BMW,Lease Return,campaign,22,8,6,2,20644,
2026-05,Summit Auto Group,Summit BMW,Walk-In,showroom,81,28,20,8,153302,
2026-05,Summit Auto Group,Summit BMW,Inbound Phone,phone,103,14,10,4,77470,
2026-05,Summit Auto Group,Summit BMW,Chat,chat,73,11,6,5,44587,747
2026-05,Summit Auto Group,Summit BMW,Facebook,internet,205,8,4,4,24195,1162
2026-05,Summit Auto Group,Summit BMW,TrueCar,internet,28,4,2,2,17855,2158
2026-05,Summit Auto Group,Summit Chevrolet Glenpark,ATC,internet,229,8,4,4,20163,3276
2026-05,Summit Auto Group,Summit Chevrolet Glenpark,Cars .com,internet,144,11,6,5,33814,2418
2026-05,Summit Auto Group,Summit Chevrolet Glenpark,cargurus.com,internet,60,6,3,3,18084,2964
2026-05,Summit Auto Group,Summit Chevrolet Glenpark,Dealer Website,internet,295,36,20,16,136499,
2026-05,Summit Auto Group,Summit Chevrolet Glenpark,Lease Return,campaign,19,7,5,2,12968,
2026-05,Summit Auto Group,Summit Chevrolet Glenpark,Walk In,showroom,67,23,17,6,84358,
2026-05,Summit Auto Group,Summit Chevrolet Glenpark,Inbound Phone,phone,111,20,14,6,67274,
2026-05,Summit Auto Group,Summit Chevrolet Glenpark,Chat,chat,60,4,2,2,11951,702
2026-05,Summit Auto Group,Summit Chevrolet Glenpark,FB Marketplace,internet,192,11,6,5,25411,1092
2026-05,Summit Auto Group,Summit Chevrolet Glenpark,TrueCar,internet,27,1,1,0,2161,2028
2026-05,Summit Auto Group,Summit Ford Rivera,ATC,internet,337,23,13,10,62341,3864
2026-05,Summit Auto Group,Summit Ford Rivera,Cars.com,internet,161,9,5,4,25331,2852
2026-05,Summit Auto Group,Summit Ford Rivera,cargurus.com,internet,91,8,4,4,24929,3496
2026-05,Summit Auto Group,Summit Ford Rivera,Website,internet,431,42,23,19,137245,
2026-05,Summit Auto Group,Summit Ford Rivera,Lease Retention,campaign,21,6,4,2,9590,
2026-05,Summit Auto Group,Summit Ford Rivera,Showroom,showroom,82,28,20,8,101954,
2026-05,Summit Auto Group,Summit Ford Rivera,Inbound Phone,phone,122,22,16,6,76821,
2026-05,Summit Auto Group,Summit Ford Rivera,Live Chat,chat,87,4,2,2,11466,828
2026-05,Summit Auto Group,Summit Ford Rivera,Facebook,internet,210,6,3,3,14191,1288
2026-05,Summit Auto Group,Summit Ford Rivera,TrueCar,internet,31,2,1,1,5214,2392
2026-05,Summit Auto Group,Summit Honda Westland,auto trader,internet,277,20,11,9,63462,3612
2026-05,Summit Auto Group,Summit Honda Westland,Cars.com,internet,169,15,8,7,43161,2666
2026-05,Summit Auto Group,Summit Honda Westland,CarGurus,internet,65,7,4,3,21280,3268
2026-05,Summit Auto Group,Summit Honda Westland,Dealer Website,internet,358,36,20,16,108048,
2026-05,Summit Auto Group,Summit Honda Westland,Lease Return,campaign,21,7,5,2,12666,
2026-05,Summit Auto Group,Summit Honda Westland,Walk In,showroom,69,18,13,5,73279,
2026-05,Summit Auto Group,Summit Honda Westland,Inbound Calls,phone,128,33,24,9,93066,
2026-05,Summit Auto Group,Summit Honda Westland,Website Chat,chat,67,4,2,2,8937,774
2026-05,Summit Auto Group,Summit Honda Westland,Facebook,internet,191,18,10,8,37313,1204
2026-05,Summit Auto Group,Summit Honda Westland,True Car,internet,31,0,0,0,0,2236
2026-05,Summit Auto Group,Summit Hyundai Oakhurst,Lease Return,campaign,15,1,1,0,1582,
2026-05,Summit Auto Group,Summit Hyundai Oakhurst,Showroom,showroom,304,104,62,42,317031,
2026-05,Summit Auto Group,Summit Hyundai Oakhurst,Inbound Calls,phone,80,11,8,3,38048,
2026-05,Summit Auto Group,Summit Hyundai Oakhurst,Live Chat,chat,45,5,3,2,13947,522
2026-05,Summit Auto Group,Summit Jeep Ram Clearwater,AutoTrader.com,internet,243,15,8,7,40067,2982
2026-05,Summit Auto Group,Summit Jeep Ram Clearwater,Cars .com,internet,128,15,8,7,49232,2201
2026-05,Summit Auto Group,Summit Jeep Ram Clearwater,Car Gurus,internet,68,6,3,3,14599,2698
2026-05,Summit Auto Group,Summit Jeep Ram Clearwater,Website,internet,264,26,14,12,86764,
2026-05,Summit Auto Group,Summit Jeep Ram Clearwater,Lease Return,campaign,16,3,2,1,4837,
2026-05,Summit Auto Group,Summit Jeep Ram Clearwater,Walk In,showroom,66,16,12,4,57264,
2026-05,Summit Auto Group,Summit Jeep Ram Clearwater,Inbound Calls,phone,102,19,14,5,54501,
2026-05,Summit Auto Group,Summit Jeep Ram Clearwater,Live Chat,chat,53,3,2,1,8427,639
2026-05,Summit Auto Group,Summit Jeep Ram Clearwater,Facebook,internet,157,4,2,2,9195,994
2026-05,Summit Auto Group,Summit Jeep Ram Clearwater,True Car,internet,29,4,2,2,11085,1846
2026-05,Summit Auto Group,Summit Kia Brookfield,AutoTrader.com,internet,200,14,8,6,37618,2310
2026-05,Summit Auto Group,Summit Kia Brookfield,CARS,internet,113,10,6,4,34154,1705
2026-05,Summit Auto Group,Summit Kia Brookfield,Car Gurus,internet,51,3,2,1,8452,2090
2026-05,Summit Auto Group,Summit Kia Brookfield,OEM Website,internet,204,20,11,9,70847,
2026-05,Summit Auto Group,Summit Kia Brookfield,Lease Return,campaign,15,6,4,2,8769,
2026-05,Summit Auto Group,Summit Kia Brookfield,Showroom,showroom,57,24,17,7,88147,
2026-05,Summit Auto Group,Summit Kia Brookfield,Inbound Calls,phone,67,13,9,4,46988,
2026-05,Summit Auto Group,Summit Kia Brookfield,Live Chat,chat,46,5,3,2,14557,495
2026-05,Summit Auto Group,Summit Kia Brookfield,Facebook,internet,131,8,4,4,15775,770
2026-05,Summit Auto Group,Summit Kia Brookfield,True Car,internet,24,1,1,0,2791,1430
2026-05,Summit Auto Group,Summit Mazda Lakeside,AutoTrader.com,internet,150,12,7,5,36602,1848
2026-05,Summit Auto Group,Summit Mazda Lakeside,Cars.com,internet,90,8,4,4,23229,1364
2026-05,Summit Auto Group,Summit Mazda Lakeside,CarGurus,internet,32,2,1,1,5019,1672
2026-05,Summit Auto Group,Summit Mazda Lakeside,Dealer Website,internet,170,18,10,8,62308,
2026-05,Summit Auto Group,Summit Mazda Lakeside,Lease Return,campaign,10,2,1,1,3501,
2026-05,Summit Auto Group,Summit Mazda Lakeside,Walk In,showroom,38,15,11,4,54162,
2026-05,Summit Auto Group,Summit Mazda Lakeside,Phone Up,phone,57,10,7,3,32894,
2026-05,Summit Auto Group,Summit Mazda Lakeside,Website Chat,chat,33,4,2,2,11669,396
2026-05,Summit Auto Group,Summit Mazda Lakeside,Facebook,internet,104,2,1,1,3877,616
2026-05,Summit Auto Group,Summit Mazda Lakeside,True Car,internet,18,2,1,1,4971,1144
2026-05,Summit Auto Group,Summit Nissan Ridgemont,auto trader,internet,201,13,7,6,36131,2688
2026-05,Summit Auto Group,Summit Nissan Ridgemont,CARS,internet,136,16,9,7,53693,1984
2026-05,Summit Auto Group,Summit Nissan Ridgemont,CarGurus,internet,48,5,3,2,15066,2432
2026-05,Summit Auto Group,Summit Nissan Ridgemont,Dealer Website,internet,261,27,15,12,79832,
2026-05,Summit Auto Group,Summit Nissan Ridgemont,Lease Retention,campaign,17,4,3,1,7425,
2026-05,Summit Auto Group,Summit Nissan Ridgemont,Walk-In,showroom,58,21,15,6,77553,
2026-05,Summit Auto Group,Summit Nissan Ridgemont,Inbound Calls,phone,81,18,13,5,59538,
2026-05,Summit Auto Group,Summit Nissan Ridgemont,Live Chat,chat,61,6,3,3,17383,576
2026-05,Summit Auto Group,Summit Nissan Ridgemont,Facebook,internet,140,9,5,4,17223,896
2026-05,Summit Auto Group,Summit Nissan Ridgemont,TrueCar,internet,26,1,1,0,2171,1664
2026-05,Summit Auto Group,Summit Subaru Northgate,Autotrader,internet,150,7,4,3,23072,2058
2026-05,Summit Auto Group,Summit Subaru Northgate,CARS,internet,81,5,3,2,15527,1519
2026-05,Summit Auto Group,Summit Subaru Northgate,CarGurus,internet,44,4,2,2,11650,1862
2026-05,Summit Auto Group,Summit Subaru Northgate,OEM Website,internet,204,18,10,8,66475,
2026-05,Summit Auto Group,Summit Subaru Northgate,Lease Return,campaign,12,3,2,1,5697,
2026-05,Summit Auto Group,Summit Subaru Northgate,Walk-In,showroom,44,17,12,5,55713,
2026-05,Summit Auto Group,Summit Subaru Northgate,Phone Up,phone,74,13,9,4,43817,
2026-05,Summit Auto Group,Summit Subaru Northgate,Website Chat,chat,39,2,1,1,5897,441
2026-05,Summit Auto Group,Summit Subaru Northgate,Facebook Marketplace,internet,108,5,3,2,10739,686
2026-05,Summit Auto Group,Summit Subaru Northgate,True Car,internet,21,3,2,1,6699,1274
2026-05,Summit Auto Group,Summit Toyota of Fairview,auto trader,internet,367,30,16,14,94078,4200
2026-05,Summit Auto Group,Summit Toyota of Fairview,CARS,internet,182,16,9,7,48589,3100
2026-05,Summit Auto Group,Summit Toyota of Fairview,Car Gurus,internet,78,11,6,5,32502,3800
2026-05,Summit Auto Group,Summit Toyota of Fairview,Dealer Website,internet,429,44,24,20,157461,
2026-05,Summit Auto Group,Summit Toyota of Fairview,Lease Retention,campaign,26,5,4,1,8241,
2026-05,Summit Auto Group,Summit Toyota of Fairview,Showroom,showroom,94,27,19,8,106713,
2026-05,Summit Auto Group,Summit Toyota of Fairview,Inbound Calls,phone,152,21,15,6,70192,
2026-05,Summit Auto Group,Summit Toyota of Fairview,Chat,chat,83,9,5,4,24669,900
2026-05,Summit Auto Group,Summit Toyota of Fairview,FB Marketplace,internet,228,13,7,6,32761,1400
2026-05,Summit Auto Group,Summit Toyota of Fairview,True Car,internet,43,5,3,2,12164,2600
2026-05,Summit Auto Group,Summit Volkswagen Eastdale,auto trader,internet,109,9,5,4,23048,1680
2026-05,Summit Auto Group,Summit Volkswagen Eastdale,Cars .com,internet,79,3,2,1,7966,1240
2026-05,Summit Auto Group,Summit Volkswagen Eastdale,Car Gurus,internet,32,2,1,1,6175,1520
2026-05,Summit Auto Group,Summit Volkswagen Eastdale,Dealer Website,internet,177,26,14,12,96714,
2026-05,Summit Auto Group,Summit Volkswagen Eastdale,Lease Retention,campaign,10,6,4,2,11202,
2026-05,Summit Auto Group,Summit Volkswagen Eastdale,Walk-In,showroom,43,12,9,3,46566,
2026-05,Summit Auto Group,Summit Volkswagen Eastdale,Phone Up,phone,58,11,8,3,33010,
2026-05,Summit Auto Group,Summit Volkswagen Eastdale,Chat,chat,36,1,1,0,2862,360
2026-05,Summit Auto Group,Summit Volkswagen Eastdale,Facebook,internet,90,5,3,2,11095,560
2026-05,Summit Auto Group,Summit Volkswagen Eastdale,True Car,internet,16,2,1,1,5420,1040
2026-06,Harbor Motor Group,Harbor BMW,auto trader,internet,244,14,8,6,74027,3276
2026-06,Harbor Motor Group,Harbor BMW,Cars.com,internet,168,8,4,4,42992,2418
2026-06,Harbor Motor Group,Harbor BMW,Car Gurus,internet,67,3,2,1,11829,2964
2026-06,Harbor Motor Group,Harbor BMW,Dealer Website,internet,354,41,23,18,200183,
2026-06,Harbor Motor Group,Harbor BMW,Lease Retention,campaign,18,3,2,1,8908,
2026-06,Harbor Motor Group,Harbor BMW,Walk In,showroom,77,20,14,6,101463,
2026-06,Harbor Motor Group,Harbor BMW,Phone Up,phone,107,20,14,6,88917,
2026-06,Harbor Motor Group,Harbor BMW,Website Chat,chat,62,4,2,2,14915,702
2026-06,Harbor Motor Group,Harbor BMW,Facebook Marketplace,internet,76,1,1,0,3614,1092
2026-06,Harbor Motor Group,Harbor BMW,True Car,internet,28,1,1,0,3473,2028
2026-06,Harbor Motor Group,Harbor Chevrolet Marina,auto trader,internet,203,16,9,7,45472,2940
2026-06,Harbor Motor Group,Harbor Chevrolet Marina,Cars.com,internet,150,8,4,4,23969,2170
2026-06,Harbor Motor Group,Harbor Chevrolet Marina,Car Gurus,internet,57,6,3,3,16591,2660
2026-06,Harbor Motor Group,Harbor Chevrolet Marina,OEM Website,internet,326,40,22,18,149969,
2026-06,Harbor Motor Group,Harbor Chevrolet Marina,Lease Retention,campaign,15,7,5,2,12764,
2026-06,Harbor Motor Group,Harbor Chevrolet Marina,Walk-In,showroom,67,26,19,7,84833,
2026-06,Harbor Motor Group,Harbor Chevrolet Marina,Inbound Calls,phone,102,14,10,4,38533,
2026-06,Harbor Motor Group,Harbor Chevrolet Marina,Live Chat,chat,61,6,3,3,15970,630
2026-06,Harbor Motor Group,Harbor Chevrolet Marina,FB Marketplace,internet,70,2,1,1,4658,979
2026-06,Harbor Motor Group,Harbor Chevrolet Marina,True Car,internet,22,1,1,0,2577,1819
2026-06,Harbor Motor Group,Harbor Ford Portside,auto trader,internet,290,15,8,7,37748,3696
2026-06,Harbor Motor Group,Harbor Ford Portside,Cars .com,internet,142,11,6,5,31827,2728
2026-06,Harbor Motor Group,Harbor Ford Portside,CarGurus,internet,77,3,2,1,8047,3344
2026-06,Harbor Motor Group,Harbor Ford Portside,OEM Website,internet,392,49,27,22,167169,
2026-06,Harbor Motor Group,Harbor Ford Portside,Lease Return,campaign,20,4,3,1,6437,
2026-06,Harbor Motor Group,Harbor Ford Portside,Showroom,showroom,73,28,20,8,103770,
2026-06,Harbor Motor Group,Harbor Ford Portside,Inbound Calls,phone,122,28,20,8,85956,
2026-06,Harbor Motor Group,Harbor Ford Portside,Live Chat,chat,86,8,4,4,18984,792
2026-06,Harbor Motor Group,Harbor Ford Portside,Facebook Marketplace,internet,86,4,2,2,8110,1232
2026-06,Harbor Motor Group,Harbor Ford Portside,TrueCar,internet,35,0,0,0,0,2288
2026-06,Harbor Motor Group,Harbor Honda Seaside,ATC,internet,246,13,7,6,40477,3360
2026-06,Harbor Motor Group,Harbor Honda Seaside,Cars .com,internet,143,15,8,7,40864,2480
2026-06,Harbor Motor Group,Harbor Honda Seaside,CarGurus,internet,56,4,2,2,11961,3040
2026-06,Harbor Motor Group,Harbor Honda Seaside,Dealer Website,internet,278,34,19,15,123746,
2026-06,Harbor Motor Group,Harbor Honda Seaside,Lease Retention,campaign,20,5,4,1,8470,
2026-06,Harbor Motor Group,Harbor Honda Seaside,Showroom,showroom,77,25,18,7,102165,
2026-06,Harbor Motor Group,Harbor Honda Seaside,Phone Up,phone,104,16,12,4,53771,
2026-06,Harbor Motor Group,Harbor Honda Seaside,Live Chat,chat,62,4,2,2,10869,720
2026-06,Harbor Motor Group,Harbor Honda Seaside,Facebook,internet,78,5,3,2,10600,1120
2026-06,Harbor Motor Group,Harbor Honda Seaside,TrueCar,internet,25,2,1,1,4590,2080
2026-06,Harbor Motor Group,Harbor Jeep Ram Anchor,AutoTrader.com,internet,180,10,6,4,33002,2772
2026-06,Harbor Motor Group,Harbor Jeep Ram Anchor,Cars .com,internet,138,13,7,6,34814,2046
2026-06,Harbor Motor Group,Harbor Jeep Ram Anchor,cargurus.com,internet,58,3,2,1,7405,2508
2026-06,Harbor Motor Group,Harbor Jeep Ram Anchor,OEM Website,internet,269,31,17,14,97973,
2026-06,Harbor Motor Group,Harbor Jeep Ram Anchor,Lease Retention,campaign,15,2,1,1,3891,
2026-06,Harbor Motor Group,Harbor Jeep Ram Anchor,Walk-In,showroom,55,18,13,5,56890,
2026-06,Harbor Motor Group,Harbor Jeep Ram Anchor,Phone Up,phone,80,6,4,2,20138,
2026-06,Harbor Motor Group,Harbor Jeep Ram Anchor,Chat,chat,56,6,3,3,16856,594
2026-06,Harbor Motor Group,Harbor Jeep Ram Anchor,Facebook,internet,68,4,2,2,7909,924
2026-06,Harbor Motor Group,Harbor Jeep Ram Anchor,TrueCar,internet,27,1,1,0,2535,1716
2026-06,Harbor Motor Group,Harbor Kia Lighthouse,ATC,internet,178,8,4,4,24738,2184
2026-06,Harbor Motor Group,Harbor Kia Lighthouse,CARS,internet,99,7,4,3,20741,1612
2026-06,Harbor Motor Group,Harbor Kia Lighthouse,CarGurus,internet,39,1,1,0,3180,1976
2026-06,Harbor Motor Group,Harbor Kia Lighthouse,Dealer Website,internet,208,27,15,12,103926,
2026-06,Harbor Motor Group,Harbor Kia Lighthouse,Lease Retention,campaign,12,2,1,1,3681,
2026-06,Harbor Motor Group,Harbor Kia Lighthouse,Walk In,showroom,50,14,10,4,43414,
2026-06,Harbor Motor Group,Harbor Kia Lighthouse,Inbound Calls,phone,62,14,10,4,39653,
2026-06,Harbor Motor Group,Harbor Kia Lighthouse,Website Chat,chat,48,3,2,1,6939,468
2026-06,Harbor Motor Group,Harbor Kia Lighthouse,Facebook,internet,43,1,1,0,2299,728
2026-06,Harbor Motor Group,Harbor Kia Lighthouse,True Car,internet,17,1,1,0,2763,1352
2026-06,Harbor Motor Group,Harbor Subaru Tidewater,auto trader,internet,129,11,6,5,34497,1974
2026-06,Harbor Motor Group,Harbor Subaru Tidewater,Cars .com,internet,90,8,4,4,26618,1457
2026-06,Harbor Motor Group,Harbor Subaru Tidewater,Car Gurus,internet,37,2,1,1,5807,1786
2026-06,Harbor Motor Group,Harbor Subaru Tidewater,Dealer Website,internet,174,13,7,6,40537,
2026-06,Harbor Motor Group,Harbor Subaru Tidewater,Lease Return,campaign,9,2,1,1,3902,
2026-06,Harbor Motor Group,Harbor Subaru Tidewater,Showroom,showroom,48,15,11,4,59223,
2026-06,Harbor Motor Group,Harbor Subaru Tidewater,Phone Up,phone,59,11,8,3,31278,
2026-06,Harbor Motor Group,Harbor Subaru Tidewater,Website Chat,chat,44,2,1,1,5779,423
2026-06,Harbor Motor Group,Harbor Subaru Tidewater,FB Marketplace,internet,36,1,1,0,2527,658
2026-06,Harbor Motor Group,Harbor Subaru Tidewater,True Car,internet,18,0,0,0,0,1222
2026-06,Harbor Motor Group,Harbor Toyota Bayview,Autotrader,internet,324,19,10,9,53953,3990
2026-06,Harbor Motor Group,Harbor Toyota Bayview,Cars .com,internet,172,14,8,6,47106,2945
2026-06,Harbor Motor Group,Harbor Toyota Bayview,cargurus.com,internet,72,7,4,3,21612,3610
2026-06,Harbor Motor Group,Harbor Toyota Bayview,OEM Website,internet,400,45,25,20,150951,
2026-06,Harbor Motor Group,Harbor Toyota Bayview,Lease Return,campaign,25,7,5,2,12608,
2026-06,Harbor Motor Group,Harbor Toyota Bayview,Walk In,showroom,81,24,17,7,82641,
2026-06,Harbor Motor Group,Harbor Toyota Bayview,Inbound Phone,phone,118,18,13,5,58791,
2026-06,Harbor Motor Group,Harbor Toyota Bayview,Website Chat,chat,82,3,2,1,8263,855
2026-06,Harbor Motor Group,Harbor Toyota Bayview,Facebook Marketplace,internet,93,4,2,2,8472,1330
2026-06,Harbor Motor Group,Harbor Toyota Bayview,True Car,internet,30,3,2,1,7531,2470
2026-06,Summit Auto Group,Summit BMW,Autotrader,internet,294,22,12,10,111860,3486
2026-06,Summit Auto Group,Summit BMW,Cars .com,internet,179,8,4,4,38500,2573
2026-06,Summit Auto Group,Summit BMW,cargurus.com,internet,62,7,4,3,30882,3154
2026-06,Summit Auto Group,Summit BMW,Dealer Website,internet,367,49,27,22,262143,
2026-06,Summit Auto Group,Summit BMW,Lease Return,campaign,21,8,6,2,21602,
2026-06,Summit Auto Group,Summit BMW,Walk-In,showroom,86,33,24,9,181272,
2026-06,Summit Auto Group,Summit BMW,Inbound Phone,phone,101,24,17,7,134012,
2026-06,Summit Auto Group,Summit BMW,Chat,chat,66,8,4,4,34775,747
2026-06,Summit Auto Group,Summit BMW,Facebook,internet,78,7,4,3,26723,1162
2026-06,Summit Auto Group,Summit BMW,TrueCar,internet,26,3,2,1,13396,2158
2026-06,Summit Auto Group,Summit Chevrolet Glenpark,ATC,internet,267,12,7,5,31989,3276
2026-06,Summit Auto Group,Summit Chevrolet Glenpark,Cars .com,internet,126,12,7,5,40799,2418
2026-06,Summit Auto Group,Summit Chevrolet Glenpark,cargurus.com,internet,72,4,2,2,11474,2964
2026-06,Summit Auto Group,Summit Chevrolet Glenpark,Dealer Website,internet,303,28,15,13,105122,
2026-06,Summit Auto Group,Summit Chevrolet Glenpark,Lease Return,campaign,18,3,2,1,5792,
2026-06,Summit Auto Group,Summit Chevrolet Glenpark,Walk In,showroom,70,28,20,8,86390,
2026-06,Summit Auto Group,Summit Chevrolet Glenpark,Inbound Phone,phone,109,22,16,6,73813,
2026-06,Summit Auto Group,Summit Chevrolet Glenpark,Chat,chat,75,3,2,1,7329,702
2026-06,Summit Auto Group,Summit Chevrolet Glenpark,FB Marketplace,internet,58,2,1,1,3834,1092
2026-06,Summit Auto Group,Summit Chevrolet Glenpark,TrueCar,internet,28,0,0,0,0,2028
2026-06,Summit Auto Group,Summit Ford Rivera,ATC,internet,338,26,14,12,84822,3864
2026-06,Summit Auto Group,Summit Ford Rivera,Cars.com,internet,176,18,10,8,56975,2852
2026-06,Summit Auto Group,Summit Ford Rivera,cargurus.com,internet,82,1,1,0,3128,3496
2026-06,Summit Auto Group,Summit Ford Rivera,Website,internet,330,40,22,18,132620,
2026-06,Summit Auto Group,Summit Ford Rivera,Lease Retention,campaign,20,9,6,3,16618,
2026-06,Summit Auto Group,Summit Ford Rivera,Showroom,showroom,99,39,28,11,153589,
2026-06,Summit Auto Group,Summit Ford Rivera,Inbound Phone,phone,125,17,12,5,47492,
2026-06,Summit Auto Group,Summit Ford Rivera,Live Chat,chat,74,5,3,2,13675,828
2026-06,Summit Auto Group,Summit Ford Rivera,Facebook,internet,95,5,3,2,11121,1288
2026-06,Summit Auto Group,Summit Ford Rivera,TrueCar,internet,36,4,2,2,10398,2392
2026-06,Summit Auto Group,Summit Honda Westland,auto trader,internet,237,19,10,9,49949,3612
2026-06,Summit Auto Group,Summit Honda Westland,Cars.com,internet,168,13,7,6,35142,2666
2026-06,Summit Auto Group,Summit Honda Westland,CarGurus,internet,72,7,4,3,16757,3268
2026-06,Summit Auto Group,Summit Honda Westland,Dealer Website,internet,331,39,21,18,150248,
2026-06,Summit Auto Group,Summit Honda Westland,Lease Return,campaign,19,6,4,2,10672,
2026-06,Summit Auto Group,Summit Honda Westland,Walk In,showroom,90,30,22,8,118544,
2026-06,Summit Auto Group,Summit Honda Westland,Inbound Calls,phone,124,16,12,4,45131,
2026-06,Summit Auto Group,Summit Honda Westland,Website Chat,chat,75,9,5,4,23986,774
2026-06,Summit Auto Group,Summit Honda Westland,Facebook,internet,74,4,2,2,8746,1204
2026-06,Summit Auto Group,Summit Honda Westland,True Car,internet,35,5,3,2,11969,2236
2026-06,Summit Auto Group,Summit Hyundai Oakhurst,Lease Return,campaign,15,3,2,1,5532,
2026-06,Summit Auto Group,Summit Hyundai Oakhurst,Showroom,showroom,225,75,44,31,242572,
2026-06,Summit Auto Group,Summit Hyundai Oakhurst,Inbound Calls,phone,92,20,14,6,60332,
2026-06,Summit Auto Group,Summit Hyundai Oakhurst,Live Chat,chat,57,2,1,1,5693,522
2026-06,Summit Auto Group,Summit Jeep Ram Clearwater,AutoTrader.com,internet,252,17,9,8,51569,2982
2026-06,Summit Auto Group,Summit Jeep Ram Clearwater,Cars .com,internet,126,8,4,4,23246,2201
2026-06,Summit Auto Group,Summit Jeep Ram Clearwater,Car Gurus,internet,63,3,2,1,7893,2698
2026-06,Summit Auto Group,Summit Jeep Ram Clearwater,Website,internet,290,27,15,12,99684,
2026-06,Summit Auto Group,Summit Jeep Ram Clearwater,Lease Return,campaign,14,6,4,2,10759,
2026-06,Summit Auto Group,Summit Jeep Ram Clearwater,Walk In,showroom,72,32,23,9,123928,
2026-06,Summit Auto Group,Summit Jeep Ram Clearwater,Inbound Calls,phone,85,24,17,7,68430,
2026-06,Summit Auto Group,Summit Jeep Ram Clearwater,Live Chat,chat,56,7,4,3,16366,639
2026-06,Summit Auto Group,Summit Jeep Ram Clearwater,Facebook,internet,59,3,2,1,5711,994
2026-06,Summit Auto Group,Summit Jeep Ram Clearwater,True Car,internet,27,1,1,0,2697,1846
2026-06,Summit Auto Group,Summit Kia Brookfield,AutoTrader.com,internet,177,8,4,4,23660,2310
2026-06,Summit Auto Group,Summit Kia Brookfield,CARS,internet,115,5,3,2,14030,1705
2026-06,Summit Auto Group,Summit Kia Brookfield,Car Gurus,internet,48,1,1,0,3019,2090
2026-06,Summit Auto Group,Summit Kia Brookfield,OEM Website,internet,253,24,13,11,83868,
2026-06,Summit Auto Group,Summit Kia Brookfield,Lease Return,campaign,14,2,1,1,3439,
2026-06,Summit Auto Group,Summit Kia Brookfield,Showroom,showroom,53,16,12,4,62853,
2026-06,Summit Auto Group,Summit Kia Brookfield,Inbound Calls,phone,70,12,9,3,37412,
2026-06,Summit Auto Group,Summit Kia Brookfield,Live Chat,chat,46,3,2,1,6715,495
2026-06,Summit Auto Group,Summit Kia Brookfield,Facebook,internet,53,1,1,0,1944,770
2026-06,Summit Auto Group,Summit Kia Brookfield,True Car,internet,17,1,1,0,2535,1430
2026-06,Summit Auto Group,Summit Mazda Lakeside,AutoTrader.com,internet,141,5,3,2,14088,1848
2026-06,Summit Auto Group,Summit Mazda Lakeside,Cars.com,internet,74,8,4,4,22886,1364
2026-06,Summit Auto Group,Summit Mazda Lakeside,CarGurus,internet,40,1,1,0,2654,1672
2026-06,Summit Auto Group,Summit Mazda Lakeside,Dealer Website,internet,162,17,9,8,55551,
2026-06,Summit Auto Group,Summit Mazda Lakeside,Lease Return,campaign,10,2,1,1,3483,
2026-06,Summit Auto Group,Summit Mazda Lakeside,Walk In,showroom,38,16,12,4,58675,
2026-06,Summit Auto Group,Summit Mazda Lakeside,Phone Up,phone,68,12,9,3,42334,
2026-06,Summit Auto Group,Summit Mazda Lakeside,Website Chat,chat,34,1,1,0,2447,396
2026-06,Summit Auto Group,Summit Mazda Lakeside,Facebook,internet,35,0,0,0,0,616
2026-06,Summit Auto Group,Summit Mazda Lakeside,True Car,internet,18,2,1,1,4898,1144
2026-06,Summit Auto Group,Summit Nissan Ridgemont,auto trader,internet,201,17,9,8,43711,2688
2026-06,Summit Auto Group,Summit Nissan Ridgemont,CARS,internet,124,11,6,5,34275,1984
2026-06,Summit Auto Group,Summit Nissan Ridgemont,CarGurus,internet,54,4,2,2,10682,2432
2026-06,Summit Auto Group,Summit Nissan Ridgemont,Dealer Website,internet,223,23,13,10,79145,
2026-06,Summit Auto Group,Summit Nissan Ridgemont,Lease Retention,campaign,13,6,4,2,11279,
2026-06,Summit Auto Group,Summit Nissan Ridgemont,Walk-In,showroom,61,22,16,6,76328,
2026-06,Summit Auto Group,Summit Nissan Ridgemont,Inbound Calls,phone,99,14,10,4,49306,
2026-06,Summit Auto Group,Summit Nissan Ridgemont,Live Chat,chat,50,6,3,3,16669,576
2026-06,Summit Auto Group,Summit Nissan Ridgemont,Facebook,internet,66,0,0,0,0,896
2026-06,Summit Auto Group,Summit Nissan Ridgemont,TrueCar,internet,20,1,1,0,2442,1664
2026-06,Summit Auto Group,Summit Subaru Northgate,Autotrader,internet,137,12,7,5,37949,2058
2026-06,Summit Auto Group,Summit Subaru Northgate,CARS,internet,90,12,7,5,31476,1519
2026-06,Summit Auto Group,Summit Subaru Northgate,CarGurus,internet,42,1,1,0,2555,1862
2026-06,Summit Auto Group,Summit Subaru Northgate,OEM Website,internet,213,31,17,14,100711,
2026-06,Summit Auto Group,Summit Subaru Northgate,Lease Return,campaign,12,3,2,1,5699,
2026-06,Summit Auto Group,Summit Subaru Northgate,Walk-In,showroom,51,14,10,4,48896,
2026-06,Summit Auto Group,Summit Subaru Northgate,Phone Up,phone,74,13,9,4,41478,
2026-06,Summit Auto Group,Summit Subaru Northgate,Website Chat,chat,42,4,2,2,11044,441
2026-06,Summit Auto Group,Summit Subaru Northgate,Facebook Marketplace,internet,35,3,2,1,6387,686
2026-06,Summit Auto Group,Summit Subaru Northgate,True Car,internet,15,0,0,0,0,1274
2026-06,Summit Auto Group,Summit Toyota of Fairview,auto trader,internet,323,23,13,10,69094,4200
2026-06,Summit Auto Group,Summit Toyota of Fairview,CARS,internet,188,13,7,6,39125,3100
2026-06,Summit Auto Group,Summit Toyota of Fairview,Car Gurus,internet,88,4,2,2,11414,3800
2026-06,Summit Auto Group,Summit Toyota of Fairview,Dealer Website,internet,428,50,28,22,182108,
2026-06,Summit Auto Group,Summit Toyota of Fairview,Lease Retention,campaign,20,8,6,2,13449,
2026-06,Summit Auto Group,Summit Toyota of Fairview,Showroom,showroom,100,35,25,10,136476,
2026-06,Summit Auto Group,Summit Toyota of Fairview,Inbound Calls,phone,137,26,19,7,75396,
2026-06,Summit Auto Group,Summit Toyota of Fairview,Chat,chat,78,4,2,2,11314,900
2026-06,Summit Auto Group,Summit Toyota of Fairview,FB Marketplace,internet,83,0,0,0,0,1400
2026-06,Summit Auto Group,Summit Toyota of Fairview,True Car,internet,33,4,2,2,8500,2600
2026-06,Summit Auto Group,Summit Volkswagen Eastdale,auto trader,internet,118,6,3,3,17126,1680
2026-06,Summit Auto Group,Summit Volkswagen Eastdale,Cars .com,internet,65,5,3,2,13441,1240
2026-06,Summit Auto Group,Summit Volkswagen Eastdale,Car Gurus,internet,36,0,0,0,0,1520
2026-06,Summit Auto Group,Summit Volkswagen Eastdale,Dealer Website,internet,162,11,6,5,35576,
2026-06,Summit Auto Group,Summit Volkswagen Eastdale,Lease Retention,campaign,8,3,2,1,4877,
2026-06,Summit Auto Group,Summit Volkswagen Eastdale,Walk-In,showroom,39,13,9,4,49667,
2026-06,Summit Auto Group,Summit Volkswagen Eastdale,Phone Up,phone,61,11,8,3,32561,
2026-06,Summit Auto Group,Summit Volkswagen Eastdale,Chat,chat,31,1,1,0,2454,360
2026-06,Summit Auto Group,Summit Volkswagen Eastdale,Facebook,internet,36,3,2,1,5912,560
2026-06,Summit Auto Group,Summit Volkswagen Eastdale,True Car,internet,15,2,1,1,5469,1040
2026-07,Harbor Motor Group,Harbor BMW,auto trader,internet,223,13,7,6,63533,3276
2026-07,Harbor Motor Group,Harbor BMW,Cars.com,internet,166,20,11,9,112141,2418
2026-07,Harbor Motor Group,Harbor BMW,Car Gurus,internet,49,1,1,0,3839,2964
2026-07,Harbor Motor Group,Harbor BMW,Dealer Website,internet,330,31,17,14,154847,
2026-07,Harbor Motor Group,Harbor BMW,Lease Retention,campaign,16,2,1,1,5610,
2026-07,Harbor Motor Group,Harbor BMW,Walk In,showroom,76,28,20,8,141550,
2026-07,Harbor Motor Group,Harbor BMW,Phone Up,phone,102,16,12,4,83520,
2026-07,Harbor Motor Group,Harbor BMW,Website Chat,chat,61,7,4,3,25809,702
2026-07,Harbor Motor Group,Harbor BMW,Facebook Marketplace,internet,77,3,2,1,9264,1092
2026-07,Harbor Motor Group,Harbor BMW,True Car,internet,23,0,0,0,0,2028
2026-07,Harbor Motor Group,Harbor Chevrolet Marina,auto trader,internet,230,15,8,7,38936,2940
2026-07,Harbor Motor Group,Harbor Chevrolet Marina,Cars.com,internet,121,9,5,4,27135,2170
2026-07,Harbor Motor Group,Harbor Chevrolet Marina,Car Gurus,internet,44,1,1,0,2750,2660
2026-07,Harbor Motor Group,Harbor Chevrolet Marina,OEM Website,internet,309,32,18,14,124323,
2026-07,Harbor Motor Group,Harbor Chevrolet Marina,Lease Retention,campaign,13,3,2,1,4738,
2026-07,Harbor Motor Group,Harbor Chevrolet Marina,Walk-In,showroom,68,30,22,8,112278,
2026-07,Harbor Motor Group,Harbor Chevrolet Marina,Inbound Calls,phone,89,20,14,6,67830,
2026-07,Harbor Motor Group,Harbor Chevrolet Marina,Live Chat,chat,64,7,4,3,19501,630
2026-07,Harbor Motor Group,Harbor Chevrolet Marina,FB Marketplace,internet,56,2,1,1,4015,979
2026-07,Harbor Motor Group,Harbor Chevrolet Marina,True Car,internet,20,0,0,0,0,1819
2026-07,Harbor Motor Group,Harbor Ford Portside,auto trader,internet,321,33,18,15,89063,3696
2026-07,Harbor Motor Group,Harbor Ford Portside,Cars .com,internet,153,12,7,5,38231,2728
2026-07,Harbor Motor Group,Harbor Ford Portside,CarGurus,internet,62,2,1,1,6134,3344
2026-07,Harbor Motor Group,Harbor Ford Portside,OEM Website,internet,388,54,30,24,158685,
2026-07,Harbor Motor Group,Harbor Ford Portside,Lease Return,campaign,19,4,3,1,7291,
2026-07,Harbor Motor Group,Harbor Ford Portside,Showroom,showroom,83,29,21,8,115261,
2026-07,Harbor Motor Group,Harbor Ford Portside,Inbound Calls,phone,112,17,12,5,54975,
2026-07,Harbor Motor Group,Harbor Ford Portside,Live Chat,chat,66,3,2,1,8730,792
2026-07,Harbor Motor Group,Harbor Ford Portside,Facebook Marketplace,internet,89,2,1,1,3759,1232
2026-07,Harbor Motor Group,Harbor Ford Portside,TrueCar,internet,29,1,1,0,2355,2288
2026-07,Harbor Motor Group,Harbor Honda Seaside,ATC,internet,252,11,6,5,34149,3360
2026-07,Harbor Motor Group,Harbor Honda Seaside,Cars .com,internet,133,14,8,6,40516,2480
2026-07,Harbor Motor Group,Harbor Honda Seaside,CarGurus,internet,67,1,1,0,2586,3040
2026-07,Harbor Motor Group,Harbor Honda Seaside,Dealer Website,internet,306,35,19,16,111829,
2026-07,Harbor Motor Group,Harbor Honda Seaside,Lease Retention,campaign,15,3,2,1,5438,
2026-07,Harbor Motor Group,Harbor Honda Seaside,Showroom,showroom,84,26,19,7,85247,
2026-07,Harbor Motor Group,Harbor Honda Seaside,Phone Up,phone,98,19,14,5,65402,
2026-07,Harbor Motor Group,Harbor Honda Seaside,Live Chat,chat,80,3,2,1,7247,720
2026-07,Harbor Motor Group,Harbor Honda Seaside,Facebook,internet,68,4,2,2,7951,1120
2026-07,Harbor Motor Group,Harbor Honda Seaside,TrueCar,internet,26,1,1,0,2202,2080
2026-07,Harbor Motor Group,Harbor Jeep Ram Anchor,AutoTrader.com,internet,180,10,6,4,28726,2772
2026-07,Harbor Motor Group,Harbor Jeep Ram Anchor,Cars .com,internet,110,7,4,3,20070,2046
2026-07,Harbor Motor Group,Harbor Jeep Ram Anchor,cargurus.com,internet,44,4,2,2,11252,2508
2026-07,Harbor Motor Group,Harbor Jeep Ram Anchor,OEM Website,internet,272,38,21,17,144801,
2026-07,Harbor Motor Group,Harbor Jeep Ram Anchor,Lease Retention,campaign,14,5,4,1,8068,
2026-07,Harbor Motor Group,Harbor Jeep Ram Anchor,Walk-In,showroom,62,17,12,5,61962,
2026-07,Harbor Motor Group,Harbor Jeep Ram Anchor,Phone Up,phone,102,17,12,5,52554,
2026-07,Harbor Motor Group,Harbor Jeep Ram Anchor,Chat,chat,54,2,1,1,5786,594
2026-07,Harbor Motor Group,Harbor Jeep Ram Anchor,Facebook,internet,55,3,2,1,6175,924
2026-07,Harbor Motor Group,Harbor Jeep Ram Anchor,TrueCar,internet,20,3,2,1,8426,1716
2026-07,Harbor Motor Group,Harbor Kia Lighthouse,ATC,internet,180,13,7,6,41745,2184
2026-07,Harbor Motor Group,Harbor Kia Lighthouse,CARS,internet,87,8,4,4,20822,1612
2026-07,Harbor Motor Group,Harbor Kia Lighthouse,CarGurus,internet,37,2,1,1,5673,1976
2026-07,Harbor Motor Group,Harbor Kia Lighthouse,Dealer Website,internet,187,20,11,9,60353,
2026-07,Harbor Motor Group,Harbor Kia Lighthouse,Lease Retention,campaign,10,2,1,1,3906,
2026-07,Harbor Motor Group,Harbor Kia Lighthouse,Walk In,showroom,55,16,12,4,52673,
2026-07,Harbor Motor Group,Harbor Kia Lighthouse,Inbound Calls,phone,81,23,17,6,72105,
2026-07,Harbor Motor Group,Harbor Kia Lighthouse,Website Chat,chat,44,4,2,2,10315,468
2026-07,Harbor Motor Group,Harbor Kia Lighthouse,Facebook,internet,38,1,1,0,2344,728
2026-07,Harbor Motor Group,Harbor Kia Lighthouse,True Car,internet,16,0,0,0,0,1352
2026-07,Harbor Motor Group,Harbor Subaru Tidewater,auto trader,internet,161,11,6,5,32077,1974
2026-07,Harbor Motor Group,Harbor Subaru Tidewater,Cars .com,internet,92,12,7,5,35501,1457
2026-07,Harbor Motor Group,Harbor Subaru Tidewater,Car Gurus,internet,36,3,2,1,8327,1786
2026-07,Harbor Motor Group,Harbor Subaru Tidewater,Dealer Website,internet,185,18,10,8,59243,
2026-07,Harbor Motor Group,Harbor Subaru Tidewater,Lease Return,campaign,11,1,1,0,1819,
2026-07,Harbor Motor Group,Harbor Subaru Tidewater,Showroom,showroom,40,16,12,4,53340,
2026-07,Harbor Motor Group,Harbor Subaru Tidewater,Phone Up,phone,61,14,10,4,39565,
2026-07,Harbor Motor Group,Harbor Subaru Tidewater,Website Chat,chat,35,1,1,0,2365,423
2026-07,Harbor Motor Group,Harbor Subaru Tidewater,FB Marketplace,internet,45,1,1,0,1966,658
2026-07,Harbor Motor Group,Harbor Subaru Tidewater,True Car,internet,14,1,1,0,2246,1222
2026-07,Harbor Motor Group,Harbor Toyota Bayview,Autotrader,internet,289,22,12,10,65189,3990
2026-07,Harbor Motor Group,Harbor Toyota Bayview,Cars .com,internet,158,12,7,5,39787,2945
2026-07,Harbor Motor Group,Harbor Toyota Bayview,cargurus.com,internet,67,5,3,2,12227,3610
2026-07,Harbor Motor Group,Harbor Toyota Bayview,OEM Website,internet,415,39,21,18,151855,
2026-07,Harbor Motor Group,Harbor Toyota Bayview,Lease Return,campaign,19,4,3,1,5943,
2026-07,Harbor Motor Group,Harbor Toyota Bayview,Walk In,showroom,90,37,27,10,126739,
2026-07,Harbor Motor Group,Harbor Toyota Bayview,Inbound Phone,phone,141,32,23,9,96107,
2026-07,Harbor Motor Group,Harbor Toyota Bayview,Website Chat,chat,74,7,4,3,16388,855
2026-07,Harbor Motor Group,Harbor Toyota Bayview,Facebook Marketplace,internet,68,4,2,2,7942,1330
2026-07,Harbor Motor Group,Harbor Toyota Bayview,True Car,internet,29,2,1,1,5643,2470
2026-07,Summit Auto Group,Summit BMW,Autotrader,internet,267,11,6,5,43911,3486
2026-07,Summit Auto Group,Summit BMW,Cars .com,internet,159,18,10,8,79734,2573
2026-07,Summit Auto Group,Summit BMW,cargurus.com,internet,56,2,1,1,9314,3154
2026-07,Summit Auto Group,Summit BMW,Dealer Website,internet,292,31,17,14,158977,
2026-07,Summit Auto Group,Summit BMW,Lease Return,campaign,16,4,3,1,12267,
2026-07,Summit Auto Group,Summit BMW,Walk-In,showroom,84,27,19,8,164660,
2026-07,Summit Auto Group,Summit BMW,Inbound Phone,phone,102,13,9,4,64606,
2026-07,Summit Auto Group,Summit BMW,Chat,chat,65,2,1,1,9547,747
2026-07,Summit Auto Group,Summit BMW,Facebook,internet,84,3,2,1,9221,1162
2026-07,Summit Auto Group,Summit BMW,TrueCar,internet,27,1,1,0,3994,2158
2026-07,Summit Auto Group,Summit Chevrolet Glenpark,ATC,internet,283,23,13,10,76194,3276
2026-07,Summit Auto Group,Summit Chevrolet Glenpark,Cars .com,internet,128,7,4,3,23281,2418
2026-07,Summit Auto Group,Summit Chevrolet Glenpark,cargurus.com,internet,61,4,2,2,11420,2964
2026-07,Summit Auto Group,Summit Chevrolet Glenpark,Dealer Website,internet,325,44,24,20,154826,
2026-07,Summit Auto Group,Summit Chevrolet Glenpark,Lease Return,campaign,17,5,4,1,7505,
2026-07,Summit Auto Group,Summit Chevrolet Glenpark,Walk In,showroom,66,18,13,5,59762,
2026-07,Summit Auto Group,Summit Chevrolet Glenpark,Inbound Phone,phone,117,26,19,7,84422,
2026-07,Summit Auto Group,Summit Chevrolet Glenpark,Chat,chat,63,6,3,3,17918,702
2026-07,Summit Auto Group,Summit Chevrolet Glenpark,FB Marketplace,internet,58,3,2,1,6036,1092
2026-07,Summit Auto Group,Summit Chevrolet Glenpark,TrueCar,internet,29,4,2,2,11378,2028
2026-07,Summit Auto Group,Summit Ford Rivera,ATC,internet,306,18,10,8,55786,3864
2026-07,Summit Auto Group,Summit Ford Rivera,Cars.com,internet,177,16,9,7,42950,2852
2026-07,Summit Auto Group,Summit Ford Rivera,cargurus.com,internet,65,4,2,2,12605,3496
2026-07,Summit Auto Group,Summit Ford Rivera,Website,internet,417,49,27,22,191164,
2026-07,Summit Auto Group,Summit Ford Rivera,Lease Retention,campaign,17,5,4,1,8505,
2026-07,Summit Auto Group,Summit Ford Rivera,Showroom,showroom,83,30,22,8,105608,
2026-07,Summit Auto Group,Summit Ford Rivera,Inbound Phone,phone,124,20,14,6,55027,
2026-07,Summit Auto Group,Summit Ford Rivera,Live Chat,chat,74,3,2,1,6920,828
2026-07,Summit Auto Group,Summit Ford Rivera,Facebook,internet,76,6,3,3,14617,1288
2026-07,Summit Auto Group,Summit Ford Rivera,TrueCar,internet,28,2,1,1,4975,2392
2026-07,Summit Auto Group,Summit Honda Westland,auto trader,internet,296,19,10,9,56124,3612
2026-07,Summit Auto Group,Summit Honda Westland,Cars.com,internet,178,14,8,6,46267,2666
2026-07,Summit Auto Group,Summit Honda Westland,CarGurus,internet,69,6,3,3,19032,3268
2026-07,Summit Auto Group,Summit Honda Westland,Dealer Website,internet,395,42,23,19,148533,
2026-07,Summit Auto Group,Summit Honda Westland,Lease Return,campaign,20,4,3,1,5889,
2026-07,Summit Auto Group,Summit Honda Westland,Walk In,showroom,81,29,21,8,89043,
2026-07,Summit Auto Group,Summit Honda Westland,Inbound Calls,phone,116,19,14,5,68078,
2026-07,Summit Auto Group,Summit Honda Westland,Website Chat,chat,75,3,2,1,7062,774
2026-07,Summit Auto Group,Summit Honda Westland,Facebook,internet,74,5,3,2,10548,1204
2026-07,Summit Auto Group,Summit Honda Westland,True Car,internet,25,1,1,0,2609,2236
2026-07,Summit Auto Group,Summit Hyundai Oakhurst,Lease Return,campaign,13,5,4,1,7779,
2026-07,Summit Auto Group,Summit Hyundai Oakhurst,Showroom,showroom,214,78,47,31,242125,
2026-07,Summit Auto Group,Summit Hyundai Oakhurst,Inbound Calls,phone,83,15,11,4,49720,
2026-07,Summit Auto Group,Summit Hyundai Oakhurst,Live Chat,chat,57,4,2,2,11529,522
2026-07,Summit Auto Group,Summit Jeep Ram Clearwater,AutoTrader.com,internet,242,15,8,7,49780,2982
2026-07,Summit Auto Group,Summit Jeep Ram Clearwater,Cars .com,internet,136,14,8,6,42287,2201
2026-07,Summit Auto Group,Summit Jeep Ram Clearwater,Car Gurus,internet,53,1,1,0,2513,2698
2026-07,Summit Auto Group,Summit Jeep Ram Clearwater,Website,internet,309,30,16,14,93292,
2026-07,Summit Auto Group,Summit Jeep Ram Clearwater,Lease Return,campaign,13,3,2,1,5577,
2026-07,Summit Auto Group,Summit Jeep Ram Clearwater,Walk In,showroom,61,19,14,5,71881,
2026-07,Summit Auto Group,Summit Jeep Ram Clearwater,Inbound Calls,phone,102,13,9,4,45285,
2026-07,Summit Auto Group,Summit Jeep Ram Clearwater,Live Chat,chat,68,6,3,3,15297,639
2026-07,Summit Auto Group,Summit Jeep Ram Clearwater,Facebook,internet,53,3,2,1,7150,994
2026-07,Summit Auto Group,Summit Jeep Ram Clearwater,True Car,internet,21,3,2,1,6930,1846
2026-07,Summit Auto Group,Summit Kia Brookfield,AutoTrader.com,internet,176,13,7,6,34080,2310
2026-07,Summit Auto Group,Summit Kia Brookfield,CARS,internet,102,7,4,3,23726,1705
2026-07,Summit Auto Group,Summit Kia Brookfield,Car Gurus,internet,43,4,2,2,11112,2090
2026-07,Summit Auto Group,Summit Kia Brookfield,OEM Website,internet,198,25,14,11,82839,
2026-07,Summit Auto Group,Summit Kia Brookfield,Lease Return,campaign,12,5,4,1,9379,
2026-07,Summit Auto Group,Summit Kia Brookfield,Showroom,showroom,48,22,16,6,74169,
2026-07,Summit Auto Group,Summit Kia Brookfield,Inbound Calls,phone,75,20,14,6,60314,
2026-07,Summit Auto Group,Summit Kia Brookfield,Live Chat,chat,55,3,2,1,7534,495
2026-07,Summit Auto Group,Summit Kia Brookfield,Facebook,internet,49,3,2,1,7538,770
2026-07,Summit Auto Group,Summit Kia Brookfield,True Car,internet,18,0,0,0,0,1430
2026-07,Summit Auto Group,Summit Mazda Lakeside,AutoTrader.com,internet,134,11,6,5,29515,1848
2026-07,Summit Auto Group,Summit Mazda Lakeside,Cars.com,internet,77,4,2,2,11709,1364
2026-07,Summit Auto Group,Summit Mazda Lakeside,CarGurus,internet,30,4,2,2,12307,1672
2026-07,Summit Auto Group,Summit Mazda Lakeside,Dealer Website,internet,201,21,12,9,79223,
2026-07,Summit Auto Group,Summit Mazda Lakeside,Lease Return,campaign,10,1,1,0,1785,
2026-07,Summit Auto Group,Summit Mazda Lakeside,Walk In,showroom,47,15,11,4,54779,
2026-07,Summit Auto Group,Summit Mazda Lakeside,Phone Up,phone,59,11,8,3,35400,
2026-07,Summit Auto Group,Summit Mazda Lakeside,Website Chat,chat,36,0,0,0,0,396
2026-07,Summit Auto Group,Summit Mazda Lakeside,Facebook,internet,33,2,1,1,3826,616
2026-07,Summit Auto Group,Summit Mazda Lakeside,True Car,internet,13,3,2,1,8091,1144
2026-07,Summit Auto Group,Summit Nissan Ridgemont,auto trader,internet,198,15,8,7,42381,2688
2026-07,Summit Auto Group,Summit Nissan Ridgemont,CARS,internet,107,9,5,4,29806,1984
2026-07,Summit Auto Group,Summit Nissan Ridgemont,CarGurus,internet,48,3,2,1,8774,2432
2026-07,Summit Auto Group,Summit Nissan Ridgemont,Dealer Website,internet,266,43,24,19,140398,
2026-07,Summit Auto Group,Summit Nissan Ridgemont,Lease Retention,campaign,13,2,1,1,3312,
2026-07,Summit Auto Group,Summit Nissan Ridgemont,Walk-In,showroom,66,20,14,6,78618,
2026-07,Summit Auto Group,Summit Nissan Ridgemont,Inbound Calls,phone,90,16,12,4,55500,
2026-07,Summit Auto Group,Summit Nissan Ridgemont,Live Chat,chat,56,3,2,1,7560,576
2026-07,Summit Auto Group,Summit Nissan Ridgemont,Facebook,internet,49,4,2,2,8944,896
2026-07,Summit Auto Group,Summit Nissan Ridgemont,TrueCar,internet,21,0,0,0,0,1664
2026-07,Summit Auto Group,Summit Subaru Northgate,Autotrader,internet,149,12,7,5,33054,2058
2026-07,Summit Auto Group,Summit Subaru Northgate,CARS,internet,82,8,4,4,26513,1519
2026-07,Summit Auto Group,Summit Subaru Northgate,CarGurus,internet,35,0,0,0,0,1862
2026-07,Summit Auto Group,Summit Subaru Northgate,OEM Website,internet,222,24,13,11,80440,
2026-07,Summit Auto Group,Summit Subaru Northgate,Lease Return,campaign,10,4,3,1,7040,
2026-07,Summit Auto Group,Summit Subaru Northgate,Walk-In,showroom,53,20,14,6,79287,
2026-07,Summit Auto Group,Summit Subaru Northgate,Phone Up,phone,61,10,7,3,29535,
2026-07,Summit Auto Group,Summit Subaru Northgate,Website Chat,chat,47,1,1,0,2890,441
2026-07,Summit Auto Group,Summit Subaru Northgate,Facebook Marketplace,internet,45,0,0,0,0,686
2026-07,Summit Auto Group,Summit Subaru Northgate,True Car,internet,18,0,0,0,0,1274
2026-07,Summit Auto Group,Summit Toyota of Fairview,auto trader,internet,343,20,11,9,58084,4200
2026-07,Summit Auto Group,Summit Toyota of Fairview,CARS,internet,215,17,9,8,53616,3100
2026-07,Summit Auto Group,Summit Toyota of Fairview,Car Gurus,internet,65,2,1,1,5016,3800
2026-07,Summit Auto Group,Summit Toyota of Fairview,Dealer Website,internet,444,46,25,21,174564,
2026-07,Summit Auto Group,Summit Toyota of Fairview,Lease Retention,campaign,22,6,4,2,11520,
2026-07,Summit Auto Group,Summit Toyota of Fairview,Showroom,showroom,81,28,20,8,94377,
2026-07,Summit Auto Group,Summit Toyota of Fairview,Inbound Calls,phone,139,34,24,10,102494,
2026-07,Summit Auto Group,Summit Toyota of Fairview,Chat,chat,89,14,8,6,33066,900
2026-07,Summit Auto Group,Summit Toyota of Fairview,FB Marketplace,internet,79,6,3,3,11621,1400
2026-07,Summit Auto Group,Summit Toyota of Fairview,True Car,internet,36,1,1,0,2437,2600
2026-07,Summit Auto Group,Summit Volkswagen Eastdale,auto trader,internet,113,8,4,4,21177,1680
2026-07,Summit Auto Group,Summit Volkswagen Eastdale,Cars .com,internet,71,3,2,1,9979,1240
2026-07,Summit Auto Group,Summit Volkswagen Eastdale,Car Gurus,internet,27,1,1,0,2834,1520
2026-07,Summit Auto Group,Summit Volkswagen Eastdale,Dealer Website,internet,173,20,11,9,76546,
2026-07,Summit Auto Group,Summit Volkswagen Eastdale,Lease Retention,campaign,8,3,2,1,4561,
2026-07,Summit Auto Group,Summit Volkswagen Eastdale,Walk-In,showroom,42,15,11,4,54180,
2026-07,Summit Auto Group,Summit Volkswagen Eastdale,Phone Up,phone,57,12,9,3,40926,
2026-07,Summit Auto Group,Summit Volkswagen Eastdale,Chat,chat,31,1,1,0,2841,360
2026-07,Summit Auto Group,Summit Volkswagen Eastdale,Facebook,internet,37,2,1,1,4258,560
2026-07,Summit Auto Group,Summit Volkswagen Eastdale,True Car,internet,12,1,1,0,2852,1040
2026-08,Harbor Motor Group,Harbor BMW,auto trader,internet,248,17,9,8,72248,3276
2026-08,Harbor Motor Group,Harbor BMW,Cars.com,internet,150,10,6,4,45025,2418
2026-08,Harbor Motor Group,Harbor BMW,Car Gurus,internet,58,3,2,1,15301,2964
2026-08,Harbor Motor Group,Harbor BMW,Dealer Website,internet,339,32,18,14,189604,
2026-08,Harbor Motor Group,Harbor BMW,Lease Retention,campaign,13,3,2,1,8248,
2026-08,Harbor Motor Group,Harbor BMW,Walk In,showroom,72,20,14,6,108360,
2026-08,Harbor Motor Group,Harbor BMW,Phone Up,phone,116,19,14,5,89010,
2026-08,Harbor Motor Group,Harbor BMW,Website Chat,chat,66,5,3,2,19497,702
2026-08,Harbor Motor Group,Harbor BMW,Facebook Marketplace,internet,69,3,2,1,11034,1092
2026-08,Harbor Motor Group,Harbor BMW,True Car,internet,26,3,2,1,11476,2028
2026-08,Harbor Motor Group,Harbor Chevrolet Marina,auto trader,internet,208,18,10,8,50037,2940
2026-08,Harbor Motor Group,Harbor Chevrolet Marina,Cars.com,internet,134,10,6,4,27685,2170
2026-08,Harbor Motor Group,Harbor Chevrolet Marina,Car Gurus,internet,45,3,2,1,8047,2660
2026-08,Harbor Motor Group,Harbor Chevrolet Marina,OEM Website,internet,296,29,16,13,87459,
2026-08,Harbor Motor Group,Harbor Chevrolet Marina,Lease Retention,campaign,15,6,4,2,9389,
2026-08,Harbor Motor Group,Harbor Chevrolet Marina,Walk-In,showroom,72,21,15,6,76501,
2026-08,Harbor Motor Group,Harbor Chevrolet Marina,Inbound Calls,phone,103,16,12,4,52172,
2026-08,Harbor Motor Group,Harbor Chevrolet Marina,Live Chat,chat,56,6,3,3,13701,630
2026-08,Harbor Motor Group,Harbor Chevrolet Marina,FB Marketplace,internet,65,1,1,0,2318,979
2026-08,Harbor Motor Group,Harbor Chevrolet Marina,True Car,internet,20,1,1,0,2848,1819
2026-08,Harbor Motor Group,Harbor Ford Portside,auto trader,internet,317,22,12,10,70297,3696
2026-08,Harbor Motor Group,Harbor Ford Portside,Cars .com,internet,167,10,6,4,31777,2728
2026-08,Harbor Motor Group,Harbor Ford Portside,CarGurus,internet,53,1,1,0,2584,3344
2026-08,Harbor Motor Group,Harbor Ford Portside,OEM Website,internet,314,44,24,20,148215,
2026-08,Harbor Motor Group,Harbor Ford Portside,Lease Return,campaign,15,4,3,1,7326,
2026-08,Harbor Motor Group,Harbor Ford Portside,Showroom,showroom,84,27,19,8,106044,
2026-08,Harbor Motor Group,Harbor Ford Portside,Inbound Calls,phone,139,30,22,8,84160,
2026-08,Harbor Motor Group,Harbor Ford Portside,Live Chat,chat,82,2,1,1,5640,792
2026-08,Harbor Motor Group,Harbor Ford Portside,Facebook Marketplace,internet,74,5,3,2,11582,1232
2026-08,Harbor Motor Group,Harbor Ford Portside,TrueCar,internet,25,2,1,1,4415,2288
2026-08,Harbor Motor Group,Harbor Honda Seaside,ATC,internet,242,13,7,6,39158,3360
2026-08,Harbor Motor Group,Harbor Honda Seaside,Cars .com,internet,137,15,8,7,49095,2480
2026-08,Harbor Motor Group,Harbor Honda Seaside,CarGurus,internet,51,7,4,3,21764,3040
2026-08,Harbor Motor Group,Harbor Honda Seaside,Dealer Website,internet,331,39,21,18,115651,
2026-08,Harbor Motor Group,Harbor Honda Seaside,Lease Retention,campaign,16,8,6,2,15272,
2026-08,Harbor Motor Group,Harbor Honda Seaside,Showroom,showroom,80,35,25,10,119053,
2026-08,Harbor Motor Group,Harbor Honda Seaside,Phone Up,phone,97,19,14,5,63241,
2026-08,Harbor Motor Group,Harbor Honda Seaside,Live Chat,chat,60,8,4,4,20482,720
2026-08,Harbor Motor Group,Harbor Honda Seaside,Facebook,internet,63,3,2,1,7328,1120
2026-08,Harbor Motor Group,Harbor Honda Seaside,TrueCar,internet,21,0,0,0,0,2080
2026-08,Harbor Motor Group,Harbor Jeep Ram Anchor,AutoTrader.com,internet,182,19,10,9,47948,2772
2026-08,Harbor Motor Group,Harbor Jeep Ram Anchor,Cars .com,internet,128,11,6,5,28518,2046
2026-08,Harbor Motor Group,Harbor Jeep Ram Anchor,cargurus.com,internet,37,4,2,2,11360,2508
2026-08,Harbor Motor Group,Harbor Jeep Ram Anchor,OEM Website,internet,275,39,21,18,140757,
2026-08,Harbor Motor Group,Harbor Jeep Ram Anchor,Lease Retention,campaign,14,5,4,1,8581,
2026-08,Harbor Motor Group,Harbor Jeep Ram Anchor,Walk-In,showroom,60,16,12,4,55753,
2026-08,Harbor Motor Group,Harbor Jeep Ram Anchor,Phone Up,phone,94,14,10,4,37608,
2026-08,Harbor Motor Group,Harbor Jeep Ram Anchor,Chat,chat,53,1,1,0,2676,594
2026-08,Harbor Motor Group,Harbor Jeep Ram Anchor,Facebook,internet,55,3,2,1,6697,924
2026-08,Harbor Motor Group,Harbor Jeep Ram Anchor,TrueCar,internet,17,2,1,1,5327,1716
2026-08,Harbor Motor Group,Harbor Kia Lighthouse,ATC,internet,167,6,3,3,16993,2184
2026-08,Harbor Motor Group,Harbor Kia Lighthouse,CARS,internet,93,8,4,4,24528,1612
2026-08,Harbor Motor Group,Harbor Kia Lighthouse,CarGurus,internet,33,4,2,2,9926,1976
2026-08,Harbor Motor Group,Harbor Kia Lighthouse,Dealer Website,internet,243,27,15,12,91087,
2026-08,Harbor Motor Group,Harbor Kia Lighthouse,Lease Retention,campaign,9,3,2,1,5586,
2026-08,Harbor Motor Group,Harbor Kia Lighthouse,Walk In,showroom,45,16,12,4,49241,
2026-08,Harbor Motor Group,Harbor Kia Lighthouse,Inbound Calls,phone,69,16,12,4,44489,
2026-08,Harbor Motor Group,Harbor Kia Lighthouse,Website Chat,chat,48,2,1,1,4738,468
2026-08,Harbor Motor Group,Harbor Kia Lighthouse,Facebook,internet,41,1,1,0,2209,728
2026-08,Harbor Motor Group,Harbor Kia Lighthouse,True Car,internet,17,0,0,0,0,1352
2026-08,Harbor Motor Group,Harbor Subaru Tidewater,auto trader,internet,150,10,6,4,32346,1974
2026-08,Harbor Motor Group,Harbor Subaru Tidewater,Cars .com,internet,78,2,1,1,6461,1457
2026-08,Harbor Motor Group,Harbor Subaru Tidewater,Car Gurus,internet,31,2,1,1,5450,1786
2026-08,Harbor Motor Group,Harbor Subaru Tidewater,Dealer Website,internet,172,20,11,9,72058,
2026-08,Harbor Motor Group,Harbor Subaru Tidewater,Lease Return,campaign,9,3,2,1,5615,
2026-08,Harbor Motor Group,Harbor Subaru Tidewater,Showroom,showroom,41,16,12,4,55238,
2026-08,Harbor Motor Group,Harbor Subaru Tidewater,Phone Up,phone,57,11,8,3,39254,
2026-08,Harbor Motor Group,Harbor Subaru Tidewater,Website Chat,chat,45,1,1,0,2441,423
2026-08,Harbor Motor Group,Harbor Subaru Tidewater,FB Marketplace,internet,35,2,1,1,4304,658
2026-08,Harbor Motor Group,Harbor Subaru Tidewater,True Car,internet,14,1,1,0,2540,1222
2026-08,Harbor Motor Group,Harbor Toyota Bayview,Autotrader,internet,288,24,13,11,69619,3990
2026-08,Harbor Motor Group,Harbor Toyota Bayview,Cars .com,internet,193,13,7,6,34253,2945
2026-08,Harbor Motor Group,Harbor Toyota Bayview,cargurus.com,internet,68,3,2,1,7297,3610
2026-08,Harbor Motor Group,Harbor Toyota Bayview,OEM Website,internet,386,43,24,19,136600,
2026-08,Harbor Motor Group,Harbor Toyota Bayview,Lease Return,campaign,18,9,6,3,16028,
2026-08,Harbor Motor Group,Harbor Toyota Bayview,Walk In,showroom,99,44,32,12,147451,
2026-08,Harbor Motor Group,Harbor Toyota Bayview,Inbound Phone,phone,129,20,14,6,64548,
2026-08,Harbor Motor Group,Harbor Toyota Bayview,Website Chat,chat,92,5,3,2,13358,855
2026-08,Harbor Motor Group,Harbor Toyota Bayview,Facebook Marketplace,internet,93,4,2,2,8876,1330
2026-08,Harbor Motor Group,Harbor Toyota Bayview,True Car,internet,26,0,0,0,0,2470
2026-08,Summit Auto Group,Summit BMW,Autotrader,internet,272,24,13,11,107286,3486
2026-08,Summit Auto Group,Summit BMW,Cars .com,internet,155,15,8,7,70160,2573
2026-08,Summit Auto Group,Summit BMW,cargurus.com,internet,55,3,2,1,14479,3154
2026-08,Summit Auto Group,Summit BMW,Dealer Website,internet,323,33,18,15,196490,
2026-08,Summit Auto Group,Summit BMW,Lease Return,campaign,18,7,5,2,21148,
2026-08,Summit Auto Group,Summit BMW,Walk-In,showroom,69,29,21,8,146980,
2026-08,Summit Auto Group,Summit BMW,Inbound Phone,phone,109,24,17,7,105331,
2026-08,Summit Auto Group,Summit BMW,Chat,chat,80,6,3,3,21614,747
2026-08,Summit Auto Group,Summit BMW,Facebook,internet,61,3,2,1,10125,1162
2026-08,Summit Auto Group,Summit BMW,TrueCar,internet,25,1,1,0,3753,2158
2026-08,Summit Auto Group,Summit Chevrolet Glenpark,ATC,internet,230,20,11,9,49772,3276
2026-08,Summit Auto Group,Summit Chevrolet Glenpark,Cars .com,internet,132,13,7,6,39507,2418
2026-08,Summit Auto Group,Summit Chevrolet Glenpark,cargurus.com,internet,44,1,1,0,2503,2964
2026-08,Summit Auto Group,Summit Chevrolet Glenpark,Dealer Website,internet,341,43,24,19,144484,
2026-08,Summit Auto Group,Summit Chevrolet Glenpark,Lease Return,campaign,14,7,5,2,10148,
2026-08,Summit Auto Group,Summit Chevrolet Glenpark,Walk In,showroom,81,21,15,6,66537,
2026-08,Summit Auto Group,Summit Chevrolet Glenpark,Inbound Phone,phone,116,19,14,5,54552,
2026-08,Summit Auto Group,Summit Chevrolet Glenpark,Chat,chat,75,6,3,3,14534,702
2026-08,Summit Auto Group,Summit Chevrolet Glenpark,FB Marketplace,internet,77,5,3,2,9381,1092
2026-08,Summit Auto Group,Summit Chevrolet Glenpark,TrueCar,internet,21,2,1,1,5601,2028
2026-08,Summit Auto Group,Summit Ford Rivera,ATC,internet,325,14,8,6,35904,3864
2026-08,Summit Auto Group,Summit Ford Rivera,Cars.com,internet,176,16,9,7,42227,2852
2026-08,Summit Auto Group,Summit Ford Rivera,cargurus.com,internet,58,1,1,0,3029,3496
2026-08,Summit Auto Group,Summit Ford Rivera,Website,internet,419,55,30,25,176212,
2026-08,Summit Auto Group,Summit Ford Rivera,Lease Retention,campaign,19,5,4,1,7805,
2026-08,Summit Auto Group,Summit Ford Rivera,Showroom,showroom,98,36,26,10,113080,
2026-08,Summit Auto Group,Summit Ford Rivera,Inbound Phone,phone,137,30,22,8,102065,
2026-08,Summit Auto Group,Summit Ford Rivera,Live Chat,chat,86,5,3,2,13955,828
2026-08,Summit Auto Group,Summit Ford Rivera,Facebook,internet,84,6,3,3,14597,1288
2026-08,Summit Auto Group,Summit Ford Rivera,TrueCar,internet,26,1,1,0,2365,2392
2026-08,Summit Auto Group,Summit Honda Westland,auto trader,internet,292,25,14,11,63525,3612
2026-08,Summit Auto Group,Summit Honda Westland,Cars.com,internet,142,12,7,5,39477,2666
2026-08,Summit Auto Group,Summit Honda Westland,CarGurus,internet,64,3,2,1,8014,3268
2026-08,Summit Auto Group,Summit Honda Westland,Dealer Website,internet,308,43,24,19,133198,
2026-08,Summit Auto Group,Summit Honda Westland,Lease Return,campaign,15,2,1,1,2903,
2026-08,Summit Auto Group,Summit Honda Westland,Walk In,showroom,72,28,20,8,106358,
2026-08,Summit Auto Group,Summit Honda Westland,Inbound Calls,phone,121,18,13,5,58899,
2026-08,Summit Auto Group,Summit Honda Westland,Website Chat,chat,78,7,4,3,19822,774
2026-08,Summit Auto Group,Summit Honda Westland,Facebook,internet,91,3,2,1,7317,1204
2026-08,Summit Auto Group,Summit Honda Westland,True Car,internet,26,2,1,1,5731,2236
2026-08,Summit Auto Group,Summit Hyundai Oakhurst,Lease Return,campaign,11,5,4,1,8560,
2026-08,Summit Auto Group,Summit Hyundai Oakhurst,Showroom,showroom,238,81,48,33,274097,
2026-08,Summit Auto Group,Summit Hyundai Oakhurst,Inbound Calls,phone,92,19,14,5,63603,
2026-08,Summit Auto Group,Summit Hyundai Oakhurst,Live Chat,chat,45,3,2,1,6800,522
2026-08,Summit Auto Group,Summit Jeep Ram Clearwater,AutoTrader.com,internet,200,16,9,7,47541,2982
2026-08,Summit Auto Group,Summit Jeep Ram Clearwater,Cars .com,internet,144,12,7,5,33063,2201
2026-08,Summit Auto Group,Summit Jeep Ram Clearwater,Car Gurus,internet,52,2,1,1,5183,2698
2026-08,Summit Auto Group,Summit Jeep Ram Clearwater,Website,internet,275,29,16,13,94821,
2026-08,Summit Auto Group,Summit Jeep Ram Clearwater,Lease Return,campaign,12,4,3,1,6234,
2026-08,Summit Auto Group,Summit Jeep Ram Clearwater,Walk In,showroom,57,20,14,6,65463,
2026-08,Summit Auto Group,Summit Jeep Ram Clearwater,Inbound Calls,phone,98,20,14,6,66557,
2026-08,Summit Auto Group,Summit Jeep Ram Clearwater,Live Chat,chat,61,3,2,1,7971,639
2026-08,Summit Auto Group,Summit Jeep Ram Clearwater,Facebook,internet,57,3,2,1,6033,994
2026-08,Summit Auto Group,Summit Jeep Ram Clearwater,True Car,internet,22,2,1,1,4571,1846
2026-08,Summit Auto Group,Summit Kia Brookfield,AutoTrader.com,internet,154,14,8,6,34824,2310
2026-08,Summit Auto Group,Summit Kia Brookfield,CARS,internet,108,12,7,5,34573,1705
2026-08,Summit Auto Group,Summit Kia Brookfield,Car Gurus,internet,41,3,2,1,8787,2090
2026-08,Summit Auto Group,Summit Kia Brookfield,OEM Website,internet,217,20,11,9,68055,
2026-08,Summit Auto Group,Summit Kia Brookfield,Lease Return,campaign,12,3,2,1,5002,
2026-08,Summit Auto Group,Summit Kia Brookfield,Showroom,showroom,46,14,10,4,53734,
2026-08,Summit Auto Group,Summit Kia Brookfield,Inbound Calls,phone,66,10,7,3,29098,
2026-08,Summit Auto Group,Summit Kia Brookfield,Live Chat,chat,52,6,3,3,17450,495
2026-08,Summit Auto Group,Summit Kia Brookfield,Facebook,internet,43,4,2,2,9830,770
2026-08,Summit Auto Group,Summit Kia Brookfield,True Car,internet,18,2,1,1,5748,1430
2026-08,Summit Auto Group,Summit Mazda Lakeside,AutoTrader.com,internet,131,9,5,4,27986,1848
2026-08,Summit Auto Group,Summit Mazda Lakeside,Cars.com,internet,92,11,6,5,37948,1364
2026-08,Summit Auto Group,Summit Mazda Lakeside,CarGurus,internet,27,4,2,2,11091,1672
2026-08,Summit Auto Group,Summit Mazda Lakeside,Dealer Website,internet,160,14,8,6,47786,
2026-08,Summit Auto Group,Summit Mazda Lakeside,Lease Return,campaign,9,3,2,1,4428,
2026-08,Summit Auto Group,Summit Mazda Lakeside,Walk In,showroom,42,22,16,6,81480,
2026-08,Summit Auto Group,Summit Mazda Lakeside,Phone Up,phone,57,11,8,3,33917,
2026-08,Summit Auto Group,Summit Mazda Lakeside,Website Chat,chat,40,1,1,0,2871,396
2026-08,Summit Auto Group,Summit Mazda Lakeside,Facebook,internet,31,1,1,0,2434,616
2026-08,Summit Auto Group,Summit Mazda Lakeside,True Car,internet,13,0,0,0,0,1144
2026-08,Summit Auto Group,Summit Nissan Ridgemont,auto trader,internet,189,13,7,6,41033,2688
2026-08,Summit Auto Group,Summit Nissan Ridgemont,CARS,internet,119,8,4,4,22522,1984
2026-08,Summit Auto Group,Summit Nissan Ridgemont,CarGurus,internet,41,3,2,1,8756,2432
2026-08,Summit Auto Group,Summit Nissan Ridgemont,Dealer Website,internet,288,20,11,9,62273,
2026-08,Summit Auto Group,Summit Nissan Ridgemont,Lease Retention,campaign,13,5,4,1,7705,
2026-08,Summit Auto Group,Summit Nissan Ridgemont,Walk-In,showroom,69,21,15,6,74069,
2026-08,Summit Auto Group,Summit Nissan Ridgemont,Inbound Calls,phone,77,21,15,6,76064,
2026-08,Summit Auto Group,Summit Nissan Ridgemont,Live Chat,chat,56,3,2,1,6656,576
2026-08,Summit Auto Group,Summit Nissan Ridgemont,Facebook,internet,58,5,3,2,12087,896
2026-08,Summit Auto Group,Summit Nissan Ridgemont,TrueCar,internet,19,0,0,0,0,1664
2026-08,Summit Auto Group,Summit Subaru Northgate,Autotrader,internet,138,9,5,4,23321,2058
2026-08,Summit Auto Group,Summit Subaru Northgate,CARS,internet,101,15,8,7,50562,1519
2026-08,Summit Auto Group,Summit Subaru Northgate,CarGurus,internet,33,0,0,0,0,1862
2026-08,Summit Auto Group,Summit Subaru Northgate,OEM Website,internet,195,29,16,13,99319,
2026-08,Summit Auto Group,Summit Subaru Northgate,Lease Return,campaign,9,4,3,1,7584,
2026-08,Summit Auto Group,Summit Subaru Northgate,Walk-In,showroom,51,13,9,4,48274,
2026-08,Summit Auto Group,Summit Subaru Northgate,Phone Up,phone,71,10,7,3,31548,
2026-08,Summit Auto Group,Summit Subaru Northgate,Website Chat,chat,38,3,2,1,6899,441
2026-08,Summit Auto Group,Summit Subaru Northgate,Facebook Marketplace,internet,52,5,3,2,10185,686
2026-08,Summit Auto Group,Summit Subaru Northgate,True Car,internet,16,1,1,0,2281,1274
2026-08,Summit Auto Group,Summit Toyota of Fairview,auto trader,internet,316,12,7,5,33948,4200
2026-08,Summit Auto Group,Summit Toyota of Fairview,CARS,internet,171,19,10,9,59237,3100
2026-08,Summit Auto Group,Summit Toyota of Fairview,Car Gurus,internet,63,4,2,2,9761,3800
2026-08,Summit Auto Group,Summit Toyota of Fairview,Dealer Website,internet,420,53,29,24,189003,
2026-08,Summit Auto Group,Summit Toyota of Fairview,Lease Retention,campaign,17,3,2,1,4899,
2026-08,Summit Auto Group,Summit Toyota of Fairview,Showroom,showroom,86,26,19,7,99036,
2026-08,Summit Auto Group,Summit Toyota of Fairview,Inbound Calls,phone,145,30,22,8,82753,
2026-08,Summit Auto Group,Summit Toyota of Fairview,Chat,chat,91,7,4,3,16589,900
2026-08,Summit Auto Group,Summit Toyota of Fairview,FB Marketplace,internet,95,6,3,3,14828,1400
2026-08,Summit Auto Group,Summit Toyota of Fairview,True Car,internet,31,3,2,1,8066,2600
2026-08,Summit Auto Group,Summit Volkswagen Eastdale,auto trader,internet,116,5,3,2,13306,1680
2026-08,Summit Auto Group,Summit Volkswagen Eastdale,Cars .com,internet,79,6,3,3,17668,1240
2026-08,Summit Auto Group,Summit Volkswagen Eastdale,Car Gurus,internet,29,1,1,0,2622,1520
2026-08,Summit Auto Group,Summit Volkswagen Eastdale,Dealer Website,internet,159,23,13,10,85407,
2026-08,Summit Auto Group,Summit Volkswagen Eastdale,Lease Retention,campaign,7,1,1,0,1577,
2026-08,Summit Auto Group,Summit Volkswagen Eastdale,Walk-In,showroom,41,12,9,3,41540,
2026-08,Summit Auto Group,Summit Volkswagen Eastdale,Phone Up,phone,63,15,11,4,42302,
2026-08,Summit Auto Group,Summit Volkswagen Eastdale,Chat,chat,34,1,1,0,2229,360
2026-08,Summit Auto Group,Summit Volkswagen Eastdale,Facebook,internet,41,5,3,2,10255,560
2026-08,Summit Auto Group,Summit Volkswagen Eastdale,True Car,internet,10,0,0,0,0,1040
2026-09,Harbor Motor Group,Harbor BMW,auto trader,internet,233,18,10,8,84864,3276
2026-09,Harbor Motor Group,Harbor BMW,Cars.com,internet,164,15,8,7,74303,2418
2026-09,Harbor Motor Group,Harbor BMW,Car Gurus,internet,49,3,2,1,12957,2964
2026-09,Harbor Motor Group,Harbor BMW,Dealer Website,internet,326,35,19,16,186123,
2026-09,Harbor Motor Group,Harbor BMW,Lease Retention,campaign,13,2,1,1,6221,
2026-09,Harbor Motor Group,Harbor BMW,Walk In,showroom,65,27,19,8,143958,
2026-09,Harbor Motor Group,Harbor BMW,Phone Up,phone,100,12,9,3,67849,
2026-09,Harbor Motor Group,Harbor BMW,Website Chat,chat,76,7,4,3,27374,702
2026-09,Harbor Motor Group,Harbor BMW,Facebook Marketplace,internet,60,5,3,2,19079,1092
2026-09,Harbor Motor Group,Harbor BMW,True Car,internet,18,2,1,1,8820,2028
2026-09,Harbor Motor Group,Harbor Chevrolet Marina,auto trader,internet,232,15,8,7,46126,2940
2026-09,Harbor Motor Group,Harbor Chevrolet Marina,Cars.com,internet,139,12,7,5,32326,2170
2026-09,Harbor Motor Group,Harbor Chevrolet Marina,Car Gurus,internet,41,3,2,1,8254,2660
2026-09,Harbor Motor Group,Harbor Chevrolet Marina,OEM Website,internet,274,33,18,15,97055,
2026-09,Harbor Motor Group,Harbor Chevrolet Marina,Lease Retention,campaign,11,4,3,1,7007,
2026-09,Harbor Motor Group,Harbor Chevrolet Marina,Walk-In,showroom,70,29,21,8,95089,
2026-09,Harbor Motor Group,Harbor Chevrolet Marina,Inbound Calls,phone,89,14,10,4,47490,
2026-09,Harbor Motor Group,Harbor Chevrolet Marina,Live Chat,chat,61,8,4,4,18625,630
2026-09,Harbor Motor Group,Harbor Chevrolet Marina,FB Marketplace,internet,62,3,2,1,6426,979
2026-09,Harbor Motor Group,Harbor Chevrolet Marina,True Car,internet,18,0,0,0,0,1819
2026-09,Harbor Motor Group,Harbor Ford Portside,auto trader,internet,267,17,9,8,51710,3696
2026-09,Harbor Motor Group,Harbor Ford Portside,Cars .com,internet,175,14,8,6,48159,2728
2026-09,Harbor Motor Group,Harbor Ford Portside,CarGurus,internet,50,3,2,1,8454,3344
2026-09,Harbor Motor Group,Harbor Ford Portside,OEM Website,internet,410,39,21,18,127608,
2026-09,Harbor Motor Group,Harbor Ford Portside,Lease Return,campaign,16,3,2,1,5780,
2026-09,Harbor Motor Group,Harbor Ford Portside,Showroom,showroom,86,24,17,7,93033,
2026-09,Harbor Motor Group,Harbor Ford Portside,Inbound Calls,phone,136,30,22,8,87930,
2026-09,Harbor Motor Group,Harbor Ford Portside,Live Chat,chat,81,6,3,3,13785,792
2026-09,Harbor Motor Group,Harbor Ford Portside,Facebook Marketplace,internet,92,4,2,2,7657,1232
2026-09,Harbor Motor Group,Harbor Ford Portside,TrueCar,internet,26,1,1,0,2422,2288
2026-09,Harbor Motor Group,Harbor Honda Seaside,ATC,internet,232,16,9,7,44620,3360
2026-09,Harbor Motor Group,Harbor Honda Seaside,Cars .com,internet,133,11,6,5,32157,2480
2026-09,Harbor Motor Group,Harbor Honda Seaside,CarGurus,internet,42,0,0,0,0,3040
2026-09,Harbor Motor Group,Harbor Honda Seaside,Dealer Website,internet,312,43,24,19,137776,
2026-09,Harbor Motor Group,Harbor Honda Seaside,Lease Retention,campaign,13,1,1,0,1490,
2026-09,Harbor Motor Group,Harbor Honda Seaside,Showroom,showroom,86,34,24,10,109748,
2026-09,Harbor Motor Group,Harbor Honda Seaside,Phone Up,phone,108,17,12,5,60717,
2026-09,Harbor Motor Group,Harbor Honda Seaside,Live Chat,chat,66,1,1,0,2477,720
2026-09,Harbor Motor Group,Harbor Honda Seaside,Facebook,internet,65,2,1,1,4914,1120
2026-09,Harbor Motor Group,Harbor Honda Seaside,TrueCar,internet,21,1,1,0,2815,2080
2026-09,Harbor Motor Group,Harbor Jeep Ram Anchor,AutoTrader.com,internet,211,13,7,6,40929,2772
2026-09,Harbor Motor Group,Harbor Jeep Ram Anchor,Cars .com,internet,120,12,7,5,31902,2046
2026-09,Harbor Motor Group,Harbor Jeep Ram Anchor,cargurus.com,internet,41,1,1,0,2974,2508
2026-09,Harbor Motor Group,Harbor Jeep Ram Anchor,OEM Website,internet,295,32,18,14,114823,
2026-09,Harbor Motor Group,Harbor Jeep Ram Anchor,Lease Retention,campaign,10,2,1,1,3789,
2026-09,Harbor Motor Group,Harbor Jeep Ram Anchor,Walk-In,showroom,59,21,15,6,79530,
2026-09,Harbor Motor Group,Harbor Jeep Ram Anchor,Phone Up,phone,84,14,10,4,44149,
2026-09,Harbor Motor Group,Harbor Jeep Ram Anchor,Chat,chat,61,3,2,1,7817,594
2026-09,Harbor Motor Group,Harbor Jeep Ram Anchor,Facebook,internet,64,2,1,1,3794,924
2026-09,Harbor Motor Group,Harbor Jeep Ram Anchor,TrueCar,internet,17,1,1,0,2859,1716
2026-09,Harbor Motor Group,Harbor Kia Lighthouse,ATC,internet,181,12,7,5,30360,2184
2026-09,Harbor Motor Group,Harbor Kia Lighthouse,CARS,internet,106,10,6,4,31811,1612
2026-09,Harbor Motor Group,Harbor Kia Lighthouse,CarGurus,internet,28,1,1,0,2436,1976
2026-09,Harbor Motor Group,Harbor Kia Lighthouse,Dealer Website,internet,242,34,19,15,110179,
2026-09,Harbor Motor Group,Harbor Kia Lighthouse,Lease Retention,campaign,8,1,1,0,1480,
2026-09,Harbor Motor Group,Harbor Kia Lighthouse,Walk In,showroom,42,11,8,3,37766,
2026-09,Harbor Motor Group,Harbor Kia Lighthouse,Inbound Calls,phone,80,15,11,4,47955,
2026-09,Harbor Motor Group,Harbor Kia Lighthouse,Website Chat,chat,52,4,2,2,9701,468
2026-09,Harbor Motor Group,Harbor Kia Lighthouse,Facebook,internet,47,2,1,1,3808,728
2026-09,Harbor Motor Group,Harbor Kia Lighthouse,True Car,internet,12,0,0,0,0,1352
2026-09,Harbor Motor Group,Harbor Subaru Tidewater,auto trader,internet,127,6,3,3,16898,1974
2026-09,Harbor Motor Group,Harbor Subaru Tidewater,Cars .com,internet,89,9,5,4,27712,1457
2026-09,Harbor Motor Group,Harbor Subaru Tidewater,Car Gurus,internet,25,2,1,1,5202,1786
2026-09,Harbor Motor Group,Harbor Subaru Tidewater,Dealer Website,internet,203,16,9,7,60549,
2026-09,Harbor Motor Group,Harbor Subaru Tidewater,Lease Return,campaign,7,4,3,1,7215,
2026-09,Harbor Motor Group,Harbor Subaru Tidewater,Showroom,showroom,46,15,11,4,58466,
2026-09,Harbor Motor Group,Harbor Subaru Tidewater,Phone Up,phone,69,14,10,4,41109,
2026-09,Harbor Motor Group,Harbor Subaru Tidewater,Website Chat,chat,40,6,3,3,17157,423
2026-09,Harbor Motor Group,Harbor Subaru Tidewater,FB Marketplace,internet,36,0,0,0,0,658
2026-09,Harbor Motor Group,Harbor Subaru Tidewater,True Car,internet,13,0,0,0,0,1222
2026-09,Harbor Motor Group,Harbor Toyota Bayview,Autotrader,internet,320,23,13,10,71984,3990
2026-09,Harbor Motor Group,Harbor Toyota Bayview,Cars .com,internet,153,12,7,5,32140,2945
2026-09,Harbor Motor Group,Harbor Toyota Bayview,cargurus.com,internet,61,5,3,2,13128,3610
2026-09,Harbor Motor Group,Harbor Toyota Bayview,OEM Website,internet,334,28,15,13,95969,
2026-09,Harbor Motor Group,Harbor Toyota Bayview,Lease Return,campaign,16,6,4,2,9969,
2026-09,Harbor Motor Group,Harbor Toyota Bayview,Walk In,showroom,89,30,22,8,113967,
2026-09,Harbor Motor Group,Harbor Toyota Bayview,Inbound Phone,phone,115,18,13,5,64072,
2026-09,Harbor Motor Group,Harbor Toyota Bayview,Website Chat,chat,94,6,3,3,17361,855
2026-09,Harbor Motor Group,Harbor Toyota Bayview,Facebook Marketplace,internet,79,2,1,1,4203,1330
2026-09,Harbor Motor Group,Harbor Toyota Bayview,True Car,internet,24,0,0,0,0,2470
2026-09,Summit Auto Group,Summit BMW,Autotrader,internet,250,17,9,8,77205,3486
2026-09,Summit Auto Group,Summit BMW,Cars .com,internet,173,17,9,8,74435,2573
2026-09,Summit Auto Group,Summit BMW,cargurus.com,internet,42,1,1,0,3898,3154
2026-09,Summit Auto Group,Summit BMW,Dealer Website,internet,314,41,23,18,219063,
2026-09,Summit Auto Group,Summit BMW,Lease Return,campaign,16,6,4,2,15781,
2026-09,Summit Auto Group,Summit BMW,Walk-In,showroom,80,25,18,7,146891,
2026-09,Summit Auto Group,Summit BMW,Inbound Phone,phone,102,19,14,5,86715,
2026-09,Summit Auto Group,Summit BMW,Chat,chat,78,9,5,4,33464,747
2026-09,Summit Auto Group,Summit BMW,Facebook,internet,67,2,1,1,7075,1162
2026-09,Summit Auto Group,Summit BMW,TrueCar,internet,20,1,1,0,4339,2158
2026-09,Summit Auto Group,Summit Chevrolet Glenpark,ATC,internet,246,21,12,9,63600,3276
2026-09,Summit Auto Group,Summit Chevrolet Glenpark,Cars .com,internet,157,14,8,6,48412,2418
2026-09,Summit Auto Group,Summit Chevrolet Glenpark,cargurus.com,internet,48,2,1,1,5375,2964
2026-09,Summit Auto Group,Summit Chevrolet Glenpark,Dealer Website,internet,299,28,15,13,95850,
2026-09,Summit Auto Group,Summit Chevrolet Glenpark,Lease Return,campaign,12,4,3,1,6212,
2026-09,Summit Auto Group,Summit Chevrolet Glenpark,Walk In,showroom,73,23,17,6,74105,
2026-09,Summit Auto Group,Summit Chevrolet Glenpark,Inbound Phone,phone,111,21,15,6,61574,
2026-09,Summit Auto Group,Summit Chevrolet Glenpark,Chat,chat,74,7,4,3,19957,702
2026-09,Summit Auto Group,Summit Chevrolet Glenpark,FB Marketplace,internet,66,4,2,2,10032,1092
2026-09,Summit Auto Group,Summit Chevrolet Glenpark,TrueCar,internet,18,1,1,0,2313,2028
2026-09,Summit Auto Group,Summit Ford Rivera,ATC,internet,282,27,15,12,73414,3864
2026-09,Summit Auto Group,Summit Ford Rivera,Cars.com,internet,198,20,11,9,57675,2852
2026-09,Summit Auto Group,Summit Ford Rivera,cargurus.com,internet,59,4,2,2,11653,3496
2026-09,Summit Auto Group,Summit Ford Rivera,Website,internet,396,49,27,22,153038,
2026-09,Summit Auto Group,Summit Ford Rivera,Lease Retention,campaign,16,3,2,1,4614,
2026-09,Summit Auto Group,Summit Ford Rivera,Showroom,showroom,91,31,22,9,127103,
2026-09,Summit Auto Group,Summit Ford Rivera,Inbound Phone,phone,134,30,22,8,85083,
2026-09,Summit Auto Group,Summit Ford Rivera,Live Chat,chat,85,5,3,2,13046,828
2026-09,Summit Auto Group,Summit Ford Rivera,Facebook,internet,67,4,2,2,8754,1288
2026-09,Summit Auto Group,Summit Ford Rivera,TrueCar,internet,23,0,0,0,0,2392
2026-09,Summit Auto Group,Summit Honda Westland,auto trader,internet,240,17,9,8,52142,3612
2026-09,Summit Auto Group,Summit Honda Westland,Cars.com,internet,163,13,7,6,35532,2666
2026-09,Summit Auto Group,Summit Honda Westland,CarGurus,internet,57,5,3,2,13943,3268
2026-09,Summit Auto Group,Summit Honda Westland,Dealer Website,internet,303,28,15,13,87552,
2026-09,Summit Auto Group,Summit Honda Westland,Lease Return,campaign,12,3,2,1,5684,
2026-09,Summit Auto Group,Summit Honda Westland,Walk In,showroom,79,28,20,8,88992,
2026-09,Summit Auto Group,Summit Honda Westland,Inbound Calls,phone,135,24,17,7,70555,
2026-09,Summit Auto Group,Summit Honda Westland,Website Chat,chat,64,9,5,4,21035,774
2026-09,Summit Auto Group,Summit Honda Westland,Facebook,internet,84,5,3,2,10896,1204
2026-09,Summit Auto Group,Summit Honda Westland,True Car,internet,24,1,1,0,2382,2236
2026-09,Summit Auto Group,Summit Hyundai Oakhurst,Lease Return,campaign,8,1,1,0,1727,
2026-09,Summit Auto Group,Summit Hyundai Oakhurst,Showroom,showroom,210,72,43,29,223864,
2026-09,Summit Auto Group,Summit Hyundai Oakhurst,Inbound Calls,phone,80,12,9,3,34576,
2026-09,Summit Auto Group,Summit Hyundai Oakhurst,Live Chat,chat,49,7,4,3,20026,522
2026-09,Summit Auto Group,Summit Jeep Ram Clearwater,AutoTrader.com,internet,234,12,7,5,37895,2982
2026-09,Summit Auto Group,Summit Jeep Ram Clearwater,Cars .com,internet,124,17,9,8,56822,2201
2026-09,Summit Auto Group,Summit Jeep Ram Clearwater,Car Gurus,internet,44,5,3,2,14211,2698
2026-09,Summit Auto Group,Summit Jeep Ram Clearwater,Website,internet,333,32,18,14,122479,
2026-09,Summit Auto Group,Summit Jeep Ram Clearwater,Lease Return,campaign,13,3,2,1,5791,
2026-09,Summit Auto Group,Summit Jeep Ram Clearwater,Walk In,showroom,58,19,14,5,70326,
2026-09,Summit Auto Group,Summit Jeep Ram Clearwater,Inbound Calls,phone,102,20,14,6,69606,
2026-09,Summit Auto Group,Summit Jeep Ram Clearwater,Live Chat,chat,57,2,1,1,5739,639
2026-09,Summit Auto Group,Summit Jeep Ram Clearwater,Facebook,internet,53,3,2,1,7145,994
2026-09,Summit Auto Group,Summit Jeep Ram Clearwater,True Car,internet,19,2,1,1,5066,1846
2026-09,Summit Auto Group,Summit Kia Brookfield,AutoTrader.com,internet,175,13,7,6,32174,2310
2026-09,Summit Auto Group,Summit Kia Brookfield,CARS,internet,119,6,3,3,20327,1705
2026-09,Summit Auto Group,Summit Kia Brookfield,Car Gurus,internet,34,1,1,0,3158,2090
2026-09,Summit Auto Group,Summit Kia Brookfield,OEM Website,internet,218,21,12,9,66260,
2026-09,Summit Auto Group,Summit Kia Brookfield,Lease Return,campaign,8,3,2,1,4996,
2026-09,Summit Auto Group,Summit Kia Brookfield,Showroom,showroom,45,18,13,5,71465,
2026-09,Summit Auto Group,Summit Kia Brookfield,Inbound Calls,phone,88,18,13,5,59175,
2026-09,Summit Auto Group,Summit Kia Brookfield,Live Chat,chat,44,1,1,0,2898,495
2026-09,Summit Auto Group,Summit Kia Brookfield,Facebook,internet,51,2,1,1,4795,770
2026-09,Summit Auto Group,Summit Kia Brookfield,True Car,internet,13,0,0,0,0,1430
2026-09,Summit Auto Group,Summit Mazda Lakeside,AutoTrader.com,internet,152,12,7,5,37446,1848
2026-09,Summit Auto Group,Summit Mazda Lakeside,Cars.com,internet,88,3,2,1,8367,1364
2026-09,Summit Auto Group,Summit Mazda Lakeside,CarGurus,internet,25,3,2,1,7119,1672
2026-09,Summit Auto Group,Summit Mazda Lakeside,Dealer Website,internet,175,26,14,12,79887,
2026-09,Summit Auto Group,Summit Mazda Lakeside,Lease Return,campaign,6,3,2,1,5663,
2026-09,Summit Auto Group,Summit Mazda Lakeside,Walk In,showroom,37,6,4,2,19405,
2026-09,Summit Auto Group,Summit Mazda Lakeside,Phone Up,phone,65,9,6,3,26910,
2026-09,Summit Auto Group,Summit Mazda Lakeside,Website Chat,chat,40,3,2,1,7988,396
2026-09,Summit Auto Group,Summit Mazda Lakeside,Facebook,internet,40,1,1,0,1994,616
2026-09,Summit Auto Group,Summit Mazda Lakeside,True Car,internet,13,2,1,1,4463,1144
2026-09,Summit Auto Group,Summit Nissan Ridgemont,auto trader,internet,183,9,5,4,22635,2688
2026-09,Summit Auto Group,Summit Nissan Ridgemont,CARS,internet,104,9,5,4,23700,1984
2026-09,Summit Auto Group,Summit Nissan Ridgemont,CarGurus,internet,33,4,2,2,9480,2432
2026-09,Summit Auto Group,Summit Nissan Ridgemont,Dealer Website,internet,280,37,20,17,118849,
2026-09,Summit Auto Group,Summit Nissan Ridgemont,Lease Retention,campaign,11,3,2,1,4833,
2026-09,Summit Auto Group,Summit Nissan Ridgemont,Walk-In,showroom,52,21,15,6,70714,
2026-09,Summit Auto Group,Summit Nissan Ridgemont,Inbound Calls,phone,100,17,12,5,47592,
2026-09,Summit Auto Group,Summit Nissan Ridgemont,Live Chat,chat,61,3,2,1,7889,576
2026-09,Summit Auto Group,Summit Nissan Ridgemont,Facebook,internet,67,3,2,1,5989,896
2026-09,Summit Auto Group,Summit Nissan Ridgemont,TrueCar,internet,15,2,1,1,4834,1664
2026-09,Summit Auto Group,Summit Subaru Northgate,Autotrader,internet,142,11,6,5,28708,2058
2026-09,Summit Auto Group,Summit Subaru Northgate,CARS,internet,103,9,5,4,28897,1519
2026-09,Summit Auto Group,Summit Subaru Northgate,CarGurus,internet,25,4,2,2,10746,1862
2026-09,Summit Auto Group,Summit Subaru Northgate,OEM Website,internet,220,24,13,11,69691,
2026-09,Summit Auto Group,Summit Subaru Northgate,Lease Return,campaign,9,4,3,1,6705,
2026-09,Summit Auto Group,Summit Subaru Northgate,Walk-In,showroom,42,14,10,4,53401,
2026-09,Summit Auto Group,Summit Subaru Northgate,Phone Up,phone,60,15,11,4,54098,
2026-09,Summit Auto Group,Summit Subaru Northgate,Website Chat,chat,48,5,3,2,14615,441
2026-09,Summit Auto Group,Summit Subaru Northgate,Facebook Marketplace,internet,36,2,1,1,4060,686
2026-09,Summit Auto Group,Summit Subaru Northgate,True Car,internet,14,1,1,0,2543,1274
2026-09,Summit Auto Group,Summit Toyota of Fairview,auto trader,internet,274,18,10,8,48607,4200
2026-09,Summit Auto Group,Summit Toyota of Fairview,CARS,internet,182,13,7,6,39251,3100
2026-09,Summit Auto Group,Summit Toyota of Fairview,Car Gurus,internet,56,3,2,1,8083,3800
2026-09,Summit Auto Group,Summit Toyota of Fairview,Dealer Website,internet,457,41,23,18,150442,
2026-09,Summit Auto Group,Summit Toyota of Fairview,Lease Retention,campaign,18,7,5,2,10753,
2026-09,Summit Auto Group,Summit Toyota of Fairview,Showroom,showroom,87,30,22,8,104470,
2026-09,Summit Auto Group,Summit Toyota of Fairview,Inbound Calls,phone,160,19,14,5,60606,
2026-09,Summit Auto Group,Summit Toyota of Fairview,Chat,chat,86,6,3,3,16466,900
2026-09,Summit Auto Group,Summit Toyota of Fairview,FB Marketplace,internet,83,5,3,2,11242,1400
2026-09,Summit Auto Group,Summit Toyota of Fairview,True Car,internet,26,3,2,1,6479,2600
2026-09,Summit Auto Group,Summit Volkswagen Eastdale,auto trader,internet,130,7,4,3,22391,1680
2026-09,Summit Auto Group,Summit Volkswagen Eastdale,Cars .com,internet,72,5,3,2,15943,1240
2026-09,Summit Auto Group,Summit Volkswagen Eastdale,Car Gurus,internet,24,1,1,0,2421,1520
2026-09,Summit Auto Group,Summit Volkswagen Eastdale,Dealer Website,internet,150,18,10,8,58206,
2026-09,Summit Auto Group,Summit Volkswagen Eastdale,Lease Retention,campaign,7,1,1,0,1608,
2026-09,Summit Auto Group,Summit Volkswagen Eastdale,Walk-In,showroom,37,16,12,4,52324,
2026-09,Summit Auto Group,Summit Volkswagen Eastdale,Phone Up,phone,57,11,8,3,37688,
2026-09,Summit Auto Group,Summit Volkswagen Eastdale,Chat,chat,37,2,1,1,5011,360
2026-09,Summit Auto Group,Summit Volkswagen Eastdale,Facebook,internet,40,0,0,0,0,560
2026-09,Summit Auto Group,Summit Volkswagen Eastdale,True Car,internet,12,0,0,0,0,1040
