period,group,store,opcode_family,ro_count,labor_revenue,parts_revenue,customer_pay,avg_hours
2023-10,Harbor Motor Group,Harbor BMW,Maintenance,164,33542,20299,1,1.2
2023-10,Harbor Motor Group,Harbor BMW,Repair,96,15798,18668,1,2.4
2023-10,Harbor Motor Group,Harbor BMW,Tires,32,6596,6108,1,1.7
2023-10,Harbor Motor Group,Harbor BMW,Recall,21,3070,1943,0,1.7
2023-10,Harbor Motor Group,Harbor BMW,Warranty,42,7751,8193,0,1.4
2023-10,Harbor Motor Group,Harbor Chevrolet Marina,Maintenance,171,39152,26679,1,0.8
2023-10,Harbor Motor Group,Harbor Chevrolet Marina,Repair,100,20359,16962,1,1.3
2023-10,Harbor Motor Group,Harbor Chevrolet Marina,Tires,33,8548,4475,1,3.2
2023-10,Harbor Motor Group,Harbor Chevrolet Marina,Recall,22,5468,4585,0,1.9
2023-10,Harbor Motor Group,Harbor Chevrolet Marina,Warranty,44,10794,6868,0,1.5
2023-10,Harbor Motor Group,Harbor Ford Portside,Maintenance,217,50644,19782,1,2.8
2023-10,Harbor Motor Group,Harbor Ford Portside,Repair,127,20798,25910,1,1.4
2023-10,Harbor Motor Group,Harbor Ford Portside,Tires,42,9894,7362,1,2.2
2023-10,Harbor Motor Group,Harbor Ford Portside,Recall,28,7218,4012,0,2.6
2023-10,Harbor Motor Group,Harbor Ford Portside,Warranty,56,12841,5394,0,2.8
2023-10,Harbor Motor Group,Harbor Honda Seaside,Maintenance,212,41343,33263,1,1.8
2023-10,Harbor Motor Group,Harbor Honda Seaside,Repair,124,26724,17318,1,1.6
2023-10,Harbor Motor Group,Harbor Honda Seaside,Tires,41,6490,8419,1,1.7
2023-10,Harbor Motor Group,Harbor Honda Seaside,Recall,27,5313,5237,0,1.3
2023-10,Harbor Motor Group,Harbor Honda Seaside,Warranty,55,13671,7185,0,1.9
2023-10,Harbor Motor Group,Harbor Jeep Ram Anchor,Maintenance,150,31171,29018,1,1.7
2023-10,Harbor Motor Group,Harbor Jeep Ram Anchor,Repair,88,21266,15848,1,1.0
2023-10,Harbor Motor Group,Harbor Jeep Ram Anchor,Tires,29,6475,3817,1,2.6
2023-10,Harbor Motor Group,Harbor Jeep Ram Anchor,Recall,19,4010,3038,0,1.4
2023-10,Harbor Motor Group,Harbor Jeep Ram Anchor,Warranty,39,6967,4512,0,2.0
2023-10,Harbor Motor Group,Harbor Kia Lighthouse,Maintenance,117,19574,17354,1,3.3
2023-10,Harbor Motor Group,Harbor Kia Lighthouse,Repair,68,12097,7480,1,2.2
2023-10,Harbor Motor Group,Harbor Kia Lighthouse,Tires,22,5379,3040,1,1.3
2023-10,Harbor Motor Group,Harbor Kia Lighthouse,Recall,15,3372,1714,0,3.3
2023-10,Harbor Motor Group,Harbor Kia Lighthouse,Warranty,30,5890,3829,0,3.1
2023-10,Harbor Motor Group,Harbor Subaru Tidewater,Maintenance,117,19583,15930,1,1.3
2023-10,Harbor Motor Group,Harbor Subaru Tidewater,Repair,69,14906,12007,1,3.2
2023-10,Harbor Motor Group,Harbor Subaru Tidewater,Tires,23,5301,2402,1,3.2
2023-10,Harbor Motor Group,Harbor Subaru Tidewater,Recall,15,3889,3071,0,1.8
2023-10,Harbor Motor Group,Harbor Subaru Tidewater,Warranty,30,6192,5532,0,1.4
2023-10,Harbor Motor Group,Harbor Toyota Bayview,Maintenance,222,50136,33835,1,2.2
2023-10,Harbor Motor Group,Harbor Toyota Bayview,Repair,130,21282,19997,1,1.6
2023-10,Harbor Motor Group,Harbor Toyota Bayview,Tires,43,7531,4718,1,3.1
2023-10,Harbor Motor Group,Harbor Toyota Bayview,Recall,29,4784,3996,0,3.3
2023-10,Harbor Motor Group,Harbor Toyota Bayview,Warranty,58,12833,7406,0,1.6
2023-10,Summit Auto Group,Summit BMW,Maintenance,222,39412,22953,1,3.4
2023-10,Summit Auto Group,Summit BMW,Repair,130,18625,14126,1,2.4
2023-10,Summit Auto Group,Summit BMW,Tires,43,10833,4956,1,1.1
2023-10,Summit Auto Group,Summit BMW,Recall,29,7169,4006,0,1.8
2023-10,Summit Auto Group,Summit BMW,Warranty,58,13876,12122,0,1.4
2023-10,Summit Auto Group,Summit Chevrolet Glenpark,Maintenance,182,26443,23509,1,2.7
2023-10,Summit Auto Group,Summit Chevrolet Glenpark,Repair,106,23336,13531,1,1.8
2023-10,Summit Auto Group,Summit Chevrolet Glenpark,Tires,35,7140,3561,1,2.6
2023-10,Summit Auto Group,Summit Chevrolet Glenpark,Recall,23,4364,3385,0,2.8
2023-10,Summit Auto Group,Summit Chevrolet Glenpark,Warranty,47,9733,6547,0,2.9
2023-10,Summit Auto Group,Summit Ford Rivera,Maintenance,220,34100,35121,1,2.6
2023-10,Summit Auto Group,Summit Ford Rivera,Repair,129,19654,17935,1,0.9
2023-10,Summit Auto Group,Summit Ford Rivera,Tires,43,7561,4604,1,1.3
2023-10,Summit Auto Group,Summit Ford Rivera,Recall,28,6285,5358,0,1.5
2023-10,Summit Auto Group,Summit Ford Rivera,Warranty,57,10592,6002,0,1.4
2023-10,Summit Auto Group,Summit Honda Westland,Maintenance,212,46177,26293,1,3.3
2023-10,Summit Auto Group,Summit Honda Westland,Repair,125,24821,20949,1,1.4
2023-10,Summit Auto Group,Summit Honda Westland,Tires,41,8504,4948,1,1.7
2023-10,Summit Auto Group,Summit Honda Westland,Recall,27,3796,2919,0,2.0
2023-10,Summit Auto Group,Summit Honda Westland,Warranty,55,12029,5595,0,2.1
2023-10,Summit Auto Group,Summit Hyundai Oakhurst,Maintenance,121,29221,12091,1,0.9
2023-10,Summit Auto Group,Summit Hyundai Oakhurst,Repair,71,14920,7796,1,1.0
2023-10,Summit Auto Group,Summit Hyundai Oakhurst,Tires,23,5605,4454,1,2.0
2023-10,Summit Auto Group,Summit Hyundai Oakhurst,Recall,15,3132,2961,0,2.9
2023-10,Summit Auto Group,Summit Hyundai Oakhurst,Warranty,31,8025,5181,0,1.0
2023-10,Summit Auto Group,Summit Jeep Ram Clearwater,Maintenance,148,28127,19745,1,1.2
2023-10,Summit Auto Group,Summit Jeep Ram Clearwater,Repair,86,19623,14852,1,0.8
2023-10,Summit Auto Group,Summit Jeep Ram Clearwater,Tires,28,6943,3709,1,2.1
2023-10,Summit Auto Group,Summit Jeep Ram Clearwater,Recall,19,3740,3869,0,1.0
2023-10,Summit Auto Group,Summit Jeep Ram Clearwater,Warranty,38,7769,4739,0,1.4
2023-10,Summit Auto Group,Summit Kia Brookfield,Maintenance,140,21102,22680,1,1.8
2023-10,Summit Auto Group,Summit Kia Brookfield,Repair,82,11677,8375,1,1.0
2023-10,Summit Auto Group,Summit Kia Brookfield,Tires,27,5342,3824,1,0.8
2023-10,Summit Auto Group,Summit Kia Brookfield,Recall,18,3657,3179,0,2.9
2023-10,Summit Auto Group,Summit Kia Brookfield,Warranty,36,5542,7352,0,1.5
2023-10,Summit Auto Group,Summit Mazda Lakeside,Maintenance,109,26865,19689,1,2.8
2023-10,Summit Auto Group,Summit Mazda Lakeside,Repair,64,10190,13073,1,0.9
2023-10,Summit Auto Group,Summit Mazda Lakeside,Tires,21,4521,2233,1,3.4
2023-10,Summit Auto Group,Summit Mazda Lakeside,Recall,14,3313,1985,0,3.1
2023-10,Summit Auto Group,Summit Mazda Lakeside,Warranty,28,5612,3764,0,1.0
2023-10,Summit Auto Group,Summit Nissan Ridgemont,Maintenance,159,38159,29317,1,1.4
2023-10,Summit Auto Group,Summit Nissan Ridgemont,Repair,93,17089,9846,1,2.0
2023-10,Summit Auto Group,Summit Nissan Ridgemont,Tires,31,4647,3906,1,2.7
2023-10,Summit Auto Group,Summit Nissan Ridgemont,Recall,20,3487,3251,0,1.8
2023-10,Summit Auto Group,Summit Nissan Ridgemont,Warranty,41,10486,4768,0,2.5
2023-10,Summit Auto Group,Summit Subaru Northgate,Maintenance,118,28664,23048,1,3.1
2023-10,Summit Auto Group,Summit Subaru Northgate,Repair,69,15183,12694,1,2.0
2023-10,Summit Auto Group,Summit Subaru Northgate,Tires,23,4706,2605,1,1.6
2023-10,Summit Auto Group,Summit Subaru Northgate,Recall,15,3226,1770,0,1.6
2023-10,Summit Auto Group,Summit Subaru Northgate,Warranty,30,6939,3265,0,1.4
2023-10,Summit Auto Group,Summit Toyota of Fairview,Maintenance,264,39833,53462,1,2.2
2023-10,Summit Auto Group,Summit Toyota of Fairview,Repair,155,23021,21674,1,1.1
2023-10,Summit Auto Group,Summit Toyota of Fairview,Tires,51,10371,8714,1,2.1
2023-10,Summit Auto Group,Summit Toyota of Fairview,Recall,34,8140,3337,0,2.4
2023-10,Summit Auto Group,Summit Toyota of Fairview,Warranty,69,16353,10516,0,2.0
2023-10,Summit Auto Group,Summit Volkswagen Eastdale,Maintenance,102,25976,21169,1,1.4
2023-10,Summit Auto Group,Summit Volkswagen Eastdale,Repair,60,11284,9908,1,1.3
2023-10,Summit Auto Group,Summit Volkswagen Eastdale,Tires,20,3266,3541,1,2.5
2023-10,Summit Auto Group,Summit Volkswagen Eastdale,Recall,13,2941,1199,0,1.8
2023-10,Summit Auto Group,Summit Volkswagen Eastdale,Warranty,26,5357,3005,0,2.3
2023-11,Harbor Motor Group,Harbor BMW,Maintenance,207,36487,22882,1,3.1
2023-11,Harbor Motor Group,Harbor BMW,Repair,122,21909,14690,1,0.9
2023-11,Harbor Motor Group,Harbor BMW,Tires,40,5687,6024,1,1.8
2023-11,Harbor Motor Group,Harbor BMW,Recall,27,6894,5388,0,2.3
2023-11,Harbor Motor Group,Harbor BMW,Warranty,54,9472,5609,0,1.9
2023-11,Harbor Motor Group,Harbor Chevrolet Marina,Maintenance,174,28001,33924,1,3.1
2023-11,Harbor Motor Group,Harbor Chevrolet Marina,Repair,102,19849,10315,1,3.3
2023-11,Harbor Motor Group,Harbor Chevrolet Marina,Tires,34,7881,3601,1,1.0
2023-11,Harbor Motor Group,Harbor Chevrolet Marina,Recall,22,4146,4570,0,1.9
2023-11,Harbor Motor Group,Harbor Chevrolet Marina,Warranty,45,11495,5753,0,2.5
2023-11,Harbor Motor Group,Harbor Ford Portside,Maintenance,216,39582,38420,1,1.4
2023-11,Harbor Motor Group,Harbor Ford Portside,Repair,127,29931,23494,1,1.4
2023-11,Harbor Motor Group,Harbor Ford Portside,Tires,42,6056,6887,1,1.6
2023-11,Harbor Motor Group,Harbor Ford Portside,Recall,28,6082,4598,0,1.7
2023-11,Harbor Motor Group,Harbor Ford Portside,Warranty,56,10662,9374,0,1.6
2023-11,Harbor Motor Group,Harbor Honda Seaside,Maintenance,213,41131,32769,1,0.9
2023-11,Harbor Motor Group,Harbor Honda Seaside,Repair,125,20774,22291,1,2.7
2023-11,Harbor Motor Group,Harbor Honda Seaside,Tires,41,6675,4762,1,1.9
2023-11,Harbor Motor Group,Harbor Honda Seaside,Recall,27,5366,5480,0,2.0
2023-11,Harbor Motor Group,Harbor Honda Seaside,Warranty,55,12619,6830,0,2.9
2023-11,Harbor Motor Group,Harbor Jeep Ram Anchor,Maintenance,143,25466,25587,1,2.7
2023-11,Harbor Motor Group,Harbor Jeep Ram Anchor,Repair,84,18606,8514,1,1.9
2023-11,Harbor Motor Group,Harbor Jeep Ram Anchor,Tires,28,7249,5809,1,1.4
2023-11,Harbor Motor Group,Harbor Jeep Ram Anchor,Recall,18,3563,2136,0,1.6
2023-11,Harbor Motor Group,Harbor Jeep Ram Anchor,Warranty,37,9449,5420,0,2.7
2023-11,Harbor Motor Group,Harbor Kia Lighthouse,Maintenance,123,27427,19494,1,1.0
2023-11,Harbor Motor Group,Harbor Kia Lighthouse,Repair,72,17768,11879,1,2.0
2023-11,Harbor Motor Group,Harbor Kia Lighthouse,Tires,24,4028,3245,1,1.4
2023-11,Harbor Motor Group,Harbor Kia Lighthouse,Recall,16,3282,2231,0,2.9
2023-11,Harbor Motor Group,Harbor Kia Lighthouse,Warranty,32,7296,3372,0,2.0
2023-11,Harbor Motor Group,Harbor Subaru Tidewater,Maintenance,109,26960,12562,1,2.3
2023-11,Harbor Motor Group,Harbor Subaru Tidewater,Repair,63,10043,11180,1,2.7
2023-11,Harbor Motor Group,Harbor Subaru Tidewater,Tires,21,4804,3193,1,3.1
2023-11,Harbor Motor Group,Harbor Subaru Tidewater,Recall,14,2191,1548,0,3.4
2023-11,Harbor Motor Group,Harbor Subaru Tidewater,Warranty,28,5698,3541,0,1.0
2023-11,Harbor Motor Group,Harbor Toyota Bayview,Maintenance,199,34351,31961,1,3.3
2023-11,Harbor Motor Group,Harbor Toyota Bayview,Repair,117,17091,15852,1,1.4
2023-11,Harbor Motor Group,Harbor Toyota Bayview,Tires,39,8873,6793,1,1.0
2023-11,Harbor Motor Group,Harbor Toyota Bayview,Recall,26,5821,5446,0,1.0
2023-11,Harbor Motor Group,Harbor Toyota Bayview,Warranty,52,13500,9924,0,3.1
2023-11,Summit Auto Group,Summit BMW,Maintenance,182,44121,16772,1,3.0
2023-11,Summit Auto Group,Summit BMW,Repair,106,21375,11794,1,2.8
2023-11,Summit Auto Group,Summit BMW,Tires,35,8332,5887,1,1.8
2023-11,Summit Auto Group,Summit BMW,Recall,23,4761,3844,0,1.0
2023-11,Summit Auto Group,Summit BMW,Warranty,47,11898,8585,0,1.1
2023-11,Summit Auto Group,Summit Chevrolet Glenpark,Maintenance,188,45272,24420,1,2.5
2023-11,Summit Auto Group,Summit Chevrolet Glenpark,Repair,110,27032,22879,1,3.3
2023-11,Summit Auto Group,Summit Chevrolet Glenpark,Tires,36,5236,5433,1,2.7
2023-11,Summit Auto Group,Summit Chevrolet Glenpark,Recall,24,5434,4712,0,1.9
2023-11,Summit Auto Group,Summit Chevrolet Glenpark,Warranty,49,9023,6701,0,1.3
2023-11,Summit Auto Group,Summit Ford Rivera,Maintenance,229,51822,43980,1,1.6
2023-11,Summit Auto Group,Summit Ford Rivera,Repair,134,33553,22837,1,1.1
2023-11,Summit Auto Group,Summit Ford Rivera,Tires,44,8556,7440,1,1.9
2023-11,Summit Auto Group,Summit Ford Rivera,Recall,29,6423,4207,0,2.1
2023-11,Summit Auto Group,Summit Ford Rivera,Warranty,59,8875,12069,0,3.2
2023-11,Summit Auto Group,Summit Honda Westland,Maintenance,208,30769,33702,1,2.0
2023-11,Summit Auto Group,Summit Honda Westland,Repair,122,29660,24375,1,2.4
2023-11,Summit Auto Group,Summit Honda Westland,Tires,40,6270,7386,1,1.3
2023-11,Summit Auto Group,Summit Honda Westland,Recall,27,6054,4981,0,3.3
2023-11,Summit Auto Group,Summit Honda Westland,Warranty,54,12414,10849,0,1.1
2023-11,Summit Auto Group,Summit Hyundai Oakhurst,Maintenance,122,27748,18873,1,2.6
2023-11,Summit Auto Group,Summit Hyundai Oakhurst,Repair,71,15153,10561,1,2.2
2023-11,Summit Auto Group,Summit Hyundai Oakhurst,Tires,23,3374,4274,1,2.3
2023-11,Summit Auto Group,Summit Hyundai Oakhurst,Recall,15,2609,1575,0,3.3
2023-11,Summit Auto Group,Summit Hyundai Oakhurst,Warranty,31,7462,5217,0,1.2
2023-11,Summit Auto Group,Summit Jeep Ram Clearwater,Maintenance,183,33561,16689,1,1.7
2023-11,Summit Auto Group,Summit Jeep Ram Clearwater,Repair,107,21586,20127,1,1.9
2023-11,Summit Auto Group,Summit Jeep Ram Clearwater,Tires,35,5365,6118,1,2.5
2023-11,Summit Auto Group,Summit Jeep Ram Clearwater,Recall,23,4894,4774,0,0.9
2023-11,Summit Auto Group,Summit Jeep Ram Clearwater,Warranty,47,7001,8286,0,1.3
2023-11,Summit Auto Group,Summit Kia Brookfield,Maintenance,133,28015,17248,1,1.6
2023-11,Summit Auto Group,Summit Kia Brookfield,Repair,78,19313,12110,1,3.1
2023-11,Summit Auto Group,Summit Kia Brookfield,Tires,26,6596,2382,1,2.4
2023-11,Summit Auto Group,Summit Kia Brookfield,Recall,17,2624,2143,0,2.5
2023-11,Summit Auto Group,Summit Kia Brookfield,Warranty,34,5777,6996,0,2.1
2023-11,Summit Auto Group,Summit Mazda Lakeside,Maintenance,103,22233,19642,1,1.2
2023-11,Summit Auto Group,Summit Mazda Lakeside,Repair,60,11889,7493,1,3.1
2023-11,Summit Auto Group,Summit Mazda Lakeside,Tires,20,4510,4117,1,0.8
2023-11,Summit Auto Group,Summit Mazda Lakeside,Recall,13,2610,1181,0,1.3
2023-11,Summit Auto Group,Summit Mazda Lakeside,Warranty,27,6975,5364,0,1.8
2023-11,Summit Auto Group,Summit Nissan Ridgemont,Maintenance,139,27393,20346,1,3.1
2023-11,Summit Auto Group,Summit Nissan Ridgemont,Repair,81,11423,7764,1,2.7
2023-11,Summit Auto Group,Summit Nissan Ridgemont,Tires,27,5717,3697,1,3.2
2023-11,Summit Auto Group,Summit Nissan Ridgemont,Recall,18,2672,2088,0,2.4
2023-11,Summit Auto Group,Summit Nissan Ridgemont,Warranty,36,8083,4778,0,3.1
2023-11,Summit Auto Group,Summit Subaru Northgate,Maintenance,109,15557,15847,1,2.4
2023-11,Summit Auto Group,Summit Subaru Northgate,Repair,64,15036,11323,1,3.1
2023-11,Summit Auto Group,Summit Subaru Northgate,Tires,21,4790,2176,1,1.5
2023-11,Summit Auto Group,Summit Subaru Northgate,Recall,14,3215,2461,0,2.2
2023-11,Summit Auto Group,Summit Subaru Northgate,Warranty,28,4691,5304,0,3.0
2023-11,Summit Auto Group,Summit Toyota of Fairview,Maintenance,259,51447,35712,1,3.2
2023-11,Summit Auto Group,Summit Toyota of Fairview,Repair,152,26276,20458,1,1.5
2023-11,Summit Auto Group,Summit Toyota of Fairview,Tires,50,7559,8143,1,1.9
2023-11,Summit Auto Group,Summit Toyota of Fairview,Recall,33,4984,5037,0,3.1
2023-11,Summit Auto Group,Summit Toyota of Fairview,Warranty,67,12745,12662,0,2.0
2023-11,Summit Auto Group,Summit Volkswagen Eastdale,Maintenance,89,17689,14905,1,1.8
2023-11,Summit Auto Group,Summit Volkswagen Eastdale,Repair,52,7895,7132,1,2.0
2023-11,Summit Auto Group,Summit Volkswagen Eastdale,Tires,17,2789,2774,1,1.1
2023-11,Summit Auto Group,Summit Volkswagen Eastdale,Recall,11,1562,2092,0,1.0
2023-11,Summit Auto Group,Summit Volkswagen Eastdale,Warranty,23,3962,2826,0,2.7
2023-12,Harbor Motor Group,Harbor BMW,Maintenance,223,37218,37559,1,2.7
2023-12,Harbor Motor Group,Harbor BMW,Repair,131,23006,19094,1,1.2
2023-12,Harbor Motor Group,Harbor BMW,Tires,43,7824,7420,1,2.0
2023-12,Harbor Motor Group,Harbor BMW,Recall,29,7154,3358,0,1.8
2023-12,Harbor Motor Group,Harbor BMW,Warranty,58,9662,11195,0,2.1
2023-12,Harbor Motor Group,Harbor Chevrolet Marina,Maintenance,191,48124,28468,1,1.5
2023-12,Harbor Motor Group,Harbor Chevrolet Marina,Repair,112,29104,15596,1,1.0
2023-12,Harbor Motor Group,Harbor Chevrolet Marina,Tires,37,5668,5334,1,1.8
2023-12,Harbor Motor Group,Harbor Chevrolet Marina,Recall,25,3993,2921,0,1.2
2023-12,Harbor Motor Group,Harbor Chevrolet Marina,Warranty,50,12725,6436,0,2.9
2023-12,Harbor Motor Group,Harbor Ford Portside,Maintenance,256,37718,43048,1,1.8
2023-12,Harbor Motor Group,Harbor Ford Portside,Repair,150,36895,15293,1,1.8
2023-12,Harbor Motor Group,Harbor Ford Portside,Tires,50,7933,8796,1,2.9
2023-12,Harbor Motor Group,Harbor Ford Portside,Recall,33,7574,6681,0,2.1
2023-12,Harbor Motor Group,Harbor Ford Portside,Warranty,66,10536,7748,0,1.9
2023-12,Harbor Motor Group,Harbor Honda Seaside,Maintenance,205,31124,38154,1,3.1
2023-12,Harbor Motor Group,Harbor Honda Seaside,Repair,120,18918,23753,1,3.1
2023-12,Harbor Motor Group,Harbor Honda Seaside,Tires,40,7050,6126,1,0.8
2023-12,Harbor Motor Group,Harbor Honda Seaside,Recall,26,5765,2915,0,2.7
2023-12,Harbor Motor Group,Harbor Honda Seaside,Warranty,53,10347,6202,0,3.2
2023-12,Harbor Motor Group,Harbor Jeep Ram Anchor,Maintenance,166,24144,20419,1,1.4
2023-12,Harbor Motor Group,Harbor Jeep Ram Anchor,Repair,97,14151,17875,1,1.7
2023-12,Harbor Motor Group,Harbor Jeep Ram Anchor,Tires,32,7874,3195,1,1.6
2023-12,Harbor Motor Group,Harbor Jeep Ram Anchor,Recall,21,5289,4166,0,1.7
2023-12,Harbor Motor Group,Harbor Jeep Ram Anchor,Warranty,43,9831,6586,0,1.3
2023-12,Harbor Motor Group,Harbor Kia Lighthouse,Maintenance,119,19633,17863,1,2.3
2023-12,Harbor Motor Group,Harbor Kia Lighthouse,Repair,69,16047,8309,1,1.3
2023-12,Harbor Motor Group,Harbor Kia Lighthouse,Tires,23,3617,2484,1,1.5
2023-12,Harbor Motor Group,Harbor Kia Lighthouse,Recall,15,2117,2952,0,2.5
2023-12,Harbor Motor Group,Harbor Kia Lighthouse,Warranty,31,5145,2930,0,0.9
2023-12,Harbor Motor Group,Harbor Subaru Tidewater,Maintenance,138,32128,15339,1,3.0
2023-12,Harbor Motor Group,Harbor Subaru Tidewater,Repair,81,12907,16133,1,1.2
2023-12,Harbor Motor Group,Harbor Subaru Tidewater,Tires,27,5055,4368,1,1.9
2023-12,Harbor Motor Group,Harbor Subaru Tidewater,Recall,18,4281,3416,0,2.4
2023-12,Harbor Motor Group,Harbor Subaru Tidewater,Warranty,36,8869,6153,0,2.7
2023-12,Harbor Motor Group,Harbor Toyota Bayview,Maintenance,224,57516,38694,1,2.3
2023-12,Harbor Motor Group,Harbor Toyota Bayview,Repair,132,25028,20971,1,1.7
2023-12,Harbor Motor Group,Harbor Toyota Bayview,Tires,44,11236,5363,1,1.7
2023-12,Harbor Motor Group,Harbor Toyota Bayview,Recall,29,4251,3591,0,2.8
2023-12,Harbor Motor Group,Harbor Toyota Bayview,Warranty,58,12117,10279,0,2.2
2023-12,Summit Auto Group,Summit BMW,Maintenance,231,53459,39555,1,2.5
2023-12,Summit Auto Group,Summit BMW,Repair,136,27720,26354,1,1.2
2023-12,Summit Auto Group,Summit BMW,Tires,45,9522,6430,1,1.8
2023-12,Summit Auto Group,Summit BMW,Recall,30,7243,3634,0,2.4
2023-12,Summit Auto Group,Summit BMW,Warranty,60,12222,12432,0,3.3
2023-12,Summit Auto Group,Summit Chevrolet Glenpark,Maintenance,208,53532,36860,1,1.1
2023-12,Summit Auto Group,Summit Chevrolet Glenpark,Repair,122,23277,15400,1,3.3
2023-12,Summit Auto Group,Summit Chevrolet Glenpark,Tires,40,8345,5588,1,3.3
2023-12,Summit Auto Group,Summit Chevrolet Glenpark,Recall,27,4439,3537,0,2.6
2023-12,Summit Auto Group,Summit Chevrolet Glenpark,Warranty,54,9504,5119,0,1.7
2023-12,Summit Auto Group,Summit Ford Rivera,Maintenance,233,42603,26812,1,1.1
2023-12,Summit Auto Group,Summit Ford Rivera,Repair,136,20325,22696,1,1.9
2023-12,Summit Auto Group,Summit Ford Rivera,Tires,45,11452,6819,1,1.8
2023-12,Summit Auto Group,Summit Ford Rivera,Recall,30,4593,3394,0,1.1
2023-12,Summit Auto Group,Summit Ford Rivera,Warranty,60,13582,6767,0,2.9
2023-12,Summit Auto Group,Summit Honda Westland,Maintenance,232,46077,34339,1,2.0
2023-12,Summit Auto Group,Summit Honda Westland,Repair,136,30142,21943,1,2.6
2023-12,Summit Auto Group,Summit Honda Westland,Tires,45,11515,5351,1,2.6
2023-12,Summit Auto Group,Summit Honda Westland,Recall,30,4894,6125,0,3.3
2023-12,Summit Auto Group,Summit Honda Westland,Warranty,60,14525,8842,0,1.1
2023-12,Summit Auto Group,Summit Hyundai Oakhurst,Maintenance,169,33990,32457,1,1.9
2023-12,Summit Auto Group,Summit Hyundai Oakhurst,Repair,99,23465,15447,1,2.5
2023-12,Summit Auto Group,Summit Hyundai Oakhurst,Tires,33,5134,3452,1,2.9
2023-12,Summit Auto Group,Summit Hyundai Oakhurst,Recall,22,3691,4121,0,1.5
2023-12,Summit Auto Group,Summit Hyundai Oakhurst,Warranty,44,8555,5706,0,2.5
2023-12,Summit Auto Group,Summit Jeep Ram Clearwater,Maintenance,172,43835,27797,1,3.1
2023-12,Summit Auto Group,Summit Jeep Ram Clearwater,Repair,101,14851,10973,1,1.3
2023-12,Summit Auto Group,Summit Jeep Ram Clearwater,Tires,33,5576,3823,1,2.2
2023-12,Summit Auto Group,Summit Jeep Ram Clearwater,Recall,22,5052,2339,0,1.6
2023-12,Summit Auto Group,Summit Jeep Ram Clearwater,Warranty,45,6382,6234,0,3.1
2023-12,Summit Auto Group,Summit Kia Brookfield,Maintenance,139,35811,24045,1,0.8
2023-12,Summit Auto Group,Summit Kia Brookfield,Repair,82,14557,14491,1,1.1
2023-12,Summit Auto Group,Summit Kia Brookfield,Tires,27,6453,4369,1,3.0
2023-12,Summit Auto Group,Summit Kia Brookfield,Recall,18,2968,2788,0,1.6
2023-12,Summit Auto Group,Summit Kia Brookfield,Warranty,36,8204,5636,0,2.7
2023-12,Summit Auto Group,Summit Mazda Lakeside,Maintenance,112,18428,18729,1,1.5
2023-12,Summit Auto Group,Summit Mazda Lakeside,Repair,65,12530,11691,1,3.0
2023-12,Summit Auto Group,Summit Mazda Lakeside,Tires,21,5087,2117,1,3.1
2023-12,Summit Auto Group,Summit Mazda Lakeside,Recall,14,2866,2924,0,2.2
2023-12,Summit Auto Group,Summit Mazda Lakeside,Warranty,29,4506,5870,0,1.5
2023-12,Summit Auto Group,Summit Nissan Ridgemont,Maintenance,143,28372,22140,1,3.0
2023-12,Summit Auto Group,Summit Nissan Ridgemont,Repair,84,19351,13316,1,1.0
2023-12,Summit Auto Group,Summit Nissan Ridgemont,Tires,28,4873,4497,1,1.8
2023-12,Summit Auto Group,Summit Nissan Ridgemont,Recall,18,2963,3544,0,3.1
2023-12,Summit Auto Group,Summit Nissan Ridgemont,Warranty,37,7790,7413,0,1.2
2023-12,Summit Auto Group,Summit Subaru Northgate,Maintenance,136,19747,19613,1,1.1
2023-12,Summit Auto Group,Summit Subaru Northgate,Repair,79,19776,9178,1,0.9
2023-12,Summit Auto Group,Summit Subaru Northgate,Tires,26,5307,2671,1,3.0
2023-12,Summit Auto Group,Summit Subaru Northgate,Recall,17,3313,2829,0,1.2
2023-12,Summit Auto Group,Summit Subaru Northgate,Warranty,35,6893,5686,0,1.0
2023-12,Summit Auto Group,Summit Toyota of Fairview,Maintenance,251,64631,22669,1,2.0
2023-12,Summit Auto Group,Summit Toyota of Fairview,Repair,147,33572,30247,1,1.6
2023-12,Summit Auto Group,Summit Toyota of Fairview,Tires,49,12668,9685,1,2.7
2023-12,Summit Auto Group,Summit Toyota of Fairview,Recall,32,5947,4642,0,2.4
2023-12,Summit Auto Group,Summit Toyota of Fairview,Warranty,65,16621,7934,0,3.3
2023-12,Summit Auto Group,Summit Volkswagen Eastdale,Maintenance,93,18692,13744,1,2.3
2023-12,Summit Auto Group,Summit Volkswagen Eastdale,Repair,54,11164,10810,1,1.4
2023-12,Summit Auto Group,Summit Volkswagen Eastdale,Tires,18,4170,3774,1,1.6
2023-12,Summit Auto Group,Summit Volkswagen Eastdale,Recall,12,2210,1283,0,1.5
2023-12,Summit Auto Group,Summit Volkswagen Eastdale,Warranty,24,3525,3122,0,2.8
2024-01,Harbor Motor Group,Harbor BMW,Maintenance,191,32132,38291,1,2.9
2024-01,Harbor Motor Group,Harbor BMW,Repair,112,16555,11468,1,3.4
2024-01,Harbor Motor Group,Harbor BMW,Tires,37,7312,6748,1,1.4
2024-01,Harbor Motor Group,Harbor BMW,Recall,24,5651,2887,0,2.6
2024-01,Harbor Motor Group,Harbor BMW,Warranty,49,7618,8763,0,2.5
2024-01,Harbor Motor Group,Harbor Chevrolet Marina,Maintenance,207,46056,18893,1,2.2
2024-01,Harbor Motor Group,Harbor Chevrolet Marina,Repair,121,29742,11033,1,1.4
2024-01,Harbor Motor Group,Harbor Chevrolet Marina,Tires,40,6803,4138,1,1.2
2024-01,Harbor Motor Group,Harbor Chevrolet Marina,Recall,27,5082,2819,0,1.7
2024-01,Harbor Motor Group,Harbor Chevrolet Marina,Warranty,54,12526,7802,0,1.5
2024-01,Harbor Motor Group,Harbor Ford Portside,Maintenance,225,51468,39683,1,1.8
2024-01,Harbor Motor Group,Harbor Ford Portside,Repair,132,31873,24004,1,2.9
2024-01,Harbor Motor Group,Harbor Ford Portside,Tires,44,10622,8655,1,2.4
2024-01,Harbor Motor Group,Harbor Ford Portside,Recall,29,7273,3080,0,3.1
2024-01,Harbor Motor Group,Harbor Ford Portside,Warranty,58,9526,8865,0,1.6
2024-01,Harbor Motor Group,Harbor Honda Seaside,Maintenance,222,35282,25375,1,2.8
2024-01,Harbor Motor Group,Harbor Honda Seaside,Repair,130,24704,26055,1,1.1
2024-01,Harbor Motor Group,Harbor Honda Seaside,Tires,43,6344,4829,1,1.2
2024-01,Harbor Motor Group,Harbor Honda Seaside,Recall,28,7041,3060,0,3.1
2024-01,Harbor Motor Group,Harbor Honda Seaside,Warranty,57,12698,6001,0,1.3
2024-01,Harbor Motor Group,Harbor Jeep Ram Anchor,Maintenance,159,31602,18333,1,2.6
2024-01,Harbor Motor Group,Harbor Jeep Ram Anchor,Repair,93,19195,15357,1,3.3
2024-01,Harbor Motor Group,Harbor Jeep Ram Anchor,Tires,31,7687,5005,1,0.9
2024-01,Harbor Motor Group,Harbor Jeep Ram Anchor,Recall,20,3784,2915,0,2.1
2024-01,Harbor Motor Group,Harbor Jeep Ram Anchor,Warranty,41,7119,4341,0,1.7
2024-01,Harbor Motor Group,Harbor Kia Lighthouse,Maintenance,132,20268,13135,1,1.8
2024-01,Harbor Motor Group,Harbor Kia Lighthouse,Repair,77,11187,10656,1,2.4
2024-01,Harbor Motor Group,Harbor Kia Lighthouse,Tires,25,5422,4945,1,1.8
2024-01,Harbor Motor Group,Harbor Kia Lighthouse,Recall,17,3024,1833,0,2.9
2024-01,Harbor Motor Group,Harbor Kia Lighthouse,Warranty,34,6397,5484,0,2.7
2024-01,Harbor Motor Group,Harbor Subaru Tidewater,Maintenance,110,19113,17506,1,2.8
2024-01,Harbor Motor Group,Harbor Subaru Tidewater,Repair,64,12259,13282,1,2.9
2024-01,Harbor Motor Group,Harbor Subaru Tidewater,Tires,21,4127,4037,1,1.2
2024-01,Harbor Motor Group,Harbor Subaru Tidewater,Recall,14,2863,2386,0,1.7
2024-01,Harbor Motor Group,Harbor Subaru Tidewater,Warranty,28,7019,3983,0,2.4
2024-01,Harbor Motor Group,Harbor Toyota Bayview,Maintenance,241,48107,32228,1,1.0
2024-01,Harbor Motor Group,Harbor Toyota Bayview,Repair,142,34356,20370,1,1.1
2024-01,Harbor Motor Group,Harbor Toyota Bayview,Tires,47,10142,5116,1,2.1
2024-01,Harbor Motor Group,Harbor Toyota Bayview,Recall,31,7240,4828,0,3.3
2024-01,Harbor Motor Group,Harbor Toyota Bayview,Warranty,63,9918,10652,0,2.1
2024-01,Summit Auto Group,Summit BMW,Maintenance,187,40231,35400,1,1.6
2024-01,Summit Auto Group,Summit BMW,Repair,109,16643,20552,1,2.8
2024-01,Summit Auto Group,Summit BMW,Tires,36,5456,6137,1,1.8
2024-01,Summit Auto Group,Summit BMW,Recall,24,3734,3956,0,2.2
2024-01,Summit Auto Group,Summit BMW,Warranty,48,10765,10029,0,1.1
2024-01,Summit Auto Group,Summit Chevrolet Glenpark,Maintenance,197,49064,40925,1,1.6
2024-01,Summit Auto Group,Summit Chevrolet Glenpark,Repair,115,26010,11476,1,3.2
2024-01,Summit Auto Group,Summit Chevrolet Glenpark,Tires,38,9495,6161,1,2.8
2024-01,Summit Auto Group,Summit Chevrolet Glenpark,Recall,25,5497,2568,0,1.5
2024-01,Summit Auto Group,Summit Chevrolet Glenpark,Warranty,51,9482,8152,0,1.1
2024-01,Summit Auto Group,Summit Ford Rivera,Maintenance,236,34299,24188,1,3.1
2024-01,Summit Auto Group,Summit Ford Rivera,Repair,138,29726,28962,1,2.3
2024-01,Summit Auto Group,Summit Ford Rivera,Tires,46,6516,8580,1,3.3
2024-01,Summit Auto Group,Summit Ford Rivera,Recall,30,4407,5865,0,1.0
2024-01,Summit Auto Group,Summit Ford Rivera,Warranty,61,13846,6544,0,1.0
2024-01,Summit Auto Group,Summit Honda Westland,Maintenance,232,52772,41032,1,1.8
2024-01,Summit Auto Group,Summit Honda Westland,Repair,136,20917,26283,1,2.2
2024-01,Summit Auto Group,Summit Honda Westland,Tires,45,11336,5044,1,1.4
2024-01,Summit Auto Group,Summit Honda Westland,Recall,30,7754,3923,0,2.6
2024-01,Summit Auto Group,Summit Honda Westland,Warranty,60,14293,11356,0,1.1
2024-01,Summit Auto Group,Summit Hyundai Oakhurst,Maintenance,147,21350,30584,1,2.4
2024-01,Summit Auto Group,Summit Hyundai Oakhurst,Repair,86,21555,14203,1,2.3
2024-01,Summit Auto Group,Summit Hyundai Oakhurst,Tires,28,7056,4460,1,2.9
2024-01,Summit Auto Group,Summit Hyundai Oakhurst,Recall,19,4130,3763,0,2.9
2024-01,Summit Auto Group,Summit Hyundai Oakhurst,Warranty,38,8216,4253,0,2.2
2024-01,Summit Auto Group,Summit Jeep Ram Clearwater,Maintenance,186,44330,36983,1,1.9
2024-01,Summit Auto Group,Summit Jeep Ram Clearwater,Repair,109,25040,10065,1,0.9
2024-01,Summit Auto Group,Summit Jeep Ram Clearwater,Tires,36,5525,3524,1,1.9
2024-01,Summit Auto Group,Summit Jeep Ram Clearwater,Recall,24,4054,3306,0,1.5
2024-01,Summit Auto Group,Summit Jeep Ram Clearwater,Warranty,48,10960,9830,0,2.5
2024-01,Summit Auto Group,Summit Kia Brookfield,Maintenance,128,31862,22922,1,1.7
2024-01,Summit Auto Group,Summit Kia Brookfield,Repair,75,14274,14973,1,1.4
2024-01,Summit Auto Group,Summit Kia Brookfield,Tires,25,6481,3479,1,3.2
2024-01,Summit Auto Group,Summit Kia Brookfield,Recall,16,3684,1825,0,1.3
2024-01,Summit Auto Group,Summit Kia Brookfield,Warranty,33,6250,6277,0,1.5
2024-01,Summit Auto Group,Summit Mazda Lakeside,Maintenance,114,19461,12170,1,2.7
2024-01,Summit Auto Group,Summit Mazda Lakeside,Repair,67,15554,11685,1,0.9
2024-01,Summit Auto Group,Summit Mazda Lakeside,Tires,22,4838,4545,1,2.9
2024-01,Summit Auto Group,Summit Mazda Lakeside,Recall,14,2165,1411,0,2.5
2024-01,Summit Auto Group,Summit Mazda Lakeside,Warranty,29,6468,4244,0,2.6
2024-01,Summit Auto Group,Summit Nissan Ridgemont,Maintenance,178,43893,19546,1,1.8
2024-01,Summit Auto Group,Summit Nissan Ridgemont,Repair,105,21148,19316,1,2.5
2024-01,Summit Auto Group,Summit Nissan Ridgemont,Tires,35,7499,5249,1,2.6
2024-01,Summit Auto Group,Summit Nissan Ridgemont,Recall,23,4754,2567,0,1.1
2024-01,Summit Auto Group,Summit Nissan Ridgemont,Warranty,46,11869,4944,0,3.1
2024-01,Summit Auto Group,Summit Subaru Northgate,Maintenance,124,20824,23054,1,1.9
2024-01,Summit Auto Group,Summit Subaru Northgate,Repair,72,15476,13130,1,1.2
2024-01,Summit Auto Group,Summit Subaru Northgate,Tires,24,4261,3503,1,1.1
2024-01,Summit Auto Group,Summit Subaru Northgate,Recall,16,3105,3093,0,2.5
2024-01,Summit Auto Group,Summit Subaru Northgate,Warranty,32,5576,6339,0,2.7
2024-01,Summit Auto Group,Summit Toyota of Fairview,Maintenance,253,53098,48936,1,3.2
2024-01,Summit Auto Group,Summit Toyota of Fairview,Repair,148,25506,20806,1,1.2
2024-01,Summit Auto Group,Summit Toyota of Fairview,Tires,49,8339,8917,1,1.4
2024-01,Summit Auto Group,Summit Toyota of Fairview,Recall,33,5173,6704,0,0.9
2024-01,Summit Auto Group,Summit Toyota of Fairview,Warranty,66,13800,10721,0,2.6
2024-01,Summit Auto Group,Summit Volkswagen Eastdale,Maintenance,94,15961,19456,1,3.4
2024-01,Summit Auto Group,Summit Volkswagen Eastdale,Repair,55,13690,9639,1,1.3
2024-01,Summit Auto Group,Summit Volkswagen Eastdale,Tires,18,2726,2817,1,1.2
2024-01,Summit Auto Group,Summit Volkswagen Eastdale,Recall,12,2282,2407,0,1.9
2024-01,Summit Auto Group,Summit Volkswagen Eastdale,Warranty,24,3724,2694,0,1.5
2024-02,Harbor Motor Group,Harbor BMW,Maintenance,174,38860,29301,1,1.8
2024-02,Harbor Motor Group,Harbor BMW,Repair,102,24417,16554,1,3.0
2024-02,Harbor Motor Group,Harbor BMW,Tires,34,6766,6844,1,2.9
2024-02,Harbor Motor Group,Harbor BMW,Recall,22,3738,2784,0,1.4
2024-02,Harbor Motor Group,Harbor BMW,Warranty,45,7398,4957,0,2.7
2024-02,Harbor Motor Group,Harbor Chevrolet Marina,Maintenance,176,40110,35450,1,1.6
2024-02,Harbor Motor Group,Harbor Chevrolet Marina,Repair,103,20960,16803,1,2.2
2024-02,Harbor Motor Group,Harbor Chevrolet Marina,Tires,34,5361,5811,1,1.2
2024-02,Harbor Motor Group,Harbor Chevrolet Marina,Recall,22,3274,3370,0,1.8
2024-02,Harbor Motor Group,Harbor Chevrolet Marina,Warranty,45,6732,4817,0,1.6
2024-02,Harbor Motor Group,Harbor Ford Portside,Maintenance,195,49479,22851,1,0.8
2024-02,Harbor Motor Group,Harbor Ford Portside,Repair,115,21322,10464,1,2.3
2024-02,Harbor Motor Group,Harbor Ford Portside,Tires,38,8380,7143,1,2.8
2024-02,Harbor Motor Group,Harbor Ford Portside,Recall,25,5911,4808,0,1.1
2024-02,Harbor Motor Group,Harbor Ford Portside,Warranty,51,11847,5000,0,2.2
2024-02,Harbor Motor Group,Harbor Honda Seaside,Maintenance,195,34209,34277,1,1.2
2024-02,Harbor Motor Group,Harbor Honda Seaside,Repair,115,25183,13928,1,1.1
2024-02,Harbor Motor Group,Harbor Honda Seaside,Tires,38,6208,4688,1,3.1
2024-02,Harbor Motor Group,Harbor Honda Seaside,Recall,25,4572,3989,0,3.0
2024-02,Harbor Motor Group,Harbor Honda Seaside,Warranty,51,8646,9057,0,0.9
2024-02,Harbor Motor Group,Harbor Jeep Ram Anchor,Maintenance,193,37473,31188,1,0.9
2024-02,Harbor Motor Group,Harbor Jeep Ram Anchor,Repair,113,28698,17678,1,3.1
2024-02,Harbor Motor Group,Harbor Jeep Ram Anchor,Tires,37,5717,5832,1,0.8
2024-02,Harbor Motor Group,Harbor Jeep Ram Anchor,Recall,25,4571,3499,0,3.1
2024-02,Harbor Motor Group,Harbor Jeep Ram Anchor,Warranty,50,8194,5173,0,1.4
2024-02,Harbor Motor Group,Harbor Kia Lighthouse,Maintenance,151,31746,26993,1,3.3
2024-02,Harbor Motor Group,Harbor Kia Lighthouse,Repair,89,17166,16147,1,2.1
2024-02,Harbor Motor Group,Harbor Kia Lighthouse,Tires,29,6901,4992,1,1.1
2024-02,Harbor Motor Group,Harbor Kia Lighthouse,Recall,19,3103,3490,0,0.8
2024-02,Harbor Motor Group,Harbor Kia Lighthouse,Warranty,39,6060,6237,0,1.9
2024-02,Harbor Motor Group,Harbor Subaru Tidewater,Maintenance,103,18340,19076,1,2.5
2024-02,Harbor Motor Group,Harbor Subaru Tidewater,Repair,60,14708,7738,1,0.9
2024-02,Harbor Motor Group,Harbor Subaru Tidewater,Tires,20,4053,3227,1,1.3
2024-02,Harbor Motor Group,Harbor Subaru Tidewater,Recall,13,2280,2414,0,2.2
2024-02,Harbor Motor Group,Harbor Subaru Tidewater,Warranty,27,3829,3361,0,1.6
2024-02,Harbor Motor Group,Harbor Toyota Bayview,Maintenance,229,35898,38363,1,2.1
2024-02,Harbor Motor Group,Harbor Toyota Bayview,Repair,134,26476,19702,1,2.9
2024-02,Harbor Motor Group,Harbor Toyota Bayview,Tires,44,8863,6445,1,2.8
2024-02,Harbor Motor Group,Harbor Toyota Bayview,Recall,29,6123,4432,0,1.0
2024-02,Harbor Motor Group,Harbor Toyota Bayview,Warranty,59,15094,12355,0,3.2
2024-02,Summit Auto Group,Summit BMW,Maintenance,200,50972,36670,1,1.2
2024-02,Summit Auto Group,Summit BMW,Repair,117,17788,15600,1,1.8
2024-02,Summit Auto Group,Summit BMW,Tires,39,8994,5272,1,1.2
2024-02,Summit Auto Group,Summit BMW,Recall,26,4748,5320,0,2.4
2024-02,Summit Auto Group,Summit BMW,Warranty,52,11388,7675,0,3.0
2024-02,Summit Auto Group,Summit Chevrolet Glenpark,Maintenance,192,42202,24016,1,2.5
2024-02,Summit Auto Group,Summit Chevrolet Glenpark,Repair,112,20883,11742,1,2.8
2024-02,Summit Auto Group,Summit Chevrolet Glenpark,Tires,37,9381,5088,1,2.7
2024-02,Summit Auto Group,Summit Chevrolet Glenpark,Recall,25,5981,4483,0,2.9
2024-02,Summit Auto Group,Summit Chevrolet Glenpark,Warranty,50,12070,10456,0,0.9
2024-02,Summit Auto Group,Summit Ford Rivera,Maintenance,259,63059,50096,1,1.9
2024-02,Summit Auto Group,Summit Ford Rivera,Repair,152,31425,28002,1,3.4
2024-02,Summit Auto Group,Summit Ford Rivera,Tires,50,8612,4826,1,2.8
2024-02,Summit Auto Group,Summit Ford Rivera,Recall,33,7529,5739,0,1.1
2024-02,Summit Auto Group,Summit Ford Rivera,Warranty,67,15341,7688,0,1.5
2024-02,Summit Auto Group,Summit Honda Westland,Maintenance,198,30300,39508,1,2.0
2024-02,Summit Auto Group,Summit Honda Westland,Repair,116,29459,11597,1,1.5
2024-02,Summit Auto Group,Summit Honda Westland,Tires,38,8501,6678,1,1.8
2024-02,Summit Auto Group,Summit Honda Westland,Recall,25,4484,4369,0,2.4
2024-02,Summit Auto Group,Summit Honda Westland,Warranty,51,12427,8452,0,1.2
2024-02,Summit Auto Group,Summit Hyundai Oakhurst,Maintenance,143,23209,22138,1,1.7
2024-02,Summit Auto Group,Summit Hyundai Oakhurst,Repair,83,21534,13297,1,1.5
2024-02,Summit Auto Group,Summit Hyundai Oakhurst,Tires,27,5543,3254,1,2.1
2024-02,Summit Auto Group,Summit Hyundai Oakhurst,Recall,18,3590,3136,0,2.2
2024-02,Summit Auto Group,Summit Hyundai Oakhurst,Warranty,37,5526,3646,0,3.0
2024-02,Summit Auto Group,Summit Jeep Ram Clearwater,Maintenance,182,46346,28517,1,2.0
2024-02,Summit Auto Group,Summit Jeep Ram Clearwater,Repair,106,20810,19798,1,1.8
2024-02,Summit Auto Group,Summit Jeep Ram Clearwater,Tires,35,7447,4076,1,3.3
2024-02,Summit Auto Group,Summit Jeep Ram Clearwater,Recall,23,5417,2643,0,1.9
2024-02,Summit Auto Group,Summit Jeep Ram Clearwater,Warranty,47,11540,7865,0,2.8
2024-02,Summit Auto Group,Summit Kia Brookfield,Maintenance,151,37507,16094,1,1.0
2024-02,Summit Auto Group,Summit Kia Brookfield,Repair,88,14493,12013,1,2.2
2024-02,Summit Auto Group,Summit Kia Brookfield,Tires,29,4987,5545,1,1.1
2024-02,Summit Auto Group,Summit Kia Brookfield,Recall,19,3936,3857,0,1.8
2024-02,Summit Auto Group,Summit Kia Brookfield,Warranty,39,9481,4774,0,3.1
2024-02,Summit Auto Group,Summit Mazda Lakeside,Maintenance,103,21963,14028,1,1.7
2024-02,Summit Auto Group,Summit Mazda Lakeside,Repair,60,13945,7243,1,1.2
2024-02,Summit Auto Group,Summit Mazda Lakeside,Tires,20,4972,2917,1,1.1
2024-02,Summit Auto Group,Summit Mazda Lakeside,Recall,13,2358,1395,0,2.3
2024-02,Summit Auto Group,Summit Mazda Lakeside,Warranty,27,6747,4519,0,1.8
2024-02,Summit Auto Group,Summit Nissan Ridgemont,Maintenance,177,45004,32188,1,2.5
2024-02,Summit Auto Group,Summit Nissan Ridgemont,Repair,104,21104,15363,1,1.9
2024-02,Summit Auto Group,Summit Nissan Ridgemont,Tires,34,8589,4842,1,2.4
2024-02,Summit Auto Group,Summit Nissan Ridgemont,Recall,23,4307,3160,0,1.4
2024-02,Summit Auto Group,Summit Nissan Ridgemont,Warranty,46,11779,6497,0,2.3
2024-02,Summit Auto Group,Summit Subaru Northgate,Maintenance,110,20277,16363,1,2.6
2024-02,Summit Auto Group,Summit Subaru Northgate,Repair,65,12578,6641,1,3.2
2024-02,Summit Auto Group,Summit Subaru Northgate,Tires,21,3352,1989,1,1.0
2024-02,Summit Auto Group,Summit Subaru Northgate,Recall,14,2971,2504,0,3.4
2024-02,Summit Auto Group,Summit Subaru Northgate,Warranty,28,4562,5291,0,1.8
2024-02,Summit Auto Group,Summit Toyota of Fairview,Maintenance,241,41655,46357,1,1.8
2024-02,Summit Auto Group,Summit Toyota of Fairview,Repair,142,34373,19848,1,1.0
2024-02,Summit Auto Group,Summit Toyota of Fairview,Tires,47,8220,9051,1,3.4
2024-02,Summit Auto Group,Summit Toyota of Fairview,Recall,31,5094,5248,0,3.1
2024-02,Summit Auto Group,Summit Toyota of Fairview,Warranty,63,11638,7427,0,1.9
2024-02,Summit Auto Group,Summit Volkswagen Eastdale,Maintenance,88,18592,17357,1,1.5
2024-02,Summit Auto Group,Summit Volkswagen Eastdale,Repair,51,9429,7806,1,2.1
2024-02,Summit Auto Group,Summit Volkswagen Eastdale,Tires,17,4419,2777,1,3.1
2024-02,Summit Auto Group,Summit Volkswagen Eastdale,Recall,11,2824,1262,0,3.1
2024-02,Summit Auto Group,Summit Volkswagen Eastdale,Warranty,23,5225,3403,0,2.4
2024-03,Harbor Motor Group,Harbor BMW,Maintenance,177,45430,21335,1,2.3
2024-03,Harbor Motor Group,Harbor BMW,Repair,103,21216,14380,1,1.5
2024-03,Harbor Motor Group,Harbor BMW,Tires,34,7940,3960,1,2.1
2024-03,Harbor Motor Group,Harbor BMW,Recall,23,3967,2369,0,2.4
2024-03,Harbor Motor Group,Harbor BMW,Warranty,46,10879,7469,0,2.3
2024-03,Harbor Motor Group,Harbor Chevrolet Marina,Maintenance,189,46758,24980,1,3.0
2024-03,Harbor Motor Group,Harbor Chevrolet Marina,Repair,111,17163,18788,1,1.1
2024-03,Harbor Motor Group,Harbor Chevrolet Marina,Tires,37,9188,7137,1,1.2
2024-03,Harbor Motor Group,Harbor Chevrolet Marina,Recall,24,4637,3109,0,3.1
2024-03,Harbor Motor Group,Harbor Chevrolet Marina,Warranty,49,7626,10080,0,2.5
2024-03,Harbor Motor Group,Harbor Ford Portside,Maintenance,207,29467,23488,1,2.5
2024-03,Harbor Motor Group,Harbor Ford Portside,Repair,121,16979,12950,1,1.5
2024-03,Harbor Motor Group,Harbor Ford Portside,Tires,40,9836,4054,1,1.3
2024-03,Harbor Motor Group,Harbor Ford Portside,Recall,27,6783,2711,0,2.0
2024-03,Harbor Motor Group,Harbor Ford Portside,Warranty,54,10508,7308,0,1.2
2024-03,Harbor Motor Group,Harbor Honda Seaside,Maintenance,218,31619,41952,1,1.1
2024-03,Harbor Motor Group,Harbor Honda Seaside,Repair,127,29308,11725,1,2.5
2024-03,Harbor Motor Group,Harbor Honda Seaside,Tires,42,7058,5495,1,1.8
2024-03,Harbor Motor Group,Harbor Honda Seaside,Recall,28,6374,2802,0,1.2
2024-03,Harbor Motor Group,Harbor Honda Seaside,Warranty,56,13700,10828,0,2.5
2024-03,Harbor Motor Group,Harbor Jeep Ram Anchor,Maintenance,139,35994,22435,1,2.9
2024-03,Harbor Motor Group,Harbor Jeep Ram Anchor,Repair,82,17020,12977,1,2.3
2024-03,Harbor Motor Group,Harbor Jeep Ram Anchor,Tires,27,4429,4567,1,1.8
2024-03,Harbor Motor Group,Harbor Jeep Ram Anchor,Recall,18,3640,2169,0,1.7
2024-03,Harbor Motor Group,Harbor Jeep Ram Anchor,Warranty,36,5848,5166,0,3.2
2024-03,Harbor Motor Group,Harbor Kia Lighthouse,Maintenance,139,32802,18349,1,1.1
2024-03,Harbor Motor Group,Harbor Kia Lighthouse,Repair,82,16563,12740,1,2.4
2024-03,Harbor Motor Group,Harbor Kia Lighthouse,Tires,27,3830,5466,1,2.8
2024-03,Harbor Motor Group,Harbor Kia Lighthouse,Recall,18,3033,2246,0,2.3
2024-03,Harbor Motor Group,Harbor Kia Lighthouse,Warranty,36,5840,3375,0,3.3
2024-03,Harbor Motor Group,Harbor Subaru Tidewater,Maintenance,123,21433,11914,1,3.0
2024-03,Harbor Motor Group,Harbor Subaru Tidewater,Repair,72,16544,7379,1,1.9
2024-03,Harbor Motor Group,Harbor Subaru Tidewater,Tires,24,4469,4317,1,1.9
2024-03,Harbor Motor Group,Harbor Subaru Tidewater,Recall,16,3015,1852,0,2.9
2024-03,Harbor Motor Group,Harbor Subaru Tidewater,Warranty,32,6387,3969,0,1.3
2024-03,Harbor Motor Group,Harbor Toyota Bayview,Maintenance,216,48877,25410,1,0.8
2024-03,Harbor Motor Group,Harbor Toyota Bayview,Repair,127,30385,14590,1,2.4
2024-03,Harbor Motor Group,Harbor Toyota Bayview,Tires,42,10338,3872,1,3.3
2024-03,Harbor Motor Group,Harbor Toyota Bayview,Recall,28,5350,3870,0,3.0
2024-03,Harbor Motor Group,Harbor Toyota Bayview,Warranty,56,9733,6309,0,2.1
2024-03,Summit Auto Group,Summit BMW,Maintenance,204,31339,29159,1,2.8
2024-03,Summit Auto Group,Summit BMW,Repair,120,29282,19781,1,0.9
2024-03,Summit Auto Group,Summit BMW,Tires,40,8262,4923,1,1.8
2024-03,Summit Auto Group,Summit BMW,Recall,26,3778,4849,0,1.4
2024-03,Summit Auto Group,Summit BMW,Warranty,53,8972,8691,0,1.0
2024-03,Summit Auto Group,Summit Chevrolet Glenpark,Maintenance,160,22781,30165,1,3.1
2024-03,Summit Auto Group,Summit Chevrolet Glenpark,Repair,94,17521,13167,1,3.2
2024-03,Summit Auto Group,Summit Chevrolet Glenpark,Tires,31,7571,3199,1,1.5
2024-03,Summit Auto Group,Summit Chevrolet Glenpark,Recall,20,3379,3699,0,2.6
2024-03,Summit Auto Group,Summit Chevrolet Glenpark,Warranty,41,10385,5372,0,3.2
2024-03,Summit Auto Group,Summit Ford Rivera,Maintenance,228,44432,22418,1,3.4
2024-03,Summit Auto Group,Summit Ford Rivera,Repair,133,24649,15521,1,2.3
2024-03,Summit Auto Group,Summit Ford Rivera,Tires,44,6654,8346,1,2.0
2024-03,Summit Auto Group,Summit Ford Rivera,Recall,29,7070,3461,0,1.3
2024-03,Summit Auto Group,Summit Ford Rivera,Warranty,59,11583,10510,0,1.2
2024-03,Summit Auto Group,Summit Honda Westland,Maintenance,235,35935,31423,1,1.6
2024-03,Summit Auto Group,Summit Honda Westland,Repair,137,23931,21403,1,1.8
2024-03,Summit Auto Group,Summit Honda Westland,Tires,45,6861,4485,1,1.0
2024-03,Summit Auto Group,Summit Honda Westland,Recall,30,7501,2946,0,2.8
2024-03,Summit Auto Group,Summit Honda Westland,Warranty,61,12375,7766,0,2.3
2024-03,Summit Auto Group,Summit Hyundai Oakhurst,Maintenance,143,21438,26005,1,1.0
2024-03,Summit Auto Group,Summit Hyundai Oakhurst,Repair,84,20143,9856,1,2.3
2024-03,Summit Auto Group,Summit Hyundai Oakhurst,Tires,28,4125,4770,1,1.6
2024-03,Summit Auto Group,Summit Hyundai Oakhurst,Recall,18,3418,2691,0,2.6
2024-03,Summit Auto Group,Summit Hyundai Oakhurst,Warranty,37,7892,6171,0,1.1
2024-03,Summit Auto Group,Summit Jeep Ram Clearwater,Maintenance,175,33289,33220,1,1.6
2024-03,Summit Auto Group,Summit Jeep Ram Clearwater,Repair,102,23731,9450,1,2.9
2024-03,Summit Auto Group,Summit Jeep Ram Clearwater,Tires,34,6943,6007,1,3.0
2024-03,Summit Auto Group,Summit Jeep Ram Clearwater,Recall,22,4402,3591,0,2.1
2024-03,Summit Auto Group,Summit Jeep Ram Clearwater,Warranty,45,11655,5067,0,3.3
2024-03,Summit Auto Group,Summit Kia Brookfield,Maintenance,132,26319,17509,1,2.4
2024-03,Summit Auto Group,Summit Kia Brookfield,Repair,77,14982,7398,1,0.8
2024-03,Summit Auto Group,Summit Kia Brookfield,Tires,25,3918,3077,1,3.3
2024-03,Summit Auto Group,Summit Kia Brookfield,Recall,17,3438,1672,0,1.0
2024-03,Summit Auto Group,Summit Kia Brookfield,Warranty,34,6227,3743,0,2.5
2024-03,Summit Auto Group,Summit Mazda Lakeside,Maintenance,100,16072,14061,1,0.9
2024-03,Summit Auto Group,Summit Mazda Lakeside,Repair,59,9525,11146,1,1.5
2024-03,Summit Auto Group,Summit Mazda Lakeside,Tires,19,3435,3520,1,3.1
2024-03,Summit Auto Group,Summit Mazda Lakeside,Recall,13,2971,1964,0,1.5
2024-03,Summit Auto Group,Summit Mazda Lakeside,Warranty,26,5420,2804,0,0.9
2024-03,Summit Auto Group,Summit Nissan Ridgemont,Maintenance,136,33734,13647,1,1.2
2024-03,Summit Auto Group,Summit Nissan Ridgemont,Repair,79,17882,14972,1,1.7
2024-03,Summit Auto Group,Summit Nissan Ridgemont,Tires,26,6018,4152,1,1.5
2024-03,Summit Auto Group,Summit Nissan Ridgemont,Recall,17,4379,1839,0,3.0
2024-03,Summit Auto Group,Summit Nissan Ridgemont,Warranty,35,5381,5106,0,3.4
2024-03,Summit Auto Group,Summit Subaru Northgate,Maintenance,120,18117,22619,1,2.4
2024-03,Summit Auto Group,Summit Subaru Northgate,Repair,70,13997,14671,1,1.1
2024-03,Summit Auto Group,Summit Subaru Northgate,Tires,23,5808,3023,1,2.5
2024-03,Summit Auto Group,Summit Subaru Northgate,Recall,15,2176,2076,0,1.2
2024-03,Summit Auto Group,Summit Subaru Northgate,Warranty,31,6748,4657,0,1.4
2024-03,Summit Auto Group,Summit Toyota of Fairview,Maintenance,248,55210,50585,1,3.3
2024-03,Summit Auto Group,Summit Toyota of Fairview,Repair,145,23227,15219,1,1.8
2024-03,Summit Auto Group,Summit Toyota of Fairview,Tires,48,10846,5656,1,3.2
2024-03,Summit Auto Group,Summit Toyota of Fairview,Recall,32,6161,4653,0,1.6
2024-03,Summit Auto Group,Summit Toyota of Fairview,Warranty,64,9251,11698,0,2.8
2024-03,Summit Auto Group,Summit Volkswagen Eastdale,Maintenance,81,19918,11372,1,1.9
2024-03,Summit Auto Group,Summit Volkswagen Eastdale,Repair,47,8290,7196,1,1.5
2024-03,Summit Auto Group,Summit Volkswagen Eastdale,Tires,15,2394,1440,1,2.1
2024-03,Summit Auto Group,Summit Volkswagen Eastdale,Recall,10,2466,1748,0,1.6
2024-03,Summit Auto Group,Summit Volkswagen Eastdale,Warranty,21,5091,3961,0,2.3
2024-04,Harbor Motor Group,Harbor BMW,Maintenance,212,42794,41839,1,3.1
2024-04,Harbor Motor Group,Harbor BMW,Repair,124,17889,15569,1,2.2
2024-04,Harbor Motor Group,Harbor BMW,Tires,41,8114,3971,1,1.9
2024-04,Harbor Motor Group,Harbor BMW,Recall,27,4327,2810,0,1.7
2024-04,Harbor Motor Group,Harbor BMW,Warranty,55,8109,10521,0,0.8
2024-04,Harbor Motor Group,Harbor Chevrolet Marina,Maintenance,166,38375,30184,1,2.0
2024-04,Harbor Motor Group,Harbor Chevrolet Marina,Repair,98,17156,14504,1,2.9
2024-04,Harbor Motor Group,Harbor Chevrolet Marina,Tires,32,5283,4961,1,2.8
2024-04,Harbor Motor Group,Harbor Chevrolet Marina,Recall,21,4118,3471,0,2.1
2024-04,Harbor Motor Group,Harbor Chevrolet Marina,Warranty,43,10921,6747,0,2.7
2024-04,Harbor Motor Group,Harbor Ford Portside,Maintenance,225,57057,42877,1,1.7
2024-04,Harbor Motor Group,Harbor Ford Portside,Repair,132,21769,27418,1,1.5
2024-04,Harbor Motor Group,Harbor Ford Portside,Tires,44,9300,5811,1,2.4
2024-04,Harbor Motor Group,Harbor Ford Portside,Recall,29,6373,5631,0,3.4
2024-04,Harbor Motor Group,Harbor Ford Portside,Warranty,58,14493,9402,0,2.4
2024-04,Harbor Motor Group,Harbor Honda Seaside,Maintenance,165,41139,21967,1,1.2
2024-04,Harbor Motor Group,Harbor Honda Seaside,Repair,96,21970,17780,1,1.2
2024-04,Harbor Motor Group,Harbor Honda Seaside,Tires,32,6128,4674,1,1.4
2024-04,Harbor Motor Group,Harbor Honda Seaside,Recall,21,4843,4146,0,1.8
2024-04,Harbor Motor Group,Harbor Honda Seaside,Warranty,43,10148,6613,0,2.6
2024-04,Harbor Motor Group,Harbor Jeep Ram Anchor,Maintenance,170,25066,18592,1,3.3
2024-04,Harbor Motor Group,Harbor Jeep Ram Anchor,Repair,100,14326,14131,1,1.3
2024-04,Harbor Motor Group,Harbor Jeep Ram Anchor,Tires,33,5809,5544,1,1.0
2024-04,Harbor Motor Group,Harbor Jeep Ram Anchor,Recall,22,4336,2091,0,1.4
2024-04,Harbor Motor Group,Harbor Jeep Ram Anchor,Warranty,44,10210,5811,0,2.8
2024-04,Harbor Motor Group,Harbor Kia Lighthouse,Maintenance,109,16247,14868,1,1.3
2024-04,Harbor Motor Group,Harbor Kia Lighthouse,Repair,64,9511,11795,1,2.5
2024-04,Harbor Motor Group,Harbor Kia Lighthouse,Tires,21,3892,3862,1,3.1
2024-04,Harbor Motor Group,Harbor Kia Lighthouse,Recall,14,2768,1983,0,3.4
2024-04,Harbor Motor Group,Harbor Kia Lighthouse,Warranty,28,5232,2873,0,2.6
2024-04,Harbor Motor Group,Harbor Subaru Tidewater,Maintenance,109,19059,18212,1,2.7
2024-04,Harbor Motor Group,Harbor Subaru Tidewater,Repair,64,15340,5880,1,2.2
2024-04,Harbor Motor Group,Harbor Subaru Tidewater,Tires,21,4390,2454,1,1.8
2024-04,Harbor Motor Group,Harbor Subaru Tidewater,Recall,14,3356,2285,0,2.6
2024-04,Harbor Motor Group,Harbor Subaru Tidewater,Warranty,28,4240,2694,0,2.1
2024-04,Harbor Motor Group,Harbor Toyota Bayview,Maintenance,240,46483,34147,1,1.8
2024-04,Harbor Motor Group,Harbor Toyota Bayview,Repair,140,24832,20109,1,3.0
2024-04,Harbor Motor Group,Harbor Toyota Bayview,Tires,46,7048,8492,1,1.4
2024-04,Harbor Motor Group,Harbor Toyota Bayview,Recall,31,6537,3800,0,1.2
2024-04,Harbor Motor Group,Harbor Toyota Bayview,Warranty,62,12938,12986,0,2.6
2024-04,Summit Auto Group,Summit BMW,Maintenance,216,46629,43798,1,3.3
2024-04,Summit Auto Group,Summit BMW,Repair,127,28887,13006,1,1.5
2024-04,Summit Auto Group,Summit BMW,Tires,42,9768,8803,1,1.8
2024-04,Summit Auto Group,Summit BMW,Recall,28,5991,5621,0,3.0
2024-04,Summit Auto Group,Summit BMW,Warranty,56,11520,5790,0,1.7
2024-04,Summit Auto Group,Summit Chevrolet Glenpark,Maintenance,209,38680,21400,1,3.4
2024-04,Summit Auto Group,Summit Chevrolet Glenpark,Repair,122,21500,21800,1,3.3
2024-04,Summit Auto Group,Summit Chevrolet Glenpark,Tires,40,6880,4146,1,2.4
2024-04,Summit Auto Group,Summit Chevrolet Glenpark,Recall,27,6362,3527,0,2.8
2024-04,Summit Auto Group,Summit Chevrolet Glenpark,Warranty,54,8032,9531,0,3.3
2024-04,Summit Auto Group,Summit Ford Rivera,Maintenance,207,30911,34827,1,2.6
2024-04,Summit Auto Group,Summit Ford Rivera,Repair,121,20584,23650,1,1.9
2024-04,Summit Auto Group,Summit Ford Rivera,Tires,40,5649,4455,1,2.2
2024-04,Summit Auto Group,Summit Ford Rivera,Recall,27,5199,3460,0,2.3
2024-04,Summit Auto Group,Summit Ford Rivera,Warranty,54,11608,6839,0,0.9
2024-04,Summit Auto Group,Summit Honda Westland,Maintenance,199,44533,29346,1,1.8
2024-04,Summit Auto Group,Summit Honda Westland,Repair,116,22625,19466,1,1.7
2024-04,Summit Auto Group,Summit Honda Westland,Tires,38,8114,5558,1,2.9
2024-04,Summit Auto Group,Summit Honda Westland,Recall,25,4667,2646,0,2.5
2024-04,Summit Auto Group,Summit Honda Westland,Warranty,51,7510,4890,0,1.9
2024-04,Summit Auto Group,Summit Hyundai Oakhurst,Maintenance,151,32546,14213,1,2.2
2024-04,Summit Auto Group,Summit Hyundai Oakhurst,Repair,89,18172,13419,1,3.3
2024-04,Summit Auto Group,Summit Hyundai Oakhurst,Tires,29,5563,4478,1,1.0
2024-04,Summit Auto Group,Summit Hyundai Oakhurst,Recall,19,3798,3610,0,3.0
2024-04,Summit Auto Group,Summit Hyundai Oakhurst,Warranty,39,8941,7302,0,0.9
2024-04,Summit Auto Group,Summit Jeep Ram Clearwater,Maintenance,163,32309,31744,1,0.9
2024-04,Summit Auto Group,Summit Jeep Ram Clearwater,Repair,96,18816,17681,1,1.6
2024-04,Summit Auto Group,Summit Jeep Ram Clearwater,Tires,32,6282,3667,1,1.4
2024-04,Summit Auto Group,Summit Jeep Ram Clearwater,Recall,21,3145,3392,0,3.2
2024-04,Summit Auto Group,Summit Jeep Ram Clearwater,Warranty,42,9756,6222,0,2.2
2024-04,Summit Auto Group,Summit Kia Brookfield,Maintenance,130,21222,19363,1,2.1
2024-04,Summit Auto Group,Summit Kia Brookfield,Repair,76,13062,14714,1,2.4
2024-04,Summit Auto Group,Summit Kia Brookfield,Tires,25,5706,4572,1,2.4
2024-04,Summit Auto Group,Summit Kia Brookfield,Recall,17,4417,2937,0,2.6
2024-04,Summit Auto Group,Summit Kia Brookfield,Warranty,34,5089,5602,0,2.6
2024-04,Summit Auto Group,Summit Mazda Lakeside,Maintenance,101,25172,19184,1,3.1
2024-04,Summit Auto Group,Summit Mazda Lakeside,Repair,59,9340,11609,1,2.6
2024-04,Summit Auto Group,Summit Mazda Lakeside,Tires,19,4759,3758,1,2.6
2024-04,Summit Auto Group,Summit Mazda Lakeside,Recall,13,2713,2150,0,1.5
2024-04,Summit Auto Group,Summit Mazda Lakeside,Warranty,26,4905,4569,0,2.1
2024-04,Summit Auto Group,Summit Nissan Ridgemont,Maintenance,131,21523,27293,1,2.5
2024-04,Summit Auto Group,Summit Nissan Ridgemont,Repair,77,15562,7714,1,1.5
2024-04,Summit Auto Group,Summit Nissan Ridgemont,Tires,25,4142,3511,1,0.8
2024-04,Summit Auto Group,Summit Nissan Ridgemont,Recall,17,3799,2565,0,2.1
2024-04,Summit Auto Group,Summit Nissan Ridgemont,Warranty,34,7354,3559,0,1.1
2024-04,Summit Auto Group,Summit Subaru Northgate,Maintenance,122,18680,21512,1,0.9
2024-04,Summit Auto Group,Summit Subaru Northgate,Repair,72,14671,10946,1,3.2
2024-04,Summit Auto Group,Summit Subaru Northgate,Tires,24,3684,4772,1,1.9
2024-04,Summit Auto Group,Summit Subaru Northgate,Recall,16,2414,1688,0,3.2
2024-04,Summit Auto Group,Summit Subaru Northgate,Warranty,32,5257,5764,0,1.8
2024-04,Summit Auto Group,Summit Toyota of Fairview,Maintenance,254,51430,29671,1,3.4
2024-04,Summit Auto Group,Summit Toyota of Fairview,Repair,149,37497,20529,1,2.5
2024-04,Summit Auto Group,Summit Toyota of Fairview,Tires,49,11473,6268,1,2.0
2024-04,Summit Auto Group,Summit Toyota of Fairview,Recall,33,4789,6109,0,1.2
2024-04,Summit Auto Group,Summit Toyota of Fairview,Warranty,66,14459,7427,0,1.4
2024-04,Summit Auto Group,Summit Volkswagen Eastdale,Maintenance,90,14528,16559,1,2.2
2024-04,Summit Auto Group,Summit Volkswagen Eastdale,Repair,52,13238,10497,1,2.6
2024-04,Summit Auto Group,Summit Volkswagen Eastdale,Tires,17,2538,3044,1,1.4
2024-04,Summit Auto Group,Summit Volkswagen Eastdale,Recall,11,1765,2123,0,1.1
2024-04,Summit Auto Group,Summit Volkswagen Eastdale,Warranty,23,5440,3357,0,3.4
2024-05,Harbor Motor Group,Harbor BMW,Maintenance,186,37778,39035,1,2.7
2024-05,Harbor Motor Group,Harbor BMW,Repair,109,20808,22030,1,1.2
2024-05,Harbor Motor Group,Harbor BMW,Tires,36,8002,3527,1,1.1
2024-05,Harbor Motor Group,Harbor BMW,Recall,24,3711,4625,0,2.9
2024-05,Harbor Motor Group,Harbor BMW,Warranty,48,8312,7648,0,1.9
2024-05,Harbor Motor Group,Harbor Chevrolet Marina,Maintenance,156,22171,20791,1,2.7
2024-05,Harbor Motor Group,Harbor Chevrolet Marina,Repair,92,23552,14667,1,1.2
2024-05,Harbor Motor Group,Harbor Chevrolet Marina,Tires,30,5308,3405,1,3.0
2024-05,Harbor Motor Group,Harbor Chevrolet Marina,Recall,20,4625,2599,0,3.2
2024-05,Harbor Motor Group,Harbor Chevrolet Marina,Warranty,40,10267,4217,0,1.1
2024-05,Harbor Motor Group,Harbor Ford Portside,Maintenance,227,36604,30872,1,1.1
2024-05,Harbor Motor Group,Harbor Ford Portside,Repair,133,29802,19038,1,0.8
2024-05,Harbor Motor Group,Harbor Ford Portside,Tires,44,9074,8844,1,1.3
2024-05,Harbor Motor Group,Harbor Ford Portside,Recall,29,4579,2867,0,2.5
2024-05,Harbor Motor Group,Harbor Ford Portside,Warranty,59,10180,7321,0,3.1
2024-05,Harbor Motor Group,Harbor Honda Seaside,Maintenance,203,43271,22145,1,2.7
2024-05,Harbor Motor Group,Harbor Honda Seaside,Repair,119,19257,14280,1,2.4
2024-05,Harbor Motor Group,Harbor Honda Seaside,Tires,39,8827,4189,1,2.1
2024-05,Harbor Motor Group,Harbor Honda Seaside,Recall,26,5161,3483,0,1.6
2024-05,Harbor Motor Group,Harbor Honda Seaside,Warranty,53,8326,5387,0,3.1
2024-05,Harbor Motor Group,Harbor Jeep Ram Anchor,Maintenance,142,35958,24069,1,1.7
2024-05,Harbor Motor Group,Harbor Jeep Ram Anchor,Repair,83,18711,11249,1,0.8
2024-05,Harbor Motor Group,Harbor Jeep Ram Anchor,Tires,27,5403,4739,1,1.6
2024-05,Harbor Motor Group,Harbor Jeep Ram Anchor,Recall,18,4210,3080,0,0.9
2024-05,Harbor Motor Group,Harbor Jeep Ram Anchor,Warranty,37,7391,5625,0,2.1
2024-05,Harbor Motor Group,Harbor Kia Lighthouse,Maintenance,127,19320,13765,1,0.9
2024-05,Harbor Motor Group,Harbor Kia Lighthouse,Repair,75,15776,15392,1,2.3
2024-05,Harbor Motor Group,Harbor Kia Lighthouse,Tires,25,4813,4913,1,2.1
2024-05,Harbor Motor Group,Harbor Kia Lighthouse,Recall,16,2502,1799,0,1.5
2024-05,Harbor Motor Group,Harbor Kia Lighthouse,Warranty,33,6720,6112,0,0.9
2024-05,Harbor Motor Group,Harbor Subaru Tidewater,Maintenance,116,16931,16678,1,3.1
2024-05,Harbor Motor Group,Harbor Subaru Tidewater,Repair,68,11468,10862,1,1.1
2024-05,Harbor Motor Group,Harbor Subaru Tidewater,Tires,22,3472,2271,1,2.2
2024-05,Harbor Motor Group,Harbor Subaru Tidewater,Recall,15,3418,1498,0,1.4
2024-05,Harbor Motor Group,Harbor Subaru Tidewater,Warranty,30,7367,2847,0,2.0
2024-05,Harbor Motor Group,Harbor Toyota Bayview,Maintenance,201,45314,20494,1,1.9
2024-05,Harbor Motor Group,Harbor Toyota Bayview,Repair,118,16952,15978,1,2.6
2024-05,Harbor Motor Group,Harbor Toyota Bayview,Tires,39,5730,6272,1,2.0
2024-05,Harbor Motor Group,Harbor Toyota Bayview,Recall,26,4581,5267,0,2.5
2024-05,Harbor Motor Group,Harbor Toyota Bayview,Warranty,52,8962,5996,0,2.3
2024-05,Summit Auto Group,Summit BMW,Maintenance,225,50223,32196,1,1.2
2024-05,Summit Auto Group,Summit BMW,Repair,132,25904,17591,1,2.0
2024-05,Summit Auto Group,Summit BMW,Tires,44,9207,5773,1,1.5
2024-05,Summit Auto Group,Summit BMW,Recall,29,5563,2903,0,1.5
2024-05,Summit Auto Group,Summit BMW,Warranty,58,10160,5459,0,2.1
2024-05,Summit Auto Group,Summit Chevrolet Glenpark,Maintenance,199,34448,21044,1,1.4
2024-05,Summit Auto Group,Summit Chevrolet Glenpark,Repair,117,23323,11806,1,0.9
2024-05,Summit Auto Group,Summit Chevrolet Glenpark,Tires,39,8841,5523,1,3.2
2024-05,Summit Auto Group,Summit Chevrolet Glenpark,Recall,26,6719,4165,0,1.4
2024-05,Summit Auto Group,Summit Chevrolet Glenpark,Warranty,52,12343,8870,0,3.3
2024-05,Summit Auto Group,Summit Ford Rivera,Maintenance,238,57256,28773,1,2.3
2024-05,Summit Auto Group,Summit Ford Rivera,Repair,140,21249,19755,1,2.2
2024-05,Summit Auto Group,Summit Ford Rivera,Tires,46,11480,9271,1,1.6
2024-05,Summit Auto Group,Summit Ford Rivera,Recall,31,4996,5015,0,1.3
2024-05,Summit Auto Group,Summit Ford Rivera,Warranty,62,12053,9547,0,3.1
2024-05,Summit Auto Group,Summit Honda Westland,Maintenance,227,55756,26910,1,1.5
2024-05,Summit Auto Group,Summit Honda Westland,Repair,133,28780,12071,1,2.8
2024-05,Summit Auto Group,Summit Honda Westland,Tires,44,8312,4327,1,1.8
2024-05,Summit Auto Group,Summit Honda Westland,Recall,29,6201,3901,0,2.1
2024-05,Summit Auto Group,Summit Honda Westland,Warranty,59,13095,5607,0,3.2
2024-05,Summit Auto Group,Summit Hyundai Oakhurst,Maintenance,149,33464,21566,1,1.1
2024-05,Summit Auto Group,Summit Hyundai Oakhurst,Repair,87,18775,11189,1,1.0
2024-05,Summit Auto Group,Summit Hyundai Oakhurst,Tires,29,6819,5662,1,2.5
2024-05,Summit Auto Group,Summit Hyundai Oakhurst,Recall,19,2674,3680,0,2.1
2024-05,Summit Auto Group,Summit Hyundai Oakhurst,Warranty,39,6047,6129,0,2.3
2024-05,Summit Auto Group,Summit Jeep Ram Clearwater,Maintenance,153,38167,18700,1,3.2
2024-05,Summit Auto Group,Summit Jeep Ram Clearwater,Repair,89,22201,8437,1,1.7
2024-05,Summit Auto Group,Summit Jeep Ram Clearwater,Tires,29,6774,3306,1,1.7
2024-05,Summit Auto Group,Summit Jeep Ram Clearwater,Recall,19,4527,2375,0,2.7
2024-05,Summit Auto Group,Summit Jeep Ram Clearwater,Warranty,39,8381,6881,0,2.5
2024-05,Summit Auto Group,Summit Kia Brookfield,Maintenance,137,30968,25836,1,3.0
2024-05,Summit Auto Group,Summit Kia Brookfield,Repair,80,12327,16555,1,2.8
2024-05,Summit Auto Group,Summit Kia Brookfield,Tires,26,3772,3427,1,2.9
2024-05,Summit Auto Group,Summit Kia Brookfield,Recall,17,2422,2757,0,1.5
2024-05,Summit Auto Group,Summit Kia Brookfield,Warranty,35,6124,4083,0,1.6
2024-05,Summit Auto Group,Summit Mazda Lakeside,Maintenance,108,26670,13609,1,2.7
2024-05,Summit Auto Group,Summit Mazda Lakeside,Repair,63,13459,12301,1,1.9
2024-05,Summit Auto Group,Summit Mazda Lakeside,Tires,21,3812,2657,1,1.6
2024-05,Summit Auto Group,Summit Mazda Lakeside,Recall,14,2723,1770,0,2.6
2024-05,Summit Auto Group,Summit Mazda Lakeside,Warranty,28,3994,4245,0,2.7
2024-05,Summit Auto Group,Summit Nissan Ridgemont,Maintenance,144,34248,28616,1,1.6
2024-05,Summit Auto Group,Summit Nissan Ridgemont,Repair,84,17185,10800,1,0.8
2024-05,Summit Auto Group,Summit Nissan Ridgemont,Tires,28,4534,3243,1,3.2
2024-05,Summit Auto Group,Summit Nissan Ridgemont,Recall,18,2750,3662,0,1.7
2024-05,Summit Auto Group,Summit Nissan Ridgemont,Warranty,37,6711,6034,0,1.7
2024-05,Summit Auto Group,Summit Subaru Northgate,Maintenance,112,17484,21183,1,2.7
2024-05,Summit Auto Group,Summit Subaru Northgate,Repair,65,9497,8285,1,2.0
2024-05,Summit Auto Group,Summit Subaru Northgate,Tires,21,4643,3290,1,1.6
2024-05,Summit Auto Group,Summit Subaru Northgate,Recall,14,3190,1437,0,3.0
2024-05,Summit Auto Group,Summit Subaru Northgate,Warranty,29,7538,6028,0,2.0
2024-05,Summit Auto Group,Summit Toyota of Fairview,Maintenance,244,55988,42257,1,1.3
2024-05,Summit Auto Group,Summit Toyota of Fairview,Repair,143,34291,15516,1,3.3
2024-05,Summit Auto Group,Summit Toyota of Fairview,Tires,47,11136,9592,1,2.6
2024-05,Summit Auto Group,Summit Toyota of Fairview,Recall,31,6126,5360,0,3.4
2024-05,Summit Auto Group,Summit Toyota of Fairview,Warranty,63,9696,8125,0,1.5
2024-05,Summit Auto Group,Summit Volkswagen Eastdale,Maintenance,107,15923,13702,1,2.9
2024-05,Summit Auto Group,Summit Volkswagen Eastdale,Repair,62,10811,11927,1,2.9
2024-05,Summit Auto Group,Summit Volkswagen Eastdale,Tires,20,3351,2834,1,2.0
2024-05,Summit Auto Group,Summit Volkswagen Eastdale,Recall,13,2898,2151,0,3.2
2024-05,Summit Auto Group,Summit Volkswagen Eastdale,Warranty,27,6453,3572,0,1.6
2024-06,Harbor Motor Group,Harbor BMW,Maintenance,173,44919,33808,1,2.2
2024-06,Harbor Motor Group,Harbor BMW,Repair,102,25051,9864,1,2.3
2024-06,Harbor Motor Group,Harbor BMW,Tires,34,8720,5590,1,3.1
2024-06,Harbor Motor Group,Harbor BMW,Recall,22,4419,3523,0,2.9
2024-06,Harbor Motor Group,Harbor BMW,Warranty,45,6955,9426,0,0.8
2024-06,Harbor Motor Group,Harbor Chevrolet Marina,Maintenance,179,38083,30819,1,3.1
2024-06,Harbor Motor Group,Harbor Chevrolet Marina,Repair,105,23326,12488,1,1.9
2024-06,Harbor Motor Group,Harbor Chevrolet Marina,Tires,35,7676,3238,1,2.6
2024-06,Harbor Motor Group,Harbor Chevrolet Marina,Recall,23,5835,2458,0,2.7
2024-06,Harbor Motor Group,Harbor Chevrolet Marina,Warranty,46,10912,6863,0,0.9
2024-06,Harbor Motor Group,Harbor Ford Portside,Maintenance,207,30622,33548,1,2.9
2024-06,Harbor Motor Group,Harbor Ford Portside,Repair,121,22341,20596,1,2.2
2024-06,Harbor Motor Group,Harbor Ford Portside,Tires,40,9680,7469,1,1.4
2024-06,Harbor Motor Group,Harbor Ford Portside,Recall,27,6897,4157,0,1.4
2024-06,Harbor Motor Group,Harbor Ford Portside,Warranty,54,9602,9990,0,2.3
2024-06,Harbor Motor Group,Harbor Honda Seaside,Maintenance,187,30563,30214,1,3.1
2024-06,Harbor Motor Group,Harbor Honda Seaside,Repair,110,17934,11994,1,3.3
2024-06,Harbor Motor Group,Harbor Honda Seaside,Tires,36,5320,7107,1,1.3
2024-06,Harbor Motor Group,Harbor Honda Seaside,Recall,24,3752,3705,0,3.1
2024-06,Harbor Motor Group,Harbor Honda Seaside,Warranty,48,10944,8024,0,2.4
2024-06,Harbor Motor Group,Harbor Jeep Ram Anchor,Maintenance,168,31802,30489,1,3.2
2024-06,Harbor Motor Group,Harbor Jeep Ram Anchor,Repair,98,19289,8940,1,1.7
2024-06,Harbor Motor Group,Harbor Jeep Ram Anchor,Tires,32,6733,4022,1,1.4
2024-06,Harbor Motor Group,Harbor Jeep Ram Anchor,Recall,21,4839,2338,0,3.1
2024-06,Harbor Motor Group,Harbor Jeep Ram Anchor,Warranty,43,9298,3883,0,1.2
2024-06,Harbor Motor Group,Harbor Kia Lighthouse,Maintenance,141,31620,17700,1,1.1
2024-06,Harbor Motor Group,Harbor Kia Lighthouse,Repair,83,15644,9462,1,2.5
2024-06,Harbor Motor Group,Harbor Kia Lighthouse,Tires,27,3882,3898,1,2.6
2024-06,Harbor Motor Group,Harbor Kia Lighthouse,Recall,18,2883,1736,0,2.1
2024-06,Harbor Motor Group,Harbor Kia Lighthouse,Warranty,36,8759,4387,0,2.4
2024-06,Harbor Motor Group,Harbor Subaru Tidewater,Maintenance,126,22347,24754,1,2.2
2024-06,Harbor Motor Group,Harbor Subaru Tidewater,Repair,74,16437,15200,1,0.8
2024-06,Harbor Motor Group,Harbor Subaru Tidewater,Tires,24,3781,2888,1,2.7
2024-06,Harbor Motor Group,Harbor Subaru Tidewater,Recall,16,2309,2641,0,1.4
2024-06,Harbor Motor Group,Harbor Subaru Tidewater,Warranty,33,7027,6101,0,2.2
2024-06,Harbor Motor Group,Harbor Toyota Bayview,Maintenance,236,54843,31564,1,3.3
2024-06,Harbor Motor Group,Harbor Toyota Bayview,Repair,138,23451,24620,1,2.7
2024-06,Harbor Motor Group,Harbor Toyota Bayview,Tires,46,11288,7513,1,2.3
2024-06,Harbor Motor Group,Harbor Toyota Bayview,Recall,30,5388,3099,0,3.0
2024-06,Harbor Motor Group,Harbor Toyota Bayview,Warranty,61,12120,11433,0,3.3
2024-06,Summit Auto Group,Summit BMW,Maintenance,182,44978,17452,1,3.1
2024-06,Summit Auto Group,Summit BMW,Repair,106,26285,10529,1,2.4
2024-06,Summit Auto Group,Summit BMW,Tires,35,8048,3907,1,1.3
2024-06,Summit Auto Group,Summit BMW,Recall,23,4733,3118,0,2.1
2024-06,Summit Auto Group,Summit BMW,Warranty,47,11830,9702,0,1.1
2024-06,Summit Auto Group,Summit Chevrolet Glenpark,Maintenance,190,27286,24745,1,1.4
2024-06,Summit Auto Group,Summit Chevrolet Glenpark,Repair,112,26571,21718,1,1.7
2024-06,Summit Auto Group,Summit Chevrolet Glenpark,Tires,37,9140,5253,1,2.8
2024-06,Summit Auto Group,Summit Chevrolet Glenpark,Recall,24,4504,4053,0,1.6
2024-06,Summit Auto Group,Summit Chevrolet Glenpark,Warranty,49,12491,9766,0,1.5
2024-06,Summit Auto Group,Summit Ford Rivera,Maintenance,215,53206,29871,1,2.9
2024-06,Summit Auto Group,Summit Ford Rivera,Repair,126,26482,15193,1,1.0
2024-06,Summit Auto Group,Summit Ford Rivera,Tires,42,9035,5685,1,1.4
2024-06,Summit Auto Group,Summit Ford Rivera,Recall,28,6562,4869,0,2.0
2024-06,Summit Auto Group,Summit Ford Rivera,Warranty,56,10958,8442,0,3.0
2024-06,Summit Auto Group,Summit Honda Westland,Maintenance,220,45177,35136,1,2.0
2024-06,Summit Auto Group,Summit Honda Westland,Repair,129,33135,18779,1,0.9
2024-06,Summit Auto Group,Summit Honda Westland,Tires,43,9015,6421,1,1.9
2024-06,Summit Auto Group,Summit Honda Westland,Recall,28,6306,2666,0,3.0
2024-06,Summit Auto Group,Summit Honda Westland,Warranty,57,9918,6690,0,1.4
2024-06,Summit Auto Group,Summit Hyundai Oakhurst,Maintenance,128,28540,23768,1,2.9
2024-06,Summit Auto Group,Summit Hyundai Oakhurst,Repair,75,17831,9772,1,1.8
2024-06,Summit Auto Group,Summit Hyundai Oakhurst,Tires,25,4547,2485,1,3.0
2024-06,Summit Auto Group,Summit Hyundai Oakhurst,Recall,16,3799,3243,0,1.9
2024-06,Summit Auto Group,Summit Hyundai Oakhurst,Warranty,33,7634,5100,0,3.4
2024-06,Summit Auto Group,Summit Jeep Ram Clearwater,Maintenance,171,25757,15603,1,3.0
2024-06,Summit Auto Group,Summit Jeep Ram Clearwater,Repair,100,23523,12792,1,2.4
2024-06,Summit Auto Group,Summit Jeep Ram Clearwater,Tires,33,6772,3095,1,3.0
2024-06,Summit Auto Group,Summit Jeep Ram Clearwater,Recall,22,4584,4421,0,0.9
2024-06,Summit Auto Group,Summit Jeep Ram Clearwater,Warranty,44,8268,7457,0,2.9
2024-06,Summit Auto Group,Summit Kia Brookfield,Maintenance,135,34817,19200,1,3.2
2024-06,Summit Auto Group,Summit Kia Brookfield,Repair,79,15242,7268,1,1.6
2024-06,Summit Auto Group,Summit Kia Brookfield,Tires,26,3793,4700,1,2.4
2024-06,Summit Auto Group,Summit Kia Brookfield,Recall,17,2722,2328,0,2.2
2024-06,Summit Auto Group,Summit Kia Brookfield,Warranty,35,6211,4261,0,1.0
2024-06,Summit Auto Group,Summit Mazda Lakeside,Maintenance,93,14333,9730,1,1.0
2024-06,Summit Auto Group,Summit Mazda Lakeside,Repair,54,8193,6357,1,2.8
2024-06,Summit Auto Group,Summit Mazda Lakeside,Tires,18,3651,2735,1,1.1
2024-06,Summit Auto Group,Summit Mazda Lakeside,Recall,12,1709,1503,0,1.8
2024-06,Summit Auto Group,Summit Mazda Lakeside,Warranty,24,4237,3366,0,2.7
2024-06,Summit Auto Group,Summit Nissan Ridgemont,Maintenance,135,20873,21145,1,1.5
2024-06,Summit Auto Group,Summit Nissan Ridgemont,Repair,79,15545,10095,1,1.5
2024-06,Summit Auto Group,Summit Nissan Ridgemont,Tires,26,4425,5183,1,1.9
2024-06,Summit Auto Group,Summit Nissan Ridgemont,Recall,17,2908,3354,0,1.5
2024-06,Summit Auto Group,Summit Nissan Ridgemont,Warranty,35,6367,5129,0,2.2
2024-06,Summit Auto Group,Summit Subaru Northgate,Maintenance,100,24153,10421,1,1.8
2024-06,Summit Auto Group,Summit Subaru Northgate,Repair,58,11575,9774,1,1.6
2024-06,Summit Auto Group,Summit Subaru Northgate,Tires,19,3287,2413,1,1.8
2024-06,Summit Auto Group,Summit Subaru Northgate,Recall,13,3323,1378,0,1.7
2024-06,Summit Auto Group,Summit Subaru Northgate,Warranty,26,3999,2905,0,3.1
2024-06,Summit Auto Group,Summit Toyota of Fairview,Maintenance,253,42138,34198,1,2.3
2024-06,Summit Auto Group,Summit Toyota of Fairview,Repair,148,29362,17917,1,2.5
2024-06,Summit Auto Group,Summit Toyota of Fairview,Tires,49,10905,6757,1,2.7
2024-06,Summit Auto Group,Summit Toyota of Fairview,Recall,33,5779,5977,0,3.0
2024-06,Summit Auto Group,Summit Toyota of Fairview,Warranty,66,15990,13131,0,2.7
2024-06,Summit Auto Group,Summit Volkswagen Eastdale,Maintenance,109,19669,19461,1,1.1
2024-06,Summit Auto Group,Summit Volkswagen Eastdale,Repair,63,11653,12654,1,3.3
2024-06,Summit Auto Group,Summit Volkswagen Eastdale,Tires,21,5239,4037,1,3.1
2024-06,Summit Auto Group,Summit Volkswagen Eastdale,Recall,14,2941,1303,0,2.6
2024-06,Summit Auto Group,Summit Volkswagen Eastdale,Warranty,28,4663,3203,0,2.5
2024-07,Harbor Motor Group,Harbor BMW,Maintenance,224,56750,44077,1,2.2
2024-07,Harbor Motor Group,Harbor BMW,Repair,131,19932,15858,1,2.9
2024-07,Harbor Motor Group,Harbor BMW,Tires,43,8443,5351,1,1.1
2024-07,Harbor Motor Group,Harbor BMW,Recall,29,4919,4677,0,3.3
2024-07,Harbor Motor Group,Harbor BMW,Warranty,58,13263,7162,0,1.3
2024-07,Harbor Motor Group,Harbor Chevrolet Marina,Maintenance,192,46581,25581,1,1.4
2024-07,Harbor Motor Group,Harbor Chevrolet Marina,Repair,112,24708,18984,1,2.4
2024-07,Harbor Motor Group,Harbor Chevrolet Marina,Tires,37,9204,5624,1,2.0
2024-07,Harbor Motor Group,Harbor Chevrolet Marina,Recall,25,5477,3494,0,3.3
2024-07,Harbor Motor Group,Harbor Chevrolet Marina,Warranty,50,8922,8165,0,0.9
2024-07,Harbor Motor Group,Harbor Ford Portside,Maintenance,241,44258,44037,1,1.3
2024-07,Harbor Motor Group,Harbor Ford Portside,Repair,142,35930,22552,1,1.6
2024-07,Harbor Motor Group,Harbor Ford Portside,Tires,47,7151,4658,1,1.6
2024-07,Harbor Motor Group,Harbor Ford Portside,Recall,31,4770,6392,0,3.0
2024-07,Harbor Motor Group,Harbor Ford Portside,Warranty,63,14537,11711,0,3.0
2024-07,Harbor Motor Group,Harbor Honda Seaside,Maintenance,201,44845,20534,1,1.9
2024-07,Harbor Motor Group,Harbor Honda Seaside,Repair,118,19259,14634,1,3.3
2024-07,Harbor Motor Group,Harbor Honda Seaside,Tires,39,6887,7292,1,3.3
2024-07,Harbor Motor Group,Harbor Honda Seaside,Recall,26,4165,3246,0,0.9
2024-07,Harbor Motor Group,Harbor Honda Seaside,Warranty,52,11344,10326,0,1.1
2024-07,Harbor Motor Group,Harbor Jeep Ram Anchor,Maintenance,153,25738,16722,1,2.1
2024-07,Harbor Motor Group,Harbor Jeep Ram Anchor,Repair,89,14449,10593,1,2.2
2024-07,Harbor Motor Group,Harbor Jeep Ram Anchor,Tires,29,4620,4334,1,1.8
2024-07,Harbor Motor Group,Harbor Jeep Ram Anchor,Recall,19,4793,3535,0,1.7
2024-07,Harbor Motor Group,Harbor Jeep Ram Anchor,Warranty,39,8967,6727,0,3.4
2024-07,Harbor Motor Group,Harbor Kia Lighthouse,Maintenance,143,34494,16366,1,2.2
2024-07,Harbor Motor Group,Harbor Kia Lighthouse,Repair,83,12531,8768,1,0.9
2024-07,Harbor Motor Group,Harbor Kia Lighthouse,Tires,27,4718,4779,1,1.2
2024-07,Harbor Motor Group,Harbor Kia Lighthouse,Recall,18,2673,3739,0,0.8
2024-07,Harbor Motor Group,Harbor Kia Lighthouse,Warranty,37,7322,4971,0,2.5
2024-07,Harbor Motor Group,Harbor Subaru Tidewater,Maintenance,125,29378,12777,1,1.2
2024-07,Harbor Motor Group,Harbor Subaru Tidewater,Repair,73,11493,13662,1,1.7
2024-07,Harbor Motor Group,Harbor Subaru Tidewater,Tires,24,4768,3861,1,1.4
2024-07,Harbor Motor Group,Harbor Subaru Tidewater,Recall,16,2475,2606,0,3.3
2024-07,Harbor Motor Group,Harbor Subaru Tidewater,Warranty,32,6720,4934,0,3.2
2024-07,Harbor Motor Group,Harbor Toyota Bayview,Maintenance,256,62496,41940,1,3.3
2024-07,Harbor Motor Group,Harbor Toyota Bayview,Repair,150,38645,25522,1,2.0
2024-07,Harbor Motor Group,Harbor Toyota Bayview,Tires,50,12562,6899,1,1.3
2024-07,Harbor Motor Group,Harbor Toyota Bayview,Recall,33,6975,4612,0,2.7
2024-07,Harbor Motor Group,Harbor Toyota Bayview,Warranty,66,12884,12485,0,2.9
2024-07,Summit Auto Group,Summit BMW,Maintenance,221,48350,34505,1,1.5
2024-07,Summit Auto Group,Summit BMW,Repair,130,28728,12445,1,2.9
2024-07,Summit Auto Group,Summit BMW,Tires,43,7881,5914,1,2.5
2024-07,Summit Auto Group,Summit BMW,Recall,28,6977,4748,0,2.2
2024-07,Summit Auto Group,Summit BMW,Warranty,57,11175,7149,0,2.2
2024-07,Summit Auto Group,Summit Chevrolet Glenpark,Maintenance,210,32025,23563,1,3.2
2024-07,Summit Auto Group,Summit Chevrolet Glenpark,Repair,123,17522,18427,1,2.5
2024-07,Summit Auto Group,Summit Chevrolet Glenpark,Tires,41,7882,7656,1,0.9
2024-07,Summit Auto Group,Summit Chevrolet Glenpark,Recall,27,6639,4111,0,1.0
2024-07,Summit Auto Group,Summit Chevrolet Glenpark,Warranty,54,11881,6828,0,1.4
2024-07,Summit Auto Group,Summit Ford Rivera,Maintenance,207,53167,30283,1,1.8
2024-07,Summit Auto Group,Summit Ford Rivera,Repair,121,22892,22956,1,2.2
2024-07,Summit Auto Group,Summit Ford Rivera,Tires,40,5967,4914,1,1.3
2024-07,Summit Auto Group,Summit Ford Rivera,Recall,27,5413,3134,0,3.1
2024-07,Summit Auto Group,Summit Ford Rivera,Warranty,54,9465,10399,0,3.3
2024-07,Summit Auto Group,Summit Honda Westland,Maintenance,237,40805,37650,1,2.3
2024-07,Summit Auto Group,Summit Honda Westland,Repair,139,29090,26718,1,2.2
2024-07,Summit Auto Group,Summit Honda Westland,Tires,46,7357,5765,1,0.9
2024-07,Summit Auto Group,Summit Honda Westland,Recall,31,5948,3785,0,2.6
2024-07,Summit Auto Group,Summit Honda Westland,Warranty,62,11186,5665,0,2.1
2024-07,Summit Auto Group,Summit Hyundai Oakhurst,Maintenance,152,22111,18805,1,2.0
2024-07,Summit Auto Group,Summit Hyundai Oakhurst,Repair,89,20616,16780,1,1.6
2024-07,Summit Auto Group,Summit Hyundai Oakhurst,Tires,29,6109,2655,1,2.4
2024-07,Summit Auto Group,Summit Hyundai Oakhurst,Recall,19,4230,3191,0,1.6
2024-07,Summit Auto Group,Summit Hyundai Oakhurst,Warranty,39,8752,5255,0,2.3
2024-07,Summit Auto Group,Summit Jeep Ram Clearwater,Maintenance,158,28099,21139,1,2.5
2024-07,Summit Auto Group,Summit Jeep Ram Clearwater,Repair,92,17349,8297,1,1.8
2024-07,Summit Auto Group,Summit Jeep Ram Clearwater,Tires,30,6384,5762,1,1.8
2024-07,Summit Auto Group,Summit Jeep Ram Clearwater,Recall,20,3213,3514,0,2.3
2024-07,Summit Auto Group,Summit Jeep Ram Clearwater,Warranty,41,8278,7186,0,2.6
2024-07,Summit Auto Group,Summit Kia Brookfield,Maintenance,120,27242,11513,1,1.0
2024-07,Summit Auto Group,Summit Kia Brookfield,Repair,70,13625,7904,1,3.0
2024-07,Summit Auto Group,Summit Kia Brookfield,Tires,23,3592,3662,1,1.4
2024-07,Summit Auto Group,Summit Kia Brookfield,Recall,15,2523,1513,0,2.0
2024-07,Summit Auto Group,Summit Kia Brookfield,Warranty,31,5679,3021,0,1.0
2024-07,Summit Auto Group,Summit Mazda Lakeside,Maintenance,130,27595,22342,1,1.1
2024-07,Summit Auto Group,Summit Mazda Lakeside,Repair,76,14611,14518,1,1.1
2024-07,Summit Auto Group,Summit Mazda Lakeside,Tires,25,6335,5132,1,1.4
2024-07,Summit Auto Group,Summit Mazda Lakeside,Recall,16,2920,1481,0,2.2
2024-07,Summit Auto Group,Summit Mazda Lakeside,Warranty,33,8350,4813,0,0.8
2024-07,Summit Auto Group,Summit Nissan Ridgemont,Maintenance,141,23271,20253,1,1.5
2024-07,Summit Auto Group,Summit Nissan Ridgemont,Repair,82,16946,15023,1,2.4
2024-07,Summit Auto Group,Summit Nissan Ridgemont,Tires,27,6235,4611,1,2.3
2024-07,Summit Auto Group,Summit Nissan Ridgemont,Recall,18,2546,2016,0,2.8
2024-07,Summit Auto Group,Summit Nissan Ridgemont,Warranty,36,8529,4128,0,3.2
2024-07,Summit Auto Group,Summit Subaru Northgate,Maintenance,132,27000,15259,1,0.8
2024-07,Summit Auto Group,Summit Subaru Northgate,Repair,77,15508,15542,1,3.2
2024-07,Summit Auto Group,Summit Subaru Northgate,Tires,25,3753,4568,1,1.6
2024-07,Summit Auto Group,Summit Subaru Northgate,Recall,17,3584,2287,0,3.3
2024-07,Summit Auto Group,Summit Subaru Northgate,Warranty,34,8130,3906,0,2.1
2024-07,Summit Auto Group,Summit Toyota of Fairview,Maintenance,290,46350,37843,1,2.0
2024-07,Summit Auto Group,Summit Toyota of Fairview,Repair,170,34244,33965,1,3.0
2024-07,Summit Auto Group,Summit Toyota of Fairview,Tires,56,11488,10711,1,1.5
2024-07,Summit Auto Group,Summit Toyota of Fairview,Recall,37,8249,6259,0,1.5
2024-07,Summit Auto Group,Summit Toyota of Fairview,Warranty,75,12537,9163,0,1.3
2024-07,Summit Auto Group,Summit Volkswagen Eastdale,Maintenance,103,17112,19609,1,1.1
2024-07,Summit Auto Group,Summit Volkswagen Eastdale,Repair,60,13289,6556,1,3.3
2024-07,Summit Auto Group,Summit Volkswagen Eastdale,Tires,20,2849,3860,1,2.3
2024-07,Summit Auto Group,Summit Volkswagen Eastdale,Recall,13,2873,2015,0,1.7
2024-07,Summit Auto Group,Summit Volkswagen Eastdale,Warranty,26,5777,4731,0,2.8
2024-08,Harbor Motor Group,Harbor BMW,Maintenance,201,36772,24906,1,1.8
2024-08,Harbor Motor Group,Harbor BMW,Repair,118,18501,18803,1,2.0
2024-08,Harbor Motor Group,Harbor BMW,Tires,39,5797,3679,1,1.6
2024-08,Harbor Motor Group,Harbor BMW,Recall,26,6137,3262,0,2.2
2024-08,Harbor Motor Group,Harbor BMW,Warranty,52,11489,7061,0,2.1
2024-08,Harbor Motor Group,Harbor Chevrolet Marina,Maintenance,166,30583,23311,1,2.2
2024-08,Harbor Motor Group,Harbor Chevrolet Marina,Repair,98,23411,10306,1,2.8
2024-08,Harbor Motor Group,Harbor Chevrolet Marina,Tires,32,7443,4211,1,2.6
2024-08,Harbor Motor Group,Harbor Chevrolet Marina,Recall,21,4616,4282,0,1.2
2024-08,Harbor Motor Group,Harbor Chevrolet Marina,Warranty,43,6613,7486,0,1.7
2024-08,Harbor Motor Group,Harbor Ford Portside,Maintenance,246,58273,49406,1,3.0
2024-08,Harbor Motor Group,Harbor Ford Portside,Repair,144,29930,13950,1,2.4
2024-08,Harbor Motor Group,Harbor Ford Portside,Tires,48,8627,8400,1,2.7
2024-08,Harbor Motor Group,Harbor Ford Portside,Recall,32,5270,2921,0,2.5
2024-08,Harbor Motor Group,Harbor Ford Portside,Warranty,64,10890,11140,0,2.0
2024-08,Harbor Motor Group,Harbor Honda Seaside,Maintenance,176,31444,20031,1,2.8
2024-08,Harbor Motor Group,Harbor Honda Seaside,Repair,103,24559,16873,1,2.6
2024-08,Harbor Motor Group,Harbor Honda Seaside,Tires,34,6118,4130,1,1.5
2024-08,Harbor Motor Group,Harbor Honda Seaside,Recall,22,3672,2290,0,3.3
2024-08,Harbor Motor Group,Harbor Honda Seaside,Warranty,45,9761,8087,0,1.3
2024-08,Harbor Motor Group,Harbor Jeep Ram Anchor,Maintenance,182,31091,32662,1,2.2
2024-08,Harbor Motor Group,Harbor Jeep Ram Anchor,Repair,107,26668,15764,1,1.4
2024-08,Harbor Motor Group,Harbor Jeep Ram Anchor,Tires,35,8803,6538,1,3.0
2024-08,Harbor Motor Group,Harbor Jeep Ram Anchor,Recall,23,5330,4648,0,1.1
2024-08,Harbor Motor Group,Harbor Jeep Ram Anchor,Warranty,47,8250,4361,0,2.9
2024-08,Harbor Motor Group,Harbor Kia Lighthouse,Maintenance,138,25750,28523,1,3.2
2024-08,Harbor Motor Group,Harbor Kia Lighthouse,Repair,81,16426,10795,1,1.9
2024-08,Harbor Motor Group,Harbor Kia Lighthouse,Tires,27,3855,4329,1,1.3
2024-08,Harbor Motor Group,Harbor Kia Lighthouse,Recall,18,3014,3357,0,2.0
2024-08,Harbor Motor Group,Harbor Kia Lighthouse,Warranty,36,8994,5128,0,1.1
2024-08,Harbor Motor Group,Harbor Subaru Tidewater,Maintenance,111,24086,17005,1,1.6
2024-08,Harbor Motor Group,Harbor Subaru Tidewater,Repair,65,9551,10189,1,1.0
2024-08,Harbor Motor Group,Harbor Subaru Tidewater,Tires,21,4303,2555,1,2.3
2024-08,Harbor Motor Group,Harbor Subaru Tidewater,Recall,14,2658,1543,0,3.3
2024-08,Harbor Motor Group,Harbor Subaru Tidewater,Warranty,29,5102,2616,0,1.9
2024-08,Harbor Motor Group,Harbor Toyota Bayview,Maintenance,265,43841,37524,1,1.2
2024-08,Harbor Motor Group,Harbor Toyota Bayview,Repair,155,36358,29070,1,2.4
2024-08,Harbor Motor Group,Harbor Toyota Bayview,Tires,51,13178,10225,1,1.5
2024-08,Harbor Motor Group,Harbor Toyota Bayview,Recall,34,6441,3380,0,2.1
2024-08,Harbor Motor Group,Harbor Toyota Bayview,Warranty,69,15098,7767,0,2.4
2024-08,Summit Auto Group,Summit BMW,Maintenance,231,46089,28479,1,2.8
2024-08,Summit Auto Group,Summit BMW,Repair,135,25529,23137,1,2.3
2024-08,Summit Auto Group,Summit BMW,Tires,45,7304,6148,1,1.0
2024-08,Summit Auto Group,Summit BMW,Recall,30,5019,3070,0,3.2
2024-08,Summit Auto Group,Summit BMW,Warranty,60,14379,8464,0,2.3
2024-08,Summit Auto Group,Summit Chevrolet Glenpark,Maintenance,189,43917,39549,1,1.4
2024-08,Summit Auto Group,Summit Chevrolet Glenpark,Repair,110,15704,18992,1,2.4
2024-08,Summit Auto Group,Summit Chevrolet Glenpark,Tires,36,9009,6286,1,1.5
2024-08,Summit Auto Group,Summit Chevrolet Glenpark,Recall,24,3771,5022,0,3.0
2024-08,Summit Auto Group,Summit Chevrolet Glenpark,Warranty,49,8997,7448,0,2.0
2024-08,Summit Auto Group,Summit Ford Rivera,Maintenance,267,52410,26150,1,0.8
2024-08,Summit Auto Group,Summit Ford Rivera,Repair,156,22835,22110,1,2.1
2024-08,Summit Auto Group,Summit Ford Rivera,Tires,52,12133,8330,1,2.6
2024-08,Summit Auto Group,Summit Ford Rivera,Recall,34,4879,6969,0,3.4
2024-08,Summit Auto Group,Summit Ford Rivera,Warranty,69,16697,9644,0,2.8
2024-08,Summit Auto Group,Summit Honda Westland,Maintenance,242,48169,43859,1,2.2
2024-08,Summit Auto Group,Summit Honda Westland,Repair,142,31741,20172,1,0.9
2024-08,Summit Auto Group,Summit Honda Westland,Tires,47,9851,8909,1,2.4
2024-08,Summit Auto Group,Summit Honda Westland,Recall,31,7211,5177,0,3.2
2024-08,Summit Auto Group,Summit Honda Westland,Warranty,63,15964,6945,0,0.8
2024-08,Summit Auto Group,Summit Hyundai Oakhurst,Maintenance,145,23278,17648,1,3.0
2024-08,Summit Auto Group,Summit Hyundai Oakhurst,Repair,85,15463,17484,1,1.6
2024-08,Summit Auto Group,Summit Hyundai Oakhurst,Tires,28,6325,4428,1,1.7
2024-08,Summit Auto Group,Summit Hyundai Oakhurst,Recall,19,4031,2842,0,0.8
2024-08,Summit Auto Group,Summit Hyundai Oakhurst,Warranty,38,8178,4897,0,1.6
2024-08,Summit Auto Group,Summit Jeep Ram Clearwater,Maintenance,192,47385,29877,1,3.3
2024-08,Summit Auto Group,Summit Jeep Ram Clearwater,Repair,112,23774,13616,1,2.1
2024-08,Summit Auto Group,Summit Jeep Ram Clearwater,Tires,37,8030,4310,1,1.9
2024-08,Summit Auto Group,Summit Jeep Ram Clearwater,Recall,25,3537,4829,0,1.7
2024-08,Summit Auto Group,Summit Jeep Ram Clearwater,Warranty,50,12598,8057,0,2.7
2024-08,Summit Auto Group,Summit Kia Brookfield,Maintenance,143,34833,16440,1,2.2
2024-08,Summit Auto Group,Summit Kia Brookfield,Repair,84,11874,8834,1,2.2
2024-08,Summit Auto Group,Summit Kia Brookfield,Tires,28,7106,5685,1,1.3
2024-08,Summit Auto Group,Summit Kia Brookfield,Recall,18,3142,3016,0,2.4
2024-08,Summit Auto Group,Summit Kia Brookfield,Warranty,37,7123,6066,0,0.8
2024-08,Summit Auto Group,Summit Mazda Lakeside,Maintenance,101,18190,15991,1,2.3
2024-08,Summit Auto Group,Summit Mazda Lakeside,Repair,59,12762,6105,1,2.6
2024-08,Summit Auto Group,Summit Mazda Lakeside,Tires,19,4191,3662,1,1.2
2024-08,Summit Auto Group,Summit Mazda Lakeside,Recall,13,2186,2396,0,3.3
2024-08,Summit Auto Group,Summit Mazda Lakeside,Warranty,26,6323,5374,0,3.0
2024-08,Summit Auto Group,Summit Nissan Ridgemont,Maintenance,164,23686,16811,1,2.0
2024-08,Summit Auto Group,Summit Nissan Ridgemont,Repair,96,13937,11525,1,0.9
2024-08,Summit Auto Group,Summit Nissan Ridgemont,Tires,32,8185,3201,1,2.2
2024-08,Summit Auto Group,Summit Nissan Ridgemont,Recall,21,3157,3480,0,1.7
2024-08,Summit Auto Group,Summit Nissan Ridgemont,Warranty,42,6671,6303,0,2.4
2024-08,Summit Auto Group,Summit Subaru Northgate,Maintenance,125,24349,16428,1,1.1
2024-08,Summit Auto Group,Summit Subaru Northgate,Repair,73,12295,10744,1,2.1
2024-08,Summit Auto Group,Summit Subaru Northgate,Tires,24,5037,4134,1,2.3
2024-08,Summit Auto Group,Summit Subaru Northgate,Recall,16,4135,2957,0,2.9
2024-08,Summit Auto Group,Summit Subaru Northgate,Warranty,32,5049,4956,0,2.2
2024-08,Summit Auto Group,Summit Toyota of Fairview,Maintenance,257,48090,49169,1,2.4
2024-08,Summit Auto Group,Summit Toyota of Fairview,Repair,151,37158,21417,1,2.6
2024-08,Summit Auto Group,Summit Toyota of Fairview,Tires,50,11008,8242,1,0.8
2024-08,Summit Auto Group,Summit Toyota of Fairview,Recall,33,5639,4725,0,2.4
2024-08,Summit Auto Group,Summit Toyota of Fairview,Warranty,67,12941,13438,0,3.2
2024-08,Summit Auto Group,Summit Volkswagen Eastdale,Maintenance,108,23025,20977,1,2.2
2024-08,Summit Auto Group,Summit Volkswagen Eastdale,Repair,63,13178,8128,1,2.8
2024-08,Summit Auto Group,Summit Volkswagen Eastdale,Tires,21,5210,2945,1,2.4
2024-08,Summit Auto Group,Summit Volkswagen Eastdale,Recall,14,2339,1850,0,1.1
2024-08,Summit Auto Group,Summit Volkswagen Eastdale,Warranty,28,5622,5633,0,2.6
2024-09,Harbor Motor Group,Harbor BMW,Maintenance,173,25969,33115,1,1.0
2024-09,Harbor Motor Group,Harbor BMW,Repair,102,19677,9850,1,2.7
2024-09,Harbor Motor Group,Harbor BMW,Tires,34,6058,6567,1,2.3
2024-09,Harbor Motor Group,Harbor BMW,Recall,22,4351,2365,0,2.9
2024-09,Harbor Motor Group,Harbor BMW,Warranty,45,6763,7236,0,3.0
2024-09,Harbor Motor Group,Harbor Chevrolet Marina,Maintenance,168,24523,32038,1,2.0
2024-09,Harbor Motor Group,Harbor Chevrolet Marina,Repair,98,16409,14347,1,1.5
2024-09,Harbor Motor Group,Harbor Chevrolet Marina,Tires,32,6542,5880,1,2.4
2024-09,Harbor Motor Group,Harbor Chevrolet Marina,Recall,21,3031,2556,0,3.3
2024-09,Harbor Motor Group,Harbor Chevrolet Marina,Warranty,43,9125,6317,0,1.1
2024-09,Harbor Motor Group,Harbor Ford Portside,Maintenance,192,36887,24061,1,2.2
2024-09,Harbor Motor Group,Harbor Ford Portside,Repair,113,19285,16145,1,3.3
2024-09,Harbor Motor Group,Harbor Ford Portside,Tires,37,9294,6101,1,1.1
2024-09,Harbor Motor Group,Harbor Ford Portside,Recall,25,4953,3839,0,1.9
2024-09,Harbor Motor Group,Harbor Ford Portside,Warranty,50,9730,4811,0,2.0
2024-09,Harbor Motor Group,Harbor Honda Seaside,Maintenance,207,43018,32754,1,2.7
2024-09,Harbor Motor Group,Harbor Honda Seaside,Repair,122,25968,22509,1,3.2
2024-09,Harbor Motor Group,Harbor Honda Seaside,Tires,40,6763,5272,1,2.1
2024-09,Harbor Motor Group,Harbor Honda Seaside,Recall,27,5748,4780,0,1.0
2024-09,Harbor Motor Group,Harbor Honda Seaside,Warranty,54,11175,6741,0,1.3
2024-09,Harbor Motor Group,Harbor Jeep Ram Anchor,Maintenance,164,41244,29914,1,2.6
2024-09,Harbor Motor Group,Harbor Jeep Ram Anchor,Repair,96,16178,18638,1,1.0
2024-09,Harbor Motor Group,Harbor Jeep Ram Anchor,Tires,32,5414,3780,1,2.7
2024-09,Harbor Motor Group,Harbor Jeep Ram Anchor,Recall,21,5239,2780,0,2.1
2024-09,Harbor Motor Group,Harbor Jeep Ram Anchor,Warranty,42,7390,6257,0,1.4
2024-09,Harbor Motor Group,Harbor Kia Lighthouse,Maintenance,117,17943,14521,1,2.9
2024-09,Harbor Motor Group,Harbor Kia Lighthouse,Repair,69,17766,14364,1,1.3
2024-09,Harbor Motor Group,Harbor Kia Lighthouse,Tires,23,3858,2599,1,3.3
2024-09,Harbor Motor Group,Harbor Kia Lighthouse,Recall,15,3496,2053,0,2.7
2024-09,Harbor Motor Group,Harbor Kia Lighthouse,Warranty,30,6032,4478,0,0.9
2024-09,Harbor Motor Group,Harbor Subaru Tidewater,Maintenance,109,26319,14527,1,3.2
2024-09,Harbor Motor Group,Harbor Subaru Tidewater,Repair,64,15170,6965,1,2.3
2024-09,Harbor Motor Group,Harbor Subaru Tidewater,Tires,21,3606,2274,1,3.3
2024-09,Harbor Motor Group,Harbor Subaru Tidewater,Recall,14,2281,2755,0,1.4
2024-09,Harbor Motor Group,Harbor Subaru Tidewater,Warranty,28,4874,5438,0,3.3
2024-09,Harbor Motor Group,Harbor Toyota Bayview,Maintenance,194,35976,30253,1,2.7
2024-09,Harbor Motor Group,Harbor Toyota Bayview,Repair,114,24142,16159,1,1.4
2024-09,Harbor Motor Group,Harbor Toyota Bayview,Tires,38,6651,6055,1,3.0
2024-09,Harbor Motor Group,Harbor Toyota Bayview,Recall,25,4872,4117,0,2.5
2024-09,Harbor Motor Group,Harbor Toyota Bayview,Warranty,50,9414,6731,0,2.3
2024-09,Summit Auto Group,Summit BMW,Maintenance,186,37172,36115,1,1.1
2024-09,Summit Auto Group,Summit BMW,Repair,109,19052,10534,1,2.4
2024-09,Summit Auto Group,Summit BMW,Tires,36,7053,5318,1,2.7
2024-09,Summit Auto Group,Summit BMW,Recall,24,4292,4916,0,1.2
2024-09,Summit Auto Group,Summit BMW,Warranty,48,8786,6900,0,2.7
2024-09,Summit Auto Group,Summit Chevrolet Glenpark,Maintenance,212,46155,26825,1,1.4
2024-09,Summit Auto Group,Summit Chevrolet Glenpark,Repair,124,22132,23974,1,2.2
2024-09,Summit Auto Group,Summit Chevrolet Glenpark,Tires,41,8228,6651,1,1.0
2024-09,Summit Auto Group,Summit Chevrolet Glenpark,Recall,27,4299,2508,0,2.2
2024-09,Summit Auto Group,Summit Chevrolet Glenpark,Warranty,55,10281,7863,0,2.1
2024-09,Summit Auto Group,Summit Ford Rivera,Maintenance,215,39719,29176,1,2.6
2024-09,Summit Auto Group,Summit Ford Rivera,Repair,126,21837,20466,1,3.1
2024-09,Summit Auto Group,Summit Ford Rivera,Tires,42,9967,7875,1,1.0
2024-09,Summit Auto Group,Summit Ford Rivera,Recall,28,4048,4580,0,1.1
2024-09,Summit Auto Group,Summit Ford Rivera,Warranty,56,11412,5256,0,2.3
2024-09,Summit Auto Group,Summit Honda Westland,Maintenance,212,39614,22575,1,1.1
2024-09,Summit Auto Group,Summit Honda Westland,Repair,124,31878,12330,1,2.6
2024-09,Summit Auto Group,Summit Honda Westland,Tires,41,6211,4317,1,3.0
2024-09,Summit Auto Group,Summit Honda Westland,Recall,27,4542,2456,0,2.1
2024-09,Summit Auto Group,Summit Honda Westland,Warranty,55,8638,8070,0,1.4
2024-09,Summit Auto Group,Summit Hyundai Oakhurst,Maintenance,158,27481,19388,1,1.7
2024-09,Summit Auto Group,Summit Hyundai Oakhurst,Repair,92,18962,12590,1,2.2
2024-09,Summit Auto Group,Summit Hyundai Oakhurst,Tires,30,6941,5303,1,2.1
2024-09,Summit Auto Group,Summit Hyundai Oakhurst,Recall,20,3605,2314,0,2.1
2024-09,Summit Auto Group,Summit Hyundai Oakhurst,Warranty,41,8494,3925,0,2.4
2024-09,Summit Auto Group,Summit Jeep Ram Clearwater,Maintenance,174,34381,25094,1,3.1
2024-09,Summit Auto Group,Summit Jeep Ram Clearwater,Repair,102,14395,16119,1,1.4
2024-09,Summit Auto Group,Summit Jeep Ram Clearwater,Tires,34,5472,6571,1,2.3
2024-09,Summit Auto Group,Summit Jeep Ram Clearwater,Recall,22,3852,3825,0,3.3
2024-09,Summit Auto Group,Summit Jeep Ram Clearwater,Warranty,45,10499,4283,0,2.1
2024-09,Summit Auto Group,Summit Kia Brookfield,Maintenance,118,19947,13404,1,1.9
2024-09,Summit Auto Group,Summit Kia Brookfield,Repair,69,16897,7013,1,2.5
2024-09,Summit Auto Group,Summit Kia Brookfield,Tires,23,3757,4521,1,2.4
2024-09,Summit Auto Group,Summit Kia Brookfield,Recall,15,3619,1588,0,0.9
2024-09,Summit Auto Group,Summit Kia Brookfield,Warranty,30,6015,6140,0,2.0
2024-09,Summit Auto Group,Summit Mazda Lakeside,Maintenance,115,28247,23971,1,3.2
2024-09,Summit Auto Group,Summit Mazda Lakeside,Repair,67,10545,12511,1,1.6
2024-09,Summit Auto Group,Summit Mazda Lakeside,Tires,22,4726,4130,1,2.7
2024-09,Summit Auto Group,Summit Mazda Lakeside,Recall,15,3012,1442,0,2.9
2024-09,Summit Auto Group,Summit Mazda Lakeside,Warranty,30,5956,3924,0,3.4
2024-09,Summit Auto Group,Summit Nissan Ridgemont,Maintenance,151,21516,18825,1,2.8
2024-09,Summit Auto Group,Summit Nissan Ridgemont,Repair,89,20623,16837,1,3.0
2024-09,Summit Auto Group,Summit Nissan Ridgemont,Tires,29,5058,5509,1,2.3
2024-09,Summit Auto Group,Summit Nissan Ridgemont,Recall,19,4316,1858,0,1.1
2024-09,Summit Auto Group,Summit Nissan Ridgemont,Warranty,39,6401,3914,0,2.0
2024-09,Summit Auto Group,Summit Subaru Northgate,Maintenance,107,19590,16413,1,1.5
2024-09,Summit Auto Group,Summit Subaru Northgate,Repair,62,11560,9522,1,0.8
2024-09,Summit Auto Group,Summit Subaru Northgate,Tires,20,4430,2227,1,3.1
2024-09,Summit Auto Group,Summit Subaru Northgate,Recall,13,1880,2292,0,3.3
2024-09,Summit Auto Group,Summit Subaru Northgate,Warranty,27,6964,3538,0,3.1
2024-09,Summit Auto Group,Summit Toyota of Fairview,Maintenance,215,34621,26706,1,3.0
2024-09,Summit Auto Group,Summit Toyota of Fairview,Repair,126,20585,25574,1,2.9
2024-09,Summit Auto Group,Summit Toyota of Fairview,Tires,42,6885,4563,1,1.4
2024-09,Summit Auto Group,Summit Toyota of Fairview,Recall,28,5337,3898,0,1.2
2024-09,Summit Auto Group,Summit Toyota of Fairview,Warranty,56,11384,6895,0,1.6
2024-09,Summit Auto Group,Summit Volkswagen Eastdale,Maintenance,100,21764,15381,1,2.7
2024-09,Summit Auto Group,Summit Volkswagen Eastdale,Repair,58,12149,10753,1,2.9
2024-09,Summit Auto Group,Summit Volkswagen Eastdale,Tires,19,2773,1977,1,2.8
2024-09,Summit Auto Group,Summit Volkswagen Eastdale,Recall,13,2061,2384,0,2.8
2024-09,Summit Auto Group,Summit Volkswagen Eastdale,Warranty,26,5263,3163,0,2.3
2024-10,Harbor Motor Group,Harbor BMW,Maintenance,176,31915,33706,1,1.1
2024-10,Harbor Motor Group,Harbor BMW,Repair,103,25831,9998,1,1.3
2024-10,Harbor Motor Group,Harbor BMW,Tires,34,7031,5111,1,3.2
2024-10,Harbor Motor Group,Harbor BMW,Recall,23,4463,4159,0,2.7
2024-10,Harbor Motor Group,Harbor BMW,Warranty,46,6593,6664,0,1.6
2024-10,Harbor Motor Group,Harbor Chevrolet Marina,Maintenance,171,43281,25066,1,3.1
2024-10,Harbor Motor Group,Harbor Chevrolet Marina,Repair,100,20835,12407,1,1.1
2024-10,Harbor Motor Group,Harbor Chevrolet Marina,Tires,33,5163,4846,1,1.8
2024-10,Harbor Motor Group,Harbor Chevrolet Marina,Recall,22,3666,2736,0,0.9
2024-10,Harbor Motor Group,Harbor Chevrolet Marina,Warranty,44,10878,5415,0,1.6
2024-10,Harbor Motor Group,Harbor Ford Portside,Maintenance,240,42672,49197,1,2.3
2024-10,Harbor Motor Group,Harbor Ford Portside,Repair,140,32772,22588,1,3.0
2024-10,Harbor Motor Group,Harbor Ford Portside,Tires,46,7491,8761,1,2.3
2024-10,Harbor Motor Group,Harbor Ford Portside,Recall,31,5566,3496,0,1.0
2024-10,Harbor Motor Group,Harbor Ford Portside,Warranty,62,13950,9977,0,3.1
2024-10,Harbor Motor Group,Harbor Honda Seaside,Maintenance,166,30452,23628,1,3.1
2024-10,Harbor Motor Group,Harbor Honda Seaside,Repair,98,21663,10061,1,1.5
2024-10,Harbor Motor Group,Harbor Honda Seaside,Tires,32,7989,5671,1,0.9
2024-10,Harbor Motor Group,Harbor Honda Seaside,Recall,21,5277,3816,0,2.1
2024-10,Harbor Motor Group,Harbor Honda Seaside,Warranty,43,7949,4343,0,2.0
2024-10,Harbor Motor Group,Harbor Jeep Ram Anchor,Maintenance,135,25405,22756,1,2.4
2024-10,Harbor Motor Group,Harbor Jeep Ram Anchor,Repair,79,17991,14966,1,3.4
2024-10,Harbor Motor Group,Harbor Jeep Ram Anchor,Tires,26,4729,3532,1,2.5
2024-10,Harbor Motor Group,Harbor Jeep Ram Anchor,Recall,17,3694,1877,0,1.5
2024-10,Harbor Motor Group,Harbor Jeep Ram Anchor,Warranty,35,6956,6771,0,3.4
2024-10,Harbor Motor Group,Harbor Kia Lighthouse,Maintenance,134,20278,26817,1,1.4
2024-10,Harbor Motor Group,Harbor Kia Lighthouse,Repair,78,14648,12485,1,2.4
2024-10,Harbor Motor Group,Harbor Kia Lighthouse,Tires,26,5514,2484,1,1.6
2024-10,Harbor Motor Group,Harbor Kia Lighthouse,Recall,17,3304,2822,0,3.2
2024-10,Harbor Motor Group,Harbor Kia Lighthouse,Warranty,35,5785,4524,0,2.9
2024-10,Harbor Motor Group,Harbor Subaru Tidewater,Maintenance,99,25052,19654,1,3.2
2024-10,Harbor Motor Group,Harbor Subaru Tidewater,Repair,58,11066,9615,1,1.5
2024-10,Harbor Motor Group,Harbor Subaru Tidewater,Tires,19,4729,2393,1,2.9
2024-10,Harbor Motor Group,Harbor Subaru Tidewater,Recall,13,2413,1178,0,2.2
2024-10,Harbor Motor Group,Harbor Subaru Tidewater,Warranty,26,5654,2566,0,2.2
2024-10,Harbor Motor Group,Harbor Toyota Bayview,Maintenance,228,47925,32832,1,2.3
2024-10,Harbor Motor Group,Harbor Toyota Bayview,Repair,134,22848,21309,1,2.3
2024-10,Harbor Motor Group,Harbor Toyota Bayview,Tires,44,9045,8381,1,2.8
2024-10,Harbor Motor Group,Harbor Toyota Bayview,Recall,29,7208,3008,0,3.0
2024-10,Harbor Motor Group,Harbor Toyota Bayview,Warranty,59,14957,10182,0,1.6
2024-10,Summit Auto Group,Summit BMW,Maintenance,208,49765,37666,1,2.6
2024-10,Summit Auto Group,Summit BMW,Repair,122,23694,21620,1,3.2
2024-10,Summit Auto Group,Summit BMW,Tires,40,9378,3946,1,3.2
2024-10,Summit Auto Group,Summit BMW,Recall,27,6918,3595,0,3.3
2024-10,Summit Auto Group,Summit BMW,Warranty,54,10442,11319,0,1.8
2024-10,Summit Auto Group,Summit Chevrolet Glenpark,Maintenance,179,44678,29705,1,0.9
2024-10,Summit Auto Group,Summit Chevrolet Glenpark,Repair,105,16006,10092,1,0.9
2024-10,Summit Auto Group,Summit Chevrolet Glenpark,Tires,35,9024,6483,1,1.1
2024-10,Summit Auto Group,Summit Chevrolet Glenpark,Recall,23,4882,4491,0,2.2
2024-10,Summit Auto Group,Summit Chevrolet Glenpark,Warranty,46,10127,7732,0,3.0
2024-10,Summit Auto Group,Summit Ford Rivera,Maintenance,217,47448,33231,1,0.9
2024-10,Summit Auto Group,Summit Ford Rivera,Repair,127,32453,13749,1,3.1
2024-10,Summit Auto Group,Summit Ford Rivera,Tires,42,8011,5481,1,1.3
2024-10,Summit Auto Group,Summit Ford Rivera,Recall,28,6561,5736,0,2.5
2024-10,Summit Auto Group,Summit Ford Rivera,Warranty,56,14201,8170,0,0.8
2024-10,Summit Auto Group,Summit Honda Westland,Maintenance,183,46624,33103,1,0.9
2024-10,Summit Auto Group,Summit Honda Westland,Repair,107,19893,12646,1,1.1
2024-10,Summit Auto Group,Summit Honda Westland,Tires,35,7710,3834,1,3.2
2024-10,Summit Auto Group,Summit Honda Westland,Recall,23,3690,2690,0,1.7
2024-10,Summit Auto Group,Summit Honda Westland,Warranty,47,9815,6086,0,2.5
2024-10,Summit Auto Group,Summit Hyundai Oakhurst,Maintenance,157,38668,19792,1,2.3
2024-10,Summit Auto Group,Summit Hyundai Oakhurst,Repair,92,21935,12077,1,3.0
2024-10,Summit Auto Group,Summit Hyundai Oakhurst,Tires,30,4636,5150,1,2.3
2024-10,Summit Auto Group,Summit Hyundai Oakhurst,Recall,20,4898,3789,0,3.2
2024-10,Summit Auto Group,Summit Hyundai Oakhurst,Warranty,41,8853,5396,0,2.7
2024-10,Summit Auto Group,Summit Jeep Ram Clearwater,Maintenance,155,22501,26901,1,3.3
2024-10,Summit Auto Group,Summit Jeep Ram Clearwater,Repair,91,17692,12842,1,1.5
2024-10,Summit Auto Group,Summit Jeep Ram Clearwater,Tires,30,6944,4640,1,1.0
2024-10,Summit Auto Group,Summit Jeep Ram Clearwater,Recall,20,3342,2567,0,3.1
2024-10,Summit Auto Group,Summit Jeep Ram Clearwater,Warranty,40,10031,6446,0,1.3
2024-10,Summit Auto Group,Summit Kia Brookfield,Maintenance,148,25289,30885,1,1.4
2024-10,Summit Auto Group,Summit Kia Brookfield,Repair,87,16051,16989,1,2.7
2024-10,Summit Auto Group,Summit Kia Brookfield,Tires,29,5252,5764,1,1.0
2024-10,Summit Auto Group,Summit Kia Brookfield,Recall,19,4496,2239,0,2.8
2024-10,Summit Auto Group,Summit Kia Brookfield,Warranty,38,6894,3965,0,1.3
2024-10,Summit Auto Group,Summit Mazda Lakeside,Maintenance,98,17290,16414,1,3.0
2024-10,Summit Auto Group,Summit Mazda Lakeside,Repair,58,9471,10725,1,0.9
2024-10,Summit Auto Group,Summit Mazda Lakeside,Tires,19,4764,2503,1,1.4
2024-10,Summit Auto Group,Summit Mazda Lakeside,Recall,12,1881,1107,0,1.9
2024-10,Summit Auto Group,Summit Mazda Lakeside,Warranty,25,6106,3595,0,2.6
2024-10,Summit Auto Group,Summit Nissan Ridgemont,Maintenance,146,20774,18751,1,2.3
2024-10,Summit Auto Group,Summit Nissan Ridgemont,Repair,86,12555,9999,1,2.4
2024-10,Summit Auto Group,Summit Nissan Ridgemont,Tires,28,4181,3497,1,2.5
2024-10,Summit Auto Group,Summit Nissan Ridgemont,Recall,19,4421,2368,0,2.6
2024-10,Summit Auto Group,Summit Nissan Ridgemont,Warranty,38,7998,5305,0,2.7
2024-10,Summit Auto Group,Summit Subaru Northgate,Maintenance,133,32224,18182,1,1.7
2024-10,Summit Auto Group,Summit Subaru Northgate,Repair,78,16880,14939,1,2.5
2024-10,Summit Auto Group,Summit Subaru Northgate,Tires,26,4139,5094,1,1.2
2024-10,Summit Auto Group,Summit Subaru Northgate,Recall,17,2459,2448,0,3.0
2024-10,Summit Auto Group,Summit Subaru Northgate,Warranty,34,7919,6704,0,1.4
2024-10,Summit Auto Group,Summit Toyota of Fairview,Maintenance,217,44807,43301,1,2.4
2024-10,Summit Auto Group,Summit Toyota of Fairview,Repair,127,27008,14357,1,2.0
2024-10,Summit Auto Group,Summit Toyota of Fairview,Tires,42,8675,4199,1,2.4
2024-10,Summit Auto Group,Summit Toyota of Fairview,Recall,28,5896,2547,0,2.4
2024-10,Summit Auto Group,Summit Toyota of Fairview,Warranty,56,9602,8066,0,2.8
2024-10,Summit Auto Group,Summit Volkswagen Eastdale,Maintenance,89,21214,11298,1,1.8
2024-10,Summit Auto Group,Summit Volkswagen Eastdale,Repair,52,9194,10282,1,3.2
2024-10,Summit Auto Group,Summit Volkswagen Eastdale,Tires,17,2594,3462,1,2.8
2024-10,Summit Auto Group,Summit Volkswagen Eastdale,Recall,11,2064,1199,0,2.8
2024-10,Summit Auto Group,Summit Volkswagen Eastdale,Warranty,23,3693,3506,0,3.0
2024-11,Harbor Motor Group,Harbor BMW,Maintenance,203,34453,42411,1,1.7
2024-11,Harbor Motor Group,Harbor BMW,Repair,119,19435,20317,1,2.9
2024-11,Harbor Motor Group,Harbor BMW,Tires,39,5612,4206,1,2.2
2024-11,Harbor Motor Group,Harbor BMW,Recall,26,5554,2589,0,2.2
2024-11,Harbor Motor Group,Harbor BMW,Warranty,53,13629,10822,0,3.1
2024-11,Harbor Motor Group,Harbor Chevrolet Marina,Maintenance,164,25231,27507,1,1.0
2024-11,Harbor Motor Group,Harbor Chevrolet Marina,Repair,96,24450,15659,1,1.2
2024-11,Harbor Motor Group,Harbor Chevrolet Marina,Tires,32,4846,5107,1,2.1
2024-11,Harbor Motor Group,Harbor Chevrolet Marina,Recall,21,3460,2107,0,1.2
2024-11,Harbor Motor Group,Harbor Chevrolet Marina,Warranty,42,10026,8143,0,1.3
2024-11,Harbor Motor Group,Harbor Ford Portside,Maintenance,219,38438,44932,1,3.2
2024-11,Harbor Motor Group,Harbor Ford Portside,Repair,128,18108,17047,1,1.1
2024-11,Harbor Motor Group,Harbor Ford Portside,Tires,42,10878,4125,1,1.0
2024-11,Harbor Motor Group,Harbor Ford Portside,Recall,28,7206,2925,0,1.1
2024-11,Harbor Motor Group,Harbor Ford Portside,Warranty,57,10919,9856,0,1.4
2024-11,Harbor Motor Group,Harbor Honda Seaside,Maintenance,172,32193,18793,1,2.4
2024-11,Harbor Motor Group,Harbor Honda Seaside,Repair,101,15387,9913,1,3.2
2024-11,Harbor Motor Group,Harbor Honda Seaside,Tires,33,6915,4906,1,2.3
2024-11,Harbor Motor Group,Harbor Honda Seaside,Recall,22,4507,3986,0,2.5
2024-11,Harbor Motor Group,Harbor Honda Seaside,Warranty,45,9637,5503,0,1.3
2024-11,Harbor Motor Group,Harbor Jeep Ram Anchor,Maintenance,153,29566,14887,1,2.6
2024-11,Harbor Motor Group,Harbor Jeep Ram Anchor,Repair,89,19543,15220,1,3.1
2024-11,Harbor Motor Group,Harbor Jeep Ram Anchor,Tires,29,7242,3195,1,0.9
2024-11,Harbor Motor Group,Harbor Jeep Ram Anchor,Recall,19,4852,2061,0,2.2
2024-11,Harbor Motor Group,Harbor Jeep Ram Anchor,Warranty,39,8028,6463,0,3.1
2024-11,Harbor Motor Group,Harbor Kia Lighthouse,Maintenance,125,22828,24194,1,1.4
2024-11,Harbor Motor Group,Harbor Kia Lighthouse,Repair,73,15313,14695,1,2.4
2024-11,Harbor Motor Group,Harbor Kia Lighthouse,Tires,24,3472,2764,1,1.2
2024-11,Harbor Motor Group,Harbor Kia Lighthouse,Recall,16,2870,2238,0,2.8
2024-11,Harbor Motor Group,Harbor Kia Lighthouse,Warranty,32,7777,5429,0,1.2
2024-11,Harbor Motor Group,Harbor Subaru Tidewater,Maintenance,116,24604,22607,1,3.1
2024-11,Harbor Motor Group,Harbor Subaru Tidewater,Repair,68,10479,8071,1,3.1
2024-11,Harbor Motor Group,Harbor Subaru Tidewater,Tires,22,4018,4489,1,3.2
2024-11,Harbor Motor Group,Harbor Subaru Tidewater,Recall,15,2630,1409,0,3.1
2024-11,Harbor Motor Group,Harbor Subaru Tidewater,Warranty,30,6759,5419,0,1.1
2024-11,Harbor Motor Group,Harbor Toyota Bayview,Maintenance,218,40808,32834,1,2.8
2024-11,Harbor Motor Group,Harbor Toyota Bayview,Repair,128,26396,19968,1,1.5
2024-11,Harbor Motor Group,Harbor Toyota Bayview,Tires,42,6443,8617,1,2.9
2024-11,Harbor Motor Group,Harbor Toyota Bayview,Recall,28,6414,5384,0,2.0
2024-11,Harbor Motor Group,Harbor Toyota Bayview,Warranty,57,10275,7725,0,1.3
2024-11,Summit Auto Group,Summit BMW,Maintenance,194,27690,29441,1,1.5
2024-11,Summit Auto Group,Summit BMW,Repair,113,22915,20139,1,2.0
2024-11,Summit Auto Group,Summit BMW,Tires,37,9234,3974,1,1.5
2024-11,Summit Auto Group,Summit BMW,Recall,25,3833,3591,0,1.6
2024-11,Summit Auto Group,Summit BMW,Warranty,50,7538,5010,0,2.7
2024-11,Summit Auto Group,Summit Chevrolet Glenpark,Maintenance,190,28749,36185,1,2.5
2024-11,Summit Auto Group,Summit Chevrolet Glenpark,Repair,112,17749,22388,1,2.2
2024-11,Summit Auto Group,Summit Chevrolet Glenpark,Tires,37,6662,3916,1,1.8
2024-11,Summit Auto Group,Summit Chevrolet Glenpark,Recall,24,5684,2242,0,2.5
2024-11,Summit Auto Group,Summit Chevrolet Glenpark,Warranty,49,8394,8567,0,3.2
2024-11,Summit Auto Group,Summit Ford Rivera,Maintenance,212,37672,40035,1,0.9
2024-11,Summit Auto Group,Summit Ford Rivera,Repair,124,31287,12292,1,1.2
2024-11,Summit Auto Group,Summit Ford Rivera,Tires,41,7954,8353,1,2.1
2024-11,Summit Auto Group,Summit Ford Rivera,Recall,27,4799,3390,0,3.1
2024-11,Summit Auto Group,Summit Ford Rivera,Warranty,55,13648,9906,0,3.4
2024-11,Summit Auto Group,Summit Honda Westland,Maintenance,203,51929,18570,1,1.2
2024-11,Summit Auto Group,Summit Honda Westland,Repair,119,19087,12199,1,1.1
2024-11,Summit Auto Group,Summit Honda Westland,Tires,39,10121,3934,1,1.0
2024-11,Summit Auto Group,Summit Honda Westland,Recall,26,5519,4860,0,2.5
2024-11,Summit Auto Group,Summit Honda Westland,Warranty,53,7750,10557,0,3.1
2024-11,Summit Auto Group,Summit Hyundai Oakhurst,Maintenance,156,35297,17244,1,3.0
2024-11,Summit Auto Group,Summit Hyundai Oakhurst,Repair,91,21688,17389,1,1.5
2024-11,Summit Auto Group,Summit Hyundai Oakhurst,Tires,30,6051,5186,1,1.7
2024-11,Summit Auto Group,Summit Hyundai Oakhurst,Recall,20,3117,3922,0,2.1
2024-11,Summit Auto Group,Summit Hyundai Oakhurst,Warranty,40,8270,3648,0,1.7
2024-11,Summit Auto Group,Summit Jeep Ram Clearwater,Maintenance,191,29196,33634,1,1.0
2024-11,Summit Auto Group,Summit Jeep Ram Clearwater,Repair,112,20428,10985,1,1.2
2024-11,Summit Auto Group,Summit Jeep Ram Clearwater,Tires,37,9518,4245,1,2.5
2024-11,Summit Auto Group,Summit Jeep Ram Clearwater,Recall,25,4242,2280,0,1.5
2024-11,Summit Auto Group,Summit Jeep Ram Clearwater,Warranty,50,10008,10092,0,1.8
2024-11,Summit Auto Group,Summit Kia Brookfield,Maintenance,119,19797,20800,1,3.0
2024-11,Summit Auto Group,Summit Kia Brookfield,Repair,69,12519,7281,1,2.2
2024-11,Summit Auto Group,Summit Kia Brookfield,Tires,23,5872,2790,1,1.3
2024-11,Summit Auto Group,Summit Kia Brookfield,Recall,15,3443,2206,0,0.8
2024-11,Summit Auto Group,Summit Kia Brookfield,Warranty,31,6929,5757,0,2.7
2024-11,Summit Auto Group,Summit Mazda Lakeside,Maintenance,93,15945,14315,1,3.3
2024-11,Summit Auto Group,Summit Mazda Lakeside,Repair,54,8738,6572,1,2.9
2024-11,Summit Auto Group,Summit Mazda Lakeside,Tires,18,3421,2288,1,3.2
2024-11,Summit Auto Group,Summit Mazda Lakeside,Recall,12,2141,1582,0,3.0
2024-11,Summit Auto Group,Summit Mazda Lakeside,Warranty,24,6102,4942,0,1.6
2024-11,Summit Auto Group,Summit Nissan Ridgemont,Maintenance,175,32859,31928,1,1.1
2024-11,Summit Auto Group,Summit Nissan Ridgemont,Repair,103,18599,11964,1,1.2
2024-11,Summit Auto Group,Summit Nissan Ridgemont,Tires,34,4830,3807,1,2.3
2024-11,Summit Auto Group,Summit Nissan Ridgemont,Recall,22,3292,4515,0,1.6
2024-11,Summit Auto Group,Summit Nissan Ridgemont,Warranty,45,7733,9133,0,0.9
2024-11,Summit Auto Group,Summit Subaru Northgate,Maintenance,105,15677,19177,1,1.5
2024-11,Summit Auto Group,Summit Subaru Northgate,Repair,61,14252,9777,1,2.6
2024-11,Summit Auto Group,Summit Subaru Northgate,Tires,20,3253,4086,1,3.4
2024-11,Summit Auto Group,Summit Subaru Northgate,Recall,13,2521,1614,0,1.0
2024-11,Summit Auto Group,Summit Subaru Northgate,Warranty,27,5918,4242,0,1.0
2024-11,Summit Auto Group,Summit Toyota of Fairview,Maintenance,271,51801,50229,1,2.7
2024-11,Summit Auto Group,Summit Toyota of Fairview,Repair,159,28362,20503,1,2.3
2024-11,Summit Auto Group,Summit Toyota of Fairview,Tires,53,7678,6814,1,3.0
2024-11,Summit Auto Group,Summit Toyota of Fairview,Recall,35,5621,6099,0,2.0
2024-11,Summit Auto Group,Summit Toyota of Fairview,Warranty,70,16528,13630,0,2.3
2024-11,Summit Auto Group,Summit Volkswagen Eastdale,Maintenance,82,15065,15982,1,3.1
2024-11,Summit Auto Group,Summit Volkswagen Eastdale,Repair,48,9229,5461,1,1.4
2024-11,Summit Auto Group,Summit Volkswagen Eastdale,Tires,16,3885,2620,1,3.0
2024-11,Summit Auto Group,Summit Volkswagen Eastdale,Recall,10,2078,1651,0,2.4
2024-11,Summit Auto Group,Summit Volkswagen Eastdale,Warranty,21,4386,3261,0,2.9
2024-12,Harbor Motor Group,Harbor BMW,Maintenance,178,43970,25659,1,1.8
2024-12,Harbor Motor Group,Harbor BMW,Repair,105,16842,18290,1,2.5
2024-12,Harbor Motor Group,Harbor BMW,Tires,35,6500,4891,1,3.3
2024-12,Harbor Motor Group,Harbor BMW,Recall,23,4222,3289,0,1.4
2024-12,Harbor Motor Group,Harbor BMW,Warranty,46,8164,5287,0,2.7
2024-12,Harbor Motor Group,Harbor Chevrolet Marina,Maintenance,199,48361,27518,1,1.2
2024-12,Harbor Motor Group,Harbor Chevrolet Marina,Repair,117,21187,11930,1,1.0
2024-12,Harbor Motor Group,Harbor Chevrolet Marina,Tires,39,8810,5855,1,2.5
2024-12,Harbor Motor Group,Harbor Chevrolet Marina,Recall,26,4813,2730,0,3.3
2024-12,Harbor Motor Group,Harbor Chevrolet Marina,Warranty,52,7705,5552,0,1.6
2024-12,Harbor Motor Group,Harbor Ford Portside,Maintenance,195,42314,24385,1,3.2
2024-12,Harbor Motor Group,Harbor Ford Portside,Repair,115,22370,14780,1,2.7
2024-12,Harbor Motor Group,Harbor Ford Portside,Tires,38,7158,3802,1,2.3
2024-12,Harbor Motor Group,Harbor Ford Portside,Recall,25,5680,3242,0,2.8
2024-12,Harbor Motor Group,Harbor Ford Portside,Warranty,51,7219,10227,0,3.2
2024-12,Harbor Motor Group,Harbor Honda Seaside,Maintenance,200,50719,18389,1,0.9
2024-12,Harbor Motor Group,Harbor Honda Seaside,Repair,117,18307,16916,1,1.8
2024-12,Harbor Motor Group,Harbor Honda Seaside,Tires,39,7650,8072,1,2.5
2024-12,Harbor Motor Group,Harbor Honda Seaside,Recall,26,4600,2830,0,3.0
2024-12,Harbor Motor Group,Harbor Honda Seaside,Warranty,52,9216,10617,0,1.9
2024-12,Harbor Motor Group,Harbor Jeep Ram Anchor,Maintenance,155,21721,29058,1,1.7
2024-12,Harbor Motor Group,Harbor Jeep Ram Anchor,Repair,90,18883,9710,1,1.6
2024-12,Harbor Motor Group,Harbor Jeep Ram Anchor,Tires,30,5756,5722,1,1.2
2024-12,Harbor Motor Group,Harbor Jeep Ram Anchor,Recall,20,3609,3864,0,3.3
2024-12,Harbor Motor Group,Harbor Jeep Ram Anchor,Warranty,40,6949,4137,0,2.6
2024-12,Harbor Motor Group,Harbor Kia Lighthouse,Maintenance,147,27938,28813,1,1.1
2024-12,Harbor Motor Group,Harbor Kia Lighthouse,Repair,86,12675,15347,1,1.9
2024-12,Harbor Motor Group,Harbor Kia Lighthouse,Tires,28,7166,4572,1,2.3
2024-12,Harbor Motor Group,Harbor Kia Lighthouse,Recall,19,3576,2922,0,1.4
2024-12,Harbor Motor Group,Harbor Kia Lighthouse,Warranty,38,5425,5205,0,1.8
2024-12,Harbor Motor Group,Harbor Subaru Tidewater,Maintenance,117,24540,16302,1,2.4
2024-12,Harbor Motor Group,Harbor Subaru Tidewater,Repair,69,11877,10106,1,2.8
2024-12,Harbor Motor Group,Harbor Subaru Tidewater,Tires,23,4224,3348,1,1.2
2024-12,Harbor Motor Group,Harbor Subaru Tidewater,Recall,15,2406,2971,0,1.2
2024-12,Harbor Motor Group,Harbor Subaru Tidewater,Warranty,30,7139,2878,0,1.2
2024-12,Harbor Motor Group,Harbor Toyota Bayview,Maintenance,230,35602,27323,1,3.3
2024-12,Harbor Motor Group,Harbor Toyota Bayview,Repair,135,31089,17326,1,1.7
2024-12,Harbor Motor Group,Harbor Toyota Bayview,Tires,45,9276,8878,1,3.0
2024-12,Harbor Motor Group,Harbor Toyota Bayview,Recall,30,6418,3817,0,2.9
2024-12,Harbor Motor Group,Harbor Toyota Bayview,Warranty,60,14779,7205,0,1.6
2024-12,Summit Auto Group,Summit BMW,Maintenance,217,40515,25384,1,1.2
2024-12,Summit Auto Group,Summit BMW,Repair,127,24122,24111,1,2.5
2024-12,Summit Auto Group,Summit BMW,Tires,42,10876,7396,1,2.7
2024-12,Summit Auto Group,Summit BMW,Recall,28,5263,3644,0,3.4
2024-12,Summit Auto Group,Summit BMW,Warranty,56,9474,11502,0,2.2
2024-12,Summit Auto Group,Summit Chevrolet Glenpark,Maintenance,215,49136,27574,1,2.0
2024-12,Summit Auto Group,Summit Chevrolet Glenpark,Repair,126,30935,12940,1,3.3
2024-12,Summit Auto Group,Summit Chevrolet Glenpark,Tires,42,10055,5227,1,1.9
2024-12,Summit Auto Group,Summit Chevrolet Glenpark,Recall,28,7114,4889,0,2.5
2024-12,Summit Auto Group,Summit Chevrolet Glenpark,Warranty,56,9253,7293,0,1.4
2024-12,Summit Auto Group,Summit Ford Rivera,Maintenance,239,41851,23491,1,1.3
2024-12,Summit Auto Group,Summit Ford Rivera,Repair,140,27733,27729,1,1.8
2024-12,Summit Auto Group,Summit Ford Rivera,Tires,46,10427,4322,1,1.4
2024-12,Summit Auto Group,Summit Ford Rivera,Recall,31,6601,3537,0,1.7
2024-12,Summit Auto Group,Summit Ford Rivera,Warranty,62,12306,8315,0,2.4
2024-12,Summit Auto Group,Summit Honda Westland,Maintenance,227,51641,21111,1,2.8
2024-12,Summit Auto Group,Summit Honda Westland,Repair,133,19246,23891,1,2.4
2024-12,Summit Auto Group,Summit Honda Westland,Tires,44,10828,8832,1,3.3
2024-12,Summit Auto Group,Summit Honda Westland,Recall,29,4575,4689,0,2.2
2024-12,Summit Auto Group,Summit Honda Westland,Warranty,59,9824,7064,0,3.3
2024-12,Summit Auto Group,Summit Hyundai Oakhurst,Maintenance,137,34396,12583,1,2.2
2024-12,Summit Auto Group,Summit Hyundai Oakhurst,Repair,80,18739,7436,1,2.9
2024-12,Summit Auto Group,Summit Hyundai Oakhurst,Tires,26,4689,4952,1,1.3
2024-12,Summit Auto Group,Summit Hyundai Oakhurst,Recall,17,3935,1668,0,2.2
2024-12,Summit Auto Group,Summit Hyundai Oakhurst,Warranty,35,5122,4152,0,1.7
2024-12,Summit Auto Group,Summit Jeep Ram Clearwater,Maintenance,161,29005,16776,1,2.2
2024-12,Summit Auto Group,Summit Jeep Ram Clearwater,Repair,95,16620,8967,1,1.7
2024-12,Summit Auto Group,Summit Jeep Ram Clearwater,Tires,31,4523,4893,1,3.3
2024-12,Summit Auto Group,Summit Jeep Ram Clearwater,Recall,21,4517,2046,0,1.8
2024-12,Summit Auto Group,Summit Jeep Ram Clearwater,Warranty,42,6326,5485,0,2.5
2024-12,Summit Auto Group,Summit Kia Brookfield,Maintenance,130,18287,19671,1,1.4
2024-12,Summit Auto Group,Summit Kia Brookfield,Repair,76,17975,14132,1,2.7
2024-12,Summit Auto Group,Summit Kia Brookfield,Tires,25,5721,2409,1,1.4
2024-12,Summit Auto Group,Summit Kia Brookfield,Recall,17,2841,3347,0,2.3
2024-12,Summit Auto Group,Summit Kia Brookfield,Warranty,34,6675,3909,0,2.3
2024-12,Summit Auto Group,Summit Mazda Lakeside,Maintenance,109,25636,21167,1,1.1
2024-12,Summit Auto Group,Summit Mazda Lakeside,Repair,64,13858,5899,1,1.7
2024-12,Summit Auto Group,Summit Mazda Lakeside,Tires,21,3630,1944,1,0.9
2024-12,Summit Auto Group,Summit Mazda Lakeside,Recall,14,3010,1610,0,2.6
2024-12,Summit Auto Group,Summit Mazda Lakeside,Warranty,28,6325,2824,0,3.4
2024-12,Summit Auto Group,Summit Nissan Ridgemont,Maintenance,161,32650,14779,1,1.5
2024-12,Summit Auto Group,Summit Nissan Ridgemont,Repair,94,20716,18119,1,0.8
2024-12,Summit Auto Group,Summit Nissan Ridgemont,Tires,31,5438,5710,1,1.1
2024-12,Summit Auto Group,Summit Nissan Ridgemont,Recall,21,3381,2935,0,1.2
2024-12,Summit Auto Group,Summit Nissan Ridgemont,Warranty,42,6851,5688,0,3.2
2024-12,Summit Auto Group,Summit Subaru Northgate,Maintenance,142,35339,17309,1,1.1
2024-12,Summit Auto Group,Summit Subaru Northgate,Repair,83,19494,14390,1,3.3
2024-12,Summit Auto Group,Summit Subaru Northgate,Tires,27,5434,3461,1,1.8
2024-12,Summit Auto Group,Summit Subaru Northgate,Recall,18,4379,3752,0,1.9
2024-12,Summit Auto Group,Summit Subaru Northgate,Warranty,37,6585,5416,0,2.1
2024-12,Summit Auto Group,Summit Toyota of Fairview,Maintenance,261,55075,47213,1,2.9
2024-12,Summit Auto Group,Summit Toyota of Fairview,Repair,153,37408,27827,1,3.0
2024-12,Summit Auto Group,Summit Toyota of Fairview,Tires,51,7376,9073,1,3.1
2024-12,Summit Auto Group,Summit Toyota of Fairview,Recall,34,5010,6086,0,1.6
2024-12,Summit Auto Group,Summit Toyota of Fairview,Warranty,68,16773,7693,0,1.0
2024-12,Summit Auto Group,Summit Volkswagen Eastdale,Maintenance,99,19105,19994,1,1.8
2024-12,Summit Auto Group,Summit Volkswagen Eastdale,Repair,58,9005,7248,1,1.6
2024-12,Summit Auto Group,Summit Volkswagen Eastdale,Tires,19,3898,1982,1,2.4
2024-12,Summit Auto Group,Summit Volkswagen Eastdale,Recall,13,2500,2291,0,1.2
2024-12,Summit Auto Group,Summit Volkswagen Eastdale,Warranty,26,4034,5259,0,2.5
2025-01,Harbor Motor Group,Harbor BMW,Maintenance,194,30457,18793,1,1.0
2025-01,Harbor Motor Group,Harbor BMW,Repair,113,22504,23230,1,1.2
2025-01,Harbor Motor Group,Harbor BMW,Tires,37,7778,7382,1,3.0
2025-01,Harbor Motor Group,Harbor BMW,Recall,25,4010,3167,0,3.3
2025-01,Harbor Motor Group,Harbor BMW,Warranty,50,11942,7575,0,2.6
2025-01,Harbor Motor Group,Harbor Chevrolet Marina,Maintenance,182,26933,33845,1,1.4
2025-01,Harbor Motor Group,Harbor Chevrolet Marina,Repair,106,19771,10938,1,2.0
2025-01,Harbor Motor Group,Harbor Chevrolet Marina,Tires,35,7927,5563,1,2.6
2025-01,Harbor Motor Group,Harbor Chevrolet Marina,Recall,23,3703,4015,0,2.6
2025-01,Harbor Motor Group,Harbor Chevrolet Marina,Warranty,47,10290,6278,0,1.7
2025-01,Harbor Motor Group,Harbor Ford Portside,Maintenance,243,56384,44920,1,3.0
2025-01,Harbor Motor Group,Harbor Ford Portside,Repair,142,35782,15095,1,2.4
2025-01,Harbor Motor Group,Harbor Ford Portside,Tires,47,12078,5082,1,1.6
2025-01,Harbor Motor Group,Harbor Ford Portside,Recall,31,5262,6164,0,1.7
2025-01,Harbor Motor Group,Harbor Ford Portside,Warranty,63,10643,12739,0,2.3
2025-01,Harbor Motor Group,Harbor Honda Seaside,Maintenance,213,38838,42391,1,1.6
2025-01,Harbor Motor Group,Harbor Honda Seaside,Repair,125,29074,22954,1,1.0
2025-01,Harbor Motor Group,Harbor Honda Seaside,Tires,41,9412,6997,1,1.7
2025-01,Harbor Motor Group,Harbor Honda Seaside,Recall,27,4776,3603,0,1.1
2025-01,Harbor Motor Group,Harbor Honda Seaside,Warranty,55,12249,10783,0,0.8
2025-01,Harbor Motor Group,Harbor Jeep Ram Anchor,Maintenance,185,37099,27661,1,1.8
2025-01,Harbor Motor Group,Harbor Jeep Ram Anchor,Repair,109,24123,20939,1,2.0
2025-01,Harbor Motor Group,Harbor Jeep Ram Anchor,Tires,36,5703,3807,1,1.4
2025-01,Harbor Motor Group,Harbor Jeep Ram Anchor,Recall,24,4161,4698,0,2.1
2025-01,Harbor Motor Group,Harbor Jeep Ram Anchor,Warranty,48,9510,9323,0,1.2
2025-01,Harbor Motor Group,Harbor Kia Lighthouse,Maintenance,125,19982,12319,1,3.4
2025-01,Harbor Motor Group,Harbor Kia Lighthouse,Repair,73,11159,12387,1,3.0
2025-01,Harbor Motor Group,Harbor Kia Lighthouse,Tires,24,4577,3270,1,2.5
2025-01,Harbor Motor Group,Harbor Kia Lighthouse,Recall,16,2496,2413,0,2.7
2025-01,Harbor Motor Group,Harbor Kia Lighthouse,Warranty,32,4481,3048,0,0.9
2025-01,Harbor Motor Group,Harbor Subaru Tidewater,Maintenance,137,22061,19565,1,3.1
2025-01,Harbor Motor Group,Harbor Subaru Tidewater,Repair,80,19404,11443,1,1.1
2025-01,Harbor Motor Group,Harbor Subaru Tidewater,Tires,26,5896,2803,1,2.0
2025-01,Harbor Motor Group,Harbor Subaru Tidewater,Recall,17,3437,2139,0,2.2
2025-01,Harbor Motor Group,Harbor Subaru Tidewater,Warranty,35,5344,7049,0,3.3
2025-01,Harbor Motor Group,Harbor Toyota Bayview,Maintenance,247,52462,48622,1,2.6
2025-01,Harbor Motor Group,Harbor Toyota Bayview,Repair,145,23970,22482,1,2.6
2025-01,Harbor Motor Group,Harbor Toyota Bayview,Tires,48,6788,7379,1,2.1
2025-01,Harbor Motor Group,Harbor Toyota Bayview,Recall,32,5935,5273,0,1.7
2025-01,Harbor Motor Group,Harbor Toyota Bayview,Warranty,64,14259,7097,0,2.0
2025-01,Summit Auto Group,Summit BMW,Maintenance,227,48857,27988,1,2.1
2025-01,Summit Auto Group,Summit BMW,Repair,133,29891,20752,1,1.4
2025-01,Summit Auto Group,Summit BMW,Tires,44,9414,5026,1,3.2
2025-01,Summit Auto Group,Summit BMW,Recall,29,6474,4708,0,2.9
2025-01,Summit Auto Group,Summit BMW,Warranty,59,9743,7581,0,0.8
2025-01,Summit Auto Group,Summit Chevrolet Glenpark,Maintenance,208,30347,20053,1,1.3
2025-01,Summit Auto Group,Summit Chevrolet Glenpark,Repair,122,27447,12950,1,0.9
2025-01,Summit Auto Group,Summit Chevrolet Glenpark,Tires,40,8346,5476,1,0.8
2025-01,Summit Auto Group,Summit Chevrolet Glenpark,Recall,27,5840,4170,0,1.2
2025-01,Summit Auto Group,Summit Chevrolet Glenpark,Warranty,54,9084,5133,0,3.1
2025-01,Summit Auto Group,Summit Ford Rivera,Maintenance,245,45105,32716,1,1.9
2025-01,Summit Auto Group,Summit Ford Rivera,Repair,144,35847,24199,1,0.8
2025-01,Summit Auto Group,Summit Ford Rivera,Tires,48,10181,5934,1,2.8
2025-01,Summit Auto Group,Summit Ford Rivera,Recall,32,7974,3240,0,1.8
2025-01,Summit Auto Group,Summit Ford Rivera,Warranty,64,14005,8223,0,2.6
2025-01,Summit Auto Group,Summit Honda Westland,Maintenance,241,44887,24286,1,0.9
2025-01,Summit Auto Group,Summit Honda Westland,Repair,141,21444,13679,1,2.7
2025-01,Summit Auto Group,Summit Honda Westland,Tires,47,10426,4438,1,3.3
2025-01,Summit Auto Group,Summit Honda Westland,Recall,31,7263,6494,0,1.4
2025-01,Summit Auto Group,Summit Honda Westland,Warranty,63,13441,10260,0,2.4
2025-01,Summit Auto Group,Summit Hyundai Oakhurst,Maintenance,128,23568,18526,1,3.2
2025-01,Summit Auto Group,Summit Hyundai Oakhurst,Repair,75,11412,15123,1,1.1
2025-01,Summit Auto Group,Summit Hyundai Oakhurst,Tires,25,6192,2523,1,3.3
2025-01,Summit Auto Group,Summit Hyundai Oakhurst,Recall,16,4069,2700,0,2.8
2025-01,Summit Auto Group,Summit Hyundai Oakhurst,Warranty,33,7896,3988,0,2.9
2025-01,Summit Auto Group,Summit Jeep Ram Clearwater,Maintenance,207,42301,27819,1,1.4
2025-01,Summit Auto Group,Summit Jeep Ram Clearwater,Repair,121,18182,12171,1,3.2
2025-01,Summit Auto Group,Summit Jeep Ram Clearwater,Tires,40,7402,7831,1,2.3
2025-01,Summit Auto Group,Summit Jeep Ram Clearwater,Recall,27,5060,3411,0,1.6
2025-01,Summit Auto Group,Summit Jeep Ram Clearwater,Warranty,54,9921,8588,0,3.3
2025-01,Summit Auto Group,Summit Kia Brookfield,Maintenance,135,28438,19472,1,1.0
2025-01,Summit Auto Group,Summit Kia Brookfield,Repair,79,13339,13575,1,2.9
2025-01,Summit Auto Group,Summit Kia Brookfield,Tires,26,4547,5303,1,2.4
2025-01,Summit Auto Group,Summit Kia Brookfield,Recall,17,2658,3119,0,3.0
2025-01,Summit Auto Group,Summit Kia Brookfield,Warranty,35,6971,5309,0,2.5
2025-01,Summit Auto Group,Summit Mazda Lakeside,Maintenance,102,20276,9263,1,0.8
2025-01,Summit Auto Group,Summit Mazda Lakeside,Repair,60,15107,6584,1,2.8
2025-01,Summit Auto Group,Summit Mazda Lakeside,Tires,20,4506,2323,1,2.7
2025-01,Summit Auto Group,Summit Mazda Lakeside,Recall,13,2616,2705,0,1.8
2025-01,Summit Auto Group,Summit Mazda Lakeside,Warranty,26,4064,2957,0,1.5
2025-01,Summit Auto Group,Summit Nissan Ridgemont,Maintenance,170,42180,31766,1,1.8
2025-01,Summit Auto Group,Summit Nissan Ridgemont,Repair,100,23877,19435,1,2.4
2025-01,Summit Auto Group,Summit Nissan Ridgemont,Tires,33,6433,4315,1,1.6
2025-01,Summit Auto Group,Summit Nissan Ridgemont,Recall,22,5197,2409,0,2.9
2025-01,Summit Auto Group,Summit Nissan Ridgemont,Warranty,44,7857,4534,0,1.8
2025-01,Summit Auto Group,Summit Subaru Northgate,Maintenance,129,26451,13182,1,2.9
2025-01,Summit Auto Group,Summit Subaru Northgate,Repair,76,12363,14486,1,2.3
2025-01,Summit Auto Group,Summit Subaru Northgate,Tires,25,6283,4899,1,2.4
2025-01,Summit Auto Group,Summit Subaru Northgate,Recall,16,4021,3197,0,1.5
2025-01,Summit Auto Group,Summit Subaru Northgate,Warranty,33,8305,6865,0,2.3
2025-01,Summit Auto Group,Summit Toyota of Fairview,Maintenance,261,66309,44257,1,2.7
2025-01,Summit Auto Group,Summit Toyota of Fairview,Repair,153,21542,21015,1,0.9
2025-01,Summit Auto Group,Summit Toyota of Fairview,Tires,51,8926,9513,1,2.9
2025-01,Summit Auto Group,Summit Toyota of Fairview,Recall,34,5183,5895,0,3.1
2025-01,Summit Auto Group,Summit Toyota of Fairview,Warranty,68,14461,7253,0,2.4
2025-01,Summit Auto Group,Summit Volkswagen Eastdale,Maintenance,91,23499,9594,1,2.1
2025-01,Summit Auto Group,Summit Volkswagen Eastdale,Repair,53,9021,10954,1,2.4
2025-01,Summit Auto Group,Summit Volkswagen Eastdale,Tires,17,3730,2259,1,1.6
2025-01,Summit Auto Group,Summit Volkswagen Eastdale,Recall,11,2105,1914,0,2.3
2025-01,Summit Auto Group,Summit Volkswagen Eastdale,Warranty,23,4745,3126,0,2.3
2025-02,Harbor Motor Group,Harbor BMW,Maintenance,200,37922,31849,1,3.0
2025-02,Harbor Motor Group,Harbor BMW,Repair,117,29398,13829,1,1.6
2025-02,Harbor Motor Group,Harbor BMW,Tires,39,6691,7448,1,2.1
2025-02,Harbor Motor Group,Harbor BMW,Recall,26,4818,3098,0,1.0
2025-02,Harbor Motor Group,Harbor BMW,Warranty,52,12695,6653,0,3.0
2025-02,Harbor Motor Group,Harbor Chevrolet Marina,Maintenance,174,32021,26207,1,1.0
2025-02,Harbor Motor Group,Harbor Chevrolet Marina,Repair,102,19567,10918,1,0.8
2025-02,Harbor Motor Group,Harbor Chevrolet Marina,Tires,34,7131,4589,1,2.5
2025-02,Harbor Motor Group,Harbor Chevrolet Marina,Recall,22,3515,2651,0,3.4
2025-02,Harbor Motor Group,Harbor Chevrolet Marina,Warranty,45,7442,4714,0,1.8
2025-02,Harbor Motor Group,Harbor Ford Portside,Maintenance,220,42823,42895,1,2.3
2025-02,Harbor Motor Group,Harbor Ford Portside,Repair,129,26389,12454,1,3.0
2025-02,Harbor Motor Group,Harbor Ford Portside,Tires,43,8691,8042,1,3.1
2025-02,Harbor Motor Group,Harbor Ford Portside,Recall,28,7146,4648,0,0.8
2025-02,Harbor Motor Group,Harbor Ford Portside,Warranty,57,12782,6998,0,2.0
2025-02,Harbor Motor Group,Harbor Honda Seaside,Maintenance,236,33356,32791,1,1.4
2025-02,Harbor Motor Group,Harbor Honda Seaside,Repair,138,20363,13312,1,2.9
2025-02,Harbor Motor Group,Harbor Honda Seaside,Tires,46,6931,4849,1,1.4
2025-02,Harbor Motor Group,Harbor Honda Seaside,Recall,30,7130,3255,0,3.3
2025-02,Harbor Motor Group,Harbor Honda Seaside,Warranty,61,11697,12511,0,3.0
2025-02,Harbor Motor Group,Harbor Jeep Ram Anchor,Maintenance,161,38346,21339,1,2.1
2025-02,Harbor Motor Group,Harbor Jeep Ram Anchor,Repair,94,14156,18249,1,2.2
2025-02,Harbor Motor Group,Harbor Jeep Ram Anchor,Tires,31,6738,3533,1,3.1
2025-02,Harbor Motor Group,Harbor Jeep Ram Anchor,Recall,21,3717,1992,0,2.6
2025-02,Harbor Motor Group,Harbor Jeep Ram Anchor,Warranty,42,9122,4651,0,1.3
2025-02,Harbor Motor Group,Harbor Kia Lighthouse,Maintenance,153,30603,23593,1,2.5
2025-02,Harbor Motor Group,Harbor Kia Lighthouse,Repair,90,16687,9546,1,2.3
2025-02,Harbor Motor Group,Harbor Kia Lighthouse,Tires,30,7316,3346,1,2.5
2025-02,Harbor Motor Group,Harbor Kia Lighthouse,Recall,20,3227,1914,0,1.2
2025-02,Harbor Motor Group,Harbor Kia Lighthouse,Warranty,40,10249,7458,0,2.3
2025-02,Harbor Motor Group,Harbor Subaru Tidewater,Maintenance,126,30731,24810,1,2.8
2025-02,Harbor Motor Group,Harbor Subaru Tidewater,Repair,73,12265,8927,1,2.2
2025-02,Harbor Motor Group,Harbor Subaru Tidewater,Tires,24,6159,2270,1,2.0
2025-02,Harbor Motor Group,Harbor Subaru Tidewater,Recall,16,3495,3285,0,1.9
2025-02,Harbor Motor Group,Harbor Subaru Tidewater,Warranty,32,7770,6525,0,1.8
2025-02,Harbor Motor Group,Harbor Toyota Bayview,Maintenance,253,56458,27019,1,3.0
2025-02,Harbor Motor Group,Harbor Toyota Bayview,Repair,148,21038,14966,1,3.3
2025-02,Harbor Motor Group,Harbor Toyota Bayview,Tires,49,8190,9876,1,1.0
2025-02,Harbor Motor Group,Harbor Toyota Bayview,Recall,33,5305,2993,0,1.1
2025-02,Harbor Motor Group,Harbor Toyota Bayview,Warranty,66,13492,12531,0,1.2
2025-02,Summit Auto Group,Summit BMW,Maintenance,211,48361,38997,1,3.0
2025-02,Summit Auto Group,Summit BMW,Repair,123,23520,20369,1,1.5
2025-02,Summit Auto Group,Summit BMW,Tires,41,7939,5554,1,2.9
2025-02,Summit Auto Group,Summit BMW,Recall,27,4558,2648,0,2.7
2025-02,Summit Auto Group,Summit BMW,Warranty,55,8854,8430,0,3.2
2025-02,Summit Auto Group,Summit Chevrolet Glenpark,Maintenance,212,49823,30538,1,3.4
2025-02,Summit Auto Group,Summit Chevrolet Glenpark,Repair,125,27875,17865,1,2.4
2025-02,Summit Auto Group,Summit Chevrolet Glenpark,Tires,41,8906,4248,1,1.6
2025-02,Summit Auto Group,Summit Chevrolet Glenpark,Recall,27,4210,4724,0,3.2
2025-02,Summit Auto Group,Summit Chevrolet Glenpark,Warranty,55,8318,5868,0,3.0
2025-02,Summit Auto Group,Summit Ford Rivera,Maintenance,255,40836,27339,1,2.0
2025-02,Summit Auto Group,Summit Ford Rivera,Repair,150,21572,21406,1,1.2
2025-02,Summit Auto Group,Summit Ford Rivera,Tires,50,9523,9867,1,2.4
2025-02,Summit Auto Group,Summit Ford Rivera,Recall,33,6983,4046,0,2.0
2025-02,Summit Auto Group,Summit Ford Rivera,Warranty,66,10933,9702,0,2.6
2025-02,Summit Auto Group,Summit Honda Westland,Maintenance,191,40415,37136,1,1.7
2025-02,Summit Auto Group,Summit Honda Westland,Repair,112,23988,12324,1,1.1
2025-02,Summit Auto Group,Summit Honda Westland,Tires,37,6311,6952,1,1.0
2025-02,Summit Auto Group,Summit Honda Westland,Recall,25,3731,2299,0,3.0
2025-02,Summit Auto Group,Summit Honda Westland,Warranty,50,10728,9904,0,0.8
2025-02,Summit Auto Group,Summit Hyundai Oakhurst,Maintenance,157,23877,23289,1,1.9
2025-02,Summit Auto Group,Summit Hyundai Oakhurst,Repair,92,15260,14280,1,2.8
2025-02,Summit Auto Group,Summit Hyundai Oakhurst,Tires,30,7775,2703,1,1.4
2025-02,Summit Auto Group,Summit Hyundai Oakhurst,Recall,20,3317,2801,0,1.2
2025-02,Summit Auto Group,Summit Hyundai Oakhurst,Warranty,41,5858,4898,0,1.4
2025-02,Summit Auto Group,Summit Jeep Ram Clearwater,Maintenance,175,40240,21205,1,3.3
2025-02,Summit Auto Group,Summit Jeep Ram Clearwater,Repair,103,17285,19842,1,2.5
2025-02,Summit Auto Group,Summit Jeep Ram Clearwater,Tires,34,8489,4259,1,2.0
2025-02,Summit Auto Group,Summit Jeep Ram Clearwater,Recall,22,3498,4387,0,3.4
2025-02,Summit Auto Group,Summit Jeep Ram Clearwater,Warranty,45,10647,7623,0,3.0
2025-02,Summit Auto Group,Summit Kia Brookfield,Maintenance,161,35120,32217,1,1.3
2025-02,Summit Auto Group,Summit Kia Brookfield,Repair,94,19593,14276,1,3.0
2025-02,Summit Auto Group,Summit Kia Brookfield,Tires,31,7849,3118,1,2.4
2025-02,Summit Auto Group,Summit Kia Brookfield,Recall,21,4964,2440,0,1.7
2025-02,Summit Auto Group,Summit Kia Brookfield,Warranty,42,9824,5157,0,1.2
2025-02,Summit Auto Group,Summit Mazda Lakeside,Maintenance,129,23121,18388,1,2.9
2025-02,Summit Auto Group,Summit Mazda Lakeside,Repair,76,16978,8602,1,3.0
2025-02,Summit Auto Group,Summit Mazda Lakeside,Tires,25,4583,3437,1,1.2
2025-02,Summit Auto Group,Summit Mazda Lakeside,Recall,16,4031,3049,0,1.3
2025-02,Summit Auto Group,Summit Mazda Lakeside,Warranty,33,7578,4160,0,2.1
2025-02,Summit Auto Group,Summit Nissan Ridgemont,Maintenance,164,35317,30100,1,3.1
2025-02,Summit Auto Group,Summit Nissan Ridgemont,Repair,96,21984,11787,1,2.0
2025-02,Summit Auto Group,Summit Nissan Ridgemont,Tires,32,6977,4872,1,2.1
2025-02,Summit Auto Group,Summit Nissan Ridgemont,Recall,21,4923,4309,0,2.3
2025-02,Summit Auto Group,Summit Nissan Ridgemont,Warranty,42,6004,8027,0,2.5
2025-02,Summit Auto Group,Summit Subaru Northgate,Maintenance,132,29067,16866,1,1.4
2025-02,Summit Auto Group,Summit Subaru Northgate,Repair,78,19076,10786,1,2.8
2025-02,Summit Auto Group,Summit Subaru Northgate,Tires,26,6556,4732,1,2.8
2025-02,Summit Auto Group,Summit Subaru Northgate,Recall,17,2386,1567,0,2.8
2025-02,Summit Auto Group,Summit Subaru Northgate,Warranty,34,4895,4351,0,1.8
2025-02,Summit Auto Group,Summit Toyota of Fairview,Maintenance,276,68675,45715,1,1.4
2025-02,Summit Auto Group,Summit Toyota of Fairview,Repair,162,28175,15230,1,2.1
2025-02,Summit Auto Group,Summit Toyota of Fairview,Tires,54,10357,8141,1,1.8
2025-02,Summit Auto Group,Summit Toyota of Fairview,Recall,36,5962,6656,0,1.0
2025-02,Summit Auto Group,Summit Toyota of Fairview,Warranty,72,13704,14110,0,1.6
2025-02,Summit Auto Group,Summit Volkswagen Eastdale,Maintenance,88,20221,9869,1,2.0
2025-02,Summit Auto Group,Summit Volkswagen Eastdale,Repair,51,7992,8974,1,0.9
2025-02,Summit Auto Group,Summit Volkswagen Eastdale,Tires,17,4175,1826,1,1.6
2025-02,Summit Auto Group,Summit Volkswagen Eastdale,Recall,11,1609,1523,0,1.7
2025-02,Summit Auto Group,Summit Volkswagen Eastdale,Warranty,23,3658,4186,0,2.3
2025-03,Harbor Motor Group,Harbor BMW,Maintenance,172,32619,29792,1,1.7
2025-03,Harbor Motor Group,Harbor BMW,Repair,100,25761,19251,1,3.2
2025-03,Harbor Motor Group,Harbor BMW,Tires,33,5932,3562,1,3.2
2025-03,Harbor Motor Group,Harbor BMW,Recall,22,4531,4062,0,2.9
2025-03,Harbor Motor Group,Harbor BMW,Warranty,44,10586,5893,0,3.3
2025-03,Harbor Motor Group,Harbor Chevrolet Marina,Maintenance,181,31221,16386,1,3.1
2025-03,Harbor Motor Group,Harbor Chevrolet Marina,Repair,106,20310,12587,1,2.4
2025-03,Harbor Motor Group,Harbor Chevrolet Marina,Tires,35,8943,6281,1,1.5
2025-03,Harbor Motor Group,Harbor Chevrolet Marina,Recall,23,4140,2285,0,0.9
2025-03,Harbor Motor Group,Harbor Chevrolet Marina,Warranty,47,9211,7277,0,1.6
2025-03,Harbor Motor Group,Harbor Ford Portside,Maintenance,190,42183,24320,1,2.0
2025-03,Harbor Motor Group,Harbor Ford Portside,Repair,112,24268,23190,1,2.5
2025-03,Harbor Motor Group,Harbor Ford Portside,Tires,37,8351,5521,1,2.0
2025-03,Harbor Motor Group,Harbor Ford Portside,Recall,24,5479,3170,0,1.7
2025-03,Harbor Motor Group,Harbor Ford Portside,Warranty,49,8408,6766,0,1.6
2025-03,Harbor Motor Group,Harbor Honda Seaside,Maintenance,173,36613,28934,1,2.2
2025-03,Harbor Motor Group,Harbor Honda Seaside,Repair,101,16845,9906,1,1.8
2025-03,Harbor Motor Group,Harbor Honda Seaside,Tires,33,8422,4014,1,1.4
2025-03,Harbor Motor Group,Harbor Honda Seaside,Recall,22,4932,2708,0,2.6
2025-03,Harbor Motor Group,Harbor Honda Seaside,Warranty,45,6836,4626,0,0.8
2025-03,Harbor Motor Group,Harbor Jeep Ram Anchor,Maintenance,166,38112,33602,1,2.3
2025-03,Harbor Motor Group,Harbor Jeep Ram Anchor,Repair,97,21626,14697,1,3.0
2025-03,Harbor Motor Group,Harbor Jeep Ram Anchor,Tires,32,5270,5445,1,2.4
2025-03,Harbor Motor Group,Harbor Jeep Ram Anchor,Recall,21,3561,4174,0,1.5
2025-03,Harbor Motor Group,Harbor Jeep Ram Anchor,Warranty,43,7689,8068,0,2.8
2025-03,Harbor Motor Group,Harbor Kia Lighthouse,Maintenance,137,26533,16158,1,1.1
2025-03,Harbor Motor Group,Harbor Kia Lighthouse,Repair,80,16758,9941,1,2.3
2025-03,Harbor Motor Group,Harbor Kia Lighthouse,Tires,26,5412,4935,1,2.1
2025-03,Harbor Motor Group,Harbor Kia Lighthouse,Recall,17,3339,2659,0,2.2
2025-03,Harbor Motor Group,Harbor Kia Lighthouse,Warranty,35,5571,4556,0,0.9
2025-03,Harbor Motor Group,Harbor Subaru Tidewater,Maintenance,123,25125,25431,1,1.8
2025-03,Harbor Motor Group,Harbor Subaru Tidewater,Repair,72,18106,11779,1,2.5
2025-03,Harbor Motor Group,Harbor Subaru Tidewater,Tires,24,4212,2296,1,2.5
2025-03,Harbor Motor Group,Harbor Subaru Tidewater,Recall,16,3233,1779,0,2.3
2025-03,Harbor Motor Group,Harbor Subaru Tidewater,Warranty,32,6132,2927,0,1.5
2025-03,Harbor Motor Group,Harbor Toyota Bayview,Maintenance,193,29086,26797,1,1.0
2025-03,Harbor Motor Group,Harbor Toyota Bayview,Repair,113,29084,16238,1,1.4
2025-03,Harbor Motor Group,Harbor Toyota Bayview,Tires,37,9443,6163,1,3.3
2025-03,Harbor Motor Group,Harbor Toyota Bayview,Recall,25,5800,3523,0,1.7
2025-03,Harbor Motor Group,Harbor Toyota Bayview,Warranty,50,10774,10218,0,2.5
2025-03,Summit Auto Group,Summit BMW,Maintenance,201,32947,19505,1,2.8
2025-03,Summit Auto Group,Summit BMW,Repair,118,21833,23820,1,1.7
2025-03,Summit Auto Group,Summit BMW,Tires,39,6894,4396,1,3.4
2025-03,Summit Auto Group,Summit BMW,Recall,26,3994,5013,0,2.6
2025-03,Summit Auto Group,Summit BMW,Warranty,52,12218,8625,0,2.7
2025-03,Summit Auto Group,Summit Chevrolet Glenpark,Maintenance,166,25470,28765,1,2.4
2025-03,Summit Auto Group,Summit Chevrolet Glenpark,Repair,97,20986,15781,1,0.8
2025-03,Summit Auto Group,Summit Chevrolet Glenpark,Tires,32,7757,6304,1,2.9
2025-03,Summit Auto Group,Summit Chevrolet Glenpark,Recall,21,4176,3443,0,3.1
2025-03,Summit Auto Group,Summit Chevrolet Glenpark,Warranty,43,7747,4709,0,2.0
2025-03,Summit Auto Group,Summit Ford Rivera,Maintenance,190,42607,20769,1,2.4
2025-03,Summit Auto Group,Summit Ford Rivera,Repair,111,19628,13880,1,1.1
2025-03,Summit Auto Group,Summit Ford Rivera,Tires,37,8099,5295,1,2.5
2025-03,Summit Auto Group,Summit Ford Rivera,Recall,24,5788,2748,0,2.1
2025-03,Summit Auto Group,Summit Ford Rivera,Warranty,49,8012,5200,0,2.7
2025-03,Summit Auto Group,Summit Honda Westland,Maintenance,185,41145,30991,1,2.8
2025-03,Summit Auto Group,Summit Honda Westland,Repair,109,17931,12420,1,3.4
2025-03,Summit Auto Group,Summit Honda Westland,Tires,36,7286,4860,1,1.5
2025-03,Summit Auto Group,Summit Honda Westland,Recall,24,6010,3524,0,3.2
2025-03,Summit Auto Group,Summit Honda Westland,Warranty,48,9021,7968,0,1.5
2025-03,Summit Auto Group,Summit Hyundai Oakhurst,Maintenance,124,20577,16426,1,2.7
2025-03,Summit Auto Group,Summit Hyundai Oakhurst,Repair,72,13591,6565,1,1.9
2025-03,Summit Auto Group,Summit Hyundai Oakhurst,Tires,24,6072,4823,1,1.8
2025-03,Summit Auto Group,Summit Hyundai Oakhurst,Recall,16,2427,2904,0,2.2
2025-03,Summit Auto Group,Summit Hyundai Oakhurst,Warranty,32,4941,3771,0,2.3
2025-03,Summit Auto Group,Summit Jeep Ram Clearwater,Maintenance,186,48213,28147,1,0.8
2025-03,Summit Auto Group,Summit Jeep Ram Clearwater,Repair,109,27314,12140,1,3.3
2025-03,Summit Auto Group,Summit Jeep Ram Clearwater,Tires,36,9192,3952,1,1.1
2025-03,Summit Auto Group,Summit Jeep Ram Clearwater,Recall,24,5049,3496,0,3.3
2025-03,Summit Auto Group,Summit Jeep Ram Clearwater,Warranty,48,9423,8641,0,2.8
2025-03,Summit Auto Group,Summit Kia Brookfield,Maintenance,117,23827,24568,1,2.9
2025-03,Summit Auto Group,Summit Kia Brookfield,Repair,68,9960,13477,1,1.1
2025-03,Summit Auto Group,Summit Kia Brookfield,Tires,22,3789,4557,1,3.0
2025-03,Summit Auto Group,Summit Kia Brookfield,Recall,15,3314,2347,0,1.3
2025-03,Summit Auto Group,Summit Kia Brookfield,Warranty,30,7626,5283,0,1.2
2025-03,Summit Auto Group,Summit Mazda Lakeside,Maintenance,110,21767,16171,1,3.4
2025-03,Summit Auto Group,Summit Mazda Lakeside,Repair,64,10211,6287,1,2.8
2025-03,Summit Auto Group,Summit Mazda Lakeside,Tires,21,4579,2095,1,2.9
2025-03,Summit Auto Group,Summit Mazda Lakeside,Recall,14,2153,2288,0,3.0
2025-03,Summit Auto Group,Summit Mazda Lakeside,Warranty,28,5435,2973,0,1.4
2025-03,Summit Auto Group,Summit Nissan Ridgemont,Maintenance,171,36565,34326,1,1.8
2025-03,Summit Auto Group,Summit Nissan Ridgemont,Repair,100,22712,16470,1,2.2
2025-03,Summit Auto Group,Summit Nissan Ridgemont,Tires,33,8366,5166,1,2.3
2025-03,Summit Auto Group,Summit Nissan Ridgemont,Recall,22,4346,3953,0,2.9
2025-03,Summit Auto Group,Summit Nissan Ridgemont,Warranty,44,9274,6784,0,2.2
2025-03,Summit Auto Group,Summit Subaru Northgate,Maintenance,127,29677,19194,1,0.9
2025-03,Summit Auto Group,Summit Subaru Northgate,Repair,75,10506,7173,1,1.3
2025-03,Summit Auto Group,Summit Subaru Northgate,Tires,25,6037,4248,1,0.9
2025-03,Summit Auto Group,Summit Subaru Northgate,Recall,16,2375,2151,0,3.2
2025-03,Summit Auto Group,Summit Subaru Northgate,Warranty,33,5763,5169,0,2.6
2025-03,Summit Auto Group,Summit Toyota of Fairview,Maintenance,250,53923,22889,1,2.2
2025-03,Summit Auto Group,Summit Toyota of Fairview,Repair,146,22291,24879,1,1.5
2025-03,Summit Auto Group,Summit Toyota of Fairview,Tires,48,11447,9817,1,2.6
2025-03,Summit Auto Group,Summit Toyota of Fairview,Recall,32,6811,6047,0,3.3
2025-03,Summit Auto Group,Summit Toyota of Fairview,Warranty,65,15157,12899,0,3.0
2025-03,Summit Auto Group,Summit Volkswagen Eastdale,Maintenance,95,16391,14979,1,2.7
2025-03,Summit Auto Group,Summit Volkswagen Eastdale,Repair,55,12494,5433,1,0.9
2025-03,Summit Auto Group,Summit Volkswagen Eastdale,Tires,18,2538,1957,1,3.1
2025-03,Summit Auto Group,Summit Volkswagen Eastdale,Recall,12,2298,1245,0,1.8
2025-03,Summit Auto Group,Summit Volkswagen Eastdale,Warranty,24,5023,2446,0,2.0
2025-04,Harbor Motor Group,Harbor BMW,Maintenance,185,38792,38164,1,2.9
2025-04,Harbor Motor Group,Harbor BMW,Repair,108,15598,9748,1,1.6
2025-04,Harbor Motor Group,Harbor BMW,Tires,36,8923,6291,1,1.6
2025-04,Harbor Motor Group,Harbor BMW,Recall,24,4595,3127,0,2.9
2025-04,Harbor Motor Group,Harbor BMW,Warranty,48,10792,9196,0,2.0
2025-04,Harbor Motor Group,Harbor Chevrolet Marina,Maintenance,150,28545,14500,1,2.0
2025-04,Harbor Motor Group,Harbor Chevrolet Marina,Repair,88,21018,10184,1,1.4
2025-04,Harbor Motor Group,Harbor Chevrolet Marina,Tires,29,7529,5977,1,3.3
2025-04,Harbor Motor Group,Harbor Chevrolet Marina,Recall,19,4888,1788,0,1.9
2025-04,Harbor Motor Group,Harbor Chevrolet Marina,Warranty,39,9178,4140,0,2.0
2025-04,Harbor Motor Group,Harbor Ford Portside,Maintenance,227,47639,31587,1,2.2
2025-04,Harbor Motor Group,Harbor Ford Portside,Repair,133,22521,19300,1,1.9
2025-04,Harbor Motor Group,Harbor Ford Portside,Tires,44,8115,8577,1,2.4
2025-04,Harbor Motor Group,Harbor Ford Portside,Recall,29,5416,5447,0,1.0
2025-04,Harbor Motor Group,Harbor Ford Portside,Warranty,59,15302,11208,0,2.9
2025-04,Harbor Motor Group,Harbor Honda Seaside,Maintenance,174,26386,23627,1,1.5
2025-04,Harbor Motor Group,Harbor Honda Seaside,Repair,102,16762,12304,1,2.8
2025-04,Harbor Motor Group,Harbor Honda Seaside,Tires,34,5923,5877,1,2.4
2025-04,Harbor Motor Group,Harbor Honda Seaside,Recall,22,4474,2023,0,1.0
2025-04,Harbor Motor Group,Harbor Honda Seaside,Warranty,45,7657,5225,0,1.2
2025-04,Harbor Motor Group,Harbor Jeep Ram Anchor,Maintenance,138,30488,19175,1,3.1
2025-04,Harbor Motor Group,Harbor Jeep Ram Anchor,Repair,81,13204,9435,1,1.7
2025-04,Harbor Motor Group,Harbor Jeep Ram Anchor,Tires,27,6520,5380,1,2.3
2025-04,Harbor Motor Group,Harbor Jeep Ram Anchor,Recall,18,2961,2292,0,1.7
2025-04,Harbor Motor Group,Harbor Jeep Ram Anchor,Warranty,36,7311,6262,0,2.0
2025-04,Harbor Motor Group,Harbor Kia Lighthouse,Maintenance,141,34804,14507,1,3.3
2025-04,Harbor Motor Group,Harbor Kia Lighthouse,Repair,83,14524,13839,1,1.2
2025-04,Harbor Motor Group,Harbor Kia Lighthouse,Tires,27,6407,2658,1,2.2
2025-04,Harbor Motor Group,Harbor Kia Lighthouse,Recall,18,4028,2698,0,3.3
2025-04,Harbor Motor Group,Harbor Kia Lighthouse,Warranty,36,7595,3760,0,2.1
2025-04,Harbor Motor Group,Harbor Subaru Tidewater,Maintenance,107,19798,19428,1,3.0
2025-04,Harbor Motor Group,Harbor Subaru Tidewater,Repair,63,14619,12183,1,2.2
2025-04,Harbor Motor Group,Harbor Subaru Tidewater,Tires,21,4759,2198,1,3.0
2025-04,Harbor Motor Group,Harbor Subaru Tidewater,Recall,14,2619,2686,0,3.3
2025-04,Harbor Motor Group,Harbor Subaru Tidewater,Warranty,28,4084,3791,0,2.8
2025-04,Harbor Motor Group,Harbor Toyota Bayview,Maintenance,239,41733,40402,1,1.8
2025-04,Harbor Motor Group,Harbor Toyota Bayview,Repair,140,35714,25460,1,1.8
2025-04,Harbor Motor Group,Harbor Toyota Bayview,Tires,46,8891,7157,1,2.4
2025-04,Harbor Motor Group,Harbor Toyota Bayview,Recall,31,6823,2811,0,3.0
2025-04,Harbor Motor Group,Harbor Toyota Bayview,Warranty,62,10108,12645,0,2.1
2025-04,Summit Auto Group,Summit BMW,Maintenance,208,47251,32031,1,2.0
2025-04,Summit Auto Group,Summit BMW,Repair,122,30268,12220,1,1.1
2025-04,Summit Auto Group,Summit BMW,Tires,40,9871,5782,1,0.9
2025-04,Summit Auto Group,Summit BMW,Recall,27,5144,5398,0,1.7
2025-04,Summit Auto Group,Summit BMW,Warranty,54,11193,7519,0,2.7
2025-04,Summit Auto Group,Summit Chevrolet Glenpark,Maintenance,211,44795,27439,1,1.8
2025-04,Summit Auto Group,Summit Chevrolet Glenpark,Repair,124,20053,22994,1,2.7
2025-04,Summit Auto Group,Summit Chevrolet Glenpark,Tires,41,10358,4233,1,2.9
2025-04,Summit Auto Group,Summit Chevrolet Glenpark,Recall,27,3862,5467,0,2.5
2025-04,Summit Auto Group,Summit Chevrolet Glenpark,Warranty,55,10769,5486,0,2.9
2025-04,Summit Auto Group,Summit Ford Rivera,Maintenance,195,43625,28384,1,1.0
2025-04,Summit Auto Group,Summit Ford Rivera,Repair,114,17885,20960,1,1.5
2025-04,Summit Auto Group,Summit Ford Rivera,Tires,38,8963,5145,1,2.6
2025-04,Summit Auto Group,Summit Ford Rivera,Recall,25,5116,4577,0,2.2
2025-04,Summit Auto Group,Summit Ford Rivera,Warranty,51,9763,7947,0,1.1
2025-04,Summit Auto Group,Summit Honda Westland,Maintenance,221,33266,29547,1,1.8
2025-04,Summit Auto Group,Summit Honda Westland,Repair,129,22858,24746,1,2.1
2025-04,Summit Auto Group,Summit Honda Westland,Tires,43,10696,7353,1,2.7
2025-04,Summit Auto Group,Summit Honda Westland,Recall,28,4053,2847,0,1.1
2025-04,Summit Auto Group,Summit Honda Westland,Warranty,57,8711,7230,0,3.0
2025-04,Summit Auto Group,Summit Hyundai Oakhurst,Maintenance,149,25201,19536,1,2.9
2025-04,Summit Auto Group,Summit Hyundai Oakhurst,Repair,87,22472,18129,1,2.0
2025-04,Summit Auto Group,Summit Hyundai Oakhurst,Tires,29,6859,4194,1,2.8
2025-04,Summit Auto Group,Summit Hyundai Oakhurst,Recall,19,3534,1744,0,3.0
2025-04,Summit Auto Group,Summit Hyundai Oakhurst,Warranty,38,8823,4762,0,2.3
2025-04,Summit Auto Group,Summit Jeep Ram Clearwater,Maintenance,148,31139,16552,1,1.5
2025-04,Summit Auto Group,Summit Jeep Ram Clearwater,Repair,86,13982,16284,1,1.1
2025-04,Summit Auto Group,Summit Jeep Ram Clearwater,Tires,28,6204,4436,1,2.1
2025-04,Summit Auto Group,Summit Jeep Ram Clearwater,Recall,19,4725,3971,0,2.6
2025-04,Summit Auto Group,Summit Jeep Ram Clearwater,Warranty,38,6139,7013,0,3.3
2025-04,Summit Auto Group,Summit Kia Brookfield,Maintenance,143,32707,27735,1,1.5
2025-04,Summit Auto Group,Summit Kia Brookfield,Repair,84,19909,12101,1,1.8
2025-04,Summit Auto Group,Summit Kia Brookfield,Tires,28,4261,2997,1,1.2
2025-04,Summit Auto Group,Summit Kia Brookfield,Recall,18,4090,3238,0,1.9
2025-04,Summit Auto Group,Summit Kia Brookfield,Warranty,37,6589,3369,0,2.8
2025-04,Summit Auto Group,Summit Mazda Lakeside,Maintenance,114,27743,23048,1,2.2
2025-04,Summit Auto Group,Summit Mazda Lakeside,Repair,67,12321,10478,1,0.8
2025-04,Summit Auto Group,Summit Mazda Lakeside,Tires,22,5320,4187,1,3.3
2025-04,Summit Auto Group,Summit Mazda Lakeside,Recall,14,3118,1556,0,2.4
2025-04,Summit Auto Group,Summit Mazda Lakeside,Warranty,29,4416,4670,0,2.1
2025-04,Summit Auto Group,Summit Nissan Ridgemont,Maintenance,166,36447,27218,1,1.4
2025-04,Summit Auto Group,Summit Nissan Ridgemont,Repair,97,14103,18431,1,2.3
2025-04,Summit Auto Group,Summit Nissan Ridgemont,Tires,32,5596,3446,1,1.5
2025-04,Summit Auto Group,Summit Nissan Ridgemont,Recall,21,4592,3688,0,1.5
2025-04,Summit Auto Group,Summit Nissan Ridgemont,Warranty,43,10164,6523,0,2.6
2025-04,Summit Auto Group,Summit Subaru Northgate,Maintenance,128,29914,14654,1,1.1
2025-04,Summit Auto Group,Summit Subaru Northgate,Repair,75,16632,7903,1,1.6
2025-04,Summit Auto Group,Summit Subaru Northgate,Tires,25,5596,4193,1,1.8
2025-04,Summit Auto Group,Summit Subaru Northgate,Recall,16,3667,1846,0,1.9
2025-04,Summit Auto Group,Summit Subaru Northgate,Warranty,33,5723,4401,0,2.1
2025-04,Summit Auto Group,Summit Toyota of Fairview,Maintenance,272,52175,36706,1,1.7
2025-04,Summit Auto Group,Summit Toyota of Fairview,Repair,160,23708,33298,1,2.0
2025-04,Summit Auto Group,Summit Toyota of Fairview,Tires,53,9370,6124,1,3.0
2025-04,Summit Auto Group,Summit Toyota of Fairview,Recall,35,7548,4254,0,2.7
2025-04,Summit Auto Group,Summit Toyota of Fairview,Warranty,71,13827,7422,0,1.6
2025-04,Summit Auto Group,Summit Volkswagen Eastdale,Maintenance,86,17995,13650,1,1.7
2025-04,Summit Auto Group,Summit Volkswagen Eastdale,Repair,51,12564,9476,1,1.2
2025-04,Summit Auto Group,Summit Volkswagen Eastdale,Tires,17,3848,3529,1,1.3
2025-04,Summit Auto Group,Summit Volkswagen Eastdale,Recall,11,2050,1391,0,1.8
2025-04,Summit Auto Group,Summit Volkswagen Eastdale,Warranty,22,4252,3583,0,2.9
2025-05,Harbor Motor Group,Harbor BMW,Maintenance,174,39283,16523,1,2.0
2025-05,Harbor Motor Group,Harbor BMW,Repair,102,16866,12824,1,2.2
2025-05,Harbor Motor Group,Harbor BMW,Tires,34,4862,4360,1,2.4
2025-05,Harbor Motor Group,Harbor BMW,Recall,22,4687,4028,0,1.3
2025-05,Harbor Motor Group,Harbor BMW,Warranty,45,10428,6143,0,1.3
2025-05,Harbor Motor Group,Harbor Chevrolet Marina,Maintenance,155,23487,20542,1,1.2
2025-05,Harbor Motor Group,Harbor Chevrolet Marina,Repair,91,17344,17412,1,2.2
2025-05,Harbor Motor Group,Harbor Chevrolet Marina,Tires,30,6206,3737,1,3.4
2025-05,Harbor Motor Group,Harbor Chevrolet Marina,Recall,20,3787,2585,0,3.3
2025-05,Harbor Motor Group,Harbor Chevrolet Marina,Warranty,40,9124,7260,0,2.3
2025-05,Harbor Motor Group,Harbor Ford Portside,Maintenance,180,46453,30260,1,1.4
2025-05,Harbor Motor Group,Harbor Ford Portside,Repair,105,18877,17674,1,1.4
2025-05,Harbor Motor Group,Harbor Ford Portside,Tires,35,6612,6484,1,1.3
2025-05,Harbor Motor Group,Harbor Ford Portside,Recall,23,5818,3938,0,3.3
2025-05,Harbor Motor Group,Harbor Ford Portside,Warranty,47,9144,9173,0,2.5
2025-05,Harbor Motor Group,Harbor Honda Seaside,Maintenance,174,40217,36458,1,2.2
2025-05,Harbor Motor Group,Harbor Honda Seaside,Repair,102,20215,14346,1,3.0
2025-05,Harbor Motor Group,Harbor Honda Seaside,Tires,34,6877,4072,1,1.1
2025-05,Harbor Motor Group,Harbor Honda Seaside,Recall,22,5577,2455,0,0.9
2025-05,Harbor Motor Group,Harbor Honda Seaside,Warranty,45,9787,8442,0,2.6
2025-05,Harbor Motor Group,Harbor Jeep Ram Anchor,Maintenance,160,32731,18949,1,2.6
2025-05,Harbor Motor Group,Harbor Jeep Ram Anchor,Repair,93,16171,18884,1,3.4
2025-05,Harbor Motor Group,Harbor Jeep Ram Anchor,Tires,31,5272,3528,1,1.8
2025-05,Harbor Motor Group,Harbor Jeep Ram Anchor,Recall,20,3213,3920,0,1.9
2025-05,Harbor Motor Group,Harbor Jeep Ram Anchor,Warranty,41,9071,6240,0,1.6
2025-05,Harbor Motor Group,Harbor Kia Lighthouse,Maintenance,124,27908,17491,1,2.7
2025-05,Harbor Motor Group,Harbor Kia Lighthouse,Repair,72,13334,7221,1,2.0
2025-05,Harbor Motor Group,Harbor Kia Lighthouse,Tires,24,6096,4520,1,1.0
2025-05,Harbor Motor Group,Harbor Kia Lighthouse,Recall,16,3079,2914,0,2.2
2025-05,Harbor Motor Group,Harbor Kia Lighthouse,Warranty,32,7664,6716,0,0.9
2025-05,Harbor Motor Group,Harbor Subaru Tidewater,Maintenance,123,23672,13017,1,2.0
2025-05,Harbor Motor Group,Harbor Subaru Tidewater,Repair,72,15647,12728,1,1.1
2025-05,Harbor Motor Group,Harbor Subaru Tidewater,Tires,24,3383,4737,1,2.8
2025-05,Harbor Motor Group,Harbor Subaru Tidewater,Recall,16,2457,2720,0,1.5
2025-05,Harbor Motor Group,Harbor Subaru Tidewater,Warranty,32,7212,5627,0,2.3
2025-05,Harbor Motor Group,Harbor Toyota Bayview,Maintenance,198,49147,27937,1,1.9
2025-05,Harbor Motor Group,Harbor Toyota Bayview,Repair,116,17669,14680,1,1.5
2025-05,Harbor Motor Group,Harbor Toyota Bayview,Tires,38,9439,4025,1,2.8
2025-05,Harbor Motor Group,Harbor Toyota Bayview,Recall,25,4683,3738,0,2.5
2025-05,Harbor Motor Group,Harbor Toyota Bayview,Warranty,51,12966,6166,0,2.0
2025-05,Summit Auto Group,Summit BMW,Maintenance,200,30853,33118,1,1.0
2025-05,Summit Auto Group,Summit BMW,Repair,117,19032,10728,1,2.2
2025-05,Summit Auto Group,Summit BMW,Tires,39,6492,4271,1,1.1
2025-05,Summit Auto Group,Summit BMW,Recall,26,3737,3180,0,2.1
2025-05,Summit Auto Group,Summit BMW,Warranty,52,10859,6847,0,3.0
2025-05,Summit Auto Group,Summit Chevrolet Glenpark,Maintenance,189,45589,32252,1,3.1
2025-05,Summit Auto Group,Summit Chevrolet Glenpark,Repair,110,21271,13005,1,2.9
2025-05,Summit Auto Group,Summit Chevrolet Glenpark,Tires,36,5716,3637,1,1.6
2025-05,Summit Auto Group,Summit Chevrolet Glenpark,Recall,24,3569,3815,0,3.0
2025-05,Summit Auto Group,Summit Chevrolet Glenpark,Warranty,49,12333,10276,0,1.2
2025-05,Summit Auto Group,Summit Ford Rivera,Maintenance,197,40376,38922,1,2.1
2025-05,Summit Auto Group,Summit Ford Rivera,Repair,116,17958,19391,1,1.8
2025-05,Summit Auto Group,Summit Ford Rivera,Tires,38,9760,5776,1,1.8
2025-05,Summit Auto Group,Summit Ford Rivera,Recall,25,5881,3413,0,1.1
2025-05,Summit Auto Group,Summit Ford Rivera,Warranty,51,11381,5963,0,2.6
2025-05,Summit Auto Group,Summit Honda Westland,Maintenance,215,33841,34095,1,2.1
2025-05,Summit Auto Group,Summit Honda Westland,Repair,126,26730,22555,1,2.7
2025-05,Summit Auto Group,Summit Honda Westland,Tires,42,7501,5314,1,2.5
2025-05,Summit Auto Group,Summit Honda Westland,Recall,28,6551,2821,0,2.1
2025-05,Summit Auto Group,Summit Honda Westland,Warranty,56,14470,6949,0,3.1
2025-05,Summit Auto Group,Summit Hyundai Oakhurst,Maintenance,120,26169,13892,1,2.3
2025-05,Summit Auto Group,Summit Hyundai Oakhurst,Repair,70,11007,13500,1,3.3
2025-05,Summit Auto Group,Summit Hyundai Oakhurst,Tires,23,3759,4607,1,1.6
2025-05,Summit Auto Group,Summit Hyundai Oakhurst,Recall,15,3292,2644,0,1.9
2025-05,Summit Auto Group,Summit Hyundai Oakhurst,Warranty,31,6312,4523,0,2.7
2025-05,Summit Auto Group,Summit Jeep Ram Clearwater,Maintenance,184,31347,17174,1,3.3
2025-05,Summit Auto Group,Summit Jeep Ram Clearwater,Repair,108,16428,13988,1,1.5
2025-05,Summit Auto Group,Summit Jeep Ram Clearwater,Tires,36,9351,3456,1,1.4
2025-05,Summit Auto Group,Summit Jeep Ram Clearwater,Recall,24,5496,2314,0,2.0
2025-05,Summit Auto Group,Summit Jeep Ram Clearwater,Warranty,48,6812,7001,0,1.7
2025-05,Summit Auto Group,Summit Kia Brookfield,Maintenance,145,34030,15168,1,3.1
2025-05,Summit Auto Group,Summit Kia Brookfield,Repair,85,19891,13172,1,1.8
2025-05,Summit Auto Group,Summit Kia Brookfield,Tires,28,5207,5554,1,1.5
2025-05,Summit Auto Group,Summit Kia Brookfield,Recall,19,4931,3764,0,1.9
2025-05,Summit Auto Group,Summit Kia Brookfield,Warranty,38,9058,7790,0,0.9
2025-05,Summit Auto Group,Summit Mazda Lakeside,Maintenance,94,16819,9832,1,3.4
2025-05,Summit Auto Group,Summit Mazda Lakeside,Repair,55,9329,5547,1,2.6
2025-05,Summit Auto Group,Summit Mazda Lakeside,Tires,18,2898,2068,1,2.2
2025-05,Summit Auto Group,Summit Mazda Lakeside,Recall,12,2959,1234,0,1.8
2025-05,Summit Auto Group,Summit Mazda Lakeside,Warranty,24,3573,2869,0,1.9
2025-05,Summit Auto Group,Summit Nissan Ridgemont,Maintenance,155,32722,32070,1,1.2
2025-05,Summit Auto Group,Summit Nissan Ridgemont,Repair,90,12856,9388,1,1.6
2025-05,Summit Auto Group,Summit Nissan Ridgemont,Tires,30,6336,5778,1,1.7
2025-05,Summit Auto Group,Summit Nissan Ridgemont,Recall,20,2824,2229,0,1.6
2025-05,Summit Auto Group,Summit Nissan Ridgemont,Warranty,40,7028,6133,0,2.8
2025-05,Summit Auto Group,Summit Subaru Northgate,Maintenance,131,28659,25783,1,2.0
2025-05,Summit Auto Group,Summit Subaru Northgate,Repair,77,15892,12307,1,2.1
2025-05,Summit Auto Group,Summit Subaru Northgate,Tires,25,5632,4513,1,2.8
2025-05,Summit Auto Group,Summit Subaru Northgate,Recall,17,2438,2104,0,1.9
2025-05,Summit Auto Group,Summit Subaru Northgate,Warranty,34,5385,5784,0,1.7
2025-05,Summit Auto Group,Summit Toyota of Fairview,Maintenance,259,52075,40901,1,1.9
2025-05,Summit Auto Group,Summit Toyota of Fairview,Repair,152,34021,20582,1,3.2
2025-05,Summit Auto Group,Summit Toyota of Fairview,Tires,50,9244,4996,1,2.1
2025-05,Summit Auto Group,Summit Toyota of Fairview,Recall,33,7585,4533,0,1.4
2025-05,Summit Auto Group,Summit Toyota of Fairview,Warranty,67,13598,6241,0,2.0
2025-05,Summit Auto Group,Summit Volkswagen Eastdale,Maintenance,94,14072,14999,1,1.1
2025-05,Summit Auto Group,Summit Volkswagen Eastdale,Repair,55,7929,10336,1,2.1
2025-05,Summit Auto Group,Summit Volkswagen Eastdale,Tires,18,4531,3031,1,2.6
2025-05,Summit Auto Group,Summit Volkswagen Eastdale,Recall,12,1750,2048,0,1.2
2025-05,Summit Auto Group,Summit Volkswagen Eastdale,Warranty,24,4309,3254,0,2.0
2025-06,Harbor Motor Group,Harbor BMW,Maintenance,168,27935,30499,1,3.2
2025-06,Harbor Motor Group,Harbor BMW,Repair,98,24210,13967,1,2.1
2025-06,Harbor Motor Group,Harbor BMW,Tires,32,4745,3330,1,1.4
2025-06,Harbor Motor Group,Harbor BMW,Recall,21,3950,2765,0,2.2
2025-06,Harbor Motor Group,Harbor BMW,Warranty,43,9220,6577,0,2.0
2025-06,Harbor Motor Group,Harbor Chevrolet Marina,Maintenance,189,28165,27565,1,1.0
2025-06,Harbor Motor Group,Harbor Chevrolet Marina,Repair,111,20936,11829,1,2.3
2025-06,Harbor Motor Group,Harbor Chevrolet Marina,Tires,37,8388,5623,1,3.3
2025-06,Harbor Motor Group,Harbor Chevrolet Marina,Recall,24,4885,3466,0,2.2
2025-06,Harbor Motor Group,Harbor Chevrolet Marina,Warranty,49,9527,6790,0,1.2
2025-06,Harbor Motor Group,Harbor Ford Portside,Maintenance,211,31558,36045,1,1.3
2025-06,Harbor Motor Group,Harbor Ford Portside,Repair,123,26987,11740,1,1.6
2025-06,Harbor Motor Group,Harbor Ford Portside,Tires,41,8001,4687,1,3.1
2025-06,Harbor Motor Group,Harbor Ford Portside,Recall,27,5640,3648,0,2.5
2025-06,Harbor Motor Group,Harbor Ford Portside,Warranty,55,8960,10015,0,1.3
2025-06,Harbor Motor Group,Harbor Honda Seaside,Maintenance,181,33603,37664,1,2.2
2025-06,Harbor Motor Group,Harbor Honda Seaside,Repair,106,24815,15742,1,3.3
2025-06,Harbor Motor Group,Harbor Honda Seaside,Tires,35,5775,6121,1,2.8
2025-06,Harbor Motor Group,Harbor Honda Seaside,Recall,23,5120,3720,0,3.2
2025-06,Harbor Motor Group,Harbor Honda Seaside,Warranty,47,11112,7596,0,0.9
2025-06,Harbor Motor Group,Harbor Jeep Ram Anchor,Maintenance,167,34633,21732,1,2.8
2025-06,Harbor Motor Group,Harbor Jeep Ram Anchor,Repair,98,21925,10063,1,1.3
2025-06,Harbor Motor Group,Harbor Jeep Ram Anchor,Tires,32,6314,4691,1,3.2
2025-06,Harbor Motor Group,Harbor Jeep Ram Anchor,Recall,21,4891,3625,0,1.4
2025-06,Harbor Motor Group,Harbor Jeep Ram Anchor,Warranty,43,6089,7696,0,1.5
2025-06,Harbor Motor Group,Harbor Kia Lighthouse,Maintenance,111,28202,15753,1,1.7
2025-06,Harbor Motor Group,Harbor Kia Lighthouse,Repair,65,10579,6023,1,1.8
2025-06,Harbor Motor Group,Harbor Kia Lighthouse,Tires,21,5095,2180,1,1.7
2025-06,Harbor Motor Group,Harbor Kia Lighthouse,Recall,14,3285,2191,0,0.9
2025-06,Harbor Motor Group,Harbor Kia Lighthouse,Warranty,29,5908,4100,0,1.4
2025-06,Harbor Motor Group,Harbor Subaru Tidewater,Maintenance,97,15071,17444,1,1.6
2025-06,Harbor Motor Group,Harbor Subaru Tidewater,Repair,57,8664,9530,1,1.9
2025-06,Harbor Motor Group,Harbor Subaru Tidewater,Tires,19,3878,2856,1,1.7
2025-06,Harbor Motor Group,Harbor Subaru Tidewater,Recall,12,1726,2335,0,1.8
2025-06,Harbor Motor Group,Harbor Subaru Tidewater,Warranty,25,6335,3099,0,2.3
2025-06,Harbor Motor Group,Harbor Toyota Bayview,Maintenance,260,63727,42039,1,1.3
2025-06,Harbor Motor Group,Harbor Toyota Bayview,Repair,152,24160,30883,1,2.3
2025-06,Harbor Motor Group,Harbor Toyota Bayview,Tires,50,8811,7297,1,2.3
2025-06,Harbor Motor Group,Harbor Toyota Bayview,Recall,33,6635,4646,0,1.2
2025-06,Harbor Motor Group,Harbor Toyota Bayview,Warranty,67,17341,12687,0,1.2
2025-06,Summit Auto Group,Summit BMW,Maintenance,211,42625,36767,1,2.1
2025-06,Summit Auto Group,Summit BMW,Repair,124,31422,21636,1,2.2
2025-06,Summit Auto Group,Summit BMW,Tires,41,10209,6815,1,1.8
2025-06,Summit Auto Group,Summit BMW,Recall,27,6076,2903,0,1.8
2025-06,Summit Auto Group,Summit BMW,Warranty,55,9129,6364,0,1.6
2025-06,Summit Auto Group,Summit Chevrolet Glenpark,Maintenance,183,29285,31431,1,1.4
2025-06,Summit Auto Group,Summit Chevrolet Glenpark,Repair,107,15499,20910,1,1.1
2025-06,Summit Auto Group,Summit Chevrolet Glenpark,Tires,35,8325,7162,1,0.9
2025-06,Summit Auto Group,Summit Chevrolet Glenpark,Recall,23,3242,4313,0,2.2
2025-06,Summit Auto Group,Summit Chevrolet Glenpark,Warranty,47,10273,9087,0,2.9
2025-06,Summit Auto Group,Summit Ford Rivera,Maintenance,247,60280,29780,1,3.1
2025-06,Summit Auto Group,Summit Ford Rivera,Repair,145,28688,30086,1,1.7
2025-06,Summit Auto Group,Summit Ford Rivera,Tires,48,8176,4654,1,1.0
2025-06,Summit Auto Group,Summit Ford Rivera,Recall,32,5247,4140,0,1.4
2025-06,Summit Auto Group,Summit Ford Rivera,Warranty,64,14587,6390,0,2.2
2025-06,Summit Auto Group,Summit Honda Westland,Maintenance,231,34291,48130,1,2.1
2025-06,Summit Auto Group,Summit Honda Westland,Repair,135,32788,19413,1,3.0
2025-06,Summit Auto Group,Summit Honda Westland,Tires,45,10944,7201,1,3.2
2025-06,Summit Auto Group,Summit Honda Westland,Recall,30,6249,5595,0,2.9
2025-06,Summit Auto Group,Summit Honda Westland,Warranty,60,12091,9454,0,2.4
2025-06,Summit Auto Group,Summit Hyundai Oakhurst,Maintenance,150,24961,26535,1,2.7
2025-06,Summit Auto Group,Summit Hyundai Oakhurst,Repair,88,18518,11615,1,1.3
2025-06,Summit Auto Group,Summit Hyundai Oakhurst,Tires,29,6738,5997,1,2.5
2025-06,Summit Auto Group,Summit Hyundai Oakhurst,Recall,19,3641,3612,0,2.4
2025-06,Summit Auto Group,Summit Hyundai Oakhurst,Warranty,39,5608,4836,0,1.8
2025-06,Summit Auto Group,Summit Jeep Ram Clearwater,Maintenance,177,27797,31279,1,1.9
2025-06,Summit Auto Group,Summit Jeep Ram Clearwater,Repair,104,25221,21119,1,2.2
2025-06,Summit Auto Group,Summit Jeep Ram Clearwater,Tires,34,4988,3119,1,2.4
2025-06,Summit Auto Group,Summit Jeep Ram Clearwater,Recall,23,5109,4234,0,1.2
2025-06,Summit Auto Group,Summit Jeep Ram Clearwater,Warranty,46,10999,6447,0,1.1
2025-06,Summit Auto Group,Summit Kia Brookfield,Maintenance,119,25386,24983,1,3.4
2025-06,Summit Auto Group,Summit Kia Brookfield,Repair,69,17663,6747,1,2.1
2025-06,Summit Auto Group,Summit Kia Brookfield,Tires,23,4241,4260,1,2.0
2025-06,Summit Auto Group,Summit Kia Brookfield,Recall,15,2530,2827,0,0.9
2025-06,Summit Auto Group,Summit Kia Brookfield,Warranty,31,7667,5018,0,2.8
2025-06,Summit Auto Group,Summit Mazda Lakeside,Maintenance,106,24733,9592,1,0.9
2025-06,Summit Auto Group,Summit Mazda Lakeside,Repair,62,9434,9148,1,2.6
2025-06,Summit Auto Group,Summit Mazda Lakeside,Tires,20,5173,2841,1,2.6
2025-06,Summit Auto Group,Summit Mazda Lakeside,Recall,13,1839,2627,0,1.6
2025-06,Summit Auto Group,Summit Mazda Lakeside,Warranty,27,4586,4139,0,1.8
2025-06,Summit Auto Group,Summit Nissan Ridgemont,Maintenance,131,29982,12054,1,2.3
2025-06,Summit Auto Group,Summit Nissan Ridgemont,Repair,76,13224,9218,1,1.4
2025-06,Summit Auto Group,Summit Nissan Ridgemont,Tires,25,6259,2800,1,3.1
2025-06,Summit Auto Group,Summit Nissan Ridgemont,Recall,17,4005,2941,0,1.5
2025-06,Summit Auto Group,Summit Nissan Ridgemont,Warranty,34,6983,5211,0,3.0
2025-06,Summit Auto Group,Summit Subaru Northgate,Maintenance,127,26087,26659,1,3.4
2025-06,Summit Auto Group,Summit Subaru Northgate,Repair,74,16630,14252,1,2.7
2025-06,Summit Auto Group,Summit Subaru Northgate,Tires,24,4806,3679,1,1.0
2025-06,Summit Auto Group,Summit Subaru Northgate,Recall,16,2653,2344,0,1.9
2025-06,Summit Auto Group,Summit Subaru Northgate,Warranty,33,4701,4684,0,2.0
2025-06,Summit Auto Group,Summit Toyota of Fairview,Maintenance,235,35744,35048,1,0.9
2025-06,Summit Auto Group,Summit Toyota of Fairview,Repair,138,24366,24723,1,1.5
2025-06,Summit Auto Group,Summit Toyota of Fairview,Tires,46,9244,9198,1,1.6
2025-06,Summit Auto Group,Summit Toyota of Fairview,Recall,30,5082,5219,0,3.2
2025-06,Summit Auto Group,Summit Toyota of Fairview,Warranty,61,10501,7538,0,1.6
2025-06,Summit Auto Group,Summit Volkswagen Eastdale,Maintenance,98,21767,13937,1,1.5
2025-06,Summit Auto Group,Summit Volkswagen Eastdale,Repair,57,10464,11477,1,1.1
2025-06,Summit Auto Group,Summit Volkswagen Eastdale,Tires,19,4782,2780,1,1.0
2025-06,Summit Auto Group,Summit Volkswagen Eastdale,Recall,12,2877,1663,0,2.4
2025-06,Summit Auto Group,Summit Volkswagen Eastdale,Warranty,25,3593,4065,0,1.6
2025-07,Harbor Motor Group,Harbor BMW,Maintenance,226,32179,38955,1,3.0
2025-07,Harbor Motor Group,Harbor BMW,Repair,132,24704,18022,1,2.8
2025-07,Harbor Motor Group,Harbor BMW,Tires,44,8917,6699,1,3.3
2025-07,Harbor Motor Group,Harbor BMW,Recall,29,6768,3976,0,1.4
2025-07,Harbor Motor Group,Harbor BMW,Warranty,59,12358,10850,0,3.0
2025-07,Harbor Motor Group,Harbor Chevrolet Marina,Maintenance,187,31139,32635,1,1.2
2025-07,Harbor Motor Group,Harbor Chevrolet Marina,Repair,110,17377,20804,1,1.4
2025-07,Harbor Motor Group,Harbor Chevrolet Marina,Tires,36,8032,5304,1,0.8
2025-07,Harbor Motor Group,Harbor Chevrolet Marina,Recall,24,4900,2405,0,3.3
2025-07,Harbor Motor Group,Harbor Chevrolet Marina,Warranty,48,9255,7494,0,1.5
2025-07,Harbor Motor Group,Harbor Ford Portside,Maintenance,210,50058,26134,1,2.9
2025-07,Harbor Motor Group,Harbor Ford Portside,Repair,123,18265,19917,1,2.3
2025-07,Harbor Motor Group,Harbor Ford Portside,Tires,41,7759,5402,1,2.7
2025-07,Harbor Motor Group,Harbor Ford Portside,Recall,27,6892,2535,0,2.4
2025-07,Harbor Motor Group,Harbor Ford Portside,Warranty,54,11304,10605,0,3.1
2025-07,Harbor Motor Group,Harbor Honda Seaside,Maintenance,204,28733,27634,1,2.2
2025-07,Harbor Motor Group,Harbor Honda Seaside,Repair,119,18636,16840,1,2.9
2025-07,Harbor Motor Group,Harbor Honda Seaside,Tires,39,9500,4500,1,2.2
2025-07,Harbor Motor Group,Harbor Honda Seaside,Recall,26,3962,4739,0,2.4
2025-07,Harbor Motor Group,Harbor Honda Seaside,Warranty,53,9462,8855,0,1.4
2025-07,Harbor Motor Group,Harbor Jeep Ram Anchor,Maintenance,151,35627,25017,1,3.1
2025-07,Harbor Motor Group,Harbor Jeep Ram Anchor,Repair,89,13400,11899,1,1.3
2025-07,Harbor Motor Group,Harbor Jeep Ram Anchor,Tires,29,4068,4185,1,2.8
2025-07,Harbor Motor Group,Harbor Jeep Ram Anchor,Recall,19,3781,1711,0,2.7
2025-07,Harbor Motor Group,Harbor Jeep Ram Anchor,Warranty,39,7786,4939,0,1.4
2025-07,Harbor Motor Group,Harbor Kia Lighthouse,Maintenance,114,17997,17509,1,1.3
2025-07,Harbor Motor Group,Harbor Kia Lighthouse,Repair,67,16380,11308,1,3.0
2025-07,Harbor Motor Group,Harbor Kia Lighthouse,Tires,22,3153,3099,1,1.3
2025-07,Harbor Motor Group,Harbor Kia Lighthouse,Recall,14,2659,2456,0,2.6
2025-07,Harbor Motor Group,Harbor Kia Lighthouse,Warranty,29,5029,5269,0,1.4
2025-07,Harbor Motor Group,Harbor Subaru Tidewater,Maintenance,107,25624,10491,1,3.0
2025-07,Harbor Motor Group,Harbor Subaru Tidewater,Repair,62,12591,9838,1,2.5
2025-07,Harbor Motor Group,Harbor Subaru Tidewater,Tires,20,4911,3519,1,1.6
2025-07,Harbor Motor Group,Harbor Subaru Tidewater,Recall,13,2039,2218,0,2.3
2025-07,Harbor Motor Group,Harbor Subaru Tidewater,Warranty,27,4296,2607,0,2.0
2025-07,Harbor Motor Group,Harbor Toyota Bayview,Maintenance,209,45751,37098,1,1.0
2025-07,Harbor Motor Group,Harbor Toyota Bayview,Repair,122,18095,23707,1,1.2
2025-07,Harbor Motor Group,Harbor Toyota Bayview,Tires,40,8599,5625,1,2.4
2025-07,Harbor Motor Group,Harbor Toyota Bayview,Recall,27,5390,4545,0,2.3
2025-07,Harbor Motor Group,Harbor Toyota Bayview,Warranty,54,13053,7624,0,2.5
2025-07,Summit Auto Group,Summit BMW,Maintenance,218,42596,23676,1,1.9
2025-07,Summit Auto Group,Summit BMW,Repair,128,27474,23488,1,3.1
2025-07,Summit Auto Group,Summit BMW,Tires,42,6207,7677,1,1.7
2025-07,Summit Auto Group,Summit BMW,Recall,28,7128,4023,0,2.6
2025-07,Summit Auto Group,Summit BMW,Warranty,57,11295,10809,0,2.3
2025-07,Summit Auto Group,Summit Chevrolet Glenpark,Maintenance,220,44523,27254,1,0.9
2025-07,Summit Auto Group,Summit Chevrolet Glenpark,Repair,129,30948,24755,1,1.8
2025-07,Summit Auto Group,Summit Chevrolet Glenpark,Tires,43,6407,7205,1,1.7
2025-07,Summit Auto Group,Summit Chevrolet Glenpark,Recall,28,6271,4780,0,1.1
2025-07,Summit Auto Group,Summit Chevrolet Glenpark,Warranty,57,11467,5618,0,2.9
2025-07,Summit Auto Group,Summit Ford Rivera,Maintenance,216,38358,40764,1,0.8
2025-07,Summit Auto Group,Summit Ford Rivera,Repair,127,30408,25371,1,2.3
2025-07,Summit Auto Group,Summit Ford Rivera,Tires,42,7618,7963,1,1.4
2025-07,Summit Auto Group,Summit Ford Rivera,Recall,28,5322,3715,0,2.0
2025-07,Summit Auto Group,Summit Ford Rivera,Warranty,56,12392,7058,0,2.2
2025-07,Summit Auto Group,Summit Honda Westland,Maintenance,217,43707,40544,1,1.3
2025-07,Summit Auto Group,Summit Honda Westland,Repair,127,21387,13117,1,2.6
2025-07,Summit Auto Group,Summit Honda Westland,Tires,42,6997,5682,1,3.0
2025-07,Summit Auto Group,Summit Honda Westland,Recall,28,4221,3414,0,2.4
2025-07,Summit Auto Group,Summit Honda Westland,Warranty,56,10488,7108,0,1.9
2025-07,Summit Auto Group,Summit Hyundai Oakhurst,Maintenance,159,29400,20835,1,2.5
2025-07,Summit Auto Group,Summit Hyundai Oakhurst,Repair,93,21842,10600,1,3.1
2025-07,Summit Auto Group,Summit Hyundai Oakhurst,Tires,31,6688,3440,1,1.1
2025-07,Summit Auto Group,Summit Hyundai Oakhurst,Recall,20,3030,2967,0,2.8
2025-07,Summit Auto Group,Summit Hyundai Oakhurst,Warranty,41,6145,5960,0,1.1
2025-07,Summit Auto Group,Summit Jeep Ram Clearwater,Maintenance,167,31746,28824,1,1.4
2025-07,Summit Auto Group,Summit Jeep Ram Clearwater,Repair,98,15761,17402,1,2.8
2025-07,Summit Auto Group,Summit Jeep Ram Clearwater,Tires,32,7087,4964,1,2.3
2025-07,Summit Auto Group,Summit Jeep Ram Clearwater,Recall,21,4884,2109,0,2.3
2025-07,Summit Auto Group,Summit Jeep Ram Clearwater,Warranty,43,10645,8509,0,1.2
2025-07,Summit Auto Group,Summit Kia Brookfield,Maintenance,132,18936,22475,1,1.4
2025-07,Summit Auto Group,Summit Kia Brookfield,Repair,77,15787,10567,1,2.4
2025-07,Summit Auto Group,Summit Kia Brookfield,Tires,25,4121,3647,1,1.9
2025-07,Summit Auto Group,Summit Kia Brookfield,Recall,17,4270,3493,0,2.6
2025-07,Summit Auto Group,Summit Kia Brookfield,Warranty,34,8160,5273,0,3.1
2025-07,Summit Auto Group,Summit Mazda Lakeside,Maintenance,99,19157,16263,1,1.5
2025-07,Summit Auto Group,Summit Mazda Lakeside,Repair,58,11896,9536,1,1.2
2025-07,Summit Auto Group,Summit Mazda Lakeside,Tires,19,4934,3075,1,3.0
2025-07,Summit Auto Group,Summit Mazda Lakeside,Recall,12,2739,2125,0,1.0
2025-07,Summit Auto Group,Summit Mazda Lakeside,Warranty,25,4994,4232,0,3.1
2025-07,Summit Auto Group,Summit Nissan Ridgemont,Maintenance,180,39950,16347,1,2.1
2025-07,Summit Auto Group,Summit Nissan Ridgemont,Repair,106,26992,15361,1,1.6
2025-07,Summit Auto Group,Summit Nissan Ridgemont,Tires,35,5363,6378,1,1.6
2025-07,Summit Auto Group,Summit Nissan Ridgemont,Recall,23,3963,2354,0,3.4
2025-07,Summit Auto Group,Summit Nissan Ridgemont,Warranty,47,8999,9518,0,2.3
2025-07,Summit Auto Group,Summit Subaru Northgate,Maintenance,137,30036,15469,1,1.8
2025-07,Summit Auto Group,Summit Subaru Northgate,Repair,80,14192,11006,1,2.9
2025-07,Summit Auto Group,Summit Subaru Northgate,Tires,26,6521,3933,1,1.1
2025-07,Summit Auto Group,Summit Subaru Northgate,Recall,17,4140,2813,0,1.1
2025-07,Summit Auto Group,Summit Subaru Northgate,Warranty,35,7221,7286,0,1.5
2025-07,Summit Auto Group,Summit Toyota of Fairview,Maintenance,228,42576,20740,1,1.7
2025-07,Summit Auto Group,Summit Toyota of Fairview,Repair,133,32353,18171,1,2.2
2025-07,Summit Auto Group,Summit Toyota of Fairview,Tires,44,7714,6315,1,1.7
2025-07,Summit Auto Group,Summit Toyota of Fairview,Recall,29,5440,4411,0,2.8
2025-07,Summit Auto Group,Summit Toyota of Fairview,Warranty,59,9256,9433,0,1.7
2025-07,Summit Auto Group,Summit Volkswagen Eastdale,Maintenance,117,28220,18273,1,3.1
2025-07,Summit Auto Group,Summit Volkswagen Eastdale,Repair,69,15612,14085,1,1.7
2025-07,Summit Auto Group,Summit Volkswagen Eastdale,Tires,23,4663,2381,1,1.9
2025-07,Summit Auto Group,Summit Volkswagen Eastdale,Recall,15,2683,2949,0,1.3
2025-07,Summit Auto Group,Summit Volkswagen Eastdale,Warranty,30,6593,3283,0,2.6
2025-08,Harbor Motor Group,Harbor BMW,Maintenance,196,41925,25181,1,1.9
2025-08,Harbor Motor Group,Harbor BMW,Repair,115,25378,15114,1,2.2
2025-08,Harbor Motor Group,Harbor BMW,Tires,38,9727,6608,1,1.1
2025-08,Harbor Motor Group,Harbor BMW,Recall,25,4056,2406,0,2.9
2025-08,Harbor Motor Group,Harbor BMW,Warranty,51,9573,6158,0,2.7
2025-08,Harbor Motor Group,Harbor Chevrolet Marina,Maintenance,199,29167,38632,1,2.7
2025-08,Harbor Motor Group,Harbor Chevrolet Marina,Repair,117,16404,11143,1,2.1
2025-08,Harbor Motor Group,Harbor Chevrolet Marina,Tires,39,9988,3771,1,0.9
2025-08,Harbor Motor Group,Harbor Chevrolet Marina,Recall,26,6059,4002,0,1.4
2025-08,Harbor Motor Group,Harbor Chevrolet Marina,Warranty,52,8995,9633,0,2.9
2025-08,Harbor Motor Group,Harbor Ford Portside,Maintenance,200,48108,18197,1,1.1
2025-08,Harbor Motor Group,Harbor Ford Portside,Repair,117,23024,18451,1,2.2
2025-08,Harbor Motor Group,Harbor Ford Portside,Tires,39,5591,5066,1,2.0
2025-08,Harbor Motor Group,Harbor Ford Portside,Recall,26,6298,2863,0,1.8
2025-08,Harbor Motor Group,Harbor Ford Portside,Warranty,52,12698,8446,0,0.8
2025-08,Harbor Motor Group,Harbor Honda Seaside,Maintenance,188,31388,26165,1,1.0
2025-08,Harbor Motor Group,Harbor Honda Seaside,Repair,110,16172,10492,1,1.6
2025-08,Harbor Motor Group,Harbor Honda Seaside,Tires,36,7109,4572,1,1.4
2025-08,Harbor Motor Group,Harbor Honda Seaside,Recall,24,5844,4891,0,2.8
2025-08,Harbor Motor Group,Harbor Honda Seaside,Warranty,49,10342,6616,0,2.4
2025-08,Harbor Motor Group,Harbor Jeep Ram Anchor,Maintenance,165,32318,24508,1,1.3
2025-08,Harbor Motor Group,Harbor Jeep Ram Anchor,Repair,97,20362,20333,1,2.0
2025-08,Harbor Motor Group,Harbor Jeep Ram Anchor,Tires,32,7863,4724,1,0.9
2025-08,Harbor Motor Group,Harbor Jeep Ram Anchor,Recall,21,3551,2504,0,3.2
2025-08,Harbor Motor Group,Harbor Jeep Ram Anchor,Warranty,43,8375,5041,0,2.6
2025-08,Harbor Motor Group,Harbor Kia Lighthouse,Maintenance,135,32720,19281,1,2.7
2025-08,Harbor Motor Group,Harbor Kia Lighthouse,Repair,79,18477,13342,1,1.2
2025-08,Harbor Motor Group,Harbor Kia Lighthouse,Tires,26,5771,2925,1,1.6
2025-08,Harbor Motor Group,Harbor Kia Lighthouse,Recall,17,3077,3466,0,0.9
2025-08,Harbor Motor Group,Harbor Kia Lighthouse,Warranty,35,5668,4532,0,1.0
2025-08,Harbor Motor Group,Harbor Subaru Tidewater,Maintenance,138,27822,28622,1,2.1
2025-08,Harbor Motor Group,Harbor Subaru Tidewater,Repair,81,18466,12421,1,1.7
2025-08,Harbor Motor Group,Harbor Subaru Tidewater,Tires,27,6640,4524,1,2.4
2025-08,Harbor Motor Group,Harbor Subaru Tidewater,Recall,18,2891,2217,0,2.7
2025-08,Harbor Motor Group,Harbor Subaru Tidewater,Warranty,36,8803,6281,0,3.0
2025-08,Harbor Motor Group,Harbor Toyota Bayview,Maintenance,247,46561,32649,1,1.8
2025-08,Harbor Motor Group,Harbor Toyota Bayview,Repair,145,25751,29122,1,1.3
2025-08,Harbor Motor Group,Harbor Toyota Bayview,Tires,48,11639,7476,1,3.3
2025-08,Harbor Motor Group,Harbor Toyota Bayview,Recall,32,6006,6236,0,2.1
2025-08,Harbor Motor Group,Harbor Toyota Bayview,Warranty,64,14505,8672,0,2.3
2025-08,Summit Auto Group,Summit BMW,Maintenance,231,54094,23205,1,1.8
2025-08,Summit Auto Group,Summit BMW,Repair,136,30509,15796,1,2.9
2025-08,Summit Auto Group,Summit BMW,Tires,45,10786,6469,1,3.1
2025-08,Summit Auto Group,Summit BMW,Recall,30,5884,5236,0,3.1
2025-08,Summit Auto Group,Summit BMW,Warranty,60,12017,5543,0,2.4
2025-08,Summit Auto Group,Summit Chevrolet Glenpark,Maintenance,227,42884,42134,1,1.4
2025-08,Summit Auto Group,Summit Chevrolet Glenpark,Repair,133,32255,16983,1,2.2
2025-08,Summit Auto Group,Summit Chevrolet Glenpark,Tires,44,10873,8889,1,1.1
2025-08,Summit Auto Group,Summit Chevrolet Glenpark,Recall,29,5989,3672,0,0.9
2025-08,Summit Auto Group,Summit Chevrolet Glenpark,Warranty,59,13008,9542,0,3.3
2025-08,Summit Auto Group,Summit Ford Rivera,Maintenance,230,55529,44669,1,3.1
2025-08,Summit Auto Group,Summit Ford Rivera,Repair,135,29347,19357,1,1.4
2025-08,Summit Auto Group,Summit Ford Rivera,Tires,45,9196,7341,1,3.2
2025-08,Summit Auto Group,Summit Ford Rivera,Recall,30,4538,5660,0,0.8
2025-08,Summit Auto Group,Summit Ford Rivera,Warranty,60,11326,11712,0,1.4
2025-08,Summit Auto Group,Summit Honda Westland,Maintenance,225,56592,37271,1,1.4
2025-08,Summit Auto Group,Summit Honda Westland,Repair,132,28332,12487,1,2.2
2025-08,Summit Auto Group,Summit Honda Westland,Tires,44,7092,6773,1,1.4
2025-08,Summit Auto Group,Summit Honda Westland,Recall,29,6808,5803,0,2.7
2025-08,Summit Auto Group,Summit Honda Westland,Warranty,58,14079,8455,0,2.7
2025-08,Summit Auto Group,Summit Hyundai Oakhurst,Maintenance,143,35745,18289,1,2.7
2025-08,Summit Auto Group,Summit Hyundai Oakhurst,Repair,84,16821,13079,1,2.9
2025-08,Summit Auto Group,Summit Hyundai Oakhurst,Tires,28,5594,4141,1,2.9
2025-08,Summit Auto Group,Summit Hyundai Oakhurst,Recall,18,2873,1863,0,2.9
2025-08,Summit Auto Group,Summit Hyundai Oakhurst,Warranty,37,5939,7494,0,2.1
2025-08,Summit Auto Group,Summit Jeep Ram Clearwater,Maintenance,174,35620,31129,1,3.1
2025-08,Summit Auto Group,Summit Jeep Ram Clearwater,Repair,102,18098,19275,1,1.2
2025-08,Summit Auto Group,Summit Jeep Ram Clearwater,Tires,34,6013,6495,1,3.0
2025-08,Summit Auto Group,Summit Jeep Ram Clearwater,Recall,22,3876,2834,0,2.0
2025-08,Summit Auto Group,Summit Jeep Ram Clearwater,Warranty,45,10868,4836,0,1.1
2025-08,Summit Auto Group,Summit Kia Brookfield,Maintenance,149,29524,15387,1,2.4
2025-08,Summit Auto Group,Summit Kia Brookfield,Repair,87,17386,10866,1,1.7
2025-08,Summit Auto Group,Summit Kia Brookfield,Tires,29,7245,5168,1,2.3
2025-08,Summit Auto Group,Summit Kia Brookfield,Recall,19,3495,1751,0,1.0
2025-08,Summit Auto Group,Summit Kia Brookfield,Warranty,39,6554,6528,0,1.2
2025-08,Summit Auto Group,Summit Mazda Lakeside,Maintenance,122,26242,18306,1,1.0
2025-08,Summit Auto Group,Summit Mazda Lakeside,Repair,71,10300,11974,1,1.1
2025-08,Summit Auto Group,Summit Mazda Lakeside,Tires,23,3937,4363,1,1.4
2025-08,Summit Auto Group,Summit Mazda Lakeside,Recall,15,3622,1903,0,3.1
2025-08,Summit Auto Group,Summit Mazda Lakeside,Warranty,31,6838,4988,0,0.8
2025-08,Summit Auto Group,Summit Nissan Ridgemont,Maintenance,171,40600,20140,1,2.8
2025-08,Summit Auto Group,Summit Nissan Ridgemont,Repair,100,24386,17069,1,2.9
2025-08,Summit Auto Group,Summit Nissan Ridgemont,Tires,33,4813,3777,1,1.1
2025-08,Summit Auto Group,Summit Nissan Ridgemont,Recall,22,3564,2542,0,1.9
2025-08,Summit Auto Group,Summit Nissan Ridgemont,Warranty,44,7371,7091,0,1.0
2025-08,Summit Auto Group,Summit Subaru Northgate,Maintenance,130,22713,17940,1,1.1
2025-08,Summit Auto Group,Summit Subaru Northgate,Repair,76,10895,14152,1,1.8
2025-08,Summit Auto Group,Summit Subaru Northgate,Tires,25,5129,3996,1,1.3
2025-08,Summit Auto Group,Summit Subaru Northgate,Recall,16,3560,2067,0,1.5
2025-08,Summit Auto Group,Summit Subaru Northgate,Warranty,33,6329,5323,0,2.1
2025-08,Summit Auto Group,Summit Toyota of Fairview,Maintenance,273,54850,42826,1,2.4
2025-08,Summit Auto Group,Summit Toyota of Fairview,Repair,160,32016,30938,1,1.4
2025-08,Summit Auto Group,Summit Toyota of Fairview,Tires,53,8915,5826,1,1.7
2025-08,Summit Auto Group,Summit Toyota of Fairview,Recall,35,7868,4946,0,1.1
2025-08,Summit Auto Group,Summit Toyota of Fairview,Warranty,71,16023,11834,0,2.6
2025-08,Summit Auto Group,Summit Volkswagen Eastdale,Maintenance,89,20589,17770,1,2.5
2025-08,Summit Auto Group,Summit Volkswagen Eastdale,Repair,52,11425,10175,1,2.9
2025-08,Summit Auto Group,Summit Volkswagen Eastdale,Tires,17,3483,1534,1,1.8
2025-08,Summit Auto Group,Summit Volkswagen Eastdale,Recall,11,2582,1881,0,2.2
2025-08,Summit Auto Group,Summit Volkswagen Eastdale,Warranty,23,3894,2149,0,3.1
2025-09,Harbor Motor Group,Harbor BMW,Maintenance,159,23935,22548,1,1.3
2025-09,Harbor Motor Group,Harbor BMW,Repair,93,14918,17022,1,1.3
2025-09,Harbor Motor Group,Harbor BMW,Tires,31,7989,6001,1,1.6
2025-09,Harbor Motor Group,Harbor BMW,Recall,20,3902,2062,0,3.2
2025-09,Harbor Motor Group,Harbor BMW,Warranty,41,6972,8198,0,2.7
2025-09,Harbor Motor Group,Harbor Chevrolet Marina,Maintenance,179,36466,20580,1,3.1
2025-09,Harbor Motor Group,Harbor Chevrolet Marina,Repair,105,21067,16126,1,3.0
2025-09,Harbor Motor Group,Harbor Chevrolet Marina,Tires,35,6457,6155,1,2.1
2025-09,Harbor Motor Group,Harbor Chevrolet Marina,Recall,23,5356,2443,0,2.2
2025-09,Harbor Motor Group,Harbor Chevrolet Marina,Warranty,46,11855,4592,0,1.9
2025-09,Harbor Motor Group,Harbor Ford Portside,Maintenance,183,27980,30388,1,1.3
2025-09,Harbor Motor Group,Harbor Ford Portside,Repair,107,23110,19176,1,3.1
2025-09,Harbor Motor Group,Harbor Ford Portside,Tires,35,6979,6560,1,2.7
2025-09,Harbor Motor Group,Harbor Ford Portside,Recall,23,4930,4102,0,2.9
2025-09,Harbor Motor Group,Harbor Ford Portside,Warranty,47,12099,5894,0,2.3
2025-09,Harbor Motor Group,Harbor Honda Seaside,Maintenance,203,47828,19664,1,3.0
2025-09,Harbor Motor Group,Harbor Honda Seaside,Repair,119,29818,17415,1,1.8
2025-09,Harbor Motor Group,Harbor Honda Seaside,Tires,39,7801,5198,1,1.2
2025-09,Harbor Motor Group,Harbor Honda Seaside,Recall,26,6264,2967,0,1.5
2025-09,Harbor Motor Group,Harbor Honda Seaside,Warranty,53,11177,5270,0,1.8
2025-09,Harbor Motor Group,Harbor Jeep Ram Anchor,Maintenance,158,22156,25491,1,2.0
2025-09,Harbor Motor Group,Harbor Jeep Ram Anchor,Repair,92,20516,13887,1,3.4
2025-09,Harbor Motor Group,Harbor Jeep Ram Anchor,Tires,30,5185,4355,1,1.0
2025-09,Harbor Motor Group,Harbor Jeep Ram Anchor,Recall,20,3130,3499,0,1.3
2025-09,Harbor Motor Group,Harbor Jeep Ram Anchor,Warranty,41,8806,4127,0,2.2
2025-09,Harbor Motor Group,Harbor Kia Lighthouse,Maintenance,130,29231,19201,1,2.6
2025-09,Harbor Motor Group,Harbor Kia Lighthouse,Repair,76,17059,9694,1,1.1
2025-09,Harbor Motor Group,Harbor Kia Lighthouse,Tires,25,3919,2369,1,2.7
2025-09,Harbor Motor Group,Harbor Kia Lighthouse,Recall,17,2677,3516,0,2.9
2025-09,Harbor Motor Group,Harbor Kia Lighthouse,Warranty,34,5117,6068,0,0.8
2025-09,Harbor Motor Group,Harbor Subaru Tidewater,Maintenance,119,19023,11908,1,1.5
2025-09,Harbor Motor Group,Harbor Subaru Tidewater,Repair,70,17696,11204,1,2.3
2025-09,Harbor Motor Group,Harbor Subaru Tidewater,Tires,23,3669,4827,1,2.0
2025-09,Harbor Motor Group,Harbor Subaru Tidewater,Recall,15,3829,1590,0,3.4
2025-09,Harbor Motor Group,Harbor Subaru Tidewater,Warranty,31,6014,5910,0,1.5
2025-09,Harbor Motor Group,Harbor Toyota Bayview,Maintenance,205,35546,34658,1,2.1
2025-09,Harbor Motor Group,Harbor Toyota Bayview,Repair,120,22582,24040,1,3.0
2025-09,Harbor Motor Group,Harbor Toyota Bayview,Tires,40,5649,5139,1,0.8
2025-09,Harbor Motor Group,Harbor Toyota Bayview,Recall,26,6719,2565,0,1.7
2025-09,Harbor Motor Group,Harbor Toyota Bayview,Warranty,53,8750,7328,0,1.3
2025-09,Summit Auto Group,Summit BMW,Maintenance,207,49568,30987,1,2.1
2025-09,Summit Auto Group,Summit BMW,Repair,121,21903,19763,1,0.8
2025-09,Summit Auto Group,Summit BMW,Tires,40,9359,4150,1,2.8
2025-09,Summit Auto Group,Summit BMW,Recall,27,6148,2780,0,3.4
2025-09,Summit Auto Group,Summit BMW,Warranty,54,13178,5499,0,2.8
2025-09,Summit Auto Group,Summit Chevrolet Glenpark,Maintenance,190,38437,37653,1,2.3
2025-09,Summit Auto Group,Summit Chevrolet Glenpark,Repair,111,21800,22613,1,1.0
2025-09,Summit Auto Group,Summit Chevrolet Glenpark,Tires,37,7560,3517,1,2.6
2025-09,Summit Auto Group,Summit Chevrolet Glenpark,Recall,24,5707,2395,0,1.7
2025-09,Summit Auto Group,Summit Chevrolet Glenpark,Warranty,49,9388,10087,0,2.3
2025-09,Summit Auto Group,Summit Ford Rivera,Maintenance,195,35151,30206,1,1.2
2025-09,Summit Auto Group,Summit Ford Rivera,Repair,114,22438,18447,1,1.4
2025-09,Summit Auto Group,Summit Ford Rivera,Tires,38,6191,6251,1,1.0
2025-09,Summit Auto Group,Summit Ford Rivera,Recall,25,3551,3945,0,2.0
2025-09,Summit Auto Group,Summit Ford Rivera,Warranty,50,8823,8109,0,2.7
2025-09,Summit Auto Group,Summit Honda Westland,Maintenance,210,29430,33159,1,0.8
2025-09,Summit Auto Group,Summit Honda Westland,Repair,123,21510,24916,1,3.3
2025-09,Summit Auto Group,Summit Honda Westland,Tires,41,6074,6335,1,3.2
2025-09,Summit Auto Group,Summit Honda Westland,Recall,27,6809,4361,0,2.8
2025-09,Summit Auto Group,Summit Honda Westland,Warranty,54,12093,7879,0,1.1
2025-09,Summit Auto Group,Summit Hyundai Oakhurst,Maintenance,158,27418,16084,1,1.6
2025-09,Summit Auto Group,Summit Hyundai Oakhurst,Repair,93,13620,13816,1,2.8
2025-09,Summit Auto Group,Summit Hyundai Oakhurst,Tires,31,7326,4358,1,2.1
2025-09,Summit Auto Group,Summit Hyundai Oakhurst,Recall,20,3672,3858,0,2.5
2025-09,Summit Auto Group,Summit Hyundai Oakhurst,Warranty,41,9239,6935,0,1.3
2025-09,Summit Auto Group,Summit Jeep Ram Clearwater,Maintenance,170,28915,34433,1,2.7
2025-09,Summit Auto Group,Summit Jeep Ram Clearwater,Repair,99,25619,12266,1,2.5
2025-09,Summit Auto Group,Summit Jeep Ram Clearwater,Tires,33,6687,5601,1,2.6
2025-09,Summit Auto Group,Summit Jeep Ram Clearwater,Recall,22,3276,3825,0,0.9
2025-09,Summit Auto Group,Summit Jeep Ram Clearwater,Warranty,44,6994,8289,0,1.4
2025-09,Summit Auto Group,Summit Kia Brookfield,Maintenance,128,28048,11697,1,1.5
2025-09,Summit Auto Group,Summit Kia Brookfield,Repair,75,11333,7288,1,2.2
2025-09,Summit Auto Group,Summit Kia Brookfield,Tires,25,6467,3599,1,2.4
2025-09,Summit Auto Group,Summit Kia Brookfield,Recall,16,2418,2627,0,2.3
2025-09,Summit Auto Group,Summit Kia Brookfield,Warranty,33,6335,3242,0,1.1
2025-09,Summit Auto Group,Summit Mazda Lakeside,Maintenance,94,16554,16654,1,1.2
2025-09,Summit Auto Group,Summit Mazda Lakeside,Repair,55,13909,11546,1,1.6
2025-09,Summit Auto Group,Summit Mazda Lakeside,Tires,18,3938,3001,1,3.1
2025-09,Summit Auto Group,Summit Mazda Lakeside,Recall,12,2008,1248,0,2.2
2025-09,Summit Auto Group,Summit Mazda Lakeside,Warranty,24,6182,4830,0,2.6
2025-09,Summit Auto Group,Summit Nissan Ridgemont,Maintenance,155,31228,18559,1,2.0
2025-09,Summit Auto Group,Summit Nissan Ridgemont,Repair,91,17729,13222,1,2.0
2025-09,Summit Auto Group,Summit Nissan Ridgemont,Tires,30,7022,4603,1,2.7
2025-09,Summit Auto Group,Summit Nissan Ridgemont,Recall,20,3089,3969,0,0.9
2025-09,Summit Auto Group,Summit Nissan Ridgemont,Warranty,40,9513,5765,0,1.0
2025-09,Summit Auto Group,Summit Subaru Northgate,Maintenance,129,24412,26501,1,2.6
2025-09,Summit Auto Group,Summit Subaru Northgate,Repair,75,14899,11693,1,1.0
2025-09,Summit Auto Group,Summit Subaru Northgate,Tires,25,5225,4394,1,2.7
2025-09,Summit Auto Group,Summit Subaru Northgate,Recall,16,3567,3049,0,3.3
2025-09,Summit Auto Group,Summit Subaru Northgate,Warranty,33,7949,3004,0,2.3
2025-09,Summit Auto Group,Summit Toyota of Fairview,Maintenance,274,52699,29730,1,1.5
2025-09,Summit Auto Group,Summit Toyota of Fairview,Repair,161,26275,32464,1,2.4
2025-09,Summit Auto Group,Summit Toyota of Fairview,Tires,53,11093,9459,1,1.7
2025-09,Summit Auto Group,Summit Toyota of Fairview,Recall,35,7412,3409,0,3.0
2025-09,Summit Auto Group,Summit Toyota of Fairview,Warranty,71,10845,6578,0,1.7
2025-09,Summit Auto Group,Summit Volkswagen Eastdale,Maintenance,92,19218,11042,1,1.5
2025-09,Summit Auto Group,Summit Volkswagen Eastdale,Repair,54,7619,10602,1,1.8
2025-09,Summit Auto Group,Summit Volkswagen Eastdale,Tires,18,3925,1908,1,2.2
2025-09,Summit Auto Group,Summit Volkswagen Eastdale,Recall,12,1851,2339,0,1.4
2025-09,Summit Auto Group,Summit Volkswagen Eastdale,Warranty,24,3550,4040,0,1.2
2025-10,Harbor Motor Group,Harbor BMW,Maintenance,159,26204,21597,1,2.9
2025-10,Harbor Motor Group,Harbor BMW,Repair,93,19443,13117,1,2.8
2025-10,Harbor Motor Group,Harbor BMW,Tires,31,7107,3890,1,1.7
2025-10,Harbor Motor Group,Harbor BMW,Recall,20,4163,3380,0,1.4
2025-10,Harbor Motor Group,Harbor BMW,Warranty,41,8482,8200,0,1.9
2025-10,Harbor Motor Group,Harbor Chevrolet Marina,Maintenance,161,33185,26738,1,3.3
2025-10,Harbor Motor Group,Harbor Chevrolet Marina,Repair,94,17898,15261,1,0.9
2025-10,Harbor Motor Group,Harbor Chevrolet Marina,Tires,31,7797,3753,1,3.3
2025-10,Harbor Motor Group,Harbor Chevrolet Marina,Recall,21,5021,2696,0,2.2
2025-10,Harbor Motor Group,Harbor Chevrolet Marina,Warranty,42,6415,7149,0,2.9
2025-10,Harbor Motor Group,Harbor Ford Portside,Maintenance,216,49101,29901,1,3.2
2025-10,Harbor Motor Group,Harbor Ford Portside,Repair,127,28592,16809,1,3.0
2025-10,Harbor Motor Group,Harbor Ford Portside,Tires,42,8165,8141,1,1.8
2025-10,Harbor Motor Group,Harbor Ford Portside,Recall,28,7274,5716,0,2.2
2025-10,Harbor Motor Group,Harbor Ford Portside,Warranty,56,8267,11356,0,3.3
2025-10,Harbor Motor Group,Harbor Honda Seaside,Maintenance,176,30197,22553,1,2.6
2025-10,Harbor Motor Group,Harbor Honda Seaside,Repair,103,21236,14430,1,1.7
2025-10,Harbor Motor Group,Harbor Honda Seaside,Tires,34,5803,5792,1,1.0
2025-10,Harbor Motor Group,Harbor Honda Seaside,Recall,23,3485,4356,0,2.7
2025-10,Harbor Motor Group,Harbor Honda Seaside,Warranty,46,7835,8778,0,2.2
2025-10,Harbor Motor Group,Harbor Jeep Ram Anchor,Maintenance,148,24864,18325,1,1.8
2025-10,Harbor Motor Group,Harbor Jeep Ram Anchor,Repair,87,21591,10725,1,1.0
2025-10,Harbor Motor Group,Harbor Jeep Ram Anchor,Tires,29,6999,5110,1,1.6
2025-10,Harbor Motor Group,Harbor Jeep Ram Anchor,Recall,19,4029,2320,0,2.4
2025-10,Harbor Motor Group,Harbor Jeep Ram Anchor,Warranty,38,8023,6523,0,1.5
2025-10,Harbor Motor Group,Harbor Kia Lighthouse,Maintenance,107,15162,17361,1,1.4
2025-10,Harbor Motor Group,Harbor Kia Lighthouse,Repair,62,11656,11880,1,1.4
2025-10,Harbor Motor Group,Harbor Kia Lighthouse,Tires,20,3288,2971,1,2.2
2025-10,Harbor Motor Group,Harbor Kia Lighthouse,Recall,13,1943,1284,0,2.8
2025-10,Harbor Motor Group,Harbor Kia Lighthouse,Warranty,27,4159,3662,0,3.1
2025-10,Harbor Motor Group,Harbor Subaru Tidewater,Maintenance,97,20827,19508,1,1.9
2025-10,Harbor Motor Group,Harbor Subaru Tidewater,Repair,56,7980,6385,1,1.8
2025-10,Harbor Motor Group,Harbor Subaru Tidewater,Tires,18,3716,1821,1,1.9
2025-10,Harbor Motor Group,Harbor Subaru Tidewater,Recall,12,2532,2281,0,3.4
2025-10,Harbor Motor Group,Harbor Subaru Tidewater,Warranty,25,5992,4174,0,3.4
2025-10,Harbor Motor Group,Harbor Toyota Bayview,Maintenance,203,44773,42482,1,3.0
2025-10,Harbor Motor Group,Harbor Toyota Bayview,Repair,119,16675,23885,1,2.6
2025-10,Harbor Motor Group,Harbor Toyota Bayview,Tires,39,5824,5100,1,1.2
2025-10,Harbor Motor Group,Harbor Toyota Bayview,Recall,26,6255,4177,0,2.7
2025-10,Harbor Motor Group,Harbor Toyota Bayview,Warranty,53,9699,9917,0,2.2
2025-10,Summit Auto Group,Summit BMW,Maintenance,178,37672,20795,1,2.8
2025-10,Summit Auto Group,Summit BMW,Repair,104,15933,10185,1,3.4
2025-10,Summit Auto Group,Summit BMW,Tires,34,7341,6364,1,3.1
2025-10,Summit Auto Group,Summit BMW,Recall,23,4123,4817,0,0.9
2025-10,Summit Auto Group,Summit BMW,Warranty,46,11419,7955,0,3.2
2025-10,Summit Auto Group,Summit Chevrolet Glenpark,Maintenance,168,30699,17178,1,2.5
2025-10,Summit Auto Group,Summit Chevrolet Glenpark,Repair,98,15549,13921,1,1.5
2025-10,Summit Auto Group,Summit Chevrolet Glenpark,Tires,32,7530,4830,1,1.1
2025-10,Summit Auto Group,Summit Chevrolet Glenpark,Recall,21,4073,2607,0,1.3
2025-10,Summit Auto Group,Summit Chevrolet Glenpark,Warranty,43,9352,8140,0,3.1
2025-10,Summit Auto Group,Summit Ford Rivera,Maintenance,232,38618,48482,1,2.6
2025-10,Summit Auto Group,Summit Ford Rivera,Repair,136,34652,16632,1,2.6
2025-10,Summit Auto Group,Summit Ford Rivera,Tires,45,10818,4647,1,2.8
2025-10,Summit Auto Group,Summit Ford Rivera,Recall,30,6176,3496,0,0.9
2025-10,Summit Auto Group,Summit Ford Rivera,Warranty,60,11473,11790,0,2.6
2025-10,Summit Auto Group,Summit Honda Westland,Maintenance,216,39573,39005,1,1.4
2025-10,Summit Auto Group,Summit Honda Westland,Repair,127,25921,17788,1,2.3
2025-10,Summit Auto Group,Summit Honda Westland,Tires,42,8258,5754,1,2.7
2025-10,Summit Auto Group,Summit Honda Westland,Recall,28,6108,4821,0,1.3
2025-10,Summit Auto Group,Summit Honda Westland,Warranty,56,11079,9546,0,1.0
2025-10,Summit Auto Group,Summit Hyundai Oakhurst,Maintenance,145,27946,30132,1,1.7
2025-10,Summit Auto Group,Summit Hyundai Oakhurst,Repair,85,14095,10924,1,2.3
2025-10,Summit Auto Group,Summit Hyundai Oakhurst,Tires,28,5240,2532,1,1.1
2025-10,Summit Auto Group,Summit Hyundai Oakhurst,Recall,18,2933,3050,0,2.4
2025-10,Summit Auto Group,Summit Hyundai Oakhurst,Warranty,37,5894,4447,0,2.7
2025-10,Summit Auto Group,Summit Jeep Ram Clearwater,Maintenance,144,27122,15497,1,1.9
2025-10,Summit Auto Group,Summit Jeep Ram Clearwater,Repair,85,14471,15702,1,1.1
2025-10,Summit Auto Group,Summit Jeep Ram Clearwater,Tires,28,6395,4746,1,2.8
2025-10,Summit Auto Group,Summit Jeep Ram Clearwater,Recall,18,3700,1980,0,3.0
2025-10,Summit Auto Group,Summit Jeep Ram Clearwater,Warranty,37,8886,4724,0,1.8
2025-10,Summit Auto Group,Summit Kia Brookfield,Maintenance,140,33171,15851,1,1.8
2025-10,Summit Auto Group,Summit Kia Brookfield,Repair,82,16237,17073,1,2.6
2025-10,Summit Auto Group,Summit Kia Brookfield,Tires,27,5371,4083,1,2.1
2025-10,Summit Auto Group,Summit Kia Brookfield,Recall,18,4248,2454,0,1.6
2025-10,Summit Auto Group,Summit Kia Brookfield,Warranty,36,5325,5344,0,1.8
2025-10,Summit Auto Group,Summit Mazda Lakeside,Maintenance,110,24420,15729,1,3.3
2025-10,Summit Auto Group,Summit Mazda Lakeside,Repair,65,14557,8168,1,1.5
2025-10,Summit Auto Group,Summit Mazda Lakeside,Tires,21,3435,3186,1,2.6
2025-10,Summit Auto Group,Summit Mazda Lakeside,Recall,14,3507,2645,0,1.6
2025-10,Summit Auto Group,Summit Mazda Lakeside,Warranty,28,6395,3787,0,2.7
2025-10,Summit Auto Group,Summit Nissan Ridgemont,Maintenance,171,28748,16157,1,2.1
2025-10,Summit Auto Group,Summit Nissan Ridgemont,Repair,100,25225,9081,1,1.8
2025-10,Summit Auto Group,Summit Nissan Ridgemont,Tires,33,5762,6495,1,2.2
2025-10,Summit Auto Group,Summit Nissan Ridgemont,Recall,22,3809,2103,0,3.0
2025-10,Summit Auto Group,Summit Nissan Ridgemont,Warranty,44,8336,9108,0,1.9
2025-10,Summit Auto Group,Summit Subaru Northgate,Maintenance,104,17462,11301,1,2.6
2025-10,Summit Auto Group,Summit Subaru Northgate,Repair,61,13198,12706,1,2.9
2025-10,Summit Auto Group,Summit Subaru Northgate,Tires,20,3410,3193,1,2.2
2025-10,Summit Auto Group,Summit Subaru Northgate,Recall,13,2927,2681,0,0.8
2025-10,Summit Auto Group,Summit Subaru Northgate,Warranty,27,6117,4894,0,1.5
2025-10,Summit Auto Group,Summit Toyota of Fairview,Maintenance,220,32376,43459,1,1.9
2025-10,Summit Auto Group,Summit Toyota of Fairview,Repair,129,30161,21496,1,3.3
2025-10,Summit Auto Group,Summit Toyota of Fairview,Tires,43,7990,5121,1,3.3
2025-10,Summit Auto Group,Summit Toyota of Fairview,Recall,28,6239,3451,0,1.5
2025-10,Summit Auto Group,Summit Toyota of Fairview,Warranty,57,13726,10742,0,2.7
2025-10,Summit Auto Group,Summit Volkswagen Eastdale,Maintenance,100,16664,16461,1,2.4
2025-10,Summit Auto Group,Summit Volkswagen Eastdale,Repair,59,9430,12165,1,0.8
2025-10,Summit Auto Group,Summit Volkswagen Eastdale,Tires,19,3501,3110,1,2.3
2025-10,Summit Auto Group,Summit Volkswagen Eastdale,Recall,13,2328,2629,0,2.2
2025-10,Summit Auto Group,Summit Volkswagen Eastdale,Warranty,26,4251,3174,0,3.1
2025-11,Harbor Motor Group,Harbor BMW,Maintenance,169,34611,18666,1,1.0
2025-11,Harbor Motor Group,Harbor BMW,Repair,99,14766,18272,1,3.2
2025-11,Harbor Motor Group,Harbor BMW,Tires,33,8008,5385,1,1.7
2025-11,Harbor Motor Group,Harbor BMW,Recall,22,3885,3027,0,3.0
2025-11,Harbor Motor Group,Harbor BMW,Warranty,44,8893,8468,0,1.1
2025-11,Harbor Motor Group,Harbor Chevrolet Marina,Maintenance,158,39287,25471,1,1.8
2025-11,Harbor Motor Group,Harbor Chevrolet Marina,Repair,92,14058,9896,1,1.5
2025-11,Harbor Motor Group,Harbor Chevrolet Marina,Tires,30,6070,5283,1,2.9
2025-11,Harbor Motor Group,Harbor Chevrolet Marina,Recall,20,2838,3534,0,1.8
2025-11,Harbor Motor Group,Harbor Chevrolet Marina,Warranty,41,9036,7741,0,3.3
2025-11,Harbor Motor Group,Harbor Ford Portside,Maintenance,235,41048,33451,1,2.5
2025-11,Harbor Motor Group,Harbor Ford Portside,Repair,138,24265,13130,1,2.0
2025-11,Harbor Motor Group,Harbor Ford Portside,Tires,46,10613,9108,1,3.3
2025-11,Harbor Motor Group,Harbor Ford Portside,Recall,30,4461,3164,0,1.9
2025-11,Harbor Motor Group,Harbor Ford Portside,Warranty,61,13249,6534,0,1.9
2025-11,Harbor Motor Group,Harbor Honda Seaside,Maintenance,218,40080,29437,1,1.1
2025-11,Harbor Motor Group,Harbor Honda Seaside,Repair,128,29037,19675,1,2.4
2025-11,Harbor Motor Group,Harbor Honda Seaside,Tires,42,10278,4517,1,2.8
2025-11,Harbor Motor Group,Harbor Honda Seaside,Recall,28,5463,4911,0,1.0
2025-11,Harbor Motor Group,Harbor Honda Seaside,Warranty,57,8373,11646,0,1.7
2025-11,Harbor Motor Group,Harbor Jeep Ram Anchor,Maintenance,145,21823,26349,1,1.9
2025-11,Harbor Motor Group,Harbor Jeep Ram Anchor,Repair,85,15173,17817,1,2.9
2025-11,Harbor Motor Group,Harbor Jeep Ram Anchor,Tires,28,5390,4129,1,2.8
2025-11,Harbor Motor Group,Harbor Jeep Ram Anchor,Recall,19,3839,3616,0,1.8
2025-11,Harbor Motor Group,Harbor Jeep Ram Anchor,Warranty,38,7471,3432,0,1.4
2025-11,Harbor Motor Group,Harbor Kia Lighthouse,Maintenance,140,21421,17232,1,2.9
2025-11,Harbor Motor Group,Harbor Kia Lighthouse,Repair,82,21100,14509,1,2.3
2025-11,Harbor Motor Group,Harbor Kia Lighthouse,Tires,27,6957,4037,1,2.2
2025-11,Harbor Motor Group,Harbor Kia Lighthouse,Recall,18,3855,3552,0,1.0
2025-11,Harbor Motor Group,Harbor Kia Lighthouse,Warranty,36,6465,7087,0,1.1
2025-11,Harbor Motor Group,Harbor Subaru Tidewater,Maintenance,115,21552,11981,1,1.3
2025-11,Harbor Motor Group,Harbor Subaru Tidewater,Repair,68,10184,11671,1,1.4
2025-11,Harbor Motor Group,Harbor Subaru Tidewater,Tires,22,3166,2495,1,1.7
2025-11,Harbor Motor Group,Harbor Subaru Tidewater,Recall,15,3131,1803,0,1.5
2025-11,Harbor Motor Group,Harbor Subaru Tidewater,Warranty,30,7398,3995,0,2.1
2025-11,Harbor Motor Group,Harbor Toyota Bayview,Maintenance,225,52147,38296,1,2.6
2025-11,Harbor Motor Group,Harbor Toyota Bayview,Repair,132,31125,23593,1,0.9
2025-11,Harbor Motor Group,Harbor Toyota Bayview,Tires,44,7021,5167,1,1.8
2025-11,Harbor Motor Group,Harbor Toyota Bayview,Recall,29,4508,5862,0,3.4
2025-11,Harbor Motor Group,Harbor Toyota Bayview,Warranty,58,9548,7157,0,1.2
2025-11,Summit Auto Group,Summit BMW,Maintenance,179,45364,24755,1,2.7
2025-11,Summit Auto Group,Summit BMW,Repair,105,20471,13389,1,2.6
2025-11,Summit Auto Group,Summit BMW,Tires,35,6299,5446,1,3.1
2025-11,Summit Auto Group,Summit BMW,Recall,23,5792,3986,0,2.5
2025-11,Summit Auto Group,Summit BMW,Warranty,46,8859,6174,0,2.2
2025-11,Summit Auto Group,Summit Chevrolet Glenpark,Maintenance,182,39699,29851,1,3.1
2025-11,Summit Auto Group,Summit Chevrolet Glenpark,Repair,106,24726,10759,1,2.9
2025-11,Summit Auto Group,Summit Chevrolet Glenpark,Tires,35,7735,3355,1,0.8
2025-11,Summit Auto Group,Summit Chevrolet Glenpark,Recall,23,3397,3172,0,3.0
2025-11,Summit Auto Group,Summit Chevrolet Glenpark,Warranty,47,11818,9314,0,1.9
2025-11,Summit Auto Group,Summit Ford Rivera,Maintenance,250,51551,45412,1,1.2
2025-11,Summit Auto Group,Summit Ford Rivera,Repair,147,25994,14951,1,3.0
2025-11,Summit Auto Group,Summit Ford Rivera,Tires,49,12497,5281,1,2.7
2025-11,Summit Auto Group,Summit Ford Rivera,Recall,32,6380,2924,0,1.4
2025-11,Summit Auto Group,Summit Ford Rivera,Warranty,65,10735,12972,0,1.2
2025-11,Summit Auto Group,Summit Honda Westland,Maintenance,178,33476,31970,1,2.5
2025-11,Summit Auto Group,Summit Honda Westland,Repair,104,26416,14898,1,1.8
2025-11,Summit Auto Group,Summit Honda Westland,Tires,34,7524,4158,1,1.8
2025-11,Summit Auto Group,Summit Honda Westland,Recall,23,4187,2178,0,3.1
2025-11,Summit Auto Group,Summit Honda Westland,Warranty,46,7849,6087,0,1.6
2025-11,Summit Auto Group,Summit Hyundai Oakhurst,Maintenance,142,36428,26519,1,1.0
2025-11,Summit Auto Group,Summit Hyundai Oakhurst,Repair,83,13701,8798,1,2.3
2025-11,Summit Auto Group,Summit Hyundai Oakhurst,Tires,27,6517,3731,1,2.2
2025-11,Summit Auto Group,Summit Hyundai Oakhurst,Recall,18,3003,2464,0,1.0
2025-11,Summit Auto Group,Summit Hyundai Oakhurst,Warranty,37,8216,3650,0,2.9
2025-11,Summit Auto Group,Summit Jeep Ram Clearwater,Maintenance,154,28621,23473,1,1.4
2025-11,Summit Auto Group,Summit Jeep Ram Clearwater,Repair,90,17715,8639,1,1.5
2025-11,Summit Auto Group,Summit Jeep Ram Clearwater,Tires,30,4520,4923,1,1.9
2025-11,Summit Auto Group,Summit Jeep Ram Clearwater,Recall,20,4779,1914,0,1.2
2025-11,Summit Auto Group,Summit Jeep Ram Clearwater,Warranty,40,9975,3677,0,2.0
2025-11,Summit Auto Group,Summit Kia Brookfield,Maintenance,130,29819,12457,1,3.1
2025-11,Summit Auto Group,Summit Kia Brookfield,Repair,76,19453,9889,1,0.8
2025-11,Summit Auto Group,Summit Kia Brookfield,Tires,25,5996,2905,1,1.7
2025-11,Summit Auto Group,Summit Kia Brookfield,Recall,16,2875,1632,0,3.3
2025-11,Summit Auto Group,Summit Kia Brookfield,Warranty,33,4656,4527,0,3.2
2025-11,Summit Auto Group,Summit Mazda Lakeside,Maintenance,91,17743,18920,1,1.2
2025-11,Summit Auto Group,Summit Mazda Lakeside,Repair,53,7497,7940,1,3.0
2025-11,Summit Auto Group,Summit Mazda Lakeside,Tires,17,3254,3203,1,1.1
2025-11,Summit Auto Group,Summit Mazda Lakeside,Recall,11,1942,2078,0,1.2
2025-11,Summit Auto Group,Summit Mazda Lakeside,Warranty,23,5816,3338,0,2.4
2025-11,Summit Auto Group,Summit Nissan Ridgemont,Maintenance,154,27268,22479,1,1.6
2025-11,Summit Auto Group,Summit Nissan Ridgemont,Repair,90,16706,15003,1,2.8
2025-11,Summit Auto Group,Summit Nissan Ridgemont,Tires,30,4789,4252,1,1.8
2025-11,Summit Auto Group,Summit Nissan Ridgemont,Recall,20,3845,2801,0,2.9
2025-11,Summit Auto Group,Summit Nissan Ridgemont,Warranty,40,8779,7523,0,2.4
2025-11,Summit Auto Group,Summit Subaru Northgate,Maintenance,103,19586,18100,1,3.0
2025-11,Summit Auto Group,Summit Subaru Northgate,Repair,60,8506,8094,1,2.7
2025-11,Summit Auto Group,Summit Subaru Northgate,Tires,20,3682,2762,1,2.2
2025-11,Summit Auto Group,Summit Subaru Northgate,Recall,13,2074,1714,0,1.4
2025-11,Summit Auto Group,Summit Subaru Northgate,Warranty,26,6247,4481,0,1.4
2025-11,Summit Auto Group,Summit Toyota of Fairview,Maintenance,231,58756,24190,1,2.2
2025-11,Summit Auto Group,Summit Toyota of Fairview,Repair,135,27483,25558,1,2.3
2025-11,Summit Auto Group,Summit Toyota of Fairview,Tires,45,11058,4308,1,3.1
2025-11,Summit Auto Group,Summit Toyota of Fairview,Recall,30,5236,3280,0,3.1
2025-11,Summit Auto Group,Summit Toyota of Fairview,Warranty,60,12369,7815,0,3.2
2025-11,Summit Auto Group,Summit Volkswagen Eastdale,Maintenance,100,19643,9413,1,1.0
2025-11,Summit Auto Group,Summit Volkswagen Eastdale,Repair,59,13290,9922,1,1.5
2025-11,Summit Auto Group,Summit Volkswagen Eastdale,Tires,19,3938,2362,1,3.0
2025-11,Summit Auto Group,Summit Volkswagen Eastdale,Recall,13,3123,2412,0,1.2
2025-11,Summit Auto Group,Summit Volkswagen Eastdale,Warranty,26,6405,3048,0,1.6
2025-12,Harbor Motor Group,Harbor BMW,Maintenance,230,33824,44739,1,0.8
2025-12,Harbor Motor Group,Harbor BMW,Repair,135,26496,16908,1,1.4
2025-12,Harbor Motor Group,Harbor BMW,Tires,45,6587,9306,1,2.2
2025-12,Harbor Motor Group,Harbor BMW,Recall,30,5225,5692,0,1.5
2025-12,Harbor Motor Group,Harbor BMW,Warranty,60,15529,10815,0,3.0
2025-12,Harbor Motor Group,Harbor Chevrolet Marina,Maintenance,176,29290,24108,1,1.9
2025-12,Harbor Motor Group,Harbor Chevrolet Marina,Repair,103,26774,16652,1,3.1
2025-12,Harbor Motor Group,Harbor Chevrolet Marina,Tires,34,8814,5084,1,2.1
2025-12,Harbor Motor Group,Harbor Chevrolet Marina,Recall,22,4956,2782,0,1.6
2025-12,Harbor Motor Group,Harbor Chevrolet Marina,Warranty,45,11351,7135,0,2.8
2025-12,Harbor Motor Group,Harbor Ford Portside,Maintenance,244,40320,41244,1,2.7
2025-12,Harbor Motor Group,Harbor Ford Portside,Repair,143,25921,25747,1,2.0
2025-12,Harbor Motor Group,Harbor Ford Portside,Tires,47,10964,8352,1,1.8
2025-12,Harbor Motor Group,Harbor Ford Portside,Recall,31,5424,3069,0,1.5
2025-12,Harbor Motor Group,Harbor Ford Portside,Warranty,63,11044,10403,0,2.9
2025-12,Harbor Motor Group,Harbor Honda Seaside,Maintenance,180,37333,35425,1,3.2
2025-12,Harbor Motor Group,Harbor Honda Seaside,Repair,106,19895,17872,1,1.8
2025-12,Harbor Motor Group,Harbor Honda Seaside,Tires,35,8231,3475,1,1.2
2025-12,Harbor Motor Group,Harbor Honda Seaside,Recall,23,3812,2922,0,3.3
2025-12,Harbor Motor Group,Harbor Honda Seaside,Warranty,47,11159,7288,0,3.3
2025-12,Harbor Motor Group,Harbor Jeep Ram Anchor,Maintenance,159,30092,22783,1,1.9
2025-12,Harbor Motor Group,Harbor Jeep Ram Anchor,Repair,93,16835,14874,1,1.7
2025-12,Harbor Motor Group,Harbor Jeep Ram Anchor,Tires,31,6134,2941,1,2.0
2025-12,Harbor Motor Group,Harbor Jeep Ram Anchor,Recall,20,3225,3721,0,2.9
2025-12,Harbor Motor Group,Harbor Jeep Ram Anchor,Warranty,41,6066,8605,0,1.7
2025-12,Harbor Motor Group,Harbor Kia Lighthouse,Maintenance,140,32883,28651,1,3.3
2025-12,Harbor Motor Group,Harbor Kia Lighthouse,Repair,82,20357,8905,1,1.0
2025-12,Harbor Motor Group,Harbor Kia Lighthouse,Tires,27,6426,3028,1,1.7
2025-12,Harbor Motor Group,Harbor Kia Lighthouse,Recall,18,3452,1776,0,1.7
2025-12,Harbor Motor Group,Harbor Kia Lighthouse,Warranty,36,8836,5185,0,1.6
2025-12,Harbor Motor Group,Harbor Subaru Tidewater,Maintenance,108,19484,21886,1,2.5
2025-12,Harbor Motor Group,Harbor Subaru Tidewater,Repair,63,12429,6478,1,0.9
2025-12,Harbor Motor Group,Harbor Subaru Tidewater,Tires,21,4842,3722,1,2.6
2025-12,Harbor Motor Group,Harbor Subaru Tidewater,Recall,14,2522,2847,0,3.1
2025-12,Harbor Motor Group,Harbor Subaru Tidewater,Warranty,28,6181,4082,0,2.7
2025-12,Harbor Motor Group,Harbor Toyota Bayview,Maintenance,267,43788,36431,1,1.3
2025-12,Harbor Motor Group,Harbor Toyota Bayview,Repair,157,29534,32916,1,1.8
2025-12,Harbor Motor Group,Harbor Toyota Bayview,Tires,52,11185,6099,1,3.0
2025-12,Harbor Motor Group,Harbor Toyota Bayview,Recall,34,5056,5155,0,1.6
2025-12,Harbor Motor Group,Harbor Toyota Bayview,Warranty,69,12833,11148,0,3.2
2025-12,Summit Auto Group,Summit BMW,Maintenance,211,45535,44240,1,0.9
2025-12,Summit Auto Group,Summit BMW,Repair,124,21689,13137,1,3.1
2025-12,Summit Auto Group,Summit BMW,Tires,41,7886,6641,1,1.1
2025-12,Summit Auto Group,Summit BMW,Recall,27,4088,2821,0,1.1
2025-12,Summit Auto Group,Summit BMW,Warranty,55,9018,6442,0,2.0
2025-12,Summit Auto Group,Summit Chevrolet Glenpark,Maintenance,207,33486,25124,1,1.8
2025-12,Summit Auto Group,Summit Chevrolet Glenpark,Repair,121,27663,20042,1,1.5
2025-12,Summit Auto Group,Summit Chevrolet Glenpark,Tires,40,7297,5918,1,2.4
2025-12,Summit Auto Group,Summit Chevrolet Glenpark,Recall,27,4201,5107,0,1.5
2025-12,Summit Auto Group,Summit Chevrolet Glenpark,Warranty,54,10275,7760,0,1.7
2025-12,Summit Auto Group,Summit Ford Rivera,Maintenance,269,47767,42472,1,2.3
2025-12,Summit Auto Group,Summit Ford Rivera,Repair,158,34944,22926,1,1.6
2025-12,Summit Auto Group,Summit Ford Rivera,Tires,52,13126,10170,1,3.3
2025-12,Summit Auto Group,Summit Ford Rivera,Recall,35,6161,4532,0,2.2
2025-12,Summit Auto Group,Summit Ford Rivera,Warranty,70,18172,14169,0,1.5
2025-12,Summit Auto Group,Summit Honda Westland,Maintenance,208,46366,36388,1,2.9
2025-12,Summit Auto Group,Summit Honda Westland,Repair,122,29161,16284,1,2.6
2025-12,Summit Auto Group,Summit Honda Westland,Tires,40,9866,4981,1,1.7
2025-12,Summit Auto Group,Summit Honda Westland,Recall,27,5367,3146,0,2.8
2025-12,Summit Auto Group,Summit Honda Westland,Warranty,54,8833,5994,0,2.7
2025-12,Summit Auto Group,Summit Hyundai Oakhurst,Maintenance,156,36331,15456,1,3.2
2025-12,Summit Auto Group,Summit Hyundai Oakhurst,Repair,92,20876,12763,1,2.8
2025-12,Summit Auto Group,Summit Hyundai Oakhurst,Tires,30,6348,4974,1,2.6
2025-12,Summit Auto Group,Summit Hyundai Oakhurst,Recall,20,4017,4040,0,2.2
2025-12,Summit Auto Group,Summit Hyundai Oakhurst,Warranty,40,9902,4975,0,2.9
2025-12,Summit Auto Group,Summit Jeep Ram Clearwater,Maintenance,166,31645,21359,1,2.3
2025-12,Summit Auto Group,Summit Jeep Ram Clearwater,Repair,98,20314,18345,1,1.0
2025-12,Summit Auto Group,Summit Jeep Ram Clearwater,Tires,32,7868,3880,1,2.3
2025-12,Summit Auto Group,Summit Jeep Ram Clearwater,Recall,21,5312,2304,0,2.1
2025-12,Summit Auto Group,Summit Jeep Ram Clearwater,Warranty,43,8825,8507,0,1.6
2025-12,Summit Auto Group,Summit Kia Brookfield,Maintenance,143,28522,15975,1,1.4
2025-12,Summit Auto Group,Summit Kia Brookfield,Repair,84,18292,13060,1,3.3
2025-12,Summit Auto Group,Summit Kia Brookfield,Tires,28,6455,5639,1,1.7
2025-12,Summit Auto Group,Summit Kia Brookfield,Recall,18,2941,1706,0,0.8
2025-12,Summit Auto Group,Summit Kia Brookfield,Warranty,37,6824,6641,0,2.3
2025-12,Summit Auto Group,Summit Mazda Lakeside,Maintenance,108,25835,12044,1,2.9
2025-12,Summit Auto Group,Summit Mazda Lakeside,Repair,63,9375,9659,1,1.2
2025-12,Summit Auto Group,Summit Mazda Lakeside,Tires,21,3806,2354,1,1.4
2025-12,Summit Auto Group,Summit Mazda Lakeside,Recall,14,2112,1414,0,2.0
2025-12,Summit Auto Group,Summit Mazda Lakeside,Warranty,28,6624,4988,0,1.2
2025-12,Summit Auto Group,Summit Nissan Ridgemont,Maintenance,150,22851,20843,1,1.9
2025-12,Summit Auto Group,Summit Nissan Ridgemont,Repair,88,20679,10359,1,1.2
2025-12,Summit Auto Group,Summit Nissan Ridgemont,Tires,29,5315,2742,1,2.7
2025-12,Summit Auto Group,Summit Nissan Ridgemont,Recall,19,4037,2854,0,3.1
2025-12,Summit Auto Group,Summit Nissan Ridgemont,Warranty,39,7247,6472,0,1.4
2025-12,Summit Auto Group,Summit Subaru Northgate,Maintenance,137,21055,21990,1,3.3
2025-12,Summit Auto Group,Summit Subaru Northgate,Repair,80,19290,11462,1,2.1
2025-12,Summit Auto Group,Summit Subaru Northgate,Tires,26,5100,2484,1,1.9
2025-12,Summit Auto Group,Summit Subaru Northgate,Recall,17,3676,2626,0,1.1
2025-12,Summit Auto Group,Summit Subaru Northgate,Warranty,35,8777,3536,0,2.4
2025-12,Summit Auto Group,Summit Toyota of Fairview,Maintenance,287,44151,39457,1,1.8
2025-12,Summit Auto Group,Summit Toyota of Fairview,Repair,168,23709,31622,1,2.7
2025-12,Summit Auto Group,Summit Toyota of Fairview,Tires,56,8347,8324,1,2.4
2025-12,Summit Auto Group,Summit Toyota of Fairview,Recall,37,7452,3532,0,2.3
2025-12,Summit Auto Group,Summit Toyota of Fairview,Warranty,75,13008,12026,0,2.4
2025-12,Summit Auto Group,Summit Volkswagen Eastdale,Maintenance,105,18587,19364,1,0.9
2025-12,Summit Auto Group,Summit Volkswagen Eastdale,Repair,62,12850,7021,1,3.3
2025-12,Summit Auto Group,Summit Volkswagen Eastdale,Tires,20,4363,2279,1,0.8
2025-12,Summit Auto Group,Summit Volkswagen Eastdale,Recall,13,3317,1694,0,2.1
2025-12,Summit Auto Group,Summit Volkswagen Eastdale,Warranty,27,6614,5070,0,1.8
2026-01,Harbor Motor Group,Harbor BMW,Maintenance,183,29408,27393,1,1.7
2026-01,Harbor Motor Group,Harbor BMW,Repair,107,18767,13868,1,3.0
2026-01,Harbor Motor Group,Harbor BMW,Tires,35,4919,3870,1,2.5
2026-01,Harbor Motor Group,Harbor BMW,Recall,23,5024,2337,0,2.5
2026-01,Harbor Motor Group,Harbor BMW,Warranty,47,12058,6064,0,0.9
2026-01,Harbor Motor Group,Harbor Chevrolet Marina,Maintenance,199,50913,34315,1,2.4
2026-01,Harbor Motor Group,Harbor Chevrolet Marina,Repair,117,24563,15660,1,2.6
2026-01,Harbor Motor Group,Harbor Chevrolet Marina,Tires,39,6745,4439,1,1.1
2026-01,Harbor Motor Group,Harbor Chevrolet Marina,Recall,26,6632,5075,0,1.7
2026-01,Harbor Motor Group,Harbor Chevrolet Marina,Warranty,52,8132,6703,0,1.8
2026-01,Harbor Motor Group,Harbor Ford Portside,Maintenance,224,46787,34769,1,1.1
2026-01,Harbor Motor Group,Harbor Ford Portside,Repair,132,24900,15104,1,0.9
2026-01,Harbor Motor Group,Harbor Ford Portside,Tires,44,7618,7223,1,1.0
2026-01,Harbor Motor Group,Harbor Ford Portside,Recall,29,5299,3856,0,3.0
2026-01,Harbor Motor Group,Harbor Ford Portside,Warranty,58,8834,8817,0,0.9
2026-01,Harbor Motor Group,Harbor Honda Seaside,Maintenance,181,32662,31269,1,3.3
2026-01,Harbor Motor Group,Harbor Honda Seaside,Repair,106,16852,20608,1,1.8
2026-01,Harbor Motor Group,Harbor Honda Seaside,Tires,35,5240,6464,1,0.8
2026-01,Harbor Motor Group,Harbor Honda Seaside,Recall,23,5144,3023,0,2.1
2026-01,Harbor Motor Group,Harbor Honda Seaside,Warranty,47,8546,6119,0,3.3
2026-01,Harbor Motor Group,Harbor Jeep Ram Anchor,Maintenance,152,25466,22180,1,2.6
2026-01,Harbor Motor Group,Harbor Jeep Ram Anchor,Repair,89,20513,18665,1,3.0
2026-01,Harbor Motor Group,Harbor Jeep Ram Anchor,Tires,29,5233,4321,1,2.3
2026-01,Harbor Motor Group,Harbor Jeep Ram Anchor,Recall,19,4288,2327,0,2.7
2026-01,Harbor Motor Group,Harbor Jeep Ram Anchor,Warranty,39,9374,5057,0,3.0
2026-01,Harbor Motor Group,Harbor Kia Lighthouse,Maintenance,150,37412,21072,1,2.0
2026-01,Harbor Motor Group,Harbor Kia Lighthouse,Repair,88,16722,11150,1,1.9
2026-01,Harbor Motor Group,Harbor Kia Lighthouse,Tires,29,5319,5115,1,2.6
2026-01,Harbor Motor Group,Harbor Kia Lighthouse,Recall,19,4326,2997,0,2.5
2026-01,Harbor Motor Group,Harbor Kia Lighthouse,Warranty,39,5680,6271,0,2.1
2026-01,Harbor Motor Group,Harbor Subaru Tidewater,Maintenance,128,31476,18740,1,3.0
2026-01,Harbor Motor Group,Harbor Subaru Tidewater,Repair,75,12328,12900,1,2.9
2026-01,Harbor Motor Group,Harbor Subaru Tidewater,Tires,25,5816,3250,1,1.8
2026-01,Harbor Motor Group,Harbor Subaru Tidewater,Recall,16,3542,2032,0,1.0
2026-01,Harbor Motor Group,Harbor Subaru Tidewater,Warranty,33,5820,5153,0,1.1
2026-01,Harbor Motor Group,Harbor Toyota Bayview,Maintenance,258,46850,31125,1,2.9
2026-01,Harbor Motor Group,Harbor Toyota Bayview,Repair,152,24114,28274,1,1.2
2026-01,Harbor Motor Group,Harbor Toyota Bayview,Tires,50,7659,10301,1,0.9
2026-01,Harbor Motor Group,Harbor Toyota Bayview,Recall,33,7553,6776,0,1.8
2026-01,Harbor Motor Group,Harbor Toyota Bayview,Warranty,67,13712,8056,0,1.2
2026-01,Summit Auto Group,Summit BMW,Maintenance,183,31872,20859,1,3.0
2026-01,Summit Auto Group,Summit BMW,Repair,107,23806,12712,1,3.0
2026-01,Summit Auto Group,Summit BMW,Tires,35,6560,5511,1,2.2
2026-01,Summit Auto Group,Summit BMW,Recall,23,4784,4125,0,2.6
2026-01,Summit Auto Group,Summit BMW,Warranty,47,9472,5346,0,1.4
2026-01,Summit Auto Group,Summit Chevrolet Glenpark,Maintenance,185,37361,30230,1,1.1
2026-01,Summit Auto Group,Summit Chevrolet Glenpark,Repair,109,21610,21501,1,2.7
2026-01,Summit Auto Group,Summit Chevrolet Glenpark,Tires,36,8214,3887,1,2.2
2026-01,Summit Auto Group,Summit Chevrolet Glenpark,Recall,24,5205,4522,0,3.0
2026-01,Summit Auto Group,Summit Chevrolet Glenpark,Warranty,48,8488,6955,0,3.4
2026-01,Summit Auto Group,Summit Ford Rivera,Maintenance,246,37065,47439,1,1.7
2026-01,Summit Auto Group,Summit Ford Rivera,Repair,144,33377,16949,1,1.8
2026-01,Summit Auto Group,Summit Ford Rivera,Tires,48,11389,7715,1,1.3
2026-01,Summit Auto Group,Summit Ford Rivera,Recall,32,7654,3948,0,1.8
2026-01,Summit Auto Group,Summit Ford Rivera,Warranty,64,12414,7417,0,2.3
2026-01,Summit Auto Group,Summit Honda Westland,Maintenance,228,50822,41527,1,0.9
2026-01,Summit Auto Group,Summit Honda Westland,Repair,134,21646,23504,1,1.4
2026-01,Summit Auto Group,Summit Honda Westland,Tires,44,6576,4854,1,0.9
2026-01,Summit Auto Group,Summit Honda Westland,Recall,29,5195,5671,0,2.5
2026-01,Summit Auto Group,Summit Honda Westland,Warranty,59,10591,11741,0,1.4
2026-01,Summit Auto Group,Summit Hyundai Oakhurst,Maintenance,151,35941,29031,1,1.9
2026-01,Summit Auto Group,Summit Hyundai Oakhurst,Repair,89,18139,9298,1,1.4
2026-01,Summit Auto Group,Summit Hyundai Oakhurst,Tires,29,4711,5438,1,2.4
2026-01,Summit Auto Group,Summit Hyundai Oakhurst,Recall,19,3756,2165,0,1.6
2026-01,Summit Auto Group,Summit Hyundai Oakhurst,Warranty,39,7632,5889,0,3.0
2026-01,Summit Auto Group,Summit Jeep Ram Clearwater,Maintenance,165,24277,16081,1,2.4
2026-01,Summit Auto Group,Summit Jeep Ram Clearwater,Repair,97,14999,9505,1,2.7
2026-01,Summit Auto Group,Summit Jeep Ram Clearwater,Tires,32,5154,3008,1,2.2
2026-01,Summit Auto Group,Summit Jeep Ram Clearwater,Recall,21,3960,2427,0,1.0
2026-01,Summit Auto Group,Summit Jeep Ram Clearwater,Warranty,43,9294,8948,0,2.3
2026-01,Summit Auto Group,Summit Kia Brookfield,Maintenance,123,17391,25767,1,2.7
2026-01,Summit Auto Group,Summit Kia Brookfield,Repair,72,15949,13464,1,0.9
2026-01,Summit Auto Group,Summit Kia Brookfield,Tires,24,5577,4494,1,1.6
2026-01,Summit Auto Group,Summit Kia Brookfield,Recall,16,3140,2528,0,1.7
2026-01,Summit Auto Group,Summit Kia Brookfield,Warranty,32,5089,5290,0,1.7
2026-01,Summit Auto Group,Summit Mazda Lakeside,Maintenance,112,19279,14083,1,1.0
2026-01,Summit Auto Group,Summit Mazda Lakeside,Repair,65,10002,13119,1,1.1
2026-01,Summit Auto Group,Summit Mazda Lakeside,Tires,21,3039,2042,1,1.2
2026-01,Summit Auto Group,Summit Mazda Lakeside,Recall,14,2756,2386,0,1.2
2026-01,Summit Auto Group,Summit Mazda Lakeside,Warranty,29,5919,4239,0,2.2
2026-01,Summit Auto Group,Summit Nissan Ridgemont,Maintenance,156,29372,30430,1,0.8
2026-01,Summit Auto Group,Summit Nissan Ridgemont,Repair,91,19628,14502,1,1.7
2026-01,Summit Auto Group,Summit Nissan Ridgemont,Tires,30,6668,4766,1,1.8
2026-01,Summit Auto Group,Summit Nissan Ridgemont,Recall,20,4064,2775,0,1.1
2026-01,Summit Auto Group,Summit Nissan Ridgemont,Warranty,40,7131,3718,0,1.7
2026-01,Summit Auto Group,Summit Subaru Northgate,Maintenance,142,29545,22935,1,0.9
2026-01,Summit Auto Group,Summit Subaru Northgate,Repair,83,19127,12635,1,1.2
2026-01,Summit Auto Group,Summit Subaru Northgate,Tires,27,6392,5052,1,1.3
2026-01,Summit Auto Group,Summit Subaru Northgate,Recall,18,3084,3492,0,1.5
2026-01,Summit Auto Group,Summit Subaru Northgate,Warranty,37,6655,5017,0,2.4
2026-01,Summit Auto Group,Summit Toyota of Fairview,Maintenance,271,43329,45598,1,1.9
2026-01,Summit Auto Group,Summit Toyota of Fairview,Repair,159,27463,15819,1,2.7
2026-01,Summit Auto Group,Summit Toyota of Fairview,Tires,53,10603,10561,1,1.8
2026-01,Summit Auto Group,Summit Toyota of Fairview,Recall,35,5451,4148,0,2.0
2026-01,Summit Auto Group,Summit Toyota of Fairview,Warranty,70,13446,7864,0,2.5
2026-01,Summit Auto Group,Summit Volkswagen Eastdale,Maintenance,96,20236,16951,1,1.1
2026-01,Summit Auto Group,Summit Volkswagen Eastdale,Repair,56,10547,7212,1,2.3
2026-01,Summit Auto Group,Summit Volkswagen Eastdale,Tires,18,3729,2975,1,2.3
2026-01,Summit Auto Group,Summit Volkswagen Eastdale,Recall,12,2689,2155,0,1.4
2026-01,Summit Auto Group,Summit Volkswagen Eastdale,Warranty,25,4394,5192,0,2.1
2026-02,Harbor Motor Group,Harbor BMW,Maintenance,229,43830,30616,1,1.4
2026-02,Harbor Motor Group,Harbor BMW,Repair,134,21975,20089,1,1.0
2026-02,Harbor Motor Group,Harbor BMW,Tires,44,10738,7165,1,3.0
2026-02,Harbor Motor Group,Harbor BMW,Recall,29,6408,6033,0,2.1
2026-02,Harbor Motor Group,Harbor BMW,Warranty,59,9082,12346,0,0.9
2026-02,Harbor Motor Group,Harbor Chevrolet Marina,Maintenance,184,28109,17819,1,3.1
2026-02,Harbor Motor Group,Harbor Chevrolet Marina,Repair,108,21355,19558,1,2.4
2026-02,Harbor Motor Group,Harbor Chevrolet Marina,Tires,36,5226,4037,1,1.1
2026-02,Harbor Motor Group,Harbor Chevrolet Marina,Recall,24,4236,2421,0,1.0
2026-02,Harbor Motor Group,Harbor Chevrolet Marina,Warranty,48,7671,5307,0,3.0
2026-02,Harbor Motor Group,Harbor Ford Portside,Maintenance,218,38418,29601,1,1.4
2026-02,Harbor Motor Group,Harbor Ford Portside,Repair,127,24365,23195,1,2.7
2026-02,Harbor Motor Group,Harbor Ford Portside,Tires,42,10029,3925,1,2.9
2026-02,Harbor Motor Group,Harbor Ford Portside,Recall,28,5600,4395,0,2.9
2026-02,Harbor Motor Group,Harbor Ford Portside,Warranty,56,8621,8644,0,1.1
2026-02,Harbor Motor Group,Harbor Honda Seaside,Maintenance,212,53187,36078,1,1.2
2026-02,Harbor Motor Group,Harbor Honda Seaside,Repair,124,26482,25163,1,3.2
2026-02,Harbor Motor Group,Harbor Honda Seaside,Tires,41,6157,5047,1,3.4
2026-02,Harbor Motor Group,Harbor Honda Seaside,Recall,27,5901,4514,0,1.2
2026-02,Harbor Motor Group,Harbor Honda Seaside,Warranty,55,8239,9804,0,3.0
2026-02,Harbor Motor Group,Harbor Jeep Ram Anchor,Maintenance,187,45553,23310,1,2.8
2026-02,Harbor Motor Group,Harbor Jeep Ram Anchor,Repair,110,25868,18199,1,1.6
2026-02,Harbor Motor Group,Harbor Jeep Ram Anchor,Tires,36,6087,5829,1,2.4
2026-02,Harbor Motor Group,Harbor Jeep Ram Anchor,Recall,24,4047,4762,0,2.8
2026-02,Harbor Motor Group,Harbor Jeep Ram Anchor,Warranty,48,11393,9223,0,1.9
2026-02,Harbor Motor Group,Harbor Kia Lighthouse,Maintenance,125,31060,21073,1,3.0
2026-02,Harbor Motor Group,Harbor Kia Lighthouse,Repair,73,16631,8325,1,2.4
2026-02,Harbor Motor Group,Harbor Kia Lighthouse,Tires,24,5675,3952,1,1.5
2026-02,Harbor Motor Group,Harbor Kia Lighthouse,Recall,16,3946,2029,0,1.6
2026-02,Harbor Motor Group,Harbor Kia Lighthouse,Warranty,32,5425,6454,0,2.0
2026-02,Harbor Motor Group,Harbor Subaru Tidewater,Maintenance,131,23794,25249,1,3.3
2026-02,Harbor Motor Group,Harbor Subaru Tidewater,Repair,76,15761,11423,1,2.5
2026-02,Harbor Motor Group,Harbor Subaru Tidewater,Tires,25,4175,3614,1,3.0
2026-02,Harbor Motor Group,Harbor Subaru Tidewater,Recall,17,3485,2447,0,2.8
2026-02,Harbor Motor Group,Harbor Subaru Tidewater,Warranty,34,8693,3656,0,1.9
2026-02,Harbor Motor Group,Harbor Toyota Bayview,Maintenance,273,54898,39644,1,3.3
2026-02,Harbor Motor Group,Harbor Toyota Bayview,Repair,160,39751,25065,1,1.7
2026-02,Harbor Motor Group,Harbor Toyota Bayview,Tires,53,7675,9313,1,3.1
2026-02,Harbor Motor Group,Harbor Toyota Bayview,Recall,35,6647,3363,0,1.9
2026-02,Harbor Motor Group,Harbor Toyota Bayview,Warranty,71,16011,14162,0,2.1
2026-02,Summit Auto Group,Summit BMW,Maintenance,198,36025,30894,1,1.7
2026-02,Summit Auto Group,Summit BMW,Repair,116,27732,13834,1,2.1
2026-02,Summit Auto Group,Summit BMW,Tires,38,7047,4616,1,3.0
2026-02,Summit Auto Group,Summit BMW,Recall,25,6467,2634,0,2.9
2026-02,Summit Auto Group,Summit BMW,Warranty,51,9990,9860,0,1.1
2026-02,Summit Auto Group,Summit Chevrolet Glenpark,Maintenance,184,37829,20579,1,1.3
2026-02,Summit Auto Group,Summit Chevrolet Glenpark,Repair,108,25105,18793,1,1.3
2026-02,Summit Auto Group,Summit Chevrolet Glenpark,Tires,36,9055,6130,1,1.0
2026-02,Summit Auto Group,Summit Chevrolet Glenpark,Recall,24,4997,4182,0,3.0
2026-02,Summit Auto Group,Summit Chevrolet Glenpark,Warranty,48,11708,9265,0,1.6
2026-02,Summit Auto Group,Summit Ford Rivera,Maintenance,232,41234,36304,1,2.7
2026-02,Summit Auto Group,Summit Ford Rivera,Repair,136,25263,24436,1,2.3
2026-02,Summit Auto Group,Summit Ford Rivera,Tires,45,7533,8968,1,1.7
2026-02,Summit Auto Group,Summit Ford Rivera,Recall,30,7285,6031,0,2.9
2026-02,Summit Auto Group,Summit Ford Rivera,Warranty,60,12197,10438,0,1.5
2026-02,Summit Auto Group,Summit Honda Westland,Maintenance,199,41008,35982,1,2.3
2026-02,Summit Auto Group,Summit Honda Westland,Repair,116,26038,18585,1,1.2
2026-02,Summit Auto Group,Summit Honda Westland,Tires,38,6793,7022,1,1.0
2026-02,Summit Auto Group,Summit Honda Westland,Recall,25,6231,4831,0,2.2
2026-02,Summit Auto Group,Summit Honda Westland,Warranty,51,11517,6203,0,2.0
2026-02,Summit Auto Group,Summit Hyundai Oakhurst,Maintenance,170,25436,28801,1,2.1
2026-02,Summit Auto Group,Summit Hyundai Oakhurst,Repair,99,20950,17434,1,1.4
2026-02,Summit Auto Group,Summit Hyundai Oakhurst,Tires,33,6582,6691,1,3.4
2026-02,Summit Auto Group,Summit Hyundai Oakhurst,Recall,22,5031,2487,0,2.1
2026-02,Summit Auto Group,Summit Hyundai Oakhurst,Warranty,44,7185,7108,0,3.2
2026-02,Summit Auto Group,Summit Jeep Ram Clearwater,Maintenance,195,40215,39881,1,2.5
2026-02,Summit Auto Group,Summit Jeep Ram Clearwater,Repair,114,24832,12604,1,1.9
2026-02,Summit Auto Group,Summit Jeep Ram Clearwater,Tires,38,9043,4978,1,2.6
2026-02,Summit Auto Group,Summit Jeep Ram Clearwater,Recall,25,6175,3361,0,1.1
2026-02,Summit Auto Group,Summit Jeep Ram Clearwater,Warranty,51,10372,10624,0,1.4
2026-02,Summit Auto Group,Summit Kia Brookfield,Maintenance,125,28980,14994,1,1.9
2026-02,Summit Auto Group,Summit Kia Brookfield,Repair,73,18899,8041,1,2.7
2026-02,Summit Auto Group,Summit Kia Brookfield,Tires,24,4254,2602,1,2.3
2026-02,Summit Auto Group,Summit Kia Brookfield,Recall,16,2365,2332,0,1.9
2026-02,Summit Auto Group,Summit Kia Brookfield,Warranty,32,5258,3160,0,2.5
2026-02,Summit Auto Group,Summit Mazda Lakeside,Maintenance,103,24632,19599,1,2.9
2026-02,Summit Auto Group,Summit Mazda Lakeside,Repair,61,9254,6045,1,1.2
2026-02,Summit Auto Group,Summit Mazda Lakeside,Tires,20,4458,3264,1,3.1
2026-02,Summit Auto Group,Summit Mazda Lakeside,Recall,13,3322,1704,0,2.0
2026-02,Summit Auto Group,Summit Mazda Lakeside,Warranty,27,3843,2943,0,2.9
2026-02,Summit Auto Group,Summit Nissan Ridgemont,Maintenance,164,40012,25952,1,1.1
2026-02,Summit Auto Group,Summit Nissan Ridgemont,Repair,96,16946,9034,1,1.4
2026-02,Summit Auto Group,Summit Nissan Ridgemont,Tires,32,4556,5201,1,1.2
2026-02,Summit Auto Group,Summit Nissan Ridgemont,Recall,21,3568,2002,0,1.0
2026-02,Summit Auto Group,Summit Nissan Ridgemont,Warranty,42,7276,5726,0,3.2
2026-02,Summit Auto Group,Summit Subaru Northgate,Maintenance,143,34944,29792,1,1.9
2026-02,Summit Auto Group,Summit Subaru Northgate,Repair,84,19001,9710,1,3.1
2026-02,Summit Auto Group,Summit Subaru Northgate,Tires,28,6695,3078,1,2.2
2026-02,Summit Auto Group,Summit Subaru Northgate,Recall,18,3778,3117,0,2.7
2026-02,Summit Auto Group,Summit Subaru Northgate,Warranty,37,6150,5239,0,1.2
2026-02,Summit Auto Group,Summit Toyota of Fairview,Maintenance,258,37933,25932,1,1.7
2026-02,Summit Auto Group,Summit Toyota of Fairview,Repair,151,22475,20758,1,3.2
2026-02,Summit Auto Group,Summit Toyota of Fairview,Tires,50,11233,10461,1,0.9
2026-02,Summit Auto Group,Summit Toyota of Fairview,Recall,33,6642,4052,0,3.3
2026-02,Summit Auto Group,Summit Toyota of Fairview,Warranty,67,14183,11705,0,2.8
2026-02,Summit Auto Group,Summit Volkswagen Eastdale,Maintenance,90,17014,9873,1,1.0
2026-02,Summit Auto Group,Summit Volkswagen Eastdale,Repair,53,9479,6090,1,3.3
2026-02,Summit Auto Group,Summit Volkswagen Eastdale,Tires,17,3462,2659,1,1.6
2026-02,Summit Auto Group,Summit Volkswagen Eastdale,Recall,11,2560,2227,0,2.3
2026-02,Summit Auto Group,Summit Volkswagen Eastdale,Warranty,23,3552,3593,0,1.4
2026-03,Harbor Motor Group,Harbor BMW,Maintenance,196,50919,19355,1,3.3
2026-03,Harbor Motor Group,Harbor BMW,Repair,115,18903,21803,1,1.7
2026-03,Harbor Motor Group,Harbor BMW,Tires,38,5374,5274,1,3.3
2026-03,Harbor Motor Group,Harbor BMW,Recall,25,5398,3583,0,2.6
2026-03,Harbor Motor Group,Harbor BMW,Warranty,51,11109,9784,0,0.8
2026-03,Harbor Motor Group,Harbor Chevrolet Marina,Maintenance,148,21185,17588,1,2.9
2026-03,Harbor Motor Group,Harbor Chevrolet Marina,Repair,87,17904,11916,1,1.5
2026-03,Harbor Motor Group,Harbor Chevrolet Marina,Tires,29,6094,5368,1,3.3
2026-03,Harbor Motor Group,Harbor Chevrolet Marina,Recall,19,4455,3305,0,2.4
2026-03,Harbor Motor Group,Harbor Chevrolet Marina,Warranty,38,8054,7388,0,2.1
2026-03,Harbor Motor Group,Harbor Ford Portside,Maintenance,234,39123,41259,1,2.5
2026-03,Harbor Motor Group,Harbor Ford Portside,Repair,137,27522,19623,1,2.0
2026-03,Harbor Motor Group,Harbor Ford Portside,Tires,45,7778,6494,1,2.7
2026-03,Harbor Motor Group,Harbor Ford Portside,Recall,30,7729,4258,0,3.2
2026-03,Harbor Motor Group,Harbor Ford Portside,Warranty,61,13929,7766,0,1.4
2026-03,Harbor Motor Group,Harbor Honda Seaside,Maintenance,172,37966,34125,1,1.9
2026-03,Harbor Motor Group,Harbor Honda Seaside,Repair,101,21098,20265,1,0.8
2026-03,Harbor Motor Group,Harbor Honda Seaside,Tires,33,8234,5614,1,0.8
2026-03,Harbor Motor Group,Harbor Honda Seaside,Recall,22,5387,2305,0,3.3
2026-03,Harbor Motor Group,Harbor Honda Seaside,Warranty,45,11642,8668,0,3.0
2026-03,Harbor Motor Group,Harbor Jeep Ram Anchor,Maintenance,157,28483,31514,1,1.8
2026-03,Harbor Motor Group,Harbor Jeep Ram Anchor,Repair,92,22756,12551,1,2.4
2026-03,Harbor Motor Group,Harbor Jeep Ram Anchor,Tires,30,4495,4353,1,1.4
2026-03,Harbor Motor Group,Harbor Jeep Ram Anchor,Recall,20,4851,2963,0,1.6
2026-03,Harbor Motor Group,Harbor Jeep Ram Anchor,Warranty,41,10331,7127,0,1.1
2026-03,Harbor Motor Group,Harbor Kia Lighthouse,Maintenance,122,24154,15666,1,1.3
2026-03,Harbor Motor Group,Harbor Kia Lighthouse,Repair,71,15798,6732,1,1.7
2026-03,Harbor Motor Group,Harbor Kia Lighthouse,Tires,23,4128,4728,1,1.7
2026-03,Harbor Motor Group,Harbor Kia Lighthouse,Recall,15,2675,2997,0,1.9
2026-03,Harbor Motor Group,Harbor Kia Lighthouse,Warranty,31,4603,5319,0,1.3
2026-03,Harbor Motor Group,Harbor Subaru Tidewater,Maintenance,105,15479,14012,1,2.3
2026-03,Harbor Motor Group,Harbor Subaru Tidewater,Repair,61,11067,10080,1,0.9
2026-03,Harbor Motor Group,Harbor Subaru Tidewater,Tires,20,3075,4046,1,2.6
2026-03,Harbor Motor Group,Harbor Subaru Tidewater,Recall,13,2846,1439,0,1.9
2026-03,Harbor Motor Group,Harbor Subaru Tidewater,Warranty,27,5209,2447,0,2.6
2026-03,Harbor Motor Group,Harbor Toyota Bayview,Maintenance,205,29117,25991,1,1.6
2026-03,Harbor Motor Group,Harbor Toyota Bayview,Repair,120,18128,20953,1,1.8
2026-03,Harbor Motor Group,Harbor Toyota Bayview,Tires,40,9917,4343,1,2.9
2026-03,Harbor Motor Group,Harbor Toyota Bayview,Recall,26,6578,3019,0,2.9
2026-03,Harbor Motor Group,Harbor Toyota Bayview,Warranty,53,8892,5732,0,3.2
2026-03,Summit Auto Group,Summit BMW,Maintenance,195,45428,29797,1,1.9
2026-03,Summit Auto Group,Summit BMW,Repair,114,25115,19480,1,1.4
2026-03,Summit Auto Group,Summit BMW,Tires,38,7313,4183,1,3.2
2026-03,Summit Auto Group,Summit BMW,Recall,25,4137,3560,0,2.5
2026-03,Summit Auto Group,Summit BMW,Warranty,50,12938,7774,0,2.6
2026-03,Summit Auto Group,Summit Chevrolet Glenpark,Maintenance,174,36196,35401,1,1.5
2026-03,Summit Auto Group,Summit Chevrolet Glenpark,Repair,102,21125,13045,1,2.3
2026-03,Summit Auto Group,Summit Chevrolet Glenpark,Tires,34,8514,5644,1,1.2
2026-03,Summit Auto Group,Summit Chevrolet Glenpark,Recall,22,3393,2633,0,2.2
2026-03,Summit Auto Group,Summit Chevrolet Glenpark,Warranty,45,10680,6695,0,1.5
2026-03,Summit Auto Group,Summit Ford Rivera,Maintenance,216,49679,33706,1,1.8
2026-03,Summit Auto Group,Summit Ford Rivera,Repair,126,28323,25663,1,1.4
2026-03,Summit Auto Group,Summit Ford Rivera,Tires,42,6422,8439,1,1.5
2026-03,Summit Auto Group,Summit Ford Rivera,Recall,28,4346,4004,0,2.4
2026-03,Summit Auto Group,Summit Ford Rivera,Warranty,56,13726,10894,0,2.5
2026-03,Summit Auto Group,Summit Honda Westland,Maintenance,224,35441,32842,1,1.2
2026-03,Summit Auto Group,Summit Honda Westland,Repair,131,21071,13691,1,1.8
2026-03,Summit Auto Group,Summit Honda Westland,Tires,43,8442,7704,1,2.0
2026-03,Summit Auto Group,Summit Honda Westland,Recall,29,4274,3403,0,1.2
2026-03,Summit Auto Group,Summit Honda Westland,Warranty,58,12787,11413,0,3.1
2026-03,Summit Auto Group,Summit Hyundai Oakhurst,Maintenance,158,37938,24138,1,2.5
2026-03,Summit Auto Group,Summit Hyundai Oakhurst,Repair,93,22656,12040,1,3.0
2026-03,Summit Auto Group,Summit Hyundai Oakhurst,Tires,31,6743,4888,1,3.1
2026-03,Summit Auto Group,Summit Hyundai Oakhurst,Recall,20,5117,3272,0,2.9
2026-03,Summit Auto Group,Summit Hyundai Oakhurst,Warranty,41,10147,6467,0,3.3
2026-03,Summit Auto Group,Summit Jeep Ram Clearwater,Maintenance,175,43310,23855,1,1.6
2026-03,Summit Auto Group,Summit Jeep Ram Clearwater,Repair,102,25100,9870,1,1.5
2026-03,Summit Auto Group,Summit Jeep Ram Clearwater,Tires,34,5172,3165,1,2.2
2026-03,Summit Auto Group,Summit Jeep Ram Clearwater,Recall,22,4399,4374,0,2.5
2026-03,Summit Auto Group,Summit Jeep Ram Clearwater,Warranty,45,9373,4637,0,1.3
2026-03,Summit Auto Group,Summit Kia Brookfield,Maintenance,118,17823,12188,1,2.5
2026-03,Summit Auto Group,Summit Kia Brookfield,Repair,69,13951,12613,1,3.1
2026-03,Summit Auto Group,Summit Kia Brookfield,Tires,23,4053,3335,1,1.9
2026-03,Summit Auto Group,Summit Kia Brookfield,Recall,15,2711,1475,0,0.9
2026-03,Summit Auto Group,Summit Kia Brookfield,Warranty,30,4773,5580,0,1.8
2026-03,Summit Auto Group,Summit Mazda Lakeside,Maintenance,95,14001,14841,1,2.3
2026-03,Summit Auto Group,Summit Mazda Lakeside,Repair,55,11949,9531,1,1.6
2026-03,Summit Auto Group,Summit Mazda Lakeside,Tires,18,3735,3034,1,2.2
2026-03,Summit Auto Group,Summit Mazda Lakeside,Recall,12,2838,1507,0,2.4
2026-03,Summit Auto Group,Summit Mazda Lakeside,Warranty,24,4153,2325,0,2.4
2026-03,Summit Auto Group,Summit Nissan Ridgemont,Maintenance,150,21396,26302,1,2.3
2026-03,Summit Auto Group,Summit Nissan Ridgemont,Repair,88,20855,13894,1,3.0
2026-03,Summit Auto Group,Summit Nissan Ridgemont,Tires,29,7102,4279,1,3.1
2026-03,Summit Auto Group,Summit Nissan Ridgemont,Recall,19,4248,1715,0,1.3
2026-03,Summit Auto Group,Summit Nissan Ridgemont,Warranty,39,9203,4068,0,1.6
2026-03,Summit Auto Group,Summit Subaru Northgate,Maintenance,119,30670,15335,1,2.6
2026-03,Summit Auto Group,Summit Subaru Northgate,Repair,70,11276,13713,1,1.7
2026-03,Summit Auto Group,Summit Subaru Northgate,Tires,23,4995,2271,1,1.7
2026-03,Summit Auto Group,Summit Subaru Northgate,Recall,15,3457,1543,0,2.0
2026-03,Summit Auto Group,Summit Subaru Northgate,Warranty,31,7345,5731,0,2.8
2026-03,Summit Auto Group,Summit Toyota of Fairview,Maintenance,268,67542,43382,1,2.3
2026-03,Summit Auto Group,Summit Toyota of Fairview,Repair,157,32800,25562,1,1.6
2026-03,Summit Auto Group,Summit Toyota of Fairview,Tires,52,13508,7698,1,2.5
2026-03,Summit Auto Group,Summit Toyota of Fairview,Recall,35,5278,5987,0,2.3
2026-03,Summit Auto Group,Summit Toyota of Fairview,Warranty,70,16196,6497,0,3.0
2026-03,Summit Auto Group,Summit Volkswagen Eastdale,Maintenance,95,15176,18616,1,2.4
2026-03,Summit Auto Group,Summit Volkswagen Eastdale,Repair,56,12575,7160,1,2.7
2026-03,Summit Auto Group,Summit Volkswagen Eastdale,Tires,18,2667,2525,1,1.2
2026-03,Summit Auto Group,Summit Volkswagen Eastdale,Recall,12,2011,2232,0,2.9
2026-03,Summit Auto Group,Summit Volkswagen Eastdale,Warranty,24,6010,4155,0,1.9
2026-04,Harbor Motor Group,Harbor BMW,Maintenance,194,45731,24550,1,1.7
2026-04,Harbor Motor Group,Harbor BMW,Repair,114,29056,13985,1,3.3
2026-04,Harbor Motor Group,Harbor BMW,Tires,38,6934,6117,1,1.5
2026-04,Harbor Motor Group,Harbor BMW,Recall,25,5554,3520,0,2.1
2026-04,Harbor Motor Group,Harbor BMW,Warranty,50,11922,7737,0,1.0
2026-04,Harbor Motor Group,Harbor Chevrolet Marina,Maintenance,181,28407,28771,1,3.4
2026-04,Harbor Motor Group,Harbor Chevrolet Marina,Repair,106,19673,11875,1,1.2
2026-04,Harbor Motor Group,Harbor Chevrolet Marina,Tires,35,7957,3400,1,1.6
2026-04,Harbor Motor Group,Harbor Chevrolet Marina,Recall,23,3872,4535,0,2.6
2026-04,Harbor Motor Group,Harbor Chevrolet Marina,Warranty,47,12118,8821,0,2.4
2026-04,Harbor Motor Group,Harbor Ford Portside,Maintenance,185,28186,21240,1,1.9
2026-04,Harbor Motor Group,Harbor Ford Portside,Repair,108,24268,18950,1,2.2
2026-04,Harbor Motor Group,Harbor Ford Portside,Tires,36,5289,5094,1,3.1
2026-04,Harbor Motor Group,Harbor Ford Portside,Recall,24,4517,2877,0,1.9
2026-04,Harbor Motor Group,Harbor Ford Portside,Warranty,48,10228,5194,0,1.1
2026-04,Harbor Motor Group,Harbor Honda Seaside,Maintenance,175,32923,17961,1,2.2
2026-04,Harbor Motor Group,Harbor Honda Seaside,Repair,103,18784,20242,1,2.8
2026-04,Harbor Motor Group,Harbor Honda Seaside,Tires,34,5550,7086,1,1.1
2026-04,Harbor Motor Group,Harbor Honda Seaside,Recall,22,3837,2701,0,3.2
2026-04,Harbor Motor Group,Harbor Honda Seaside,Warranty,45,10150,7876,0,2.9
2026-04,Harbor Motor Group,Harbor Jeep Ram Anchor,Maintenance,171,38778,30751,1,1.7
2026-04,Harbor Motor Group,Harbor Jeep Ram Anchor,Repair,100,25629,12646,1,1.6
2026-04,Harbor Motor Group,Harbor Jeep Ram Anchor,Tires,33,8082,5215,1,2.8
2026-04,Harbor Motor Group,Harbor Jeep Ram Anchor,Recall,22,5598,4614,0,2.7
2026-04,Harbor Motor Group,Harbor Jeep Ram Anchor,Warranty,44,10444,5495,0,1.5
2026-04,Harbor Motor Group,Harbor Kia Lighthouse,Maintenance,118,30361,18100,1,3.0
2026-04,Harbor Motor Group,Harbor Kia Lighthouse,Repair,69,10483,10910,1,3.0
2026-04,Harbor Motor Group,Harbor Kia Lighthouse,Tires,23,5902,4343,1,3.1
2026-04,Harbor Motor Group,Harbor Kia Lighthouse,Recall,15,2898,1887,0,2.8
2026-04,Harbor Motor Group,Harbor Kia Lighthouse,Warranty,30,4986,5375,0,1.7
2026-04,Harbor Motor Group,Harbor Subaru Tidewater,Maintenance,128,31384,14765,1,2.2
2026-04,Harbor Motor Group,Harbor Subaru Tidewater,Repair,75,13264,14217,1,3.3
2026-04,Harbor Motor Group,Harbor Subaru Tidewater,Tires,25,5095,3484,1,2.6
2026-04,Harbor Motor Group,Harbor Subaru Tidewater,Recall,16,4074,2266,0,1.4
2026-04,Harbor Motor Group,Harbor Subaru Tidewater,Warranty,33,7017,4206,0,1.7
2026-04,Harbor Motor Group,Harbor Toyota Bayview,Maintenance,209,30931,25608,1,1.3
2026-04,Harbor Motor Group,Harbor Toyota Bayview,Repair,123,24693,13816,1,1.2
2026-04,Harbor Motor Group,Harbor Toyota Bayview,Tires,41,7949,8316,1,1.3
2026-04,Harbor Motor Group,Harbor Toyota Bayview,Recall,27,6847,3460,0,3.0
2026-04,Harbor Motor Group,Harbor Toyota Bayview,Warranty,54,12391,6280,0,2.7
2026-04,Summit Auto Group,Summit BMW,Maintenance,208,34033,41737,1,2.4
2026-04,Summit Auto Group,Summit BMW,Repair,122,23393,15587,1,1.9
2026-04,Summit Auto Group,Summit BMW,Tires,40,10310,5005,1,1.5
2026-04,Summit Auto Group,Summit BMW,Recall,27,5031,4067,0,1.7
2026-04,Summit Auto Group,Summit BMW,Warranty,54,11387,9520,0,1.0
2026-04,Summit Auto Group,Summit Chevrolet Glenpark,Maintenance,198,36175,36871,1,2.6
2026-04,Summit Auto Group,Summit Chevrolet Glenpark,Repair,116,17948,24034,1,1.4
2026-04,Summit Auto Group,Summit Chevrolet Glenpark,Tires,38,8105,5534,1,1.7
2026-04,Summit Auto Group,Summit Chevrolet Glenpark,Recall,25,4023,2753,0,2.3
2026-04,Summit Auto Group,Summit Chevrolet Glenpark,Warranty,51,13147,6620,0,0.9
2026-04,Summit Auto Group,Summit Ford Rivera,Maintenance,242,37919,40478,1,1.1
2026-04,Summit Auto Group,Summit Ford Rivera,Repair,142,28012,16944,1,3.2
2026-04,Summit Auto Group,Summit Ford Rivera,Tires,47,9416,6897,1,1.1
2026-04,Summit Auto Group,Summit Ford Rivera,Recall,31,6079,5923,0,2.7
2026-04,Summit Auto Group,Summit Ford Rivera,Warranty,63,13149,6198,0,2.5
2026-04,Summit Auto Group,Summit Honda Westland,Maintenance,183,26954,25046,1,1.3
2026-04,Summit Auto Group,Summit Honda Westland,Repair,107,27504,12595,1,2.9
2026-04,Summit Auto Group,Summit Honda Westland,Tires,35,5807,4741,1,1.8
2026-04,Summit Auto Group,Summit Honda Westland,Recall,23,3529,2703,0,1.7
2026-04,Summit Auto Group,Summit Honda Westland,Warranty,47,6989,8978,0,3.2
2026-04,Summit Auto Group,Summit Hyundai Oakhurst,Maintenance,148,32822,26395,1,2.9
2026-04,Summit Auto Group,Summit Hyundai Oakhurst,Repair,87,13332,10310,1,2.1
2026-04,Summit Auto Group,Summit Hyundai Oakhurst,Tires,29,5927,2999,1,2.7
2026-04,Summit Auto Group,Summit Hyundai Oakhurst,Recall,19,4700,3060,0,1.3
2026-04,Summit Auto Group,Summit Hyundai Oakhurst,Warranty,38,9274,6190,0,0.9
2026-04,Summit Auto Group,Summit Jeep Ram Clearwater,Maintenance,173,42943,35733,1,1.8
2026-04,Summit Auto Group,Summit Jeep Ram Clearwater,Repair,101,23692,19691,1,2.8
2026-04,Summit Auto Group,Summit Jeep Ram Clearwater,Tires,33,8197,3079,1,1.8
2026-04,Summit Auto Group,Summit Jeep Ram Clearwater,Recall,22,4183,2173,0,2.4
2026-04,Summit Auto Group,Summit Jeep Ram Clearwater,Warranty,45,8065,8286,0,2.4
2026-04,Summit Auto Group,Summit Kia Brookfield,Maintenance,115,23466,13748,1,3.0
2026-04,Summit Auto Group,Summit Kia Brookfield,Repair,68,11840,9332,1,1.2
2026-04,Summit Auto Group,Summit Kia Brookfield,Tires,22,4923,2863,1,3.2
2026-04,Summit Auto Group,Summit Kia Brookfield,Recall,15,3543,2253,0,2.2
2026-04,Summit Auto Group,Summit Kia Brookfield,Warranty,30,6564,4905,0,2.6
2026-04,Summit Auto Group,Summit Mazda Lakeside,Maintenance,120,31014,11509,1,0.9
2026-04,Summit Auto Group,Summit Mazda Lakeside,Repair,70,12183,10296,1,2.8
2026-04,Summit Auto Group,Summit Mazda Lakeside,Tires,23,4594,4404,1,1.9
2026-04,Summit Auto Group,Summit Mazda Lakeside,Recall,15,2697,2364,0,3.3
2026-04,Summit Auto Group,Summit Mazda Lakeside,Warranty,31,7137,5614,0,2.2
2026-04,Summit Auto Group,Summit Nissan Ridgemont,Maintenance,132,27063,13872,1,1.2
2026-04,Summit Auto Group,Summit Nissan Ridgemont,Repair,77,16573,9781,1,2.0
2026-04,Summit Auto Group,Summit Nissan Ridgemont,Tires,25,3932,2967,1,2.0
2026-04,Summit Auto Group,Summit Nissan Ridgemont,Recall,17,3428,1785,0,2.3
2026-04,Summit Auto Group,Summit Nissan Ridgemont,Warranty,34,6069,6018,0,2.5
2026-04,Summit Auto Group,Summit Subaru Northgate,Maintenance,107,22516,14577,1,1.7
2026-04,Summit Auto Group,Summit Subaru Northgate,Repair,62,10136,10742,1,1.8
2026-04,Summit Auto Group,Summit Subaru Northgate,Tires,20,3178,2137,1,2.3
2026-04,Summit Auto Group,Summit Subaru Northgate,Recall,13,3188,2452,0,1.3
2026-04,Summit Auto Group,Summit Subaru Northgate,Warranty,27,4217,3766,0,3.4
2026-04,Summit Auto Group,Summit Toyota of Fairview,Maintenance,217,52489,20833,1,1.4
2026-04,Summit Auto Group,Summit Toyota of Fairview,Repair,127,31857,21582,1,2.6
2026-04,Summit Auto Group,Summit Toyota of Fairview,Tires,42,6640,6389,1,2.7
2026-04,Summit Auto Group,Summit Toyota of Fairview,Recall,28,6235,5803,0,2.6
2026-04,Summit Auto Group,Summit Toyota of Fairview,Warranty,56,10927,10640,0,1.2
2026-04,Summit Auto Group,Summit Volkswagen Eastdale,Maintenance,109,15622,10723,1,2.9
2026-04,Summit Auto Group,Summit Volkswagen Eastdale,Repair,64,14340,8685,1,1.4
2026-04,Summit Auto Group,Summit Volkswagen Eastdale,Tires,21,3484,2790,1,3.0
2026-04,Summit Auto Group,Summit Volkswagen Eastdale,Recall,14,2153,1570,0,2.7
2026-04,Summit Auto Group,Summit Volkswagen Eastdale,Warranty,28,4749,3116,0,1.9
2026-05,Harbor Motor Group,Harbor BMW,Maintenance,212,44720,40615,1,2.1
2026-05,Harbor Motor Group,Harbor BMW,Repair,124,19627,23183,1,1.2
2026-05,Harbor Motor Group,Harbor BMW,Tires,41,9842,6020,1,2.7
2026-05,Harbor Motor Group,Harbor BMW,Recall,27,6822,4751,0,2.5
2026-05,Harbor Motor Group,Harbor BMW,Warranty,55,11045,8595,0,2.1
2026-05,Harbor Motor Group,Harbor Chevrolet Marina,Maintenance,182,28614,18205,1,1.5
2026-05,Harbor Motor Group,Harbor Chevrolet Marina,Repair,106,16800,16380,1,0.8
2026-05,Harbor Motor Group,Harbor Chevrolet Marina,Tires,35,8645,7281,1,3.0
2026-05,Harbor Motor Group,Harbor Chevrolet Marina,Recall,23,5528,3651,0,1.4
2026-05,Harbor Motor Group,Harbor Chevrolet Marina,Warranty,47,7449,9767,0,1.3
2026-05,Harbor Motor Group,Harbor Ford Portside,Maintenance,204,50338,41246,1,2.1
2026-05,Harbor Motor Group,Harbor Ford Portside,Repair,120,25826,17863,1,1.9
2026-05,Harbor Motor Group,Harbor Ford Portside,Tires,40,9892,4347,1,2.4
2026-05,Harbor Motor Group,Harbor Ford Portside,Recall,26,3894,3082,0,2.5
2026-05,Harbor Motor Group,Harbor Ford Portside,Warranty,53,11669,6999,0,2.6
2026-05,Harbor Motor Group,Harbor Honda Seaside,Maintenance,180,38465,20183,1,1.5
2026-05,Harbor Motor Group,Harbor Honda Seaside,Repair,105,21353,19141,1,1.5
2026-05,Harbor Motor Group,Harbor Honda Seaside,Tires,35,8579,4257,1,3.4
2026-05,Harbor Motor Group,Harbor Honda Seaside,Recall,23,5708,2175,0,1.8
2026-05,Harbor Motor Group,Harbor Honda Seaside,Warranty,47,8638,8098,0,2.3
2026-05,Harbor Motor Group,Harbor Jeep Ram Anchor,Maintenance,138,29657,14321,1,1.6
2026-05,Harbor Motor Group,Harbor Jeep Ram Anchor,Repair,81,20014,13995,1,1.9
2026-05,Harbor Motor Group,Harbor Jeep Ram Anchor,Tires,27,5532,5468,1,2.0
2026-05,Harbor Motor Group,Harbor Jeep Ram Anchor,Recall,18,3334,2054,0,1.9
2026-05,Harbor Motor Group,Harbor Jeep Ram Anchor,Warranty,36,5175,4434,0,1.6
2026-05,Harbor Motor Group,Harbor Kia Lighthouse,Maintenance,123,20874,17293,1,1.4
2026-05,Harbor Motor Group,Harbor Kia Lighthouse,Repair,72,12589,14846,1,3.3
2026-05,Harbor Motor Group,Harbor Kia Lighthouse,Tires,24,4123,2852,1,1.3
2026-05,Harbor Motor Group,Harbor Kia Lighthouse,Recall,16,3752,1736,0,2.4
2026-05,Harbor Motor Group,Harbor Kia Lighthouse,Warranty,32,6658,3547,0,1.7
2026-05,Harbor Motor Group,Harbor Subaru Tidewater,Maintenance,107,18545,20773,1,1.8
2026-05,Harbor Motor Group,Harbor Subaru Tidewater,Repair,62,14731,11118,1,3.4
2026-05,Harbor Motor Group,Harbor Subaru Tidewater,Tires,20,4430,3197,1,1.3
2026-05,Harbor Motor Group,Harbor Subaru Tidewater,Recall,13,1837,1993,0,1.9
2026-05,Harbor Motor Group,Harbor Subaru Tidewater,Warranty,27,5627,2737,0,3.2
2026-05,Harbor Motor Group,Harbor Toyota Bayview,Maintenance,204,35962,40381,1,1.7
2026-05,Harbor Motor Group,Harbor Toyota Bayview,Repair,119,17454,10968,1,1.1
2026-05,Harbor Motor Group,Harbor Toyota Bayview,Tires,39,7015,5522,1,2.0
2026-05,Harbor Motor Group,Harbor Toyota Bayview,Recall,26,4160,5352,0,3.4
2026-05,Harbor Motor Group,Harbor Toyota Bayview,Warranty,53,10266,9687,0,2.1
2026-05,Summit Auto Group,Summit BMW,Maintenance,183,43956,25654,1,1.6
2026-05,Summit Auto Group,Summit BMW,Repair,107,18786,19461,1,2.5
2026-05,Summit Auto Group,Summit BMW,Tires,35,9048,5433,1,1.4
2026-05,Summit Auto Group,Summit BMW,Recall,23,3276,2613,0,2.2
2026-05,Summit Auto Group,Summit BMW,Warranty,47,10507,6695,0,2.8
2026-05,Summit Auto Group,Summit Chevrolet Glenpark,Maintenance,198,39896,20184,1,3.1
2026-05,Summit Auto Group,Summit Chevrolet Glenpark,Repair,116,20396,15319,1,1.1
2026-05,Summit Auto Group,Summit Chevrolet Glenpark,Tires,38,7577,7236,1,0.9
2026-05,Summit Auto Group,Summit Chevrolet Glenpark,Recall,25,5492,4513,0,3.3
2026-05,Summit Auto Group,Summit Chevrolet Glenpark,Warranty,51,12794,9168,0,1.4
2026-05,Summit Auto Group,Summit Ford Rivera,Maintenance,244,50025,35296,1,2.8
2026-05,Summit Auto Group,Summit Ford Rivera,Repair,143,36932,23611,1,1.4
2026-05,Summit Auto Group,Summit Ford Rivera,Tires,47,11456,8322,1,1.6
2026-05,Summit Auto Group,Summit Ford Rivera,Recall,31,6056,4494,0,2.8
2026-05,Summit Auto Group,Summit Ford Rivera,Warranty,63,9219,9558,0,2.1
2026-05,Summit Auto Group,Summit Honda Westland,Maintenance,191,41885,39394,1,2.9
2026-05,Summit Auto Group,Summit Honda Westland,Repair,112,27710,22698,1,1.5
2026-05,Summit Auto Group,Summit Honda Westland,Tires,37,7243,5170,1,2.4
2026-05,Summit Auto Group,Summit Honda Westland,Recall,24,4082,2320,0,3.2
2026-05,Summit Auto Group,Summit Honda Westland,Warranty,49,12024,8278,0,3.4
2026-05,Summit Auto Group,Summit Hyundai Oakhurst,Maintenance,129,25697,25822,1,1.5
2026-05,Summit Auto Group,Summit Hyundai Oakhurst,Repair,75,11074,11276,1,3.1
2026-05,Summit Auto Group,Summit Hyundai Oakhurst,Tires,25,4187,3175,1,2.4
2026-05,Summit Auto Group,Summit Hyundai Oakhurst,Recall,16,2478,2303,0,3.4
2026-05,Summit Auto Group,Summit Hyundai Oakhurst,Warranty,33,8510,4810,0,3.1
2026-05,Summit Auto Group,Summit Jeep Ram Clearwater,Maintenance,168,29375,17732,1,1.2
2026-05,Summit Auto Group,Summit Jeep Ram Clearwater,Repair,99,19147,18956,1,2.9
2026-05,Summit Auto Group,Summit Jeep Ram Clearwater,Tires,33,7693,3038,1,1.6
2026-05,Summit Auto Group,Summit Jeep Ram Clearwater,Recall,22,5430,3320,0,0.9
2026-05,Summit Auto Group,Summit Jeep Ram Clearwater,Warranty,44,11139,6635,0,1.4
2026-05,Summit Auto Group,Summit Kia Brookfield,Maintenance,132,29386,24311,1,2.6
2026-05,Summit Auto Group,Summit Kia Brookfield,Repair,77,17431,12387,1,1.8
2026-05,Summit Auto Group,Summit Kia Brookfield,Tires,25,6035,3676,1,3.0
2026-05,Summit Auto Group,Summit Kia Brookfield,Recall,17,4072,2893,0,1.1
2026-05,Summit Auto Group,Summit Kia Brookfield,Warranty,34,4850,6340,0,2.0
2026-05,Summit Auto Group,Summit Mazda Lakeside,Maintenance,100,23545,18493,1,2.2
2026-05,Summit Auto Group,Summit Mazda Lakeside,Repair,59,9701,12166,1,3.3
2026-05,Summit Auto Group,Summit Mazda Lakeside,Tires,19,3054,3928,1,2.7
2026-05,Summit Auto Group,Summit Mazda Lakeside,Recall,13,2114,1228,0,1.4
2026-05,Summit Auto Group,Summit Mazda Lakeside,Warranty,26,5795,5255,0,2.3
2026-05,Summit Auto Group,Summit Nissan Ridgemont,Maintenance,174,42776,28061,1,2.2
2026-05,Summit Auto Group,Summit Nissan Ridgemont,Repair,102,20134,20045,1,3.4
2026-05,Summit Auto Group,Summit Nissan Ridgemont,Tires,34,6327,6091,1,2.9
2026-05,Summit Auto Group,Summit Nissan Ridgemont,Recall,22,4312,4310,0,2.2
2026-05,Summit Auto Group,Summit Nissan Ridgemont,Warranty,45,6659,5462,0,1.4
2026-05,Summit Auto Group,Summit Subaru Northgate,Maintenance,109,23886,10682,1,1.4
2026-05,Summit Auto Group,Summit Subaru Northgate,Repair,63,9111,9709,1,1.7
2026-05,Summit Auto Group,Summit Subaru Northgate,Tires,21,3723,3313,1,1.9
2026-05,Summit Auto Group,Summit Subaru Northgate,Recall,14,2021,1364,0,3.2
2026-05,Summit Auto Group,Summit Subaru Northgate,Warranty,28,3966,5025,0,1.7
2026-05,Summit Auto Group,Summit Toyota of Fairview,Maintenance,254,48457,30404,1,3.0
2026-05,Summit Auto Group,Summit Toyota of Fairview,Repair,149,24522,26399,1,3.1
2026-05,Summit Auto Group,Summit Toyota of Fairview,Tires,49,12594,5067,1,2.7
2026-05,Summit Auto Group,Summit Toyota of Fairview,Recall,33,7060,5492,0,1.2
2026-05,Summit Auto Group,Summit Toyota of Fairview,Warranty,66,16794,9581,0,3.0
2026-05,Summit Auto Group,Summit Volkswagen Eastdale,Maintenance,89,19618,14246,1,1.1
2026-05,Summit Auto Group,Summit Volkswagen Eastdale,Repair,52,11724,6564,1,1.4
2026-05,Summit Auto Group,Summit Volkswagen Eastdale,Tires,17,2753,2295,1,2.7
2026-05,Summit Auto Group,Summit Volkswagen Eastdale,Recall,11,2003,1562,0,1.1
2026-05,Summit Auto Group,Summit Volkswagen Eastdale,Warranty,23,4444,3803,0,3.0
2026-06,Harbor Motor Group,Harbor BMW,Maintenance,189,45640,21219,1,1.3
2026-06,Harbor Motor Group,Harbor BMW,Repair,111,26818,23151,1,1.2
2026-06,Harbor Motor Group,Harbor BMW,Tires,37,6242,5714,1,1.6
2026-06,Harbor Motor Group,Harbor BMW,Recall,24,4086,3006,0,3.3
2026-06,Harbor Motor Group,Harbor BMW,Warranty,49,11797,8718,0,1.4
2026-06,Harbor Motor Group,Harbor Chevrolet Marina,Maintenance,170,26615,27831,1,1.4
2026-06,Harbor Motor Group,Harbor Chevrolet Marina,Repair,99,17281,20052,1,1.5
2026-06,Harbor Motor Group,Harbor Chevrolet Marina,Tires,33,5735,4157,1,1.4
2026-06,Harbor Motor Group,Harbor Chevrolet Marina,Recall,22,4323,3177,0,1.0
2026-06,Harbor Motor Group,Harbor Chevrolet Marina,Warranty,44,9433,7850,0,2.0
2026-06,Harbor Motor Group,Harbor Ford Portside,Maintenance,224,57853,33778,1,2.1
2026-06,Harbor Motor Group,Harbor Ford Portside,Repair,131,18737,22496,1,1.1
2026-06,Harbor Motor Group,Harbor Ford Portside,Tires,43,8107,6713,1,2.3
2026-06,Harbor Motor Group,Harbor Ford Portside,Recall,29,4156,3494,0,3.0
2026-06,Harbor Motor Group,Harbor Ford Portside,Warranty,58,8206,5774,0,2.8
2026-06,Harbor Motor Group,Harbor Honda Seaside,Maintenance,172,34063,25480,1,1.6
2026-06,Harbor Motor Group,Harbor Honda Seaside,Repair,101,20119,11047,1,2.4
2026-06,Harbor Motor Group,Harbor Honda Seaside,Tires,33,6832,4048,1,3.1
2026-06,Harbor Motor Group,Harbor Honda Seaside,Recall,22,4810,3158,0,0.9
2026-06,Harbor Motor Group,Harbor Honda Seaside,Warranty,45,11282,4425,0,1.3
2026-06,Harbor Motor Group,Harbor Jeep Ram Anchor,Maintenance,178,43656,26673,1,1.1
2026-06,Harbor Motor Group,Harbor Jeep Ram Anchor,Repair,104,25350,12182,1,2.2
2026-06,Harbor Motor Group,Harbor Jeep Ram Anchor,Tires,34,7438,3298,1,2.7
2026-06,Harbor Motor Group,Harbor Jeep Ram Anchor,Recall,23,4208,2595,0,1.4
2026-06,Harbor Motor Group,Harbor Jeep Ram Anchor,Warranty,46,10687,4312,0,2.7
2026-06,Harbor Motor Group,Harbor Kia Lighthouse,Maintenance,135,30673,15661,1,2.6
2026-06,Harbor Motor Group,Harbor Kia Lighthouse,Repair,79,17646,14697,1,2.1
2026-06,Harbor Motor Group,Harbor Kia Lighthouse,Tires,26,4530,2505,1,3.0
2026-06,Harbor Motor Group,Harbor Kia Lighthouse,Recall,17,3972,1799,0,2.1
2026-06,Harbor Motor Group,Harbor Kia Lighthouse,Warranty,35,7077,4626,0,2.4
2026-06,Harbor Motor Group,Harbor Subaru Tidewater,Maintenance,108,22630,14971,1,0.8
2026-06,Harbor Motor Group,Harbor Subaru Tidewater,Repair,63,12207,10596,1,1.0
2026-06,Harbor Motor Group,Harbor Subaru Tidewater,Tires,21,4797,4165,1,2.2
2026-06,Harbor Motor Group,Harbor Subaru Tidewater,Recall,14,3425,2132,0,2.6
2026-06,Harbor Motor Group,Harbor Subaru Tidewater,Warranty,28,4965,5224,0,1.4
2026-06,Harbor Motor Group,Harbor Toyota Bayview,Maintenance,194,35112,28476,1,1.9
2026-06,Harbor Motor Group,Harbor Toyota Bayview,Repair,114,22675,20973,1,1.5
2026-06,Harbor Motor Group,Harbor Toyota Bayview,Tires,38,7589,7565,1,2.7
2026-06,Harbor Motor Group,Harbor Toyota Bayview,Recall,25,4833,2258,0,1.7
2026-06,Harbor Motor Group,Harbor Toyota Bayview,Warranty,50,12133,7216,0,1.7
2026-06,Summit Auto Group,Summit BMW,Maintenance,186,46064,20951,1,1.2
2026-06,Summit Auto Group,Summit BMW,Repair,109,18915,19136,1,2.3
2026-06,Summit Auto Group,Summit BMW,Tires,36,6200,4531,1,1.6
2026-06,Summit Auto Group,Summit BMW,Recall,24,4943,2682,0,3.2
2026-06,Summit Auto Group,Summit BMW,Warranty,48,8804,7169,0,3.1
2026-06,Summit Auto Group,Summit Chevrolet Glenpark,Maintenance,200,32291,32420,1,3.1
2026-06,Summit Auto Group,Summit Chevrolet Glenpark,Repair,117,28425,10659,1,2.9
2026-06,Summit Auto Group,Summit Chevrolet Glenpark,Tires,39,7967,4937,1,1.9
2026-06,Summit Auto Group,Summit Chevrolet Glenpark,Recall,26,6376,3100,0,2.4
2026-06,Summit Auto Group,Summit Chevrolet Glenpark,Warranty,52,9458,6619,0,2.6
2026-06,Summit Auto Group,Summit Ford Rivera,Maintenance,230,58448,25189,1,1.1
2026-06,Summit Auto Group,Summit Ford Rivera,Repair,135,30790,21971,1,1.7
2026-06,Summit Auto Group,Summit Ford Rivera,Tires,45,7578,9076,1,1.1
2026-06,Summit Auto Group,Summit Ford Rivera,Recall,30,5423,3748,0,0.8
2026-06,Summit Auto Group,Summit Ford Rivera,Warranty,60,14632,7223,0,3.1
2026-06,Summit Auto Group,Summit Honda Westland,Maintenance,183,39289,24780,1,1.7
2026-06,Summit Auto Group,Summit Honda Westland,Repair,107,23873,15362,1,2.7
2026-06,Summit Auto Group,Summit Honda Westland,Tires,35,7185,5441,1,1.2
2026-06,Summit Auto Group,Summit Honda Westland,Recall,23,5289,2479,0,2.7
2026-06,Summit Auto Group,Summit Honda Westland,Warranty,47,7255,5420,0,0.9
2026-06,Summit Auto Group,Summit Hyundai Oakhurst,Maintenance,148,30561,17882,1,1.7
2026-06,Summit Auto Group,Summit Hyundai Oakhurst,Repair,86,14364,8656,1,1.4
2026-06,Summit Auto Group,Summit Hyundai Oakhurst,Tires,28,4864,3843,1,3.2
2026-06,Summit Auto Group,Summit Hyundai Oakhurst,Recall,19,3903,2298,0,3.0
2026-06,Summit Auto Group,Summit Hyundai Oakhurst,Warranty,38,7302,7544,0,1.4
2026-06,Summit Auto Group,Summit Jeep Ram Clearwater,Maintenance,150,35052,23175,1,1.0
2026-06,Summit Auto Group,Summit Jeep Ram Clearwater,Repair,88,22731,8881,1,1.5
2026-06,Summit Auto Group,Summit Jeep Ram Clearwater,Tires,29,6637,4849,1,1.0
2026-06,Summit Auto Group,Summit Jeep Ram Clearwater,Recall,19,3325,3626,0,2.2
2026-06,Summit Auto Group,Summit Jeep Ram Clearwater,Warranty,39,7155,4290,0,1.2
2026-06,Summit Auto Group,Summit Kia Brookfield,Maintenance,122,18206,12163,1,1.8
2026-06,Summit Auto Group,Summit Kia Brookfield,Repair,71,11545,10522,1,2.3
2026-06,Summit Auto Group,Summit Kia Brookfield,Tires,23,5617,2423,1,2.7
2026-06,Summit Auto Group,Summit Kia Brookfield,Recall,15,2101,1828,0,2.1
2026-06,Summit Auto Group,Summit Kia Brookfield,Warranty,31,4863,3221,0,0.9
2026-06,Summit Auto Group,Summit Mazda Lakeside,Maintenance,115,16941,16393,1,2.4
2026-06,Summit Auto Group,Summit Mazda Lakeside,Repair,68,14907,9789,1,1.7
2026-06,Summit Auto Group,Summit Mazda Lakeside,Tires,22,3605,2730,1,2.4
2026-06,Summit Auto Group,Summit Mazda Lakeside,Recall,15,2211,2857,0,2.5
2026-06,Summit Auto Group,Summit Mazda Lakeside,Warranty,30,7188,5598,0,2.1
2026-06,Summit Auto Group,Summit Nissan Ridgemont,Maintenance,158,24754,29991,1,3.2
2026-06,Summit Auto Group,Summit Nissan Ridgemont,Repair,93,16292,16951,1,2.5
2026-06,Summit Auto Group,Summit Nissan Ridgemont,Tires,31,7353,5036,1,1.3
2026-06,Summit Auto Group,Summit Nissan Ridgemont,Recall,20,3625,3014,0,2.9
2026-06,Summit Auto Group,Summit Nissan Ridgemont,Warranty,41,7878,4042,0,1.1
2026-06,Summit Auto Group,Summit Subaru Northgate,Maintenance,102,24757,19032,1,0.8
2026-06,Summit Auto Group,Summit Subaru Northgate,Repair,60,10676,11078,1,2.2
2026-06,Summit Auto Group,Summit Subaru Northgate,Tires,20,3264,2575,1,1.4
2026-06,Summit Auto Group,Summit Subaru Northgate,Recall,13,2654,1789,0,2.2
2026-06,Summit Auto Group,Summit Subaru Northgate,Warranty,26,5775,4541,0,3.0
2026-06,Summit Auto Group,Summit Toyota of Fairview,Maintenance,224,38462,32439,1,3.0
2026-06,Summit Auto Group,Summit Toyota of Fairview,Repair,132,26753,18066,1,2.8
2026-06,Summit Auto Group,Summit Toyota of Fairview,Tires,44,9805,8221,1,1.4
2026-06,Summit Auto Group,Summit Toyota of Fairview,Recall,29,6044,3904,0,2.6
2026-06,Summit Auto Group,Summit Toyota of Fairview,Warranty,58,11011,8560,0,1.1
2026-06,Summit Auto Group,Summit Volkswagen Eastdale,Maintenance,95,20556,16153,1,1.0
2026-06,Summit Auto Group,Summit Volkswagen Eastdale,Repair,56,11557,6821,1,2.3
2026-06,Summit Auto Group,Summit Volkswagen Eastdale,Tires,18,3282,2599,1,3.3
2026-06,Summit Auto Group,Summit Volkswagen Eastdale,Recall,12,2347,2093,0,1.3
2026-06,Summit Auto Group,Summit Volkswagen Eastdale,Warranty,24,5982,3913,0,1.8
2026-07,Harbor Motor Group,Harbor BMW,Maintenance,213,52966,40445,1,1.2
2026-07,Harbor Motor Group,Harbor BMW,Repair,125,25007,16194,1,2.9
2026-07,Harbor Motor Group,Harbor BMW,Tires,41,7783,7822,1,2.9
2026-07,Harbor Motor Group,Harbor BMW,Recall,27,5259,2616,0,1.3
2026-07,Harbor Motor Group,Harbor BMW,Warranty,55,8699,7561,0,3.1
2026-07,Harbor Motor Group,Harbor Chevrolet Marina,Maintenance,165,36410,16879,1,1.6
2026-07,Harbor Motor Group,Harbor Chevrolet Marina,Repair,97,18617,17627,1,1.7
2026-07,Harbor Motor Group,Harbor Chevrolet Marina,Tires,32,5530,2968,1,2.7
2026-07,Harbor Motor Group,Harbor Chevrolet Marina,Recall,21,5370,3302,0,3.3
2026-07,Harbor Motor Group,Harbor Chevrolet Marina,Warranty,43,9360,5491,0,2.4
2026-07,Harbor Motor Group,Harbor Ford Portside,Maintenance,227,49050,20630,1,3.0
2026-07,Harbor Motor Group,Harbor Ford Portside,Repair,133,28431,16297,1,2.5
2026-07,Harbor Motor Group,Harbor Ford Portside,Tires,44,6821,5371,1,1.5
2026-07,Harbor Motor Group,Harbor Ford Portside,Recall,29,5180,5213,0,2.4
2026-07,Harbor Motor Group,Harbor Ford Portside,Warranty,59,11783,11201,0,2.9
2026-07,Harbor Motor Group,Harbor Honda Seaside,Maintenance,181,26507,29743,1,2.5
2026-07,Harbor Motor Group,Harbor Honda Seaside,Repair,106,20520,15162,1,1.9
2026-07,Harbor Motor Group,Harbor Honda Seaside,Tires,35,6211,6912,1,3.3
2026-07,Harbor Motor Group,Harbor Honda Seaside,Recall,23,5121,2206,0,2.2
2026-07,Harbor Motor Group,Harbor Honda Seaside,Warranty,47,7064,8507,0,2.4
2026-07,Harbor Motor Group,Harbor Jeep Ram Anchor,Maintenance,193,31147,22574,1,1.3
2026-07,Harbor Motor Group,Harbor Jeep Ram Anchor,Repair,113,24366,14456,1,0.8
2026-07,Harbor Motor Group,Harbor Jeep Ram Anchor,Tires,37,9523,5633,1,2.6
2026-07,Harbor Motor Group,Harbor Jeep Ram Anchor,Recall,25,4655,3210,0,1.3
2026-07,Harbor Motor Group,Harbor Jeep Ram Anchor,Warranty,50,8982,9679,0,2.8
2026-07,Harbor Motor Group,Harbor Kia Lighthouse,Maintenance,146,22069,29712,1,1.5
2026-07,Harbor Motor Group,Harbor Kia Lighthouse,Repair,85,14841,8162,1,1.4
2026-07,Harbor Motor Group,Harbor Kia Lighthouse,Tires,28,4863,3212,1,2.9
2026-07,Harbor Motor Group,Harbor Kia Lighthouse,Recall,19,4550,2783,0,2.6
2026-07,Harbor Motor Group,Harbor Kia Lighthouse,Warranty,38,5435,4701,0,3.0
2026-07,Harbor Motor Group,Harbor Subaru Tidewater,Maintenance,110,26930,19472,1,0.8
2026-07,Harbor Motor Group,Harbor Subaru Tidewater,Repair,65,12497,6886,1,3.1
2026-07,Harbor Motor Group,Harbor Subaru Tidewater,Tires,21,3546,1932,1,2.7
2026-07,Harbor Motor Group,Harbor Subaru Tidewater,Recall,14,3117,1849,0,1.6
2026-07,Harbor Motor Group,Harbor Subaru Tidewater,Warranty,28,6129,3481,0,1.0
2026-07,Harbor Motor Group,Harbor Toyota Bayview,Maintenance,258,46119,34776,1,2.2
2026-07,Harbor Motor Group,Harbor Toyota Bayview,Repair,151,31479,13662,1,3.0
2026-07,Harbor Motor Group,Harbor Toyota Bayview,Tires,50,7095,10388,1,1.3
2026-07,Harbor Motor Group,Harbor Toyota Bayview,Recall,33,6419,3071,0,3.1
2026-07,Harbor Motor Group,Harbor Toyota Bayview,Warranty,67,15738,7328,0,2.5
2026-07,Summit Auto Group,Summit BMW,Maintenance,206,34603,41987,1,1.4
2026-07,Summit Auto Group,Summit BMW,Repair,121,28885,14633,1,1.7
2026-07,Summit Auto Group,Summit BMW,Tires,40,7819,8035,1,1.4
2026-07,Summit Auto Group,Summit BMW,Recall,26,4149,3049,0,2.1
2026-07,Summit Auto Group,Summit BMW,Warranty,53,11119,6989,0,2.1
2026-07,Summit Auto Group,Summit Chevrolet Glenpark,Maintenance,222,52394,39059,1,3.1
2026-07,Summit Auto Group,Summit Chevrolet Glenpark,Repair,130,19546,25049,1,1.7
2026-07,Summit Auto Group,Summit Chevrolet Glenpark,Tires,43,6379,8621,1,1.7
2026-07,Summit Auto Group,Summit Chevrolet Glenpark,Recall,29,6469,3672,0,2.0
2026-07,Summit Auto Group,Summit Chevrolet Glenpark,Warranty,58,9375,5897,0,1.7
2026-07,Summit Auto Group,Summit Ford Rivera,Maintenance,260,47967,45663,1,1.4
2026-07,Summit Auto Group,Summit Ford Rivera,Repair,153,38037,27656,1,3.0
2026-07,Summit Auto Group,Summit Ford Rivera,Tires,51,9141,6193,1,2.9
2026-07,Summit Auto Group,Summit Ford Rivera,Recall,34,7380,4478,0,2.6
2026-07,Summit Auto Group,Summit Ford Rivera,Warranty,68,16404,8117,0,2.9
2026-07,Summit Auto Group,Summit Honda Westland,Maintenance,204,48894,31026,1,1.6
2026-07,Summit Auto Group,Summit Honda Westland,Repair,119,26118,21551,1,1.2
2026-07,Summit Auto Group,Summit Honda Westland,Tires,39,5521,7436,1,2.2
2026-07,Summit Auto Group,Summit Honda Westland,Recall,26,6146,2604,0,2.3
2026-07,Summit Auto Group,Summit Honda Westland,Warranty,53,11905,6084,0,0.9
2026-07,Summit Auto Group,Summit Hyundai Oakhurst,Maintenance,151,27609,22912,1,3.3
2026-07,Summit Auto Group,Summit Hyundai Oakhurst,Repair,89,13402,8089,1,3.0
2026-07,Summit Auto Group,Summit Hyundai Oakhurst,Tires,29,5798,5948,1,3.3
2026-07,Summit Auto Group,Summit Hyundai Oakhurst,Recall,19,3934,3328,0,3.3
2026-07,Summit Auto Group,Summit Hyundai Oakhurst,Warranty,39,9565,3827,0,1.2
2026-07,Summit Auto Group,Summit Jeep Ram Clearwater,Maintenance,207,51147,22781,1,1.5
2026-07,Summit Auto Group,Summit Jeep Ram Clearwater,Repair,121,18538,16035,1,1.4
2026-07,Summit Auto Group,Summit Jeep Ram Clearwater,Tires,40,5646,3955,1,1.2
2026-07,Summit Auto Group,Summit Jeep Ram Clearwater,Recall,27,6551,3923,0,2.5
2026-07,Summit Auto Group,Summit Jeep Ram Clearwater,Warranty,54,9840,7414,0,1.3
2026-07,Summit Auto Group,Summit Kia Brookfield,Maintenance,159,31834,18249,1,2.1
2026-07,Summit Auto Group,Summit Kia Brookfield,Repair,93,22090,17602,1,3.1
2026-07,Summit Auto Group,Summit Kia Brookfield,Tires,31,4475,2875,1,0.8
2026-07,Summit Auto Group,Summit Kia Brookfield,Recall,20,3958,1835,0,1.0
2026-07,Summit Auto Group,Summit Kia Brookfield,Warranty,41,6520,4875,0,2.9
2026-07,Summit Auto Group,Summit Mazda Lakeside,Maintenance,106,26052,10904,1,2.9
2026-07,Summit Auto Group,Summit Mazda Lakeside,Repair,62,12569,5741,1,2.8
2026-07,Summit Auto Group,Summit Mazda Lakeside,Tires,20,2941,4060,1,2.2
2026-07,Summit Auto Group,Summit Mazda Lakeside,Recall,13,2398,2707,0,1.4
2026-07,Summit Auto Group,Summit Mazda Lakeside,Warranty,27,6863,4561,0,3.2
2026-07,Summit Auto Group,Summit Nissan Ridgemont,Maintenance,173,36118,22664,1,2.6
2026-07,Summit Auto Group,Summit Nissan Ridgemont,Repair,102,23202,18891,1,1.7
2026-07,Summit Auto Group,Summit Nissan Ridgemont,Tires,34,4826,5133,1,2.0
2026-07,Summit Auto Group,Summit Nissan Ridgemont,Recall,22,3388,2712,0,1.1
2026-07,Summit Auto Group,Summit Nissan Ridgemont,Warranty,45,6761,6943,0,1.6
2026-07,Summit Auto Group,Summit Subaru Northgate,Maintenance,110,24601,13536,1,3.0
2026-07,Summit Auto Group,Summit Subaru Northgate,Repair,64,11789,8972,1,0.9
2026-07,Summit Auto Group,Summit Subaru Northgate,Tires,21,4495,3833,1,2.5
2026-07,Summit Auto Group,Summit Subaru Northgate,Recall,14,3080,1736,0,2.8
2026-07,Summit Auto Group,Summit Subaru Northgate,Warranty,28,4884,4896,0,2.9
2026-07,Summit Auto Group,Summit Toyota of Fairview,Maintenance,226,46931,33428,1,2.3
2026-07,Summit Auto Group,Summit Toyota of Fairview,Repair,133,25351,26871,1,1.5
2026-07,Summit Auto Group,Summit Toyota of Fairview,Tires,44,10251,8538,1,3.3
2026-07,Summit Auto Group,Summit Toyota of Fairview,Recall,29,6700,2863,0,2.7
2026-07,Summit Auto Group,Summit Toyota of Fairview,Warranty,59,10836,7096,0,2.5
2026-07,Summit Auto Group,Summit Volkswagen Eastdale,Maintenance,89,13323,9999,1,1.7
2026-07,Summit Auto Group,Summit Volkswagen Eastdale,Repair,52,9641,5069,1,2.4
2026-07,Summit Auto Group,Summit Volkswagen Eastdale,Tires,17,2514,2497,1,1.7
2026-07,Summit Auto Group,Summit Volkswagen Eastdale,Recall,11,2716,1104,0,1.1
2026-07,Summit Auto Group,Summit Volkswagen Eastdale,Warranty,23,5068,4565,0,2.9
2026-08,Harbor Motor Group,Harbor BMW,Maintenance,224,49747,35928,1,3.1
2026-08,Harbor Motor Group,Harbor BMW,Repair,132,22264,13468,1,3.2
2026-08,Harbor Motor Group,Harbor BMW,Tires,44,9755,8462,1,1.5
2026-08,Harbor Motor Group,Harbor BMW,Recall,29,6394,3261,0,1.6
2026-08,Harbor Motor Group,Harbor BMW,Warranty,58,8870,6893,0,2.9
2026-08,Harbor Motor Group,Harbor Chevrolet Marina,Maintenance,160,31734,26896,1,2.1
2026-08,Harbor Motor Group,Harbor Chevrolet Marina,Repair,94,17452,10832,1,2.3
2026-08,Harbor Motor Group,Harbor Chevrolet Marina,Tires,31,7457,4747,1,0.9
2026-08,Harbor Motor Group,Harbor Chevrolet Marina,Recall,20,5102,1977,0,0.9
2026-08,Harbor Motor Group,Harbor Chevrolet Marina,Warranty,41,6756,6259,0,1.0
2026-08,Harbor Motor Group,Harbor Ford Portside,Maintenance,255,42967,31804,1,2.1
2026-08,Harbor Motor Group,Harbor Ford Portside,Repair,149,30669,18506,1,2.3
2026-08,Harbor Motor Group,Harbor Ford Portside,Tires,49,11090,6590,1,1.6
2026-08,Harbor Motor Group,Harbor Ford Portside,Recall,33,8371,6218,0,2.0
2026-08,Harbor Motor Group,Harbor Ford Portside,Warranty,66,13831,8915,0,1.5
2026-08,Harbor Motor Group,Harbor Honda Seaside,Maintenance,193,44776,36805,1,3.1
2026-08,Harbor Motor Group,Harbor Honda Seaside,Repair,113,22072,11285,1,2.7
2026-08,Harbor Motor Group,Harbor Honda Seaside,Tires,37,6467,5756,1,3.2
2026-08,Harbor Motor Group,Harbor Honda Seaside,Recall,25,4771,2391,0,1.4
2026-08,Harbor Motor Group,Harbor Honda Seaside,Warranty,50,8324,6495,0,1.6
2026-08,Harbor Motor Group,Harbor Jeep Ram Anchor,Maintenance,148,36786,16832,1,1.0
2026-08,Harbor Motor Group,Harbor Jeep Ram Anchor,Repair,86,14630,8817,1,1.5
2026-08,Harbor Motor Group,Harbor Jeep Ram Anchor,Tires,28,6543,5693,1,2.9
2026-08,Harbor Motor Group,Harbor Jeep Ram Anchor,Recall,19,3405,3259,0,2.1
2026-08,Harbor Motor Group,Harbor Jeep Ram Anchor,Warranty,38,6664,5183,0,2.3
2026-08,Harbor Motor Group,Harbor Kia Lighthouse,Maintenance,117,23108,21211,1,2.5
2026-08,Harbor Motor Group,Harbor Kia Lighthouse,Repair,69,12065,11878,1,3.2
2026-08,Harbor Motor Group,Harbor Kia Lighthouse,Tires,23,4436,2075,1,1.2
2026-08,Harbor Motor Group,Harbor Kia Lighthouse,Recall,15,3831,1929,0,3.1
2026-08,Harbor Motor Group,Harbor Kia Lighthouse,Warranty,30,7713,4737,0,1.4
2026-08,Harbor Motor Group,Harbor Subaru Tidewater,Maintenance,116,23964,20706,1,2.7
2026-08,Harbor Motor Group,Harbor Subaru Tidewater,Repair,68,9666,8863,1,0.8
2026-08,Harbor Motor Group,Harbor Subaru Tidewater,Tires,22,3100,2464,1,3.2
2026-08,Harbor Motor Group,Harbor Subaru Tidewater,Recall,15,2298,2912,0,2.7
2026-08,Harbor Motor Group,Harbor Subaru Tidewater,Warranty,30,6512,4885,0,2.1
2026-08,Harbor Motor Group,Harbor Toyota Bayview,Maintenance,246,41568,36149,1,2.9
2026-08,Harbor Motor Group,Harbor Toyota Bayview,Repair,144,33891,19774,1,3.0
2026-08,Harbor Motor Group,Harbor Toyota Bayview,Tires,48,10693,8326,1,2.2
2026-08,Harbor Motor Group,Harbor Toyota Bayview,Recall,32,5995,5461,0,0.8
2026-08,Harbor Motor Group,Harbor Toyota Bayview,Warranty,64,10050,7795,0,2.3
2026-08,Summit Auto Group,Summit BMW,Maintenance,198,37241,33516,1,3.3
2026-08,Summit Auto Group,Summit BMW,Repair,116,19703,12516,1,1.8
2026-08,Summit Auto Group,Summit BMW,Tires,38,7095,4411,1,1.1
2026-08,Summit Auto Group,Summit BMW,Recall,25,3880,4142,0,2.5
2026-08,Summit Auto Group,Summit BMW,Warranty,51,12707,8143,0,2.2
2026-08,Summit Auto Group,Summit Chevrolet Glenpark,Maintenance,207,40579,20034,1,1.3
2026-08,Summit Auto Group,Summit Chevrolet Glenpark,Repair,121,24093,21552,1,3.0
2026-08,Summit Auto Group,Summit Chevrolet Glenpark,Tires,40,9822,6892,1,2.3
2026-08,Summit Auto Group,Summit Chevrolet Glenpark,Recall,27,5583,5641,0,1.4
2026-08,Summit Auto Group,Summit Chevrolet Glenpark,Warranty,54,11481,5716,0,3.2
2026-08,Summit Auto Group,Summit Ford Rivera,Maintenance,217,37380,32839,1,2.4
2026-08,Summit Auto Group,Summit Ford Rivera,Repair,127,30825,22756,1,2.2
2026-08,Summit Auto Group,Summit Ford Rivera,Tires,42,7412,4426,1,3.4
2026-08,Summit Auto Group,Summit Ford Rivera,Recall,28,5342,5216,0,1.5
2026-08,Summit Auto Group,Summit Ford Rivera,Warranty,56,9788,9975,0,2.5
2026-08,Summit Auto Group,Summit Honda Westland,Maintenance,243,56737,30472,1,3.0
2026-08,Summit Auto Group,Summit Honda Westland,Repair,142,26979,19612,1,1.7
2026-08,Summit Auto Group,Summit Honda Westland,Tires,47,11196,7807,1,1.1
2026-08,Summit Auto Group,Summit Honda Westland,Recall,31,5799,3692,0,2.9
2026-08,Summit Auto Group,Summit Honda Westland,Warranty,63,16140,7206,0,1.4
2026-08,Summit Auto Group,Summit Hyundai Oakhurst,Maintenance,157,32026,16905,1,3.1
2026-08,Summit Auto Group,Summit Hyundai Oakhurst,Repair,92,18801,14419,1,2.2
2026-08,Summit Auto Group,Summit Hyundai Oakhurst,Tires,30,5779,5718,1,1.8
2026-08,Summit Auto Group,Summit Hyundai Oakhurst,Recall,20,3577,2829,0,1.4
2026-08,Summit Auto Group,Summit Hyundai Oakhurst,Warranty,41,10621,8456,0,2.0
2026-08,Summit Auto Group,Summit Jeep Ram Clearwater,Maintenance,183,38205,32421,1,2.1
2026-08,Summit Auto Group,Summit Jeep Ram Clearwater,Repair,107,24030,12209,1,1.6
2026-08,Summit Auto Group,Summit Jeep Ram Clearwater,Tires,35,5544,5477,1,3.1
2026-08,Summit Auto Group,Summit Jeep Ram Clearwater,Recall,23,4642,2990,0,1.2
2026-08,Summit Auto Group,Summit Jeep Ram Clearwater,Warranty,47,10368,5994,0,3.3
2026-08,Summit Auto Group,Summit Kia Brookfield,Maintenance,137,23748,15211,1,3.3
2026-08,Summit Auto Group,Summit Kia Brookfield,Repair,80,14458,10294,1,1.6
2026-08,Summit Auto Group,Summit Kia Brookfield,Tires,26,6330,4083,1,3.0
2026-08,Summit Auto Group,Summit Kia Brookfield,Recall,17,4392,3464,0,1.6
2026-08,Summit Auto Group,Summit Kia Brookfield,Warranty,35,5918,6076,0,1.8
2026-08,Summit Auto Group,Summit Mazda Lakeside,Maintenance,102,23260,16366,1,2.7
2026-08,Summit Auto Group,Summit Mazda Lakeside,Repair,60,13515,7378,1,2.9
2026-08,Summit Auto Group,Summit Mazda Lakeside,Tires,20,4871,3987,1,3.0
2026-08,Summit Auto Group,Summit Mazda Lakeside,Recall,13,2758,2275,0,1.7
2026-08,Summit Auto Group,Summit Mazda Lakeside,Warranty,26,3759,2943,0,2.1
2026-08,Summit Auto Group,Summit Nissan Ridgemont,Maintenance,152,28669,20348,1,0.9
2026-08,Summit Auto Group,Summit Nissan Ridgemont,Repair,89,14057,12391,1,1.4
2026-08,Summit Auto Group,Summit Nissan Ridgemont,Tires,29,4287,3817,1,2.6
2026-08,Summit Auto Group,Summit Nissan Ridgemont,Recall,19,4512,1724,0,1.7
2026-08,Summit Auto Group,Summit Nissan Ridgemont,Warranty,39,9569,3697,0,3.2
2026-08,Summit Auto Group,Summit Subaru Northgate,Maintenance,120,30156,21627,1,1.0
2026-08,Summit Auto Group,Summit Subaru Northgate,Repair,70,13403,9302,1,3.0
2026-08,Summit Auto Group,Summit Subaru Northgate,Tires,23,3462,3461,1,1.6
2026-08,Summit Auto Group,Summit Subaru Northgate,Recall,15,3305,2463,0,1.8
2026-08,Summit Auto Group,Summit Subaru Northgate,Warranty,31,5029,5819,0,1.3
2026-08,Summit Auto Group,Summit Toyota of Fairview,Maintenance,276,59173,50898,1,0.9
2026-08,Summit Auto Group,Summit Toyota of Fairview,Repair,162,37551,17926,1,1.9
2026-08,Summit Auto Group,Summit Toyota of Fairview,Tires,54,8042,5405,1,1.7
2026-08,Summit Auto Group,Summit Toyota of Fairview,Recall,36,7011,5437,0,3.2
2026-08,Summit Auto Group,Summit Toyota of Fairview,Warranty,72,13024,7161,0,3.0
2026-08,Summit Auto Group,Summit Volkswagen Eastdale,Maintenance,95,22406,12100,1,2.0
2026-08,Summit Auto Group,Summit Volkswagen Eastdale,Repair,56,7845,6918,1,1.6
2026-08,Summit Auto Group,Summit Volkswagen Eastdale,Tires,18,4257,2370,1,3.2
2026-08,Summit Auto Group,Summit Volkswagen Eastdale,Recall,12,1772,1423,0,2.4
2026-08,Summit Auto Group,Summit Volkswagen Eastdale,Warranty,24,5059,4531,0,1.2
2026-09,Harbor Motor Group,Harbor BMW,Maintenance,169,35371,18648,1,1.4
2026-09,Harbor Motor Group,Harbor BMW,Repair,99,18057,11560,1,2.3
2026-09,Harbor Motor Group,Harbor BMW,Tires,33,6538,2975,1,1.8
2026-09,Harbor Motor Group,Harbor BMW,Recall,22,3400,2399,0,2.1
2026-09,Harbor Motor Group,Harbor BMW,Warranty,44,6363,6593,0,2.3
2026-09,Harbor Motor Group,Harbor Chevrolet Marina,Maintenance,164,25169,19272,1,2.5
2026-09,Harbor Motor Group,Harbor Chevrolet Marina,Repair,96,24754,11450,1,1.5
2026-09,Harbor Motor Group,Harbor Chevrolet Marina,Tires,32,7845,6680,1,2.3
2026-09,Harbor Motor Group,Harbor Chevrolet Marina,Recall,21,3350,3035,0,1.2
2026-09,Harbor Motor Group,Harbor Chevrolet Marina,Warranty,42,9813,4093,0,1.8
2026-09,Harbor Motor Group,Harbor Ford Portside,Maintenance,237,48545,32901,1,2.6
2026-09,Harbor Motor Group,Harbor Ford Portside,Repair,139,28594,26718,1,2.2
2026-09,Harbor Motor Group,Harbor Ford Portside,Tires,46,9725,5653,1,1.4
2026-09,Harbor Motor Group,Harbor Ford Portside,Recall,30,7199,2951,0,2.8
2026-09,Harbor Motor Group,Harbor Ford Portside,Warranty,61,14959,12487,0,2.7
2026-09,Harbor Motor Group,Harbor Honda Seaside,Maintenance,184,30728,29439,1,1.6
2026-09,Harbor Motor Group,Harbor Honda Seaside,Repair,108,25646,15834,1,2.5
2026-09,Harbor Motor Group,Harbor Honda Seaside,Tires,36,5950,4145,1,1.0
2026-09,Harbor Motor Group,Harbor Honda Seaside,Recall,24,4595,3051,0,2.3
2026-09,Harbor Motor Group,Harbor Honda Seaside,Warranty,48,10448,4455,0,1.3
2026-09,Harbor Motor Group,Harbor Jeep Ram Anchor,Maintenance,174,38186,18006,1,1.5
2026-09,Harbor Motor Group,Harbor Jeep Ram Anchor,Repair,102,14745,12774,1,1.7
2026-09,Harbor Motor Group,Harbor Jeep Ram Anchor,Tires,34,5580,3792,1,1.1
2026-09,Harbor Motor Group,Harbor Jeep Ram Anchor,Recall,22,3502,3915,0,1.0
2026-09,Harbor Motor Group,Harbor Jeep Ram Anchor,Warranty,45,7077,6370,0,3.4
2026-09,Harbor Motor Group,Harbor Kia Lighthouse,Maintenance,127,30131,24297,1,1.3
2026-09,Harbor Motor Group,Harbor Kia Lighthouse,Repair,75,11567,8366,1,1.5
2026-09,Harbor Motor Group,Harbor Kia Lighthouse,Tires,25,3649,2994,1,1.8
2026-09,Harbor Motor Group,Harbor Kia Lighthouse,Recall,16,2671,1952,0,2.0
2026-09,Harbor Motor Group,Harbor Kia Lighthouse,Warranty,33,4870,3851,0,3.0
2026-09,Harbor Motor Group,Harbor Subaru Tidewater,Maintenance,117,26943,17458,1,2.7
2026-09,Harbor Motor Group,Harbor Subaru Tidewater,Repair,69,14998,10730,1,3.0
2026-09,Harbor Motor Group,Harbor Subaru Tidewater,Tires,23,3401,4746,1,1.4
2026-09,Harbor Motor Group,Harbor Subaru Tidewater,Recall,15,3606,1973,0,3.3
2026-09,Harbor Motor Group,Harbor Subaru Tidewater,Warranty,30,4227,2896,0,1.6
2026-09,Harbor Motor Group,Harbor Toyota Bayview,Maintenance,196,37349,33120,1,1.1
2026-09,Harbor Motor Group,Harbor Toyota Bayview,Repair,115,23981,18059,1,1.0
2026-09,Harbor Motor Group,Harbor Toyota Bayview,Tires,38,6733,3607,1,2.2
2026-09,Harbor Motor Group,Harbor Toyota Bayview,Recall,25,4418,4335,0,2.7
2026-09,Harbor Motor Group,Harbor Toyota Bayview,Warranty,51,11985,7235,0,3.2
2026-09,Summit Auto Group,Summit BMW,Maintenance,200,35986,35675,1,3.2
2026-09,Summit Auto Group,Summit BMW,Repair,117,30158,11930,1,1.1
2026-09,Summit Auto Group,Summit BMW,Tires,39,7960,3772,1,0.9
2026-09,Summit Auto Group,Summit BMW,Recall,26,6469,2459,0,3.1
2026-09,Summit Auto Group,Summit BMW,Warranty,52,10964,9644,0,1.0
2026-09,Summit Auto Group,Summit Chevrolet Glenpark,Maintenance,197,50027,31659,1,1.8
2026-09,Summit Auto Group,Summit Chevrolet Glenpark,Repair,115,29033,22068,1,2.1
2026-09,Summit Auto Group,Summit Chevrolet Glenpark,Tires,38,6411,7322,1,2.8
2026-09,Summit Auto Group,Summit Chevrolet Glenpark,Recall,25,5497,4488,0,2.0
2026-09,Summit Auto Group,Summit Chevrolet Glenpark,Warranty,51,10881,5082,0,3.3
2026-09,Summit Auto Group,Summit Ford Rivera,Maintenance,229,51778,46740,1,1.8
2026-09,Summit Auto Group,Summit Ford Rivera,Repair,134,24828,22450,1,2.5
2026-09,Summit Auto Group,Summit Ford Rivera,Tires,44,7780,8269,1,3.1
2026-09,Summit Auto Group,Summit Ford Rivera,Recall,29,7005,5968,0,1.0
2026-09,Summit Auto Group,Summit Ford Rivera,Warranty,59,15016,11406,0,1.1
2026-09,Summit Auto Group,Summit Honda Westland,Maintenance,185,46927,23353,1,2.0
2026-09,Summit Auto Group,Summit Honda Westland,Repair,108,15685,22060,1,3.1
2026-09,Summit Auto Group,Summit Honda Westland,Tires,36,6177,3279,1,2.4
2026-09,Summit Auto Group,Summit Honda Westland,Recall,24,5308,4612,0,0.9
2026-09,Summit Auto Group,Summit Honda Westland,Warranty,48,12086,8066,0,0.9
2026-09,Summit Auto Group,Summit Hyundai Oakhurst,Maintenance,142,36486,16007,1,2.2
2026-09,Summit Auto Group,Summit Hyundai Oakhurst,Repair,83,20107,12897,1,2.9
2026-09,Summit Auto Group,Summit Hyundai Oakhurst,Tires,27,4255,5088,1,1.4
2026-09,Summit Auto Group,Summit Hyundai Oakhurst,Recall,18,3245,2677,0,3.3
2026-09,Summit Auto Group,Summit Hyundai Oakhurst,Warranty,37,9108,5189,0,1.6
2026-09,Summit Auto Group,Summit Jeep Ram Clearwater,Maintenance,153,33688,24560,1,3.2
2026-09,Summit Auto Group,Summit Jeep Ram Clearwater,Repair,90,15794,10386,1,2.8
2026-09,Summit Auto Group,Summit Jeep Ram Clearwater,Tires,30,5833,4974,1,1.3
2026-09,Summit Auto Group,Summit Jeep Ram Clearwater,Recall,20,3481,3848,0,3.4
2026-09,Summit Auto Group,Summit Jeep Ram Clearwater,Warranty,40,6189,4864,0,1.3
2026-09,Summit Auto Group,Summit Kia Brookfield,Maintenance,137,30801,15727,1,2.3
2026-09,Summit Auto Group,Summit Kia Brookfield,Repair,80,19841,9213,1,2.0
2026-09,Summit Auto Group,Summit Kia Brookfield,Tires,26,4709,2439,1,1.1
2026-09,Summit Auto Group,Summit Kia Brookfield,Recall,17,2484,2252,0,0.8
2026-09,Summit Auto Group,Summit Kia Brookfield,Warranty,35,8314,3750,0,2.5
2026-09,Summit Auto Group,Summit Mazda Lakeside,Maintenance,119,25727,24502,1,1.1
2026-09,Summit Auto Group,Summit Mazda Lakeside,Repair,70,14333,6349,1,3.3
2026-09,Summit Auto Group,Summit Mazda Lakeside,Tires,23,3601,3515,1,1.8
2026-09,Summit Auto Group,Summit Mazda Lakeside,Recall,15,3722,1692,0,3.4
2026-09,Summit Auto Group,Summit Mazda Lakeside,Warranty,31,6673,3926,0,1.8
2026-09,Summit Auto Group,Summit Nissan Ridgemont,Maintenance,152,26478,16299,1,1.7
2026-09,Summit Auto Group,Summit Nissan Ridgemont,Repair,89,21936,13368,1,2.0
2026-09,Summit Auto Group,Summit Nissan Ridgemont,Tires,29,6312,4159,1,2.1
2026-09,Summit Auto Group,Summit Nissan Ridgemont,Recall,19,3984,3865,0,2.8
2026-09,Summit Auto Group,Summit Nissan Ridgemont,Warranty,39,9813,6248,0,1.4
2026-09,Summit Auto Group,Summit Subaru Northgate,Maintenance,102,21508,19632,1,2.5
2026-09,Summit Auto Group,Summit Subaru Northgate,Repair,60,13271,12001,1,3.4
2026-09,Summit Auto Group,Summit Subaru Northgate,Tires,20,4497,3627,1,3.3
2026-09,Summit Auto Group,Summit Subaru Northgate,Recall,13,2412,1832,0,2.3
2026-09,Summit Auto Group,Summit Subaru Northgate,Warranty,26,5727,3932,0,2.7
2026-09,Summit Auto Group,Summit Toyota of Fairview,Maintenance,258,65206,44269,1,2.1
2026-09,Summit Auto Group,Summit Toyota of Fairview,Repair,151,33705,16518,1,3.3
2026-09,Summit Auto Group,Summit Toyota of Fairview,Tires,50,7086,10004,1,2.8
2026-09,Summit Auto Group,Summit Toyota of Fairview,Recall,33,8260,4150,0,3.1
2026-09,Summit Auto Group,Summit Toyota of Fairview,Warranty,67,10024,10130,0,1.2
2026-09,Summit Auto Group,Summit Volkswagen Eastdale,Maintenance,89,18436,15499,1,1.8
2026-09,Summit Auto Group,Summit Volkswagen Eastdale,Repair,52,8602,6411,1,2.4
2026-09,Summit Auto Group,Summit Volkswagen Eastdale,Tires,17,4207,2780,1,3.0
2026-09,Summit Auto Group,Summit Volkswagen Eastdale,Recall,11,2578,1194,0,1.8
2026-09,Summit Auto Group,Summit Volkswagen Eastdale,Warranty,23,4619,4131,0,1.4
